{"type":"FeatureCollection","features":[{"type":"Feature","properties":{"divisionCode":"EST","area":"Hong Kong Island"},"geometry":{"type":"MultiPolygon","coordinates":[[[[114.24987117,22.24663587],[114.2494010925293,22.248587585633345],[114.25326347351074,22.251685733977908],[114.25420761108398,22.255498745540365],[114.24965858459473,22.256849162235426],[114.24622535705566,22.258835045477326],[114.24365043640137,22.262012400066737],[114.24004554748535,22.25661085435337],[114.23669815063477,22.258914480221037],[114.23412322998047,22.258199565904874],[114.23369407653809,22.256134237372336],[114.23049298,22.25579734],[114.22863006591797,22.257643518912644],[114.23043251037598,22.25669029035913],[114.2347240447998,22.261376934918772],[114.22966003417969,22.260026561900247],[114.23206329345703,22.26193296708101],[114.23214912414551,22.264077641872106],[114.23395156860352,22.264315937042426],[114.23223495483398,22.26757259703703],[114.23223495483398,22.266857726945275],[114.23154830932617,22.26534854475848],[114.23074939731835,22.26413869617365],[114.23249244689941,22.26963775678651],[114.23309326171875,22.2689228972457],[114.2329216003418,22.271226320467093],[114.2306900024414,22.27511822525055],[114.22768592834473,22.2764684526299],[114.22528266906738,22.274879948477633],[114.22356605529785,22.276627302052887],[114.2193603515625,22.277024424821036],[114.2204761505127,22.27885117503098],[114.21662050093745,22.278929560261364],[114.21910285949707,22.28250460386529],[114.22039031982422,22.28115443476345],[114.21996116638184,22.28266344643191],[114.21815872192383,22.283378235748643],[114.21833038330078,22.281392700846396],[114.21687126159668,22.281948653461086],[114.21647258045961,22.280115833714873],[114.21348808219827,22.279226812935637],[114.21257972717285,22.282901709943516],[114.21034812927246,22.285681420911075],[114.20970692795842,22.28453964703947],[114.21043395996094,22.285840259868493],[114.21112060546875,22.28544316213656],[114.21000480651855,22.28711096503089],[114.20794486999512,22.286475613893487],[114.20940399169922,22.28790514989184],[114.20828819274902,22.289970009413395],[114.20296669006348,22.288540494531887],[114.20622825622559,22.288143404470276],[114.20528411865234,22.286475613893487],[114.20408248901367,22.28711096503089],[114.2039966583252,22.285204902955982],[114.19919013977051,22.283775339345638],[114.19927597045898,22.282028075082735],[114.19807434082031,22.282028075082735],[114.19713020324707,22.28536374245482],[114.19532775878906,22.284410702754855],[114.1948127746582,22.282425182514316],[114.19352531433105,22.280836746021293],[114.19396314215531,22.280026466596563],[114.19345913,22.2809576],[114.19522317,22.28454935],[114.19463983,22.28523518],[114.19586749,22.28636952],[114.19398191,22.28603615],[114.19239078,22.28306129],[114.19290854,22.2869032],[114.18930193,22.28853895],[114.19227381,22.29130377],[114.19990296,22.29328117],[114.1996292,22.29445816],[114.2008442,22.29350247],[114.20063768,22.29480909],[114.20306424,22.29393113],[114.20323946,22.29512358],[114.20342606,22.29372873],[114.20806043,22.29363976],[114.22221097,22.28821885],[114.2260099,22.28564888],[114.22487146,22.28428094],[114.22627522,22.28299653],[114.23381142,22.28403865],[114.22791157,22.28654625],[114.2345617,22.28449455],[114.24086634,22.27905321],[114.2443379,22.27268647],[114.24150466918945,22.26987604248845],[114.24330711364746,22.26757259703703],[114.2457103729248,22.26924061304807],[114.24500232,22.27369345],[114.24749386,22.26795777],[114.24885547,22.26924431],[114.25746614,22.26153711],[114.25498088,22.2593388],[114.25661571,22.25638374],[114.25376741,22.25153073],[114.25450636,22.24914973],[114.25155087,22.24950197],[114.24987117,22.24663587]],[[114.24004554748535,22.256769726319817],[114.24356460571289,22.262171265902936],[114.24631118774414,22.258914480221037],[114.2494010925293,22.257802389707223],[114.24665451049805,22.259232218745183],[114.2464828491211,22.261138634744498],[114.24365043640137,22.262965592379103],[114.23935890197754,22.260662033178818],[114.24004554748535,22.256769726319817]],[[114.24751281738281,22.261456368220053],[114.24347877502441,22.264871957528612],[114.24056053161621,22.262806727444513],[114.24407958984375,22.263283321707306],[114.24674034118652,22.26161523468734],[114.24691200256348,22.259549956548113],[114.24948692321777,22.258199565904874],[114.25008773803711,22.25708746971185],[114.25214767456055,22.256849162235426],[114.25403594970703,22.260344297900147],[114.25283432006836,22.264077641872106],[114.25274848937988,22.26161523468734],[114.25068855285645,22.26026486396779],[114.24837112426758,22.259947127787584],[114.24751281738281,22.261456368220053]],[[114.23798561096191,22.278533481056286],[114.23738479614258,22.277103849239367],[114.24064636230469,22.27345027931632],[114.23995971679688,22.270352612674856],[114.24107551574707,22.274562245482343],[114.23798561096191,22.278533481056286]],[[114.23506736755371,22.27718327361258],[114.23257827758789,22.27654787736394],[114.23335075378418,22.274482819620772],[114.23137664794922,22.276309603026505],[114.23386573791504,22.270352612674856],[114.23901557922363,22.272258877186815],[114.23626899719238,22.279089445038366],[114.23506736755371,22.27718327361258]]],[[[114.22852433251263,22.257136397426777],[114.22815593214004,22.25718701245354],[114.22811508178711,22.257484647937787],[114.22723225208111,22.25775699795411],[114.22802925109863,22.257643518912644],[114.22852433251263,22.257136397426777]]],[[[114.198983752537,22.2583262974943],[114.19897363,22.25831393],[114.19895934701093,22.2583037105782],[114.198983752537,22.2583262974943]]],[[[114.19876636595497,22.258191292974097],[114.19866807,22.25815743],[114.19830169952486,22.25814351046964],[114.19876636595497,22.258191292974097]]],[[[114.19815779529279,22.25812871253253],[114.19806536,22.25811385],[114.19771836,22.25789633],[114.19807434082031,22.258120130755486],[114.19815779529279,22.25812871253253]]],[[[114.20323410959809,22.267572364272063],[114.20555143895179,22.26926971615797],[114.2057991027832,22.26900232626393],[114.20416831970215,22.26757259703703],[114.20323410959809,22.267572364272063]]],[[[114.19602656969353,22.27522426390358],[114.1953242,22.2758357],[114.1952741,22.27628292],[114.19576298162207,22.27653223329784],[114.19602656969353,22.27522426390358]]],[[[114.19599349362088,22.276692214183363],[114.1956757355377,22.2771141345932],[114.19601440429688,22.27670672669673],[114.19599349362088,22.276692214183363]]],[[[114.19522473814567,22.277961552680125],[114.19530362,22.278312],[114.19428307,22.27907576],[114.19532775878906,22.278295210101675],[114.19522473814567,22.277961552680125]]],[[[114.19440621890597,22.279106167366738],[114.19480504246566,22.279204643062872],[114.1948127746582,22.279168868283946],[114.19440621890597,22.279106167366738]]],[[[114.19477892022587,22.279325503652952],[114.19471371,22.27955208],[114.19466022123046,22.279583624268806],[114.19472694396973,22.27956598383527],[114.19477892022587,22.279325503652952]]],[[[114.23265266419367,22.2697489567555],[114.23249244811757,22.270193752744547],[114.23266410827637,22.269796613966236],[114.23265266419367,22.2697489567555]]],[[[114.232492446712,22.270193755996356],[114.2318058013916,22.269717185398918],[114.23120498657227,22.27051146904293],[114.23171997070312,22.270749753256823],[114.232492446712,22.270193755996356]]],[[[114.21038449812414,22.28118001091088],[114.21038347119752,22.281187137776328],[114.21039104478123,22.281194145884417],[114.21038449812414,22.28118001091088]]],[[[114.21044956551165,22.281320498764103],[114.21051979064941,22.28171038832545],[114.2107257827689,22.282615780103495],[114.21051979064941,22.281472122783825],[114.21044956551165,22.281320498764103]]],[[[114.22548752879088,22.26065229124508],[114.22545433044434,22.261297501572415],[114.22571182250977,22.262091833007375],[114.22536849975586,22.262806727444513],[114.22545433044434,22.263124457133358],[114.22648429870605,22.263203889442877],[114.22785758972168,22.262091833007375],[114.2304008228642,22.26361082538697],[114.22785758972168,22.26193296708101],[114.22545433044434,22.262965592379103],[114.22579765319824,22.262091833007375],[114.22561298656854,22.25991583773485],[114.22548752879088,22.26065229124508]]],[[[114.22557694556747,22.258914474947222],[114.22562082106683,22.259767199517132],[114.2267959986171,22.25781911299296],[114.2256734725973,22.257952809755118],[114.22557694556747,22.258914474947222]]],[[[114.22991752624512,22.2582790010092],[114.22966003417969,22.258914480221037],[114.22854423522949,22.2585173060517],[114.22966003417969,22.25907334957327],[114.23094749450684,22.258914480221037],[114.22991752624512,22.2582790010092]]],[[[114.23055960569076,22.26796210805121],[114.23054695118026,22.268208034052563],[114.2314624786377,22.268208034052563],[114.23094749450684,22.267890315905504],[114.23055960569076,22.26796210805121]]]]}},{"type":"Feature","properties":{"divisionCode":"KC","area":"New Territories"},"geometry":{"type":"MultiPolygon","coordinates":[[[[114.13417962,22.31359042],[114.13407355,22.31363361],[114.13407333111554,22.313634297263107],[114.13420751614957,22.313634297263107],[114.13417962,22.31359042]]],[[[114.10394932,22.36355442],[114.10738254,22.36315559],[114.10886292,22.36041587],[114.1092628,22.35487712],[114.11300869001751,22.344754757546493],[114.11078453063965,22.341978515938024],[114.1109561920166,22.33658006117352],[114.11301612854004,22.330625640747996],[114.11531323295742,22.328815582469705],[114.11275863647461,22.330546246758345],[114.11483550810306,22.328294288891396],[114.11265606,22.32743074],[114.11273016,22.32880105],[114.11040527,22.32865085],[114.11028605,22.32686068],[114.11167082,22.32672399],[114.11041786,22.32660213],[114.10606384277344,22.330387458643486],[114.10369861,22.33003581],[114.10383417324913,22.328310700206032],[114.10357475280762,22.329990487565524],[114.10005569458008,22.331498971651612],[114.09808158874512,22.330625640747996],[114.09808158874512,22.327926219749628],[114.09950868205026,22.32775029971299],[114.09521647379692,22.326908674938867],[114.09490585327148,22.328878962537246],[114.0910565573987,22.3277732175335],[114.08915446,22.33084861],[114.09018516540527,22.329434726158468],[114.09181594848633,22.330069881871495],[114.09112930297852,22.332610475802397],[114.0919017791748,22.33507163204264],[114.089200272278,22.330969952801592],[114.09082367,22.33526984],[114.09490585327148,22.338723590290897],[114.0941333770752,22.340787698296708],[114.09065406,22.3384063],[114.08950825,22.33966088],[114.09143894,22.34187547],[114.09032124,22.34345657],[114.08584072,22.34428965],[114.08629479,22.3430034],[114.08577075,22.34262292],[114.08580498,22.34429495],[114.0842658,22.34449032],[114.08475905608525,22.347618623453435],[114.08434867858887,22.344518892909676],[114.0900993347168,22.34380441656559],[114.09164428710938,22.342216678245677],[114.09181594848633,22.343486870348315],[114.0864086151123,22.346900454274106],[114.08597946166992,22.349440741542637],[114.08409118652344,22.35221912772292],[114.08246040344238,22.35221912772292],[114.08284255722285,22.351082533969645],[114.08042581,22.35205005],[114.08323287963867,22.353489228668693],[114.07995998279065,22.352976180420576],[114.08033986,22.35650226],[114.07895219,22.35849578],[114.08784941,22.36235285],[114.08889770507812,22.361109591191905],[114.09602165222168,22.361030214564224],[114.09998965,22.3638114],[114.10394932,22.36355442]],[[114.10177230834961,22.348011835651448],[114.0970516204834,22.347932451561263],[114.0973949432373,22.343407483680963],[114.09430503845215,22.33697701349608],[114.09224510192871,22.33570676208643],[114.09327507019043,22.329196542020483],[114.09919738769531,22.33173715185815],[114.09979820251465,22.333404401915615],[114.10237312316895,22.330943216254695],[114.1080379486084,22.333325009507647],[114.10632133483887,22.33697701349608],[114.10683631896973,22.340787698296708],[114.10606384277344,22.339199925619823],[114.10572052001953,22.3408670864559],[114.10297393798828,22.34126402657381],[114.10529136657715,22.344518892909676],[114.10769462585449,22.344995208437894],[114.10735130310059,22.347297377211945],[114.10177230834961,22.348011835651448]],[[114.0834903717041,22.358648894698845],[114.0875244140625,22.353489228668693],[114.0878677368164,22.34817060369619],[114.09241676330566,22.34547152233847],[114.09645080566406,22.34570967867839],[114.09808158874512,22.35229850937121],[114.09576416015625,22.355076838569587],[114.0973949432373,22.356346913464648],[114.09516334533691,22.355076838569587],[114.09490585327148,22.35769635535354],[114.09379005432129,22.35722008323833],[114.09456253051758,22.357855112363424],[114.09911155700684,22.358172625840382],[114.09790992736816,22.355076838569587],[114.09911155700684,22.354203655362838],[114.0988540649414,22.354759318036685],[114.10194396972656,22.35896640636645],[114.10082817077637,22.35920453964222],[114.10220146179199,22.359522050043267],[114.08649444580078,22.36015706867407],[114.0834903717041,22.358648894698845]],[[114.09773826599121,22.350710867812992],[114.10031318664551,22.3503933373307],[114.10168647766113,22.351822218803093],[114.1069221496582,22.35206036429065],[114.10194396972656,22.35245727253212],[114.10039901733398,22.350949015199888],[114.10031318664551,22.354203655362838],[114.10211563110352,22.353965513538483],[114.10005569458008,22.355314978494377],[114.10185813903809,22.356267534122935],[114.10125732421875,22.357378840791],[114.10014152526855,22.35610877530381],[114.09773826599121,22.350710867812992]]],[[[114.11554757848457,22.328655160592632],[114.11554685,22.32865436],[114.11553525858865,22.328663473215084],[114.11554757848457,22.328655160592632]]],[[[114.1042222182002,22.328269974345165],[114.10418,22.32829645],[114.10417438593443,22.328327787659205],[114.10417556762695,22.328323196701874],[114.1042222182002,22.328269974345165]]],[[[114.09979390312076,22.32778730486499],[114.09936904907227,22.329514120780743],[114.10160065161345,22.330546248317276],[114.09945487976074,22.329355331490987],[114.09979390312076,22.32778730486499]]],[[[114.09197598921241,22.326133007873008],[114.09190186,22.32613457],[114.09121111960286,22.32747359350036],[114.09197598921241,22.326133007873008]]],[[[114.09087881175373,22.335399614592006],[114.09253857566107,22.33849462411446],[114.09284591674805,22.3383266429404],[114.09087881175373,22.335399614592006]]],[[[114.08487952527871,22.348409803359772],[114.08432741200762,22.348575663636897],[114.0860652923584,22.34848813924303],[114.08487952527871,22.348409803359772]]],[[[114.08340936925198,22.348769457262947],[114.08336999,22.34877777],[114.08361044794243,22.35056720077362],[114.08340936925198,22.348769457262947]]],[[[114.08366089883275,22.351018256827704],[114.08364968742525,22.35102921315322],[114.08366203308105,22.35102839757174],[114.08366089883275,22.351018256827704]]],[[[114.08891650021442,22.362778421213438],[114.08891652,22.36282347],[114.0890843,22.36280912],[114.08908451426025,22.362795685462103],[114.08891650021442,22.362778421213438]]],[[[114.08967018127441,22.362831100472132],[114.08968224,22.36240144],[114.08989456510054,22.362358051628036],[114.08967018127441,22.362379611082375],[114.08967018127441,22.362831100472132]]],[[[114.09207721324975,22.36214833640958],[114.09208978,22.36231131],[114.09209707263362,22.362146428261887],[114.09207721324975,22.36214833640958]]],[[[114.09224972866637,22.362131760623736],[114.09225903,22.36231075],[114.09225837516165,22.362130929843183],[114.09224972866637,22.362131760623736]]],[[[114.09275729167098,22.362082992485625],[114.09309673,22.36209794],[114.09311017,22.36263184],[114.09311420586592,22.362048699125797],[114.09275729167098,22.362082992485625]]],[[[114.09447685675708,22.361917771642396],[114.09451373,22.36259079],[114.09450582622806,22.36191498817089],[114.09447685675708,22.361917771642396]]],[[[114.0947475772278,22.36189176002771],[114.09479072,22.3622184],[114.09488082320763,22.36187895736422],[114.0947475772278,22.36189176002771]]],[[[114.09509729676475,22.361858157951662],[114.09513156,22.36211665],[114.09514290990226,22.361853775307992],[114.09509729676475,22.361858157951662]]],[[[114.09527808292307,22.36184078748877],[114.09535459,22.36226092],[114.09546397067673,22.361822926849673],[114.09527808292307,22.36184078748877]]],[[[114.09559001856874,22.361810815799515],[114.09565194,22.36284193],[114.09564362022812,22.3618056655953],[114.09559001856874,22.361810815799515]]],[[[114.09595521567533,22.361775726593308],[114.096015,22.36236576],[114.09618848053229,22.36175331382355],[114.09595521567533,22.361775726593308]]],[[[114.08019666,22.36434167],[114.08030746,22.3638885],[114.07950913,22.36355612],[114.07922728,22.36414606],[114.08019666,22.36434167]]],[[[114.14622598129806,22.346440162349094],[114.1439151763916,22.34126402657381],[114.14892305,22.34060206],[114.14536781,22.33999806],[114.14332046,22.34126362],[114.1408806,22.3398769],[114.13818001,22.34203546],[114.13520185,22.33964245],[114.13167337,22.33931342],[114.13398692,22.3357219],[114.14212034,22.33073081],[114.13510859,22.32361218],[114.1304227,22.32137767],[114.13194319,22.31785466],[114.12848301,22.31737315],[114.12152542,22.32239339],[114.12443161010742,22.3209392405077],[114.12228033021678,22.323195746679673],[114.12268375029731,22.32362452190239],[114.12640571594238,22.3209392405077],[114.12898063659668,22.32125683806308],[114.13747787475586,22.32689407438717],[114.13601875305176,22.331102003736916],[114.1329288482666,22.33253108294251],[114.12966728210449,22.341978515938024],[114.12468910217285,22.344280734535218],[114.12288665771484,22.35150469085322],[114.12099838256836,22.352377890974267],[114.1175651550293,22.34920259157819],[114.11470351307062,22.34978154063085],[114.11359908,22.35255534],[114.11619186401367,22.35174283688346],[114.11662101745605,22.354759318036685],[114.11507606506348,22.356823188565116],[114.11396026611328,22.360236445799373],[114.11163909,22.36028505],[114.11992557,22.36410731],[114.12338902,22.37037213],[114.13446744,22.3698025],[114.13635598,22.3725631],[114.13640159,22.37586824],[114.13748574,22.37931445],[114.13549907006244,22.38110408309458],[114.13670539855957,22.38119042411688],[114.13850784301758,22.378095148612616],[114.1373062133789,22.374602960262166],[114.14073944091797,22.372698093320523],[114.14237022399902,22.373571160571373],[114.14237022399902,22.370078858712546],[114.14460182189941,22.36920576955866],[114.14262771606445,22.3684120473947],[114.1427993774414,22.366189601263272],[114.13816452026367,22.359760182369087],[114.136962890625,22.361903354980612],[114.13799285888672,22.363332118399953],[114.13644790649414,22.36222085922941],[114.13318634033203,22.352377890974267],[114.13541793823242,22.34991704025063],[114.1366195678711,22.350710867812992],[114.13644790649414,22.34936135826638],[114.13970947265625,22.34920259157819],[114.13876533508301,22.35102839757174],[114.13567543029785,22.351584072908523],[114.13507461547852,22.3537273713071],[114.13627624511719,22.35595001630375],[114.13790702819824,22.355632497760894],[114.13859367370605,22.354600557498856],[114.13687705993652,22.354918078393595],[114.13619041442871,22.35309232336681],[114.13876533508301,22.35134592660694],[114.13979530334473,22.349043824709128],[114.13481712341309,22.349440741542637],[114.13859367370605,22.346741684782472],[114.14194107055664,22.340946474569904],[114.14622598129806,22.346440162349094]],[[114.11885261535645,22.35729946203729],[114.11679267883301,22.354521177162113],[114.11662101745605,22.35102839757174],[114.12262916564941,22.355156218589755],[114.12031173706055,22.35833138230747],[114.11885261535645,22.35729946203729]],[[114.13224220275879,22.3542830358805],[114.13249969482422,22.35174283688346],[114.13447380065918,22.360315822879414],[114.13129806518555,22.356902567590225],[114.13224220275879,22.3542830358805]],[[114.12923812866211,22.346662299968827],[114.13052558898926,22.345868449345602],[114.12975311279297,22.344360120705247],[114.13473129272461,22.34253422735634],[114.13464546203613,22.34753553043207],[114.13910865783691,22.34388380300689],[114.13816452026367,22.346662299968827],[114.1340446472168,22.34936135826638],[114.13267135620117,22.34817060369619],[114.13378715515137,22.34388380300689],[114.12923812866211,22.346662299968827]],[[114.12580490112305,22.36611022753108],[114.12211418151855,22.36563398418768],[114.12185668945312,22.366745216121814],[114.12185668945312,22.363411493715688],[114.12031173706055,22.361982731110672],[114.12039756774902,22.360633330747262],[114.12254333496094,22.36277648992308],[114.12237167358398,22.365316487720534],[114.12915229797363,22.36626897495023],[114.12640571594238,22.367142082520516],[114.12580490112305,22.36611022753108]],[[114.12940979003906,22.353171704517635],[114.12837982177734,22.348964441206775],[114.13078308105469,22.346582915109963],[114.12966728210449,22.3503933373307],[114.13155555725098,22.351425308752695],[114.12940979003906,22.353171704517635]],[[114.11567687988281,22.361506473651744],[114.114990234375,22.357378840791],[114.11636352539062,22.355314978494377],[114.11765098571777,22.36015706867407],[114.11567687988281,22.361506473651744]]],[[[114.1467803409614,22.34304371541895],[114.14657592773438,22.341105250662267],[114.1450309753418,22.34126402657381],[114.14477348327637,22.342216678245677],[114.1467803409614,22.34304371541895]]],[[[114.1469295964064,22.342270190945243],[114.14697558,22.34218768],[114.14696598259503,22.34189998880481],[114.1469295964064,22.342270190945243]]],[[[114.14794921875,22.341136345873437],[114.1486393,22.34085667],[114.14871149049996,22.340791893178164],[114.14794921875,22.341105250662267],[114.14794921875,22.341136345873437]]],[[[114.11550213342237,22.347693373597714],[114.11546240182436,22.34779726052337],[114.11550521850586,22.347694299019395],[114.11550213342237,22.347693373597714]]],[[[114.11212650802126,22.35928391731032],[114.11207942,22.35921513],[114.1120080110754,22.35928391731032],[114.11212650802126,22.35928391731032]]],[[[114.13514190565672,22.381358043034666],[114.1391046,22.38221227],[114.14141408,22.38360147],[114.14379616824053,22.384501116074507],[114.13928031921387,22.380872963131367],[114.13782119750977,22.381349154338025],[114.13514190565672,22.381358043034666]]],[[[114.13975238803108,22.379880892034482],[114.13985624752547,22.38054376009842],[114.14142608642578,22.379126914764186],[114.1409969329834,22.37873008253429],[114.13975238803108,22.379880892034482]]],[[[114.1413402557373,22.34809121969643],[114.13936614990234,22.350790250320514],[114.14142608642578,22.350949015199888],[114.14194107055664,22.347217992714818],[114.14331436157227,22.348408755424146],[114.14382934570312,22.346741684782472],[114.14237022399902,22.3468210695509],[114.14288520812988,22.34491582262956],[114.14142608642578,22.34388380300689],[114.14194107055664,22.346662299968827],[114.14013862609863,22.347059223584893],[114.1413402557373,22.34809121969643]]]]}},{"type":"Feature","properties":{"divisionCode":"STH","area":"Hong Kong Island"},"geometry":{"type":"MultiPolygon","coordinates":[[[[114.26036497575969,22.20386371361557],[114.25982792,22.2039476],[114.25984791099529,22.204055201836937],[114.26036497575969,22.20386371361557]]],[[[114.22208248,22.20753432],[114.22280776,22.20738065],[114.22376829,22.20650939],[114.22289036,22.20640637],[114.22208248,22.20753432]]],[[[114.18459832,22.21746661],[114.18586549,22.21700872],[114.18673528,22.2169374],[114.1873441395886,22.216675740625078],[114.1838264465332,22.21728450116879],[114.18370226114587,22.21601824727788],[114.18333384,22.21676051],[114.18374644,22.21732924],[114.18459832,22.21746661]]],[[[114.18743803897738,22.21663538705944],[114.18820439,22.21511823],[114.18725147,22.21470056],[114.18794631958008,22.215615866465683],[114.18743803897738,22.21663538705944]]],[[[114.1869848120938,22.214931001694808],[114.18690889,22.2148557],[114.18687991705507,22.214895689380203],[114.1869848120938,22.214931001694808]]],[[[114.18677079007242,22.214858952405883],[114.18542454,22.21377701],[114.18463752,22.21395467],[114.18545722961426,22.214026672105774],[114.18677079007242,22.214858952405883]]],[[[114.18483750417305,22.214141269291943],[114.18453034,22.21416478],[114.18432476995007,22.2147022504274],[114.18483750417305,22.214141269291943]]],[[[114.18419986963677,22.214838903524527],[114.18384856,22.21516095],[114.18392555269688,22.215294742443728],[114.18399810791016,22.215059650487404],[114.18419986963677,22.214838903524527]]],[[[114.1839153726353,22.215327727676364],[114.18378557,22.21540659],[114.1839034781393,22.215366267985292],[114.1839153726353,22.215327727676364]]],[[[114.19357843,22.22454073],[114.19377018,22.224454],[114.19352443,22.22416464],[114.19336655,22.22431664],[114.19357843,22.22454073]]],[[[114.19267386,22.22454422],[114.19281994,22.22440488],[114.19251022,22.22433739],[114.19257558,22.22454481],[114.19267386,22.22454422]]],[[[114.19171224,22.22477093],[114.19197734,22.22412248],[114.1909177,22.22418295],[114.19094451,22.22449858],[114.19171224,22.22477093]]],[[[114.25670634,22.22654169],[114.25890213,22.22627814],[114.25901409,22.22533754],[114.255768,22.22597152],[114.25670634,22.22654169]]],[[[114.18369117,22.23632541],[114.18575954,22.23598554],[114.18569795103829,22.235698216152294],[114.18240744759585,22.23555355409231],[114.18369117,22.23632541]]],[[[114.18619117570205,22.235493049968476],[114.18732066,22.23606723],[114.18767705,22.23568427],[114.18879366,22.23594859],[114.18967237,22.23553239],[114.18619117570205,22.235493049968476]]],[[[114.18926573838476,22.235002024799652],[114.18955953,22.23473704],[114.18942471,22.23430559],[114.18777586,22.23321874],[114.18735104,22.23328924],[114.18926573838476,22.235002024799652]]],[[[114.18711832491576,22.233559600290967],[114.18647247,22.23353662],[114.186125341466,22.233674223897108],[114.18614387512207,22.233731409530222],[114.18711832491576,22.233559600290967]]],[[[114.18604111424901,22.233414340649553],[114.18605294,22.2330798],[114.18596973,22.23292203],[114.18589084318482,22.23295067897857],[114.18604111424901,22.233414340649553]]],[[[114.18585903754074,22.232962229694788],[114.18575151,22.23300128],[114.18586332,22.2328005],[114.18556842,22.23245004],[114.18383317,22.23206902],[114.18212448,22.23415363],[114.18408393859863,22.23222187033626],[114.18554306030273,22.23253966941229],[114.18571472167969,22.233095816061578],[114.18585903754074,22.232962229694788]]],[[[114.1822024449955,22.23425670381022],[114.18183162,22.23470266],[114.18203907,22.23487529],[114.18226152681585,22.234795689669184],[114.1822024449955,22.23425670381022]]],[[[114.18219689941374,22.235163772396078],[114.18216286,22.2352851],[114.18230594577291,22.235365646733907],[114.18219689941374,22.235163772396078]]],[[[114.14314062,22.24108517],[114.14349522,22.24087261],[114.14352934,22.24073137],[114.14280962,22.24095415],[114.14314062,22.24108517]]],[[[114.14068146,22.24376112],[114.13941614,22.24295083],[114.13785607,22.24343279],[114.13807363,22.2435859],[114.14068146,22.24376112]]],[[[114.15958361,22.24469027],[114.15897197,22.24218814],[114.16117863,22.23970237],[114.16053244,22.23641375],[114.16315654,22.2364074],[114.16043487,22.23619203],[114.15962219238281,22.23449083470572],[114.16048049926758,22.23849826867047],[114.1585922241211,22.24096108236303],[114.1534423828125,22.239769403723514],[114.15447004367753,22.235801339733893],[114.15183343,22.23872213],[114.14880871,22.23937581],[114.14410863,22.24370472],[114.14836393,22.24570369],[114.15958361,22.24469027]],[[114.15301322937012,22.241596640159912],[114.15704727172852,22.24334440923569],[114.15095329284668,22.242708859367227],[114.14837837219238,22.240484412123436],[114.15301322937012,22.241596640159912]]],[[[114.15962219238281,22.234477381370432],[114.15983409,22.2344039],[114.15950855740776,22.233483410924475],[114.1589171190615,22.233278111509296],[114.15817098,22.23432956],[114.15962219238281,22.234477381370432]]],[[[114.15965494050258,22.233440567082663],[114.15975939,22.23344844],[114.16003502784936,22.233272301144396],[114.15965494050258,22.233440567082663]]],[[[114.16106514969543,22.232816262761563],[114.16122408,22.23281321],[114.16151514,22.23261677],[114.16149443987054,22.232574610767813],[114.16106514969543,22.232816262761563]]],[[[114.16144921694308,22.23233526443023],[114.16154917,22.23231427],[114.1615517985271,22.232145353512866],[114.16144921694308,22.23233526443023]]],[[[114.1613508231357,22.23111698369497],[114.16187683,22.23047421],[114.1618442941411,22.230251725294412],[114.16133880615234,22.231109567896212],[114.1613508231357,22.23111698369497]]],[[[114.16184059806892,22.2302264510413],[114.16182827,22.23014215],[114.1615104675293,22.229997256630256],[114.16184059806892,22.2302264510413]]],[[[114.16177361406383,22.22994853910704],[114.16191162,22.22993093],[114.161919918045,22.229921453180893],[114.16177361406383,22.22994853910704]]],[[[114.16256765704811,22.229094236147763],[114.16258215,22.22906801],[114.16253082659298,22.229026049794868],[114.16256765704811,22.229094236147763]]],[[[114.16235822464655,22.228884936538762],[114.16230079,22.22883798],[114.16141762,22.22889587],[114.16120438004546,22.22918726178318],[114.16235822464655,22.228884936538762]]],[[[114.16114021509682,22.229236758553554],[114.16112737,22.22922574],[114.16109196499058,22.229273978632122],[114.16114021509682,22.229236758553554]]],[[[114.16088114117508,22.229239692602675],[114.16039551,22.22984273],[114.16047968,22.23023603],[114.15903715873102,22.231493070977145],[114.16088114117508,22.229239692602675]]],[[[114.15900313644349,22.23159124528046],[114.15892723,22.23181028],[114.15894152302833,22.231876411068633],[114.15900313644349,22.23159124528046]]],[[[114.15895547488508,22.2319409636025],[114.15897222,22.23201844],[114.15898832546847,22.2320017804443],[114.15895547488508,22.2319409636025]]],[[[114.1591286309957,22.232544723513957],[114.15899572,22.23257274],[114.15902915380187,22.23279794753936],[114.1591286309957,22.232544723513957]]],[[[114.1589114030265,22.23309768785359],[114.15881934,22.23319672],[114.15885939942218,22.233230065552554],[114.1589114030265,22.23309768785359]]],[[[114.15773712831933,22.234585326768176],[114.15749084,22.2345818],[114.15722323705414,22.234737544363384],[114.15773712831933,22.234585326768176]]],[[[114.1560793807499,22.23526505023318],[114.15567057,22.2351674],[114.15474623,22.23543032],[114.15461499147945,22.235606621565317],[114.1560793807499,22.23526505023318]]],[[[114.1296801,22.27555225],[114.13335800170898,22.266540005732224],[114.13799285885425,22.264236505243844],[114.13679122924805,22.262727294909595],[114.14048194885254,22.25526043535973],[114.13799285888672,22.2558164918169],[114.1384220123291,22.2547838137816],[114.13970947265625,22.25335393931269],[114.14185523986816,22.25557818217709],[114.14322853088379,22.254704376694193],[114.14271354675293,22.253195063470358],[114.14031028747559,22.252877311244944],[114.14314270019531,22.251447417307787],[114.14288520812988,22.249381989178502],[114.14674758911133,22.24977918926136],[114.1508674621582,22.253433377166246],[114.15189743041992,22.252321243115446],[114.15018081665039,22.250017508770355],[114.15258407592773,22.252082927526843],[114.15533065795898,22.2502558278738],[114.15995325355316,22.253555938009768],[114.1585922241211,22.25057358604755],[114.15970802307129,22.250096948516557],[114.15739059448242,22.247475413100418],[114.16966438293457,22.25033526748483],[114.17120933532715,22.252241804630984],[114.17567253112793,22.252480119949198],[114.17901992797852,22.25446606516151],[114.18402163149533,22.254453119816823],[114.18648719787598,22.25383056575805],[114.18820381164551,22.25446606516151],[114.18843528617604,22.255822861915615],[114.18893316,22.25677732],[114.18964954,22.25729655],[114.19089982,22.25723585],[114.19139616300252,22.25702739498254],[114.19137954711914,22.25661085435337],[114.18974876403809,22.25716690544718],[114.18828964233398,22.254386627893794],[114.18545722961426,22.253195063470358],[114.1864013671875,22.251765172777823],[114.1852855682373,22.252003488907192],[114.18537139892578,22.251129661116764],[114.18451309204102,22.25049414657171],[114.18459892272949,22.249302549026737],[114.18399810791016,22.24874646670284],[114.18511390686035,22.24914366858806],[114.18545722961426,22.25057358604755],[114.18665885925293,22.250811904204724],[114.18648719787598,22.248508145031025],[114.1820240020752,22.247316530589103],[114.17728729,22.24084086],[114.17859077453613,22.243741626439387],[114.17498588562012,22.248905347592114],[114.1739559173584,22.24572769556366],[114.17642784122158,22.243813125410366],[114.16914939880371,22.245807137742958],[114.1673469543457,22.244218285597142],[114.16786193847656,22.24096108236303],[114.16674613952637,22.241676084681828],[114.16617393500141,22.23937217525811],[114.1644287109375,22.23807537292695],[114.16264639,22.23786724],[114.16556853,22.23975896],[114.16569891,22.24179751],[114.1634725,22.24230076],[114.16367744,22.24404364],[114.16282492,22.24310272],[114.16255512,22.2433775],[114.16420008,22.24538061],[114.16220221,22.24551688],[114.16213995,22.24513331],[114.16302132,22.24422488],[114.16288475,22.24410821],[114.16162559,22.24515522],[114.16274079,22.24398393],[114.16248885,22.24376891],[114.16085579,22.24525107],[114.16090883,22.24732257],[114.15992069,22.24635462],[114.14403744,22.24813841],[114.14476444,22.24570872],[114.14370215,22.24814961],[114.13625103,22.24881855],[114.13339994,22.25256311],[114.13220299,22.25216995],[114.13206256,22.25532635],[114.12715337,22.26140194],[114.12263156,22.27016922],[114.11773189,22.2738234],[114.12200251,22.27246397],[114.1296801,22.27555225]],[[114.18391227722168,22.24914366858806],[114.18193817138672,22.252003488907192],[114.18442726135254,22.250732464864072],[114.18511390686035,22.251685733977908],[114.18485641479492,22.25136797832762],[114.1838264465332,22.25152685624289],[114.18185234069824,22.252480119949198],[114.18374061584473,22.253115625481612],[114.18468475341797,22.25152685624289],[114.18459892272949,22.254148315820316],[114.18030738830566,22.252718434861833],[114.1797924041748,22.253592252738173],[114.17859077453613,22.254148315820316],[114.17704582214355,22.25295674936889],[114.17807579040527,22.25351281497474],[114.17816162109375,22.252082927526843],[114.17919158935547,22.253671690456528],[114.17936325073242,22.252638996602684],[114.18065071105957,22.252480119949198],[114.1797924041748,22.25136797832762],[114.18391227722168,22.24914366858806]],[[114.13155555725098,22.25907334957327],[114.13275718688965,22.25875561068854],[114.13018226623535,22.26288615993434],[114.12915229797363,22.26074146688579],[114.13155555725098,22.25907334957327]],[[114.12898063659668,22.266222283797774],[114.12863731384277,22.26288615993434],[114.1270923614502,22.262965592379103],[114.12880897521973,22.26169466785339],[114.1303539276123,22.265110251346414],[114.1314697265625,22.262250698753405],[114.13232803344727,22.263362753926657],[114.13121223449707,22.264236505364067],[114.13052558898926,22.267493167207178],[114.12898063659668,22.266222283797774]],[[114.1303539276123,22.268446322189433],[114.13138389587402,22.264315937042426],[114.1343879699707,22.262091833007375],[114.13430213928223,22.25669029035913],[114.13627624511719,22.255022124773475],[114.13764953613281,22.255737055315365],[114.13644790649414,22.259470522165003],[114.1303539276123,22.268446322189433]]],[[[114.19146150480988,22.25703411425426],[114.19635772705078,22.257564083447747],[114.19635772705078,22.255737055315365],[114.19455528259277,22.256451982206627],[114.19386863708496,22.255737055315365],[114.19378280639648,22.253910003341232],[114.19258117675781,22.252797873075934],[114.19395446777344,22.25049414657171],[114.1922378540039,22.24946142928519],[114.19206619262695,22.247475413100418],[114.19120788574219,22.246601557057858],[114.19112985775078,22.246240457451794],[114.19103622436523,22.2465221153291],[114.19198036193848,22.247475413100418],[114.19215202331543,22.249381989178502],[114.18846130371094,22.24683988197377],[114.18914794921875,22.244694943133084],[114.18820381164551,22.24215275086725],[114.1875171661377,22.241914417977256],[114.18717384338379,22.24127886162185],[114.1889762878418,22.240325521683204],[114.18949127197266,22.243026634661845],[114.1907787322998,22.242947190905767],[114.19129371643066,22.245966021966353],[114.19163703918457,22.24493327129285],[114.1922378540039,22.24461550032305],[114.18906211853027,22.239531066779406],[114.1907787322998,22.238259929564308],[114.19112205505371,22.240722747445943],[114.19026374816895,22.239928294794368],[114.19034957885742,22.24080219246335],[114.19095039367676,22.242073306615623],[114.1922378540039,22.23961051247248],[114.19567108154297,22.240325521683204],[114.19764518737793,22.238418822346787],[114.19919013977051,22.238418822346787],[114.20401891086611,22.240525605860462],[114.2032241821289,22.237306569085973],[114.20133590698242,22.23651209706628],[114.20408248901367,22.233413613156173],[114.20159339904785,22.23293691724409],[114.20022010803223,22.230632864148646],[114.20279681233369,22.228401208017498],[114.20373916625977,22.22546846965068],[114.20554161071777,22.22658081684702],[114.20382499694824,22.22515065454523],[114.20536994934082,22.225071200656316],[114.20614242553711,22.224117750477802],[114.20828819274902,22.223561568213228],[114.20906066894531,22.223879386920245],[114.20931816101074,22.22538901594183],[114.20974731445312,22.22554792331448],[114.21137809753418,22.223958841484446],[114.21232223510742,22.22483283871945],[114.2149829864502,22.225230108389113],[114.21721458435059,22.228090416784482],[114.21721458435059,22.230871216225054],[114.22090530395508,22.229838354300384],[114.22270774841309,22.234605345843477],[114.2208194732666,22.237783250135877],[114.22202110290527,22.243026634661845],[114.22099113464355,22.24493327129285],[114.22116279602051,22.24787261859025],[114.22296524047852,22.248031500470788],[114.22416687011719,22.251129661116764],[114.22751426696777,22.253989440879323],[114.2274284362793,22.254942687821256],[114.22815593214004,22.25718701245354],[114.23003738,22.25640801],[114.23077583312988,22.255737055315365],[114.23026084899902,22.24914366858806],[114.23300743103027,22.24826982295366],[114.2343807220459,22.246680998741553],[114.23566818237305,22.243662183088745],[114.23731122675159,22.243650833993605],[114.23815727233887,22.24286774710464],[114.2384147644043,22.24175552915868],[114.23764228820801,22.240484412123436],[114.23832893371582,22.23897494566664],[114.23815727233887,22.23667099183055],[114.23970222473145,22.23420810274024],[114.24038887023926,22.232380769964337],[114.24004554748535,22.22634245747639],[114.24313545227051,22.22491229274341],[114.246826171875,22.228090416784482],[114.2457103729248,22.228805484765942],[114.24697083212013,22.23661386133604],[114.2479419708252,22.236035411692598],[114.24777030944824,22.238021590052767],[114.24931526184082,22.24088163743572],[114.246826171875,22.242311639235325],[114.24845695495605,22.23961051247248],[114.24624310986967,22.23925026775567],[114.24339294433594,22.243423852766526],[114.24356460571289,22.24771373652949],[114.24210548400879,22.247952059553043],[114.24416542053223,22.2502558278738],[114.24476623535156,22.24771373652949],[114.24725532531738,22.24787261859025],[114.24854278564453,22.2465221153291],[114.24926906450143,22.248269867139275],[114.24976801,22.24643119],[114.24872487,22.24600628],[114.24790852,22.24697988],[114.2464672,22.24544057],[114.25082957,22.24141512],[114.25024545,22.24095604],[114.25100384,22.24058725],[114.25013304,22.23853044],[114.25163104,22.23814467],[114.25383586,22.23516617],[114.25185531,22.23170613],[114.25591841,22.22955373],[114.25599887,22.2304578],[114.25972666,22.23113321],[114.25999605,22.22966627],[114.25610056,22.2297133],[114.25644479,22.2284282],[114.25641758,22.2280016],[114.25599921,22.22796045],[114.25260055,22.2294664],[114.25062890065179,22.22722115707324],[114.24905776977539,22.228726032948117],[114.25017356872559,22.231109567896212],[114.24742698669434,22.23293691724409],[114.24699783325195,22.227852059980208],[114.24347877502441,22.223561568213228],[114.24430847170852,22.218423398860853],[114.24347877502441,22.22046279807357],[114.24219131469727,22.219429859478907],[114.24117627372138,22.21913621329142],[114.24347877502441,22.220701167438193],[114.24313545227051,22.22459447637742],[114.23953056335449,22.22538901594183],[114.23644065856934,22.222767018294462],[114.23593657,22.23105139],[114.23369594,22.23591091],[114.23504506,22.240492],[114.23371842,22.24134249],[114.23350156,22.23913222],[114.23097741,22.24148427],[114.22555538,22.24226817],[114.22446663702895,22.24721100398518],[114.22597114071135,22.247478793481555],[114.2274284362793,22.243185522038885],[114.23240661621094,22.241040527245318],[114.23086166381836,22.24691932352229],[114.23446655273438,22.242391083351805],[114.23669815063477,22.242073306615623],[114.2354965209961,22.237703803406816],[114.23764228820801,22.232380769964337],[114.23686981201172,22.226660269880526],[114.23953056335449,22.22705753437269],[114.2402172088623,22.232062970528062],[114.23789978027344,22.23619430699732],[114.23755645751953,22.240484412123436],[114.23807144165039,22.242708859367227],[114.23558235168457,22.243582739693053],[114.2329216003418,22.24819038217109],[114.2300033569336,22.249223108829938],[114.23043251037598,22.255737055315365],[114.22845840454102,22.25700803393144],[114.22760009765625,22.25406887837235],[114.22310829180087,22.248018260387504],[114.22133445739746,22.24787261859025],[114.22142028808594,22.246204347963584],[114.22436974280666,22.24719375759669],[114.22142028808594,22.244774385898054],[114.22330856323242,22.24485382861799],[114.2242616,22.23875117],[114.22879536,22.23740222],[114.23004566,22.23184707],[114.22897427,22.22983716],[114.22691853,22.22978523],[114.22298438,22.2328099],[114.22153412,22.22961296],[114.21872546,22.22901486],[114.21819091,22.22656253],[114.21495617,22.22435276],[114.21469976,22.21894442],[114.22208297,22.21562119],[114.22272231,22.21282564],[114.21818259,22.20900609],[114.22029046,22.20660944],[114.21939728340087,22.205229429534057],[114.21601295471191,22.206000965620206],[114.21343425292532,22.204338243419272],[114.21249389648438,22.20981521999701],[114.21172142028809,22.208146496462675],[114.21223640441895,22.204650059004138],[114.21163621139505,22.202349567765964],[114.21161789,22.20862188],[114.21286131,22.21098568],[114.21501623,22.21245385],[114.21353564,22.21635541],[114.20708656311035,22.219668230599012],[114.2069149017334,22.216648833146053],[114.20502662658691,22.21577478491156],[114.20622825622559,22.21434451241788],[114.2054557800293,22.21315260753481],[114.20245170593262,22.213470449827],[114.20519828796387,22.214026672105774],[114.20468330383301,22.215615866465683],[114.20073509216309,22.21609262126327],[114.19790267944336,22.214026672105774],[114.19781684875488,22.210927691329275],[114.20013427734375,22.210927691329275],[114.20159339904785,22.21354991028754],[114.20364031708043,22.212863483257404],[114.20185258,22.21301234],[114.2001241,22.21058263],[114.19731276,22.21047078],[114.19702248,22.21385011],[114.19838396,22.21565971],[114.20182913,22.21699881],[114.20198839304648,22.21857549194592],[114.20442581176758,22.216648833146053],[114.20193672180176,22.219747687549017],[114.20296669006348,22.221416273101312],[114.202880859375,22.22308483880218],[114.20373916625977,22.22459447637742],[114.1988468170166,22.22562737693326],[114.19668919365489,22.224194069084124],[114.19782989,22.22610028],[114.19633465,22.22866389],[114.1982303,22.23007352],[114.19829493,22.23459015],[114.19423593,22.23769366],[114.18988808,22.23608675],[114.18668849,22.23969059],[114.18781788,22.2442251],[114.1833622202808,22.245483466506357],[114.18700218200684,22.24683988197377],[114.18760299682617,22.25057358604755],[114.18837547302246,22.247952059553043],[114.19172286987305,22.249381989178502],[114.1904354095459,22.251765172777823],[114.19283866882324,22.251685733977908],[114.19249534606934,22.252877311244944],[114.19343948364258,22.254148315820316],[114.1933536529541,22.25629310987962],[114.19146150480988,22.25703411425426]],[[114.2508602142334,22.230950666827155],[114.24983024597168,22.233493062317237],[114.25163269042969,22.23365196050426],[114.24948692321777,22.234684794329013],[114.25128936767578,22.23420810274024],[114.25300598144531,22.235876516207753],[114.24991607666016,22.238418822346787],[114.25051689147949,22.240246076395536],[114.24845695495605,22.239054391675026],[114.24888610839844,22.23293691724409],[114.2508602142334,22.230950666827155]],[[114.20219421386719,22.22801096456142],[114.20022010803223,22.22967945179039],[114.20107841491699,22.22705753437269],[114.19721603393555,22.228805484765942],[114.20305252075195,22.2258657375195],[114.20219421386719,22.22801096456142]],[[114.21154975891113,22.223879386920245],[114.21112060546875,22.223958841484446],[114.20957565307617,22.22546846965068],[114.20914649963379,22.22379993231101],[114.20863151550293,22.223561568213228],[114.20760154724121,22.223482113423927],[114.20588493347168,22.224197204906957],[114.20528411865234,22.22491229274341],[114.2039966583252,22.225071200656316],[114.20331001281738,22.22054225457346],[114.20674324035645,22.219668230599012],[114.20511245727539,22.222369741646958],[114.20863151550293,22.22125736104684],[114.20811653137207,22.222767018294462],[114.20991897583008,22.223482113423927],[114.21077728271484,22.2222902861824],[114.21154975891113,22.223879386920245]]],[[[114.19646747118816,22.258120130755486],[114.19646941,22.25812168],[114.19655084578939,22.258120130755486],[114.19646747118816,22.258120130755486]]],[[[114.19771095237805,22.257892140881744],[114.19970512331695,22.25891447968016],[114.20107841491699,22.25716690544718],[114.19833183288574,22.25661085435337],[114.19771095237805,22.257892140881744]]],[[[114.25078772531033,22.22710981626119],[114.25133055,22.22672928],[114.25129883687413,22.226713426079826],[114.25078772531033,22.22710981626119]]],[[[114.25128593591258,22.2258848092718],[114.25136955,22.22574587],[114.25122135338148,22.225745313288435],[114.25128593591258,22.2258848092718]]],[[[114.25121435114688,22.22573018870932],[114.25144878,22.22553257],[114.25131530261136,22.225458521952007],[114.25121435114688,22.22573018870932]]],[[[114.2513769066387,22.225321656908385],[114.2517098,22.22498832],[114.25161696223368,22.224874811931414],[114.25156200619195,22.224910423105587],[114.2513769066387,22.225321656908385]]],[[[114.2517654165926,22.224778614427652],[114.25183675,22.22484233],[114.25206081726583,22.224753384650455],[114.25180435180664,22.224753384650455],[114.2517654165926,22.224778614427652]]],[[[114.25214372435919,22.224720473995827],[114.25210439,22.22409716],[114.25270616233199,22.223501486648686],[114.25206184387207,22.224038296003627],[114.25214372435919,22.224720473995827]]],[[[114.25274776997642,22.22346682153484],[114.25295879,22.22343204],[114.2529778894046,22.22332320371028],[114.25292015075684,22.22332320371028],[114.25274776997642,22.22346682153484]]],[[[114.25311693259499,22.22332320371028],[114.25317316,22.2233789],[114.25332116,22.2232918],[114.25345372,22.22256422],[114.25387771,22.22228947],[114.2534351348877,22.222528652441014],[114.25311693259499,22.22332320371028]]],[[[114.2540324142548,22.221647004142678],[114.25406891,22.22158907],[114.25400071607294,22.22157853494077],[114.2540324142548,22.221647004142678]]],[[[114.25395181550181,22.22147290796531],[114.25378598,22.22109773],[114.2541467,22.22092959],[114.2537784576416,22.221098448812285],[114.25395181550181,22.22147290796531]]],[[[114.25395618792406,22.22090121280634],[114.25435704711721,22.22086008012286],[114.2537784576416,22.22086008012286],[114.25395618792406,22.22090121280634]]],[[[114.25447857352694,22.220847610139806],[114.25481209,22.22063451],[114.25466100117565,22.220372123154807],[114.25472259521484,22.22062171102833],[114.25447857352694,22.220847610139806]]],[[[114.25474779502524,22.220281433636107],[114.25439807,22.22013701],[114.25453013466566,22.219656164758696],[114.25437927246094,22.220144971623895],[114.25474779502524,22.220281433636107]]],[[[114.25453087040383,22.21965378090204],[114.25481868,22.21974354],[114.2551003,22.21962868],[114.25455093383789,22.219588773603988],[114.25453087040383,22.21965378090204]]],[[[114.25465868787302,22.218955450333144],[114.25476583,22.21881015],[114.25476725867374,22.21857351454018],[114.25465868787302,22.218955450333144]]],[[[114.25498715067035,22.2177999674766],[114.25519503,22.21767898],[114.25502458904104,22.217668264903672],[114.25498715067035,22.2177999674766]]],[[[114.25505842103277,22.217549249031023],[114.25515177,22.21746979],[114.25500541086107,22.217214793813586],[114.25506591796875,22.21752287593469],[114.25505842103277,22.217549249031023]]],[[[114.25497618661103,22.217065993626527],[114.25513275,22.21680971],[114.25492047997778,22.216618487376106],[114.2548942565918,22.216648833146053],[114.25497618661103,22.217065993626527]]],[[[114.25522991013882,22.216260413995098],[114.25531408,22.21618929],[114.25489695708886,22.21566591373671],[114.2552375793457,22.216251539169107],[114.25522991013882,22.216260413995098]]],[[[114.25486790789292,22.214576611010507],[114.25568172,22.21283949],[114.25438574,22.21156903],[114.25784399,22.2112305],[114.25806999206543,22.2072723952639],[114.25661087036133,22.208623276640097],[114.25420761108398,22.206477753086304],[114.25225967,22.20835846],[114.24636414,22.20678137],[114.24147737,22.20943926],[114.24301224172298,22.213115023952767],[114.24262046813965,22.208861666121365],[114.24623408108376,22.2105317246152],[114.24485206604004,22.20941790666957],[114.24854278564453,22.209656294801007],[114.24897193908691,22.20782864211121],[114.25051689147949,22.20917951813317],[114.24983024597168,22.211960692526432],[114.24785614013672,22.212834764522583],[114.24751281738281,22.21124553866146],[114.24699783325195,22.210689305357675],[114.24653802742434,22.210689305357675],[114.24888610839844,22.215139110047886],[114.24862861633301,22.2184763709475],[114.25060272216797,22.214026672105774],[114.25486790789292,22.214576611010507]]],[[[114.24248128115349,22.215054930962047],[114.24202788,22.21550148],[114.24203381053205,22.21552330086174],[114.2424488067627,22.215139110047886],[114.24248128115349,22.215054930962047]]],[[[114.2422360104093,22.2167136246166],[114.24206255,22.21695822],[114.24197705039997,22.217482278794343],[114.24223422983367,22.21676802134251],[114.2422360104093,22.2167136246166]]],[[[114.24193500175255,22.217599059360047],[114.24179367,22.21759498],[114.2417939476187,22.21760233409998],[114.24193500175255,22.217599059360047]]],[[[114.24180067789304,22.217780618595558],[114.24181036975439,22.218037355323847],[114.24184799194336,22.21799962425125],[114.24180067789304,22.217780618595558]]],[[[114.24146574582194,22.21838297664393],[114.24061712586625,22.218825636285295],[114.2408792099,22.218971210079076],[114.24146574582194,22.21838297664393]]],[[[114.23886732097414,22.218657898145523],[114.23857399564353,22.218618025382114],[114.23858642578125,22.218635286152846],[114.23886732097414,22.218657898145523]]],[[[114.23847267136276,22.21847732419123],[114.23841785,22.21837163],[114.23799612160474,22.218635286152846],[114.2384147644043,22.21839691327733],[114.23847267136276,22.21847732419123]]],[[[114.23785904796975,22.218635286152846],[114.23756786,22.21843759],[114.23766182087346,22.21906491197151],[114.23772811889648,22.218635286152846],[114.23785904796975,22.218635286152846]]],[[[114.23764272668599,22.219188646519598],[114.23732643,22.21935541],[114.23731518258629,22.21941859980419],[114.23764228820801,22.219191487953694],[114.23764272668599,22.219188646519598]]],[[[114.23730753210121,22.219461581476786],[114.23728767,22.21957317],[114.23735034036822,22.21962009900859],[114.23730753210121,22.219461581476786]]],[[[114.23757221412957,22.21978624316806],[114.23812667,22.22034798],[114.23724589653759,22.22078509919362],[114.23815727233887,22.22038334152866],[114.23815727233887,22.219906601314023],[114.23757221412957,22.21978624316806]]],[[[114.23679402582134,22.220984295313993],[114.23644593,22.22100974],[114.23578540907336,22.22212673152892],[114.23635482788086,22.221177904952057],[114.23679402582134,22.220984295313993]]],[[[114.23624959635109,22.222780488098543],[114.23630441393004,22.222898162128278],[114.23626899719238,22.222767018294462],[114.23624959635109,22.222780488098543]]],[[[114.21937133363662,22.205157353857373],[114.21957494,22.20512451],[114.22005891665569,22.204609442915192],[114.2193603515625,22.205126851059134],[114.21937133363662,22.205157353857373]]],[[[114.22050921749221,22.204275917346408],[114.22066743,22.20424662],[114.22108773,22.20387522],[114.22115557069235,22.203734107649737],[114.22050921749221,22.204275917346408]]],[[[114.22299861496208,22.200916115751063],[114.22313562,22.20078403],[114.22313739926041,22.20077334350052],[114.22299861496208,22.200916115751063]]],[[[114.22324033729353,22.2001550825493],[114.22326902,22.19998281],[114.2231954904653,22.199864426120538],[114.22324033729353,22.2001550825493]]],[[[114.22396036628527,22.19851314420409],[114.22406028,22.19843071],[114.22401406939497,22.19839380984461],[114.22396036628527,22.19851314420409]]],[[[114.22214600409195,22.195676202077426],[114.22208589624604,22.195645824745398],[114.22210693359375,22.19567017285742],[114.22214600409195,22.195676202077426]]],[[[114.21390451718445,22.19417600994811],[114.21387743,22.19417426],[114.21386115228455,22.19421042589008],[114.21390451718445,22.19417600994811]]],[[[114.21128930372443,22.198974974662086],[114.2112640877565,22.199047032215084],[114.2112922668457,22.199007896720303],[114.21128930372443,22.198974974662086]]],[[[114.21131558805314,22.20128338265246],[114.21117905,22.20141135],[114.21135323619126,22.20136471564669],[114.21131558805314,22.20128338265246]]],[[[114.2087807771013,22.21710238332665],[114.20855189,22.21680646],[114.2082338953716,22.216901622859552],[114.2083740234375,22.216887208992134],[114.2087807771013,22.21710238332665]]],[[[114.20771422410158,22.21695507733877],[114.20756673367269,22.21692839541868],[114.20760154724121,22.216966667517482],[114.20771422410158,22.21695507733877]]],[[[114.20731358993827,22.216650103292096],[114.20687969,22.21598042],[114.20641706628108,22.215664515101817],[114.20731358993827,22.216650103292096]]],[[[114.20636100179121,22.215602880923324],[114.20704391,22.21408116],[114.2058869423576,22.2131732074919],[114.20700073242188,22.214106132251302],[114.20636100179121,22.215602880923324]]],[[[114.20575823947846,22.213065404319284],[114.20530964,22.21238059],[114.20452320703089,22.212712118939223],[114.20519828796387,22.212596381790917],[114.20575823947846,22.213065404319284]]],[[[114.20187362835223,22.218708295689524],[114.20137125,22.21904747],[114.20116696,22.21964689],[114.20132249358655,22.219698017904296],[114.20187362835223,22.218708295689524]]],[[[114.2013310394678,22.21972966297112],[114.20081762,22.22102972],[114.20013106966536,22.22103468590117],[114.20116424560547,22.221098448812285],[114.2013310394678,22.21972966297112]]],[[[114.19995373632045,22.22102374169518],[114.19953336,22.2209272],[114.19834234910391,22.22131995236869],[114.19910430908203,22.221495729061033],[114.19995373632045,22.22102374169518]]],[[[114.19823574926988,22.221329820635933],[114.19830296,22.22122017],[114.19720402,22.22174681],[114.19697902,22.22207643],[114.19657235,22.22186204],[114.19545666409857,22.22312453680905],[114.19823574926988,22.221329820635933]]],[[[114.19538845167854,22.223137165898656],[114.19497476,22.2229821],[114.19392466,22.22376211],[114.19378504,22.22418874],[114.1938867,22.22433358],[114.19538845167854,22.223137165898656]]],[[[114.19513642225219,22.22411940936509],[114.19586062,22.22422779],[114.19622709674965,22.22407184947222],[114.19549942016602,22.223879386920245],[114.19513642225219,22.22411940936509]]],[[[114.18245315551758,22.24542111420383],[114.18213423,22.24514444],[114.1809409083517,22.24506531698036],[114.18245315551758,22.24572769556366],[114.18245315551758,22.24542111420383]]],[[[114.17712350052261,22.24080219246335],[114.17616059,22.23757032],[114.17521584016627,22.23776967507377],[114.17610168457031,22.241040527245318],[114.17712350052261,22.24080219246335]]],[[[114.17513578180876,22.237052110796366],[114.17513168,22.23695947],[114.1750399021266,22.236981111738945],[114.17513578180876,22.237052110796366]]],[[[114.17465542588235,22.236569895274197],[114.17453953,22.23608455],[114.17436795381889,22.23594971691769],[114.17461643837184,22.236501729043315],[114.17465542588235,22.236569895274197]]],[[[114.1742992401123,22.235649927713865],[114.17439085,22.23494063],[114.1742992401123,22.23474389204135],[114.1742992401123,22.23476424276953],[114.1742992401123,22.235649927713865]]],[[[114.17422054643906,22.233687703909236],[114.17336425,22.23060441],[114.17209764,22.22982881],[114.1710964,22.22996459],[114.16891086,22.23130072],[114.17215347290039,22.23007670772766],[114.17422054643906,22.233687703909236]]],[[[114.16837692260742,22.23183124177976],[114.16753317,22.23197444],[114.1672212825944,22.23261911906873],[114.16837692260742,22.23214242045468],[114.16837692260742,22.23183124177976]]],[[[114.16719453407163,22.23261911906873],[114.16691809,22.23236463],[114.16617141097487,22.233086760999893],[114.16683197021484,22.23253966941229],[114.16719453407163,22.23261911906873]]],[[[114.16617784358203,22.233138459176693],[114.16622174,22.23349125],[114.16669712888452,22.233819415788307],[114.16631698608398,22.23333416395006],[114.16617784358203,22.233138459176693]]],[[[114.16674941674431,22.233887982650604],[114.16656964,22.23407484],[114.16717529296875,22.234515520399487],[114.16717529296875,22.2344464487373],[114.16674941674431,22.233887982650604]]],[[[114.16717529296875,22.23501996287408],[114.16708692,22.23516711],[114.16717529296875,22.23579039049852],[114.16717529296875,22.23501996287408]]],[[[114.16717529296875,22.23593248734837],[114.16517138,22.23626303],[114.16488006652237,22.236934282512095],[114.16520118713379,22.236273754582115],[114.16717529296875,22.23593248734837]]],[[[114.19798851013184,22.239133837638363],[114.19764518737793,22.239848849281458],[114.1985034942627,22.240484412123436],[114.20073509216309,22.240246076395536],[114.19798851013184,22.239133837638363]]],[[[114.1985034942627,22.23849826867047],[114.19798851013184,22.239133837638363],[114.19876098632812,22.23937217525811],[114.1988468170166,22.238736607371237],[114.1985034942627,22.23849826867047]]],[[[114.19567108154297,22.240325521683204],[114.19575691223145,22.242708859367227],[114.19722205711994,22.242948584650826],[114.19730186462402,22.241914417977256],[114.19567108154297,22.240325521683204]]],[[[114.19318199157715,22.253115625481612],[114.19361114501953,22.253115625481612],[114.19361114501953,22.252877311244944],[114.1930103302002,22.252877311244944],[114.19318199157715,22.253115625481612]]],[[[114.21721458435059,22.231745170371283],[114.21628475217587,22.231983518867736],[114.21618461608887,22.23222187033626],[114.21669960021973,22.232301320172823],[114.21721458435059,22.231745170371283]]],[[[114.21721458435059,22.231745170371283],[114.21663522692594,22.231149292427858],[114.21661720250543,22.23119219551333],[114.21721458435059,22.231745170371283]]],[[[114.19438362121582,22.253989440879323],[114.19395446777344,22.25335393931269],[114.19388883253872,22.252685724481314],[114.19395446777344,22.253433377166246],[114.19438362121582,22.253989440879323]]],[[[114.19438362121582,22.253989440879323],[114.19404029846191,22.2558164918169],[114.19405255992027,22.255827839818647],[114.19438362121582,22.253989440879323]]],[[[114.20734405517578,22.224435567924274],[114.20794486999512,22.22448612971915],[114.20785903930664,22.22372047765677],[114.2072582244873,22.224117750477802],[114.20734405517578,22.224435567924274]]],[[[114.2167854309082,22.228249321095547],[114.2167854309082,22.22801096456142],[114.2167300562391,22.227972519871997],[114.21671315243262,22.22808205325502],[114.2167854309082,22.228249321095547]]],[[[114.1941874348022,22.24552341816622],[114.19386863708496,22.245966021966353],[114.19369697570801,22.246601557057858],[114.1941874348022,22.24552341816622]]],[[[114.19378280639648,22.24811094125335],[114.19378280639648,22.24819038217109],[114.19382572177723,22.24819038217109],[114.19378280639648,22.24811094125335]]],[[[114.19404029836456,22.24819038217109],[114.1948127746582,22.24819038217109],[114.19438362121582,22.248031500470788],[114.19404029836456,22.24819038217109]]],[[[114.19455528259277,22.24946142928519],[114.19429779052734,22.249938068979077],[114.19432353970322,22.249961900888074],[114.19455528259277,22.24946142928519]]],[[[114.1948127746582,22.25057358604755],[114.19472694396973,22.25049414657171],[114.19472694396973,22.250785424109072],[114.1948127746582,22.25057358604755]]],[[[114.19462436571732,22.251038596704213],[114.19412612915039,22.25136797832762],[114.19455528259277,22.251209100232117],[114.19462436571732,22.251038596704213]]],[[[114.19743061066588,22.257683236450713],[114.19755935668945,22.257325776782622],[114.19733405095643,22.257593871533693],[114.19743061066588,22.257683236450713]]],[[[114.20421123537487,22.240881637886144],[114.20424461376793,22.240964024728076],[114.20425415039062,22.24096108236303],[114.20421123537487,22.240881637886144]]],[[[114.19129371643066,22.246124906009555],[114.19129371643066,22.246601557057858],[114.19206619262695,22.24628378987255],[114.19180870056152,22.24572769556366],[114.19129371643066,22.246124906009555]]],[[[114.19215202331543,22.245012713922662],[114.19180870056152,22.245012713922662],[114.19172286987305,22.245489368755457],[114.19240951538086,22.24533048399141],[114.19215202331543,22.245012713922662]]],[[[114.14314270019531,22.251447417307787],[114.14490222201158,22.252261659551333],[114.14443016052246,22.252003488907192],[114.14314270019531,22.251447417307787]]],[[[114.13320677626947,22.273363288123143],[114.13313080290564,22.27316994985377],[114.13317278813899,22.273441918449144],[114.13320677626947,22.273363288123143]]],[[[114.13294541195859,22.27243375617177],[114.13207054138184,22.271385175843093],[114.13061141967773,22.273688558524597],[114.13198471069336,22.27364473708588],[114.13294541195859,22.27243375617177]]],[[[114.1379928589625,22.26423650534403],[114.1380786895752,22.264315937042426],[114.1384649274176,22.26411168411658],[114.1379928589625,22.26423650534403]]],[[[114.16005134655558,22.253592252738173],[114.16027386982168,22.25367463243674],[114.16022300720215,22.253592252738173],[114.16005134655558,22.253592252738173]]],[[[114.1605551980798,22.25363319111223],[114.16121727752184,22.252587877639478],[114.16022300720215,22.25240068155486],[114.16022300720215,22.253274501414054],[114.1605551980798,22.25363319111223]]],[[[114.17517826547208,22.254496195875056],[114.1762827335408,22.254106114637132],[114.1765308380127,22.25383056575805],[114.17524337768555,22.253751128129835],[114.17517826547208,22.254496195875056]]],[[[114.20202255249023,22.21474181179542],[114.2017153688452,22.215666051285606],[114.20185089111328,22.215615866465683],[114.20202255249023,22.21474181179542]]],[[[114.19707655909717,22.22260810765798],[114.19713020324707,22.223005383742787],[114.19781684875488,22.222528652441014],[114.19713020324707,22.222687563055004],[114.19707655909717,22.22260810765798]]],[[[114.16766471046802,22.23795228474391],[114.1684627532959,22.238418822346787],[114.16766471046802,22.237952284743905],[114.16766471046802,22.23795228474391]]],[[[114.1748810222105,22.238702510233722],[114.17223930358887,22.240246076395536],[114.17112350463867,22.24175552915868],[114.17361259460449,22.24008718568504],[114.17515754699707,22.243026634661845],[114.1748810222105,22.238702510233722]]],[[[114.15575981140137,22.238021590052767],[114.15498733520508,22.23881605351474],[114.15550231933594,22.239848849281458],[114.15706400480568,22.23817248834672],[114.15575981140137,22.238021590052767]]],[[[114.22699325017993,22.250261411288506],[114.22729831394227,22.251649604334048],[114.2274284362793,22.251685733977908],[114.2274284362793,22.25033526748483],[114.22699325017993,22.250261411288506]]],[[[114.24674037018764,22.23861739775503],[114.24664670448757,22.238736607371237],[114.24665451049805,22.238736607371237],[114.24674037018764,22.23861739775503]]],[[[114.24161719296913,22.248653986876864],[114.24176216125488,22.248508145031025],[114.24162319573874,22.248636763630042],[114.24161719296913,22.248653986876864]]]]}},{"type":"Feature","properties":{"divisionCode":"ILD","area":"New Territories"},"geometry":{"type":"MultiPolygon","coordinates":[[[[114.25092208,22.16131163],[114.25131188,22.16021736],[114.249104,22.15994056],[114.24936996,22.16063758],[114.25092208,22.16131163]]],[[[113.91656048,22.16339902],[113.91725262736664,22.162831982811543],[113.91666643,22.16180019],[113.91596121,22.16273544],[113.91656048,22.16339902]]],[[[113.91388798014789,22.169192250888013],[113.91740798950195,22.168011695559926],[113.91330071,22.16652913],[113.91274292,22.16341853],[113.91482773,22.1629306],[113.91543388366699,22.159665396573246],[113.90606404,22.15908445],[113.90319522,22.15613283],[113.89938976,22.15907323],[113.8994834,22.16137622],[113.90213015,22.16335897],[113.90596743,22.1623976],[113.90892827,22.16379065],[113.91044332,22.16544545],[113.90793358,22.16723887],[113.90943412684999,22.16944526575819],[113.91388798014789,22.169192250888013]]],[[[113.90170533,22.17359129],[113.90307784,22.17232635],[113.90186023,22.17131733],[113.89778745,22.17178852],[113.90170533,22.17359129]]],[[[113.90506738,22.1748086],[113.90597058,22.17371795],[113.9053436,22.17276062],[113.90377353,22.17357319],[113.90506738,22.1748086]]],[[[114.23689356,22.1756015],[114.23729708,22.17544106],[114.23739283,22.17495926],[114.23632803,22.17530991],[114.23689356,22.1756015]]],[[[114.26612431,22.18090424],[114.26720738,22.17855471],[114.27155392,22.17611171],[114.27277149,22.1726631],[114.27143077,22.16908745],[114.27450179,22.16283399],[114.26704503,22.16225209],[114.26634439,22.16448581],[114.2647389,22.16472089],[114.26000734,22.15990802],[114.26136133,22.15948457],[114.26086141,22.15820659],[114.25518308,22.15527629],[114.25839093,22.15971267],[114.25211232,22.16158219],[114.25209689,22.16278191],[114.26081657409668,22.165229650928325],[114.26115989685059,22.166342475385164],[114.25094135,22.16393612],[114.25008938,22.16647901],[114.25554754,22.17483402],[114.26319865,22.1772096],[114.26417357,22.18018975],[114.26612431,22.18090424]],[[114.26570892333984,22.171429560760956],[114.26673889160156,22.16880655534591],[114.26974296569824,22.173496136623527],[114.26836967468262,22.17405251724246],[114.26785469055176,22.1718269815552],[114.26570892333984,22.171429560760956]]],[[[114.30138521,22.18234975],[114.30139715,22.18207284],[114.30124998,22.1820427],[114.30120491,22.18213583],[114.30138521,22.18234975]]],[[[114.30398974,22.18370196],[114.30447012,22.18254884],[114.30228461,22.18117129],[114.30218058,22.18250003],[114.30398974,22.18370196]]],[[[113.90704883,22.18781055],[113.91225539,22.18324462],[113.91355061,22.18301058],[113.91417665,22.18398386],[113.91523268923089,22.183920615735364],[113.92092704772949,22.179695681934845],[113.9188966735944,22.178824825528196],[113.91738079,22.18064951],[113.91723058053488,22.17788326815349],[113.91514402,22.17964014],[113.91353170124539,22.17823707476135],[113.9128589630127,22.179457242940643],[113.91292945,22.1800582],[113.91500473022461,22.181364743567315],[113.91414642333984,22.183272218302605],[113.91560554504395,22.183590128241136],[113.91440391540527,22.183828560223034],[113.91388893127441,22.182874829867984],[113.91303062438965,22.1827953520462],[113.9120864868164,22.183113263063618],[113.91122817993164,22.183987514652856],[113.9077091217041,22.181603179325208],[113.90813827514648,22.18128526489147],[113.90856742858887,22.181921093039733],[113.9117431640625,22.182239006035047],[113.9132022857666,22.18176213627237],[113.91325494850983,22.181437032992417],[113.90994591,22.18204686],[113.90870986964666,22.17976842805993],[113.90562969,22.17894503],[113.90704883,22.18781055]]],[[[113.91343993807999,22.18014316402585],[113.91343667704552,22.180315166956078],[113.91345977783203,22.180172558709685],[113.91343993807999,22.18014316402585]]],[[[114.30624854,22.18889195],[114.30655144,22.18728699],[114.30494027,22.18343031],[114.30398795,22.18397646],[114.30624854,22.18889195]]],[[[114.29054408,22.18994702],[114.29085115,22.18940833],[114.28993892,22.18778061],[114.28947516,22.18914402],[114.29054408,22.18994702]]],[[[114.28729919,22.19010686],[114.28964742,22.18778251],[114.28786877,22.18062564],[114.28408077,22.18135695],[114.28270079,22.18533476],[114.28406339,22.18723533],[114.28604877,22.18683211],[114.28729919,22.19010686]],[[114.2841625213623,22.186769188065725],[114.28356170654297,22.185100190626628],[114.28596496582031,22.184543853741147],[114.28742408752441,22.1858154776711],[114.28836822509766,22.187484466613085],[114.2881965637207,22.18835869100313],[114.28750991821289,22.186769188065725],[114.2841625213623,22.186769188065725]]],[[[114.25368629,22.19019436],[114.25644596,22.18821217],[114.25631636,22.1827382],[114.25052629,22.17922345],[114.25000954,22.18074085],[114.24555033,22.18156148],[114.24431613,22.17864986],[114.24368996,22.18807972],[114.25368629,22.19019436]],[[114.24759864807129,22.186053905876705],[114.2526626586914,22.18565652530924],[114.25437927246094,22.18843816567791],[114.24888610839844,22.188517640307737],[114.24759864807129,22.186053905876705]]],[[[113.98762501,22.20206432],[113.98936788,22.2020354],[113.99045459,22.20151706],[113.99098564,22.20087492],[113.9907637,22.19981041],[113.99217985,22.19908181],[113.99249216,22.19744133],[113.99137659,22.19496362],[113.99165597,22.19496737],[113.99237393,22.19445277],[113.99273357,22.1951611],[113.99381252,22.19516824],[113.99453758,22.19477234],[113.99498972,22.19342486],[113.99457029,22.19280568],[113.9937973022461,22.195034406936216],[113.99319648742676,22.1939218096484],[113.98967742919922,22.195193348686345],[113.99105072021484,22.195034406936216],[113.99208068847656,22.197259575067775],[113.98941993713379,22.201948206768293],[113.98521423339844,22.200358857632352],[113.98478507995605,22.19932577104555],[113.98306846618652,22.197577453351045],[113.98306846618652,22.196703286340494],[113.98239304,22.19511554],[113.98287966,22.19755855],[113.98380851,22.19895794],[113.98501267,22.20047276],[113.98762501,22.20206432]]],[[[113.99425365869217,22.19285454138221],[113.99458922,22.19187011],[113.99390091,22.19023125],[113.99018321,22.18835916],[113.98905147,22.18886858],[113.98749684,22.1905609],[113.9872422,22.19144127],[113.98529637,22.19143011],[113.98230015,22.19411581],[113.98693084716797,22.191776061416775],[113.98796081542969,22.19090185829451],[113.98984909057617,22.188597114892588],[113.99405479431152,22.190981331530466],[113.99425365869217,22.19285454138221]]],[[[113.83562409,22.21771923],[113.83844567,22.21719954],[113.83772776,22.21501051],[113.83602693,22.21529731],[113.83562409,22.21771923]]],[[[114.0344168,22.22337779],[114.03555548,22.22245737],[114.03569506,22.22143528],[114.03504871,22.22017915],[114.03221133,22.21835871],[114.03587054,22.2171662],[114.03060254,22.21559159],[114.02912446,22.2119155],[114.03118666,22.20885948],[114.03528867210444,22.20695505261635],[114.03422355651855,22.206159894955533],[114.03585433959961,22.20584203610491],[114.03285026550293,22.206159894955533],[114.03216361999512,22.205524176534468],[114.03207778930664,22.20449112795923],[114.0329360961914,22.20584203610491],[114.03250694274902,22.20361700399569],[114.03388023376465,22.203775936030297],[114.03585433959961,22.200438325516487],[114.03594017028809,22.20361700399569],[114.0377426147461,22.205047385829104],[114.03665076,22.20822271],[114.03944561,22.20812751],[114.04121152,22.20566808],[114.03675718,22.20264124],[114.03623059,22.20018031],[114.03516931,22.2008369],[114.0347288,22.20209738],[114.03409684,22.20223519],[114.03384049,22.20345205],[114.03220395,22.20195641],[114.03015163,22.20287595],[114.02853772,22.19956478],[114.02157031,22.19574597],[114.02104696,22.19651188],[114.02186222,22.1975762],[114.01823548,22.19788107],[114.01716218,22.20101171],[114.01963124,22.20166532],[114.02110386,22.20039424],[114.02121881,22.20145183],[114.02275023,22.20480973],[114.02745084,22.20572545],[114.0286882,22.20778124],[114.02810167,22.21042688],[114.02637286,22.21185422],[114.02362488,22.21144082],[114.0220822,22.21327732],[114.02631162,22.21640579],[114.02543035,22.21924693],[114.02678411,22.22161393],[114.0344168,22.22337779]],[[114.0245246887207,22.202981274057805],[114.02246475219727,22.203458071781128],[114.02340888977051,22.202186607586796],[114.0219497680664,22.2026634080092],[114.0219497680664,22.19932577104555],[114.02031898498535,22.200279389703255],[114.02066230773926,22.19853108388307],[114.01860237121582,22.198213207758698],[114.02177810668945,22.19797480019315],[114.02212142944336,22.197021165883086],[114.02134895324707,22.196464876211337],[114.02169227600098,22.19630593590034],[114.02358055114746,22.197100635656298],[114.02366638183594,22.19845161491945],[114.02169227600098,22.198292676857264],[114.02409553527832,22.199246302531705],[114.02263641357422,22.19996151753702],[114.02255058288574,22.201391936617412],[114.02443885803223,22.199643644651132],[114.02770042419434,22.200756196603166],[114.02658462524414,22.203060740457474],[114.0245246887207,22.202981274057805]],[[114.0267562866211,22.2145034323039],[114.0259838104248,22.215298029033832],[114.02830123901367,22.21434451241788],[114.0285587310791,22.216172080238692],[114.02572631835938,22.21569532571114],[114.02426719665527,22.212040153841997],[114.02701377868652,22.21291422534314],[114.0267562866211,22.2145034323039]],[[114.03413772583008,22.221177904952057],[114.03533935546875,22.22125736104684],[114.03465270996094,22.22308483880218],[114.03156280517578,22.221495729061033],[114.03139114379883,22.219906601314023],[114.03413772583008,22.221177904952057]]],[[[114.13500153,22.22629168],[114.13607948,22.22361484],[114.13340866,22.22298826],[114.13310832,22.22509002],[114.13500153,22.22629168]]],[[[114.11811894,22.24118598],[114.11920437,22.23911311],[114.12233441,22.23847472],[114.12297412,22.2359896],[114.12024472,22.23240901],[114.12141719796621,22.228906567976416],[114.12005424499512,22.231109567896212],[114.11893844604492,22.230950666827155],[114.11808013916016,22.23007670772766],[114.11825180053711,22.229520549100286],[114.11996841430664,22.229838354300384],[114.11730766296387,22.2276931552189],[114.11619186401367,22.2290438399493],[114.1153335571289,22.228328773183534],[114.11481857299805,22.225786284035777],[114.11584854125977,22.228249321095547],[114.1208267211914,22.22626300426279],[114.11988258361816,22.22801096456142],[114.1217949,22.22893321],[114.12359508979823,22.227068112757674],[114.12185668945312,22.22777260762207],[114.12134170532227,22.225786284035777],[114.12288665771484,22.22705753437269],[114.12280082702637,22.22546846965068],[114.12408828735352,22.22546846965068],[114.1230583190918,22.224515022173364],[114.12443161010742,22.22340265858962],[114.12331581115723,22.22125736104684],[114.1263198852539,22.221563891634357],[114.12984887,22.21778208],[114.13129806518555,22.21799962425125],[114.13009643554688,22.217205042823466],[114.12932395935059,22.21823799780192],[114.12820816040039,22.215377488459296],[114.1263198852539,22.21672829180642],[114.12657737731934,22.219747687549017],[114.12348747253418,22.221018992627506],[114.1215991973877,22.219906601314023],[114.12099838256836,22.21855582857269],[114.12288665771484,22.216410456894906],[114.12091255187988,22.212993686118708],[114.12220001220703,22.21108661508535],[114.12228584289551,22.210450918981095],[114.12128768907982,22.209078653140676],[114.11963123,22.21861177],[114.11413698,22.22025727],[114.11358698,22.21417635],[114.11018584,22.21325191],[114.10946367,22.21601924],[114.10545208,22.21598795],[114.1083364,22.2149882],[114.10864373,22.21136839],[114.10289883,22.21098733],[114.10284599,22.21632468],[114.10157367,22.21588544],[114.10177135,22.21283761],[114.10075316,22.21874056],[114.10275937,22.21848994],[114.10364863,22.2219958],[114.10504683,22.22124672],[114.10749306,22.22427593],[114.11140448,22.22578703],[114.11001364,22.22696261],[114.10844804,22.22602268],[114.11036926,22.23056096],[114.10621576,22.23282836],[114.10578825,22.2333081],[114.10580028,22.23413088],[114.10780448,22.23572091],[114.10821582,22.2357045],[114.10597801208496,22.23333416395006],[114.10778045654297,22.23222187033626],[114.11112785339355,22.233175265402792],[114.11198616027832,22.235240932466795],[114.11087036132812,22.23619430699732],[114.11018371582031,22.235399828672243],[114.10850585206437,22.235308424414463],[114.11694957,22.23858825],[114.11811894,22.24118598]],[[114.10323143005371,22.21577478491156],[114.10340309143066,22.211483923688107],[114.10769462585449,22.211404462057544],[114.10778045654297,22.214423972383386],[114.1051197052002,22.214980190881917],[114.10477638244629,22.216410456894906],[114.11327362060547,22.21648991569029],[114.11335945129395,22.21998605812898],[114.11147117614746,22.221734096670104],[114.10632133483887,22.221495729061033],[114.1036605834961,22.218953116023386],[114.10323143005371,22.21577478491156]],[[114.12151336669922,22.22332320371028],[114.11765098571777,22.22364102295751],[114.11722183227539,22.22538901594183],[114.11576271057129,22.225230108389113],[114.11687850952148,22.22379993231101],[114.1153335571289,22.22292592863836],[114.1204833984375,22.220144971623895],[114.12314414978027,22.22165464084543],[114.1234016418457,22.22340265858962],[114.12151336669922,22.22332320371028]],[[114.11026954650879,22.231745170371283],[114.11378860473633,22.230712314885807],[114.11087036132812,22.22912329158703],[114.11481857299805,22.229520549100286],[114.11438941955566,22.23134791916209],[114.1179084777832,22.229441097687697],[114.1161060333252,22.23253966941229],[114.11584854125977,22.231983520556412],[114.11490440368652,22.231904070539727],[114.11396026611328,22.231030117384208],[114.11026954650879,22.231745170371283]]],[[[114.12371913786738,22.22702394721579],[114.12446276,22.22692921],[114.12596912,22.22618532],[114.1262484030054,22.22161930029984],[114.12468910217285,22.222051919518663],[114.12546157836914,22.224117750477802],[114.12374496459961,22.224276659291093],[114.12571907043457,22.224276659291093],[114.12443161010742,22.22459447637742],[114.12580490112305,22.22626300426279],[114.12371913786738,22.22702394721579]]],[[[114.1320050750575,22.21901398683023],[114.13189656,22.22012816],[114.13363795,22.22122896],[114.13304875,22.22135658],[114.13551047,22.22095673],[114.13685451,22.21875775],[114.1370404,22.21651185],[114.13461971,22.21317359],[114.13121223449707,22.211722308309774],[114.13061141967773,22.21315260753481],[114.1343879699707,22.216569374440667],[114.1325855255127,22.21712558443315],[114.13344383239746,22.216251539169107],[114.13018226623535,22.213311528770916],[114.13138389587402,22.216887208992134],[114.1355037689209,22.219191487953694],[114.13558959960938,22.220780623803037],[114.13370132446289,22.221098448812285],[114.1320050750575,22.21901398683023]]],[[[114.13341761212656,22.212626259750504],[114.12923737,22.20961186],[114.12716454,22.20985919],[114.12701735,22.20786237],[114.12425994873047,22.20735185923421],[114.1245174407959,22.20631882411091],[114.12348747253418,22.206795610497252],[114.12262916564941,22.206239359555724],[114.1208267211914,22.206398288621102],[114.12022590637207,22.206795610497252],[114.12417411804199,22.207749178410864],[114.12211418151855,22.208782203005953],[114.12374496459961,22.208782203005953],[114.12237167358398,22.20957683213554],[114.12391662597656,22.209258981023638],[114.12460327148438,22.211007153229815],[114.1245174407959,22.208941129191814],[114.1274356842041,22.210450918981095],[114.12640571594238,22.211881231165876],[114.12666320800781,22.21251692079035],[114.12726402282715,22.211483923688107],[114.12949562072754,22.21251692079035],[114.12769317626953,22.211642846814215],[114.12992477416992,22.2105303811516],[114.13341761212656,22.212626259750504]]],[[[114.12657737731934,22.20719307477676],[114.12692844,22.20658051],[114.12672899731348,22.206407969956505],[114.12683486938477,22.206636681881747],[114.12657737731934,22.20719307477676]]],[[[114.1265822250473,22.206090902696342],[114.12781373,22.20554037],[114.12914209136535,22.20313942998806],[114.12692070007324,22.204411662369296],[114.12304115300074,22.203712363119287],[114.1265822250473,22.206090902696342]]],[[[114.12927986591713,22.202935336190052],[114.13000234,22.20190598],[114.12996756,22.20147755],[114.12983894348145,22.202107140692277],[114.12927986591713,22.202935336190052]]],[[[114.12988117649589,22.20144240827265],[114.13025647,22.2014532],[114.13122588,22.20553785],[114.13076854,22.20572607],[114.13151991,22.20606734],[114.13096642,22.20646742],[114.13564296,22.20862574],[114.13936989545954,22.208903131352503],[114.1318130493164,22.205921500885054],[114.13061141967773,22.201868739738842],[114.12992477416992,22.200756196603166],[114.12988117649589,22.20144240827265]]],[[[114.13941576812533,22.208924366099854],[114.13979164,22.20921588],[114.14042065686236,22.208886431039282],[114.13962364196777,22.20902059221727],[114.13941576812533,22.208924366099854]]],[[[114.14048448775509,22.208875686412277],[114.14076124,22.20904361],[114.14241481226043,22.20855075570986],[114.14048448775509,22.208875686412277]]],[[[114.14253822640931,22.20846773744632],[114.14571762084961,22.20890830838614],[114.14614677429199,22.208146496462675],[114.14365768432617,22.206080430310365],[114.14408683776855,22.20759025087517],[114.14253822640931,22.20846773744632]]],[[[114.1457313971134,22.209033346427795],[114.14550637,22.20929615],[114.14613901598014,22.20917951813317],[114.14588928222656,22.20917951813317],[114.1457313971134,22.209033346427795]]],[[[114.14650990099197,22.20917951813317],[114.14661638,22.20922418],[114.14674758911133,22.209466061020695],[114.14674758911133,22.20917951813317],[114.14650990099197,22.20917951813317]]],[[[114.14674758911133,22.209711221643417],[114.14667183,22.20992002],[114.14700315,22.21030718],[114.14681705,22.21045144],[114.14741564,22.21096292],[114.14887739895792,22.210969458932674],[114.14674758911133,22.209711221643417]]],[[[114.14969229281434,22.21127122942548],[114.15033705,22.21201825],[114.15204824,22.2118823],[114.1528707,22.20931955],[114.15830124244647,22.21010676810256],[114.15284156799316,22.209258981023638],[114.15155410766602,22.211722308309774],[114.14969229281434,22.21127122942548]]],[[[114.15846507559364,22.210091859569467],[114.15939991,22.20976704],[114.16029788,22.20809299],[114.1599148650213,22.208203822193624],[114.15846507559364,22.210091859569467]]],[[[114.15991390521678,22.208201896881782],[114.15986983,22.20685946],[114.1577501,22.20598574],[114.15795146,22.20473764],[114.15748605,22.20401061],[114.15575598,22.20362027],[114.15330604,22.20498177],[114.15730476379395,22.204411662369296],[114.15730476379395,22.206716146212003],[114.15991390521678,22.208201896881782]]],[[[114.15278067056282,22.206059898931116],[114.14926816,22.20524156],[114.15005211,22.20405297],[114.14698616,22.20249803],[114.14686619,22.20012943],[114.14355643,22.19970936],[114.14305636,22.1981839],[114.14027726,22.19875714],[114.1396475,22.19691551],[114.14176940917969,22.194954935993678],[114.13945198059082,22.19567017285742],[114.13876533508301,22.198292676857264],[114.14168357849121,22.202107140692277],[114.14631843566895,22.202742874588836],[114.14528846740723,22.19996151753702],[114.1468334197998,22.203060740457474],[114.14983749389648,22.20425273105448],[114.14923667907715,22.205285781384234],[114.14966583251953,22.20584203610491],[114.15278067056282,22.206059898931116]]],[[[114.14212193926565,22.195037706000683],[114.1437769,22.19338626],[114.14381162727949,22.190205773063393],[114.14219856262207,22.191140277867447],[114.14365768432617,22.192650259098016],[114.14202690124512,22.192968147814867],[114.14212193926565,22.195037706000683]]],[[[114.14416520678856,22.190140294696075],[114.14535638,22.1901136],[114.14572498,22.18978595],[114.14926291,22.18325673],[114.1492401,22.18121398],[114.14416644133853,22.18373590600237],[114.14262175,22.18602103],[114.13824970694945,22.188440849076166],[114.13718419273124,22.189814136919736],[114.1373374244942,22.19114027768758],[114.13833618164062,22.188676589432475],[114.14065361022949,22.187722891986255],[114.14288520812988,22.18597442985312],[114.14451599121094,22.183987514652856],[114.14863586425781,22.183669605613403],[114.14416520678856,22.190140294696075]]],[[[114.13469689352844,22.19085785518608],[114.13461392437011,22.190892353135574],[114.1354465511221,22.191511152993495],[114.13469689352844,22.19085785518608]]],[[[114.13443020465492,22.190426783949576],[114.13445139596288,22.18995809376555],[114.1343879699707,22.189954087549374],[114.1343879699707,22.190043535844634],[114.13443020465492,22.190426783949576]]],[[[114.1343879699707,22.189201716327265],[114.13442622426997,22.189165638638187],[114.1343879699707,22.188850504855168],[114.1343879699707,22.189201716327265]]],[[[114.1343879699707,22.18812886291727],[114.13439283696741,22.188114539723788],[114.1343879699707,22.187961316954798],[114.1343879699707,22.18812886291727]]],[[[114.13511235343798,22.18664743902378],[114.13528694410525,22.186563166466048],[114.13531201958301,22.18653414284902],[114.13493728492028,22.186696070855987],[114.13511235343798,22.18664743902378]]],[[[114.13722427158147,22.177852463413114],[114.13715589763271,22.17774162190964],[114.13694399071751,22.17780055445925],[114.13722427158147,22.177852463413114]]],[[[114.13723003743141,22.177736869865768],[114.13723084,22.17772078],[114.13720236401613,22.177728699337273],[114.13723003743141,22.177736869865768]]],[[[114.13682919873227,22.177832478780164],[114.13661611,22.17789174],[114.13614540774577,22.178465678525676],[114.13682919873227,22.177832478780164]]],[[[114.13583752695276,22.17875078032378],[114.13529456,22.17901427],[114.13493156175676,22.179333608531948],[114.13576126098633,22.178821403645074],[114.13583752695276,22.17875078032378]]],[[[114.13453113235268,22.179580808830938],[114.13413726,22.17970015],[114.1341162615547,22.179989398399023],[114.13421630859375,22.179775161509696],[114.13453113235268,22.179580808830938]]],[[[114.13365089445995,22.180985917633507],[114.13340127,22.18118698],[114.13309813817386,22.182169568728067],[114.13365089445995,22.180985917633507]]],[[[114.13190943431538,22.183272218302605],[114.13159308,22.18278552],[114.13156517515209,22.182837468241352],[114.13190943431538,22.183272218302605]]],[[[114.1307438106736,22.18243481254491],[114.13075898,22.18236906],[114.13055055799902,22.182340074712542],[114.1307438106736,22.18243481254491]]],[[[114.130185399377,22.182161063806774],[114.13030357,22.18197413],[114.13006686088224,22.18194579914026],[114.13018226623535,22.182159527853656],[114.130185399377,22.182161063806774]]],[[[114.13005720612314,22.181927918693773],[114.13002983,22.18161399],[114.12984509208411,22.18153508717053],[114.13005720612314,22.181927918693773]]],[[[114.1297791593725,22.1814129809316],[114.12981067,22.18127478],[114.1293778532369,22.180937776335284],[114.12966728210449,22.18120578617065],[114.1297791593725,22.1814129809316]]],[[[114.12930904314649,22.18082571508752],[114.12939342,22.18073851],[114.12925569091145,22.18060339658191],[114.12930904314649,22.18082571508752]]],[[[114.12916900929656,22.180242194711568],[114.12916487,22.18020806],[114.12916010654605,22.180205096993195],[114.12916900929656,22.180242194711568]]],[[[114.12909311175382,22.180163424285276],[114.12901761,22.18011646],[114.12896058739015,22.18014297131858],[114.12909311175382,22.180163424285276]]],[[[114.12819642536199,22.180025035415497],[114.12828838,22.1792502],[114.12812232971191,22.179208216063614],[114.12812232971191,22.180013599964525],[114.12819642536199,22.180025035415497]]],[[[114.12796049725215,22.178914536020496],[114.12783478,22.17862558],[114.1276449313848,22.178642578471365],[114.12777900695801,22.17866244337172],[114.12796049725215,22.178914536020496]]],[[[114.12745571534403,22.178614543850998],[114.127382,22.17844971],[114.12711550859844,22.178564138151142],[114.12745571534403,22.178614543850998]]],[[[114.12678680071143,22.178515436144767],[114.12638759,22.17839447],[114.12616084683216,22.178422693588157],[114.12678680071143,22.178515436144767]]],[[[114.12571705831789,22.178356941009937],[114.12555555,22.17824276],[114.12523906,22.17864211],[114.12534208726788,22.178974141693665],[114.12571705831789,22.178356941009937]]],[[[114.12515891803147,22.17953443740253],[114.12493792,22.17956427],[114.12487601851625,22.179701143120862],[114.12515891803147,22.17953443740253]]],[[[114.12459958899862,22.17986403622892],[114.12429717,22.1800078],[114.12427578070896,22.180089221795143],[114.12434577941895,22.180013599964525],[114.12459958899862,22.17986403622892]]],[[[114.12247391474824,22.181055435397223],[114.12237355,22.18102657],[114.12228676764892,22.18049646989509],[114.12237167358398,22.181046828594177],[114.12247391474824,22.181055435397223]]],[[[114.1222389716238,22.180432605183636],[114.12175067,22.17978014],[114.12145798121091,22.179854641039583],[114.12177085876465,22.179854641039583],[114.1222389716238,22.180432605183636]]],[[[114.12073939590543,22.179854641039583],[114.12036047,22.17975626],[114.12003952697613,22.179854641039583],[114.12073939590543,22.179854641039583]]],[[[114.11960528328417,22.17985808025984],[114.1194921,22.17983991],[114.11886468654109,22.17998666672928],[114.11960528328417,22.17985808025984]]],[[[114.11864261546438,22.1800252239279],[114.11863085,22.17999722],[114.11859662569812,22.180033208923415],[114.11864261546438,22.1800252239279]]],[[[114.11847867529951,22.1800536881187],[114.1182473,22.17999629],[114.11760975751751,22.180786698442287],[114.11825180053711,22.18009307935958],[114.11847867529951,22.1800536881187]]],[[[114.1169789678968,22.18127004065382],[114.11682564,22.1812932],[114.11681514254947,22.18131338382784],[114.1169789678968,22.18127004065382]]],[[[114.11634088103354,22.18143885891303],[114.11591225,22.18139355],[114.1158299,22.18155533],[114.11541207,22.18164416],[114.11541750784413,22.18168532026124],[114.11634088103354,22.18143885891303]]],[[[114.11533057617093,22.1818084339074],[114.11519828,22.18179289],[114.11513644045377,22.182083371166836],[114.11533057617093,22.1818084339074]]],[[[114.11439841030241,22.183128578046663],[114.11432472,22.18310529],[114.11428275198169,22.183292374704994],[114.11439841030241,22.183128578046663]]],[[[114.11415788015381,22.18346921963925],[114.11411248,22.18347967],[114.11411349814293,22.183532073958986],[114.11415788015381,22.18346921963925]]],[[[114.11396535633187,22.183857491102028],[114.11382067,22.18412845],[114.11400678403399,22.18473979132882],[114.11396535633187,22.183857491102028]]],[[[114.11402316110392,22.185088579501368],[114.11401096,22.18508333],[114.11402434692398,22.185113834325044],[114.11402316110392,22.185088579501368]]],[[[114.11403584830676,22.185358783286855],[114.11391006,22.18543495],[114.1140127,22.18575536],[114.11409272650056,22.18569938472331],[114.11403584830676,22.185358783286855]]],[[[114.11416616136677,22.185892045264403],[114.11412514,22.18600802],[114.11439320540875,22.186487708199987],[114.11416616136677,22.185892045264403]]],[[[114.11442522650323,22.18657171735951],[114.11429417,22.18679636],[114.11451020115037,22.186794653171095],[114.11442522650323,22.18657171735951]]],[[[114.11468754558202,22.18711215413515],[114.11491775,22.18769152],[114.11514221,22.18779178],[114.11514846044054,22.18778281769695],[114.11468754558202,22.18711215413515]]],[[[114.1154689979398,22.187887351902162],[114.11553131,22.18817658],[114.11576122986439,22.18812787838242],[114.1154689979398,22.187887351902162]]],[[[114.115920910172,22.188209314350157],[114.11617314,22.18833795],[114.11670126738068,22.188322518477513],[114.11669969559247,22.18831233070568],[114.115920910172,22.188209314350157]]],[[[114.1176209472545,22.188577457476708],[114.1176718,22.18874898],[114.11793504491942,22.188914214668745],[114.1176209472545,22.188577457476708]]],[[[114.11849147533123,22.189510786894427],[114.11876183,22.19023908],[114.11917529092027,22.190243934075554],[114.11849147533123,22.189510786894427]]],[[[114.11921241475589,22.1902584426323],[114.12029673041604,22.190682209600965],[114.11934953020767,22.190194962596788],[114.11921241475589,22.1902584426323]]],[[[114.12034272882035,22.190705871530614],[114.12053985998259,22.191094321506025],[114.12056922912598,22.190822385013604],[114.12034272882035,22.190705871530614]]],[[[114.12050845370099,22.191385120387867],[114.1201042,22.19165886],[114.12007372,22.19253721],[114.12045974210767,22.192507789350966],[114.12050845370099,22.191385120387867]]],[[[114.12056095301017,22.192663977677963],[114.12057641590522,22.192696839451745],[114.12057459348225,22.192685027608945],[114.12056095301017,22.192663977677963]]],[[[114.12080804636432,22.194872479347985],[114.12074554,22.1952557],[114.12079013276627,22.195403237566182],[114.12080804636432,22.194872479347985]]],[[[114.12076980919247,22.19600540044837],[114.12070249,22.19608162],[114.12075149146732,22.196548132463683],[114.12076980919247,22.19600540044837]]],[[[114.12079342405058,22.196947346483046],[114.12080211,22.19703004],[114.12088195652565,22.19709079594577],[114.12079342405058,22.196947346483046]]],[[[114.12142753601074,22.19943564596752],[114.12138489,22.19958692],[114.12142753601074,22.199759692907875],[114.12142753601074,22.19943564596752]]],[[[114.1216398249443,22.200677259516283],[114.12150681,22.20082113],[114.12169525172085,22.200801888221246],[114.1216398249443,22.200677259516283]]],[[[114.12179623949987,22.20241047896793],[114.12172642,22.2025043],[114.12177538548526,22.202487710327258],[114.12179623949987,22.20241047896793]]],[[[114.12180009502694,22.2024793386506],[114.12202603853923,22.202560328043276],[114.12254333496094,22.20202767375278],[114.1220609123797,22.20225509925539],[114.12180009502694,22.2024793386506]]],[[[114.12221985840536,22.202874363194002],[114.12167281,22.20351041],[114.12235634000697,22.20503603621127],[114.12288665771484,22.204014333744823],[114.12221985840536,22.202874363194002]]],[[[114.12197595766835,22.20523033754031],[114.12045748,22.20587941],[114.11970035,22.20672252],[114.11963492,22.20743079],[114.11997802,22.20779014],[114.12031173706055,22.206080430310365],[114.12197595766835,22.20523033754031]]],[[[114.12085030535664,22.207973012940442],[114.12151336669922,22.20917951813317],[114.12202835083008,22.209100055197723],[114.12202835083008,22.20846435009426],[114.12085030535664,22.207973012940442]]],[[[113.8581106,22.24850659],[113.85709564,22.2520578],[113.85744289,22.25249595],[113.85851331,22.24895066],[113.8581106,22.24850659]]],[[[114.03308183,22.25878882],[114.0363211406993,22.258329634891254],[114.03199195861816,22.257325776782622],[114.03568267822266,22.252797873075934],[114.0377426147461,22.25383056575805],[114.04014587402344,22.252559558298486],[114.04117584228516,22.25724634113743],[114.04314994812012,22.253115625481612],[114.04452323913574,22.253195063470358],[114.04520988464355,22.25597536468476],[114.04306574134857,22.257797379969205],[114.04494687,22.25692034],[114.04552103,22.25509647],[114.04534269,22.25379887],[114.04397289,22.25041554],[114.04555534,22.24910495],[114.04730526,22.24616133],[114.04472181,22.24120715],[114.04100535,22.24266426],[114.04008374,22.24425427],[114.03841806,22.24370575],[114.04013487,22.24472507],[114.03818088,22.24789358],[114.03891864,22.24907036],[114.03673611,22.25029759],[114.03502856,22.24934612],[114.03252455,22.25444453],[114.0276125,22.25413875],[114.02654988,22.25580376],[114.02678505,22.25687161],[114.02804374694824,22.255180998542713],[114.03096199035645,22.256372546065677],[114.03027534484863,22.2558164918169],[114.03190612792969,22.254942687821256],[114.0322494506836,22.256769726319817],[114.0301936073674,22.25826467534391],[114.03308183,22.25878882]],[[114.0406608581543,22.243979956220997],[114.04340744018555,22.24175552915868],[114.04701232910156,22.246045464010493],[114.04366493225098,22.25041470705081],[114.04375076293945,22.251447417307787],[114.04263496398926,22.245807137742958],[114.03885841369629,22.24771373652949],[114.0406608581543,22.243979956220997]]],[[[114.03695041904955,22.25829080902456],[114.04187819,22.25845414],[114.0428654383695,22.25788819799756],[114.03885841369629,22.257722954332465],[114.03695041904955,22.25829080902456]]],[[[114.02779477980417,22.25660822442345],[114.02772087,22.25796351],[114.03027534484863,22.257722954332465],[114.02804374694824,22.25653141830253],[114.02779477980417,22.25660822442345]]],[[[114.02804301242497,22.258381617287405],[114.02795327,22.25830679],[114.02798844367878,22.25841769058243],[114.02804301242497,22.258381617287405]]],[[[114.02801018735558,22.25848624714247],[114.02805115,22.2586154],[114.02815011080949,22.258615744052342],[114.02801018735558,22.25848624714247]]],[[[114.02929680044944,22.25867617585466],[114.02939418,22.25874711],[114.02958723855558,22.25859719159748],[114.02933120727539,22.25867617585466],[114.02929680044944,22.25867617585466]]],[[[114.02976415209774,22.2585426147321],[114.02983335,22.25858542],[114.03001213697416,22.258396635296855],[114.02984619140625,22.2585173060517],[114.02976415209774,22.2585426147321]]],[[[114.05481404,22.26496896],[114.0548111026758,22.26495217012225],[114.05479918770929,22.26495295773677],[114.05481404,22.26496896]]],[[[114.05606823344613,22.263140971391884],[114.05608198,22.26313658],[114.05608171485837,22.263132059658332],[114.05606823344613,22.263140971391884]]],[[[114.05626871452,22.26300844566818],[114.05635335,22.26301048],[114.05642447584043,22.26290548142664],[114.05626871452,22.26300844566818]]],[[[114.05644766358758,22.262871250824148],[114.05648738,22.26281262],[114.05642586267636,22.262817448650633],[114.05644766358758,22.262871250824148]]],[[[114.0562546496542,22.262394914352086],[114.05624254,22.26225383],[114.05620188023539,22.262264685418046],[114.0562546496542,22.262394914352086]]],[[[114.05599668251675,22.262250698753405],[114.05574176,22.26206158],[114.0556169912375,22.262088669499665],[114.05576705932617,22.262250698753405],[114.05599668251675,22.262250698753405]]],[[[114.05526112016076,22.261704433747088],[114.0554129917593,22.261396822799313],[114.05525207519531,22.26169466785339],[114.05526112016076,22.261704433747088]]],[[[114.05542330437002,22.261375934944084],[114.05545015,22.26132156],[114.05535077927114,22.261208135574005],[114.05542330437002,22.261375934944084]]],[[[114.05493945879859,22.260256474462867],[114.05498875,22.26022496],[114.05493072378442,22.26023626449559],[114.05493945879859,22.260256474462867]]],[[[114.05443630094332,22.259693531140496],[114.05443605,22.25969166],[114.05441653131486,22.259672947741887],[114.05443630094332,22.259693531140496]]],[[[114.0531052413244,22.258805380828292],[114.05308515,22.25880067],[114.05305600825851,22.25881107637009],[114.0531052413244,22.258805380828292]]],[[[114.05218382376479,22.25852992117496],[114.05206892,22.25827652],[114.05180433527761,22.258134807455093],[114.05218382376479,22.25852992117496]]],[[[114.05149451623096,22.257812231777184],[114.05147396,22.25772407],[114.05142016318338,22.257734817283197],[114.05149451623096,22.257812231777184]]],[[[114.05073176492331,22.257172417727435],[114.04985579,22.25714164],[114.04974105614873,22.25721062164025],[114.05073176492331,22.257172417727435]]],[[[114.04941388103222,22.25722323823349],[114.04926125,22.25715353],[114.0488431908305,22.257245245304862],[114.04941388103222,22.25722323823349]]],[[[114.04881201535595,22.257252084691153],[114.04877589,22.25726001],[114.04877970405086,22.25731936823589],[114.04881201535595,22.257252084691153]]],[[[114.04753227893866,22.25811929517397],[114.04752366,22.25811867],[114.04744163475516,22.25816770729647],[114.04752731323242,22.258120130755486],[114.04753227893866,22.25811929517397]]],[[[114.04675483703613,22.259233560191255],[114.04672315,22.25932179],[114.04675483703613,22.259415554244352],[114.04675483703613,22.259233560191255]]],[[[114.04735565185547,22.261002024694907],[114.04730901866476,22.261159901891013],[114.04735565185547,22.261059201262896],[114.04735565185547,22.261002024694907]]],[[[114.04714981387964,22.26169889149687],[114.04711291,22.26182383],[114.04730601142263,22.261951862524036],[114.04714981387964,22.26169889149687]]],[[[114.04801827800658,22.262424118436403],[114.04849242,22.26273849],[114.04920839615315,22.26301214247712],[114.049072265625,22.26288615993434],[114.04801827800658,22.262424118436403]]],[[[114.05032908452101,22.264140997526837],[114.05077823,22.26425601],[114.05104803740197,22.26410403347598],[114.05032908452101,22.264140997526837]]],[[[114.05137719487965,22.264087110261585],[114.05151019,22.2640934],[114.05179830430781,22.26427256017086],[114.05156135559082,22.264077641872106],[114.05137719487965,22.264087110261585]]],[[[114.0240357,22.26955821],[114.02402957,22.26907076],[114.02336269,22.2687319],[114.02339185,22.26909826],[114.0240357,22.26955821]]],[[[113.93278244,22.28158253],[113.93262886,22.28153245],[113.93254043,22.2816347],[113.93273278,22.28172507],[113.93278244,22.28158253]]],[[[114.04878238,22.28376146],[114.04912517,22.2835876],[114.04857049,22.28330423],[114.04843193,22.28353285],[114.04878238,22.28376146]]],[[[114.07898904,22.28687982],[114.07969115,22.28681616],[114.0798754,22.28625239],[114.0794563293457,22.28574642098158],[114.07898904,22.28687982]]],[[[114.0794563293457,22.285653698135135],[114.0797314,22.28527415],[114.07893943958133,22.28411172644552],[114.07868385314941,22.284490122977985],[114.0794563293457,22.285653698135135]]],[[[114.07898096849226,22.284050242759672],[114.07982294,22.28338091],[114.07986033,22.28308],[114.07954791,22.28240856],[114.07838613,22.28210804],[114.07751122513329,22.282404148335903],[114.07962799072266,22.28258402517116],[114.07898096849226,22.284050242759672]]],[[[114.0771823982945,22.282282439448363],[114.07734964,22.28202052],[114.07722737,22.28196069],[114.07709323251164,22.28228170622893],[114.0771823982945,22.282282439448363]]],[[[114.07700417032297,22.282311674070716],[114.07691132,22.28210547],[114.07662839,22.28222656],[114.07668201506445,22.28242007358303],[114.07700417032297,22.282311674070716]]],[[[114.07662436046361,22.282439473330353],[114.07453143,22.28213986],[114.07427157,22.28290168],[114.0750789642334,22.282345761118222],[114.07662436046361,22.282439473330353]]],[[[114.07436395454228,22.283204221064555],[114.07389859,22.28411068],[114.07459233,22.28496381],[114.07548886,22.2857406],[114.07756192895675,22.286332922072347],[114.07436395454228,22.283204221064555]]],[[[114.05859032,22.28963685],[114.05981697,22.2894032],[114.06066694,22.28847148],[114.05757686,22.28788607],[114.05695138,22.28907927],[114.05859032,22.28963685]]],[[[114.03341973,22.29005842],[114.03368058,22.28850599],[114.03173823,22.28906631],[114.03299016,22.29042089],[114.03341973,22.29005842]]],[[[114.04349047,22.29217121],[114.04456064,22.29189179],[114.04450992,22.29115964],[114.04586058,22.29097278],[114.03974647,22.28614747],[114.04169376,22.28466354],[114.04287937,22.28661253],[114.04592967,22.28685467],[114.047487,22.28394045],[114.04573977,22.28100139],[114.04119605,22.27979103],[114.0377394,22.28137776],[114.0383063,22.28396321],[114.03519692,22.28928811],[114.03765399,22.29091675],[114.0393341,22.2908184],[114.04107719,22.29178101],[114.04199164774974,22.2917571558781],[114.03894424438477,22.290525927918978],[114.03971672058105,22.289493506077335],[114.04332160949707,22.290764178030216],[114.04203414916992,22.28893758346547],[114.04400825500488,22.28989059230352],[114.0432357788086,22.29124067703428],[114.04460906982422,22.290684761371594],[114.04538154602051,22.29100242773532],[114.04443740844727,22.291081844213437],[114.04366493225098,22.29203483843095],[114.04280662536621,22.291796590485788],[114.04211993059045,22.29184193840162],[114.04349047,22.29217121]]],[[[113.93534968,22.28501871],[113.93409352,22.28632351],[113.93766403198242,22.287984568129772],[113.9403247833252,22.284410702754855],[113.9388656616211,22.28393418046862],[113.93783569335938,22.286475613893487],[113.9377498626709,22.283457656558284],[113.94058227539062,22.28361649804218],[113.94135475158691,22.285840259868493],[113.93740653991699,22.288619912408848],[113.9354625990968,22.287694535740883],[113.93652919,22.2904637],[113.94025033,22.29453555],[113.94392261,22.29427309],[113.95535034,22.30407049],[113.95819139,22.3044808],[113.9576752,22.3060681],[113.95654251,22.30517889],[113.95861776,22.30693988],[113.96478583,22.30357389],[113.96695597,22.2995599],[113.97779381,22.30463579],[113.97979281,22.30733903],[113.98634631,22.31109698],[113.99123502,22.31175557],[113.99459997,22.31422886],[114.00168943860324,22.31403996781542],[114.0047836303711,22.30974346495114],[113.99328231811523,22.30807593219845],[113.99130821228027,22.306090748196524],[113.98701667785645,22.306726010147443],[113.98152351379395,22.30172324406506],[113.98384708854003,22.2993190599328],[113.98109436035156,22.29838796713443],[113.97980690002441,22.301882064789837],[113.97929191589355,22.295052610580896],[113.97663116455078,22.297752667262685],[113.97706031799316,22.299420323264712],[113.97302627563477,22.298943852152505],[113.97053718566895,22.29735560337589],[113.97225379943848,22.297514429066013],[113.9732837677002,22.294734953423472],[113.97062301635742,22.29560850886878],[113.96761894226074,22.292431917437014],[113.96907806396484,22.295529094963044],[113.96754036529185,22.29612861264564],[113.97002220153809,22.296243818489813],[113.9692497253418,22.29735560337589],[113.96753311157227,22.297832079904637],[113.96547317504883,22.2976732545756],[113.96538734436035,22.29735560337589],[113.96718978881836,22.297593841843366],[113.96787643432617,22.29711736450217],[113.96418571472168,22.296958538360684],[113.96023750305176,22.2954496810122],[113.96178245544434,22.295052610580896],[113.96066665649414,22.29425846633336],[113.95560264587402,22.293226072064513],[113.95079612731934,22.287825731608777],[113.94899368286133,22.289017001116818],[113.94633293151855,22.287587476488895],[113.94710540771484,22.285125483138884],[113.94126892089844,22.280360211554793],[113.94418716430664,22.275753627993893],[113.94624710083008,22.276786151295468],[113.94719123840332,22.275753627993893],[113.94847869873047,22.272417731390334],[113.95251189828669,22.273478184046454],[113.94847869873047,22.270908609173958],[113.94384384155273,22.2755153523034],[113.94308992434418,22.274227367434857],[113.94229888916016,22.27527707620699],[113.93689155578613,22.274562245482343],[113.93560409545898,22.270352612674856],[113.93938064575195,22.264157073640618],[113.93757820129395,22.262488997034353],[113.93586158752441,22.263203889442877],[113.93714904785156,22.262488997034353],[113.93757820129395,22.261774100974336],[113.93732070922852,22.26028755759329],[113.93534660339355,22.264157073640618],[113.93464503078766,22.26276873784078],[113.93311500549316,22.26876403907397],[113.93071174621582,22.268208034052563],[113.93019676208496,22.26614285320146],[113.92873764038086,22.266619436103113],[113.9307975769043,22.26876403907397],[113.92406463626575,22.26631053900416],[113.92607688903809,22.268208034052563],[113.92539024353027,22.271623458568882],[113.92796516418457,22.270749753256823],[113.92942428588867,22.27202059554331],[113.92684936523438,22.272417731390334],[113.92822265625,22.275197650751323],[113.92659187316895,22.27718327361258],[113.92796516418457,22.279168868283946],[113.92719268798828,22.28043963407866],[113.92609834645428,22.279645406810204],[113.9256477355957,22.280121943712572],[113.92571398063325,22.281225324929505],[113.92837675,22.27982936],[113.93260006,22.2814584],[113.93380719,22.27927464],[113.93300146,22.28282077],[113.93534968,22.28501871]],[[113.97963523864746,22.307043640039282],[113.97826194763184,22.303946717779212],[113.99130821228027,22.311331572868397],[113.98693084716797,22.31109335783232],[113.97963523864746,22.307043640039282]]],[[[114.00667121512629,22.31393513631329],[114.00667136751662,22.31393513310654],[114.00646903225497,22.31359820179492],[114.00650024414062,22.31371370087517],[114.00667121512629,22.31393513631329]]],[[[114.00713073055454,22.31403747405522],[114.00724689632668,22.314114087626127],[114.00742828798367,22.313644222861164],[114.00713073055454,22.31403747405522]]],[[[114.00755668033445,22.3143183961639],[114.00787353515625,22.31450773451182],[114.01044845556638,22.31347548990351],[114.0095043182373,22.31347548990351],[114.00755668033445,22.3143183961639]]],[[[114.027677326938,22.313489523725316],[114.02950286865234,22.31331668236325],[114.02958925648876,22.31296354695523],[114.0282989483671,22.312131553634263],[114.027677326938,22.313489523725316]]],[[[114.03387126158049,22.31335795479993],[114.03741436902285,22.31328269361853],[114.03800010681152,22.31093454758249],[114.03353691101074,22.308869997897503],[114.03963088989258,22.306011340249498],[114.04512405395508,22.307361269208684],[114.04752731323242,22.307202454714286],[114.05516624450684,22.310855142389826],[114.05524261218478,22.31290399365966],[114.05542682,22.31151199],[114.0552391,22.31074217],[114.04780791,22.30715571],[114.04577949,22.30729685],[114.04620513,22.3070998],[114.04618853,22.30577439],[114.04561313,22.30729469],[114.04130252,22.30596467],[114.03908535,22.30592169],[114.0369891,22.30646655],[114.03340277,22.3089589],[114.03317176,22.30973876],[114.03268944,22.3100925],[114.03239628403513,22.310924601606306],[114.03448104858398,22.31109335783232],[114.03387126158049,22.31335795479993]]],[[[114.03226858471713,22.311287066711458],[114.03221699648957,22.31143349609434],[114.0322494506836,22.311410977790104],[114.03226858471713,22.311287066711458]]],[[[114.03199304570025,22.311588884085293],[114.02984518902744,22.312858316065405],[114.03121948242188,22.3122546511036],[114.03199304570025,22.311588884085293]]],[[[114.02734306272107,22.311285833285016],[114.02729175,22.31119223],[114.0272397799585,22.311195311845417],[114.02734306272107,22.311285833285016]]],[[[114.02672748747841,22.310746316760046],[114.02665942,22.31064214],[114.02654262663147,22.31061749178683],[114.02667045593262,22.310696331869053],[114.02672748747841,22.310746316760046]]],[[[114.02602542374038,22.310298501398112],[114.02600218,22.31023557],[114.02578434486207,22.310149813433622],[114.02602542374038,22.310298501398112]]],[[[114.02555896828356,22.310061087979605],[114.02532566,22.30996924],[114.02375161063222,22.310061087979605],[114.02555896828356,22.310061087979605]]],[[[114.02285272027005,22.310110049587564],[114.02178174709417,22.3104445989592],[114.0219497680664,22.310458115749185],[114.02285272027005,22.310110049587564]]],[[[114.02098980038377,22.310380889189993],[114.02007885,22.31021006],[114.01976157069406,22.31032759976373],[114.01997566223145,22.31029930477682],[114.02098980038377,22.310380889189993]]],[[[114.01900068472597,22.310609478711523],[114.01723238,22.30984738],[114.01750674,22.30624543],[114.01558514,22.30615852],[114.01573134,22.30400649],[114.02073422,22.30126993],[114.01568391,22.30033615],[114.01557996,22.2977314],[114.01999094,22.29570074],[114.02457794,22.2991326],[114.02724091,22.29093355],[114.01894569396973,22.294417295543937],[114.01568412780762,22.291161260646433],[114.01405334472656,22.292114254322414],[114.01448249816895,22.291478925927123],[114.01379585266113,22.289334671270993],[114.01473999023438,22.287508058025352],[114.01407187090429,22.285885258233318],[114.01139259338379,22.287349220962923],[114.01225090026855,22.290287677401622],[114.01388168334961,22.29227308596998],[114.01551246643066,22.2916377582967],[114.01782989501953,22.29417905166038],[114.01422500610352,22.294496710081503],[114.00555610656738,22.289334671270993],[114.00856018066406,22.289096418723048],[114.00564193725586,22.289017001116818],[114.00615692138672,22.287746313280607],[114.0047836303711,22.288222822572834],[114.00229454040527,22.28536374245482],[113.99169054901894,22.284237422021928],[113.99637222290039,22.287190383720016],[113.99645805358887,22.298785028087323],[114.00023460388184,22.299658558211448],[114.0007495880127,22.3021202955384],[114.00289535522461,22.30275557554826],[114.00143623352051,22.303152624087218],[114.00306701660156,22.303232033659555],[114.00504112243652,22.30061149393576],[114.00650024414062,22.302437935904464],[114.00581359863281,22.301485012639347],[114.00778770446777,22.301485012639347],[114.0047836303711,22.300214438173924],[114.00684356689453,22.298229142437336],[114.00890350341797,22.29902326411738],[114.00787353515625,22.297990905053126],[114.00890350341797,22.296561472217107],[114.00692939758301,22.296005577720436],[114.00864601135254,22.294099636942278],[114.00735855102539,22.290923011212072],[114.01302337646484,22.294020222179057],[114.0109634399414,22.29425846633336],[114.01216506958008,22.295052610580896],[114.01104927062988,22.298229142437336],[114.01448249816895,22.294973196359237],[114.00984764099121,22.30299380480706],[114.0091609954834,22.307520083522476],[114.01293754577637,22.31029930477682],[114.01637077331543,22.309108216726727],[114.01748657226562,22.3102198992229],[114.01619911193848,22.31307847071416],[114.01900068472597,22.310609478711523]]],[[[114.01938828511925,22.2931898905459],[114.01938835,22.29309671],[114.01995577,22.29312924],[114.01930932261791,22.2930291573577],[114.01938828511925,22.2931898905459]]],[[[114.01908824306778,22.292579135887554],[114.02118846,22.2906287],[114.01898619,22.28932465],[114.01914717407901,22.286898622507877],[114.01791572570801,22.29155834213448],[114.01908824306778,22.292579135887554]]],[[[114.01969659008932,22.285681420911075],[114.01970981128795,22.28565623681392],[114.01954650878906,22.285681420911075],[114.01969659008932,22.285681420911075]]],[[[114.02009224168268,22.285569484736225],[114.02011496,22.28556467],[114.02015625244826,22.28550179374326],[114.02009224168268,22.285569484736225]]],[[[114.0206362135451,22.28495629541803],[114.01997566223145,22.284172441814746],[114.01937484741211,22.28480780341937],[114.02006149291992,22.284728383376688],[114.0206362135451,22.28495629541803]]],[[[114.02132717982282,22.28465232115405],[114.02135411724383,22.284652547014467],[114.02134895324707,22.2846489632889],[114.02132717982282,22.28465232115405]]],[[[114.02170193326974,22.28488573408854],[114.02173226,22.28491293],[114.02178117050208,22.284873514250666],[114.02170193326974,22.28488573408854]]],[[[114.02225180824526,22.28480093325877],[114.02255961,22.28484752],[114.02296288,22.28463281],[114.02310868,22.28371752],[114.02261600626102,22.283167027864685],[114.02225180824526,22.28480093325877]]],[[[114.02254943204461,22.283070223951],[114.02240786916245,22.282447284132218],[114.02237892150879,22.282822288818096],[114.02254943204461,22.283070223951]]],[[[114.02242495863048,22.282225897257053],[114.02314669,22.28197485],[114.02231395971496,22.281291788827797],[114.02246475219727,22.28171038832545],[114.02242495863048,22.282225897257053]]],[[[114.02227737368804,22.28122294912982],[114.02221363,22.28110301],[114.02205830164877,22.28107091290333],[114.02227737368804,22.28122294912982]]],[[[114.02205111089111,22.280964490184424],[114.02248275,22.28053975],[114.02260413366133,22.280042521008284],[114.02251096858684,22.280042521008284],[114.02205111089111,22.280964490184424]]],[[[114.02270547817298,22.279960352693497],[114.02293278,22.27987143],[114.02300020644319,22.27963921687522],[114.02280807495117,22.279883675464376],[114.02270547817298,22.279960352693497]]],[[[114.02311565730997,22.2794923229136],[114.02320897,22.27948996],[114.02336611659827,22.279174370481776],[114.02335740729944,22.279184732207174],[114.02311565730997,22.2794923229136]]],[[[114.0234522783177,22.2790718611874],[114.02381468816868,22.278861980816636],[114.0235103240506,22.279002802362207],[114.0234522783177,22.2790718611874]]],[[[114.02383804321289,22.278848455341752],[114.02400066,22.27875428],[114.02383804321289,22.278329192605792],[114.02383804321289,22.27861290461763],[114.02383804321289,22.278848455341752]]],[[[114.02377353705228,22.278291230700884],[114.0230843,22.27812856],[114.02273811895965,22.278227355506072],[114.02323722839355,22.278215786359908],[114.02377353705228,22.278291230700884]]],[[[114.0225406125885,22.278280368607213],[114.02235170641876,22.277973641820072],[114.02134895324707,22.278215786359908],[114.02220726013184,22.278692328133857],[114.0225406125885,22.278280368607213]]],[[[114.02210967475183,22.277648941550062],[114.0220351752553,22.277576475903096],[114.02203559875488,22.277580394802115],[114.02210967475183,22.277648941550062]]],[[[114.02196102010612,22.276890273255102],[114.02201774,22.27676132],[114.02161096,22.27632188],[114.02171474885778,22.27545521957364],[114.0212631225586,22.27511822525055],[114.0204906463623,22.27591247822872],[114.02196102010612,22.276890273255102]]],[[[114.02218359110539,22.2751949070963],[114.02244842,22.2751324],[114.02243451211288,22.27505558972588],[114.02218359110539,22.2751949070963]]],[[[114.02259971564649,22.27485146185398],[114.0226616,22.27480664],[114.02259220155875,22.27473915360273],[114.02263641357422,22.274800522796454],[114.02259971564649,22.27485146185398]]],[[[114.02250398087104,22.27445334132334],[114.02256605,22.27437278],[114.02253585708668,22.274165115723477],[114.02210822503696,22.274165115723477],[114.02250398087104,22.27445334132334]]],[[[114.02253043572284,22.274127828046463],[114.02250429,22.273948],[114.02239313871797,22.273873723466206],[114.02253043572284,22.274127828046463]]],[[[114.02224701678597,22.27360328601393],[114.02222161804738,22.273064670192078],[114.02220726013184,22.27352970576416],[114.02224701678597,22.27360328601393]]],[[[114.02203485494803,22.270570523854968],[114.02188593664607,22.27038114505998],[114.02194976835878,22.270511469245854],[114.02203485494803,22.270570523854968]]],[[[114.02234274093101,22.269324317661116],[114.02239717329265,22.269228548428465],[114.02237892150879,22.26924061304807],[114.02234274093101,22.269324317661116]]],[[[114.02294475234386,22.26881109343708],[114.0228577,22.26858277],[114.02250109,22.26851638],[114.02251552,22.26830396],[114.02242890848136,22.26850501993578],[114.02294475234386,22.26881109343708]]],[[[114.02172632669716,22.268142295511158],[114.02180313,22.2665335],[114.02350753,22.26631365],[114.02337848,22.2657802],[114.01968796974695,22.266448347856155],[114.02172632669716,22.268142295511158]]],[[[114.01965409710292,22.266434633596035],[114.01951122,22.26626571],[114.0184302811938,22.265939138479244],[114.01965409710292,22.266434633596035]]],[[[114.01836707037175,22.265913545860762],[114.01804013,22.26551051],[114.0139715,22.26529982],[114.01026962,22.26693644],[114.00995859,22.26894227],[114.00910167,22.26885066],[114.00755152375545,22.269392896573034],[114.00993347167969,22.26900232626393],[114.01036262512207,22.26876403907397],[114.01087760925293,22.266778296709646],[114.01379585266113,22.265666268676682],[114.01651948990252,22.2675647325862],[114.01836707037175,22.265913545860762]]],[[[114.00732877849731,22.269461606930594],[114.00701923,22.26928456],[114.00579798,22.27013548],[114.00530448770337,22.27115513371336],[114.00732877849731,22.269461606930594]]],[[[114.00528096987779,22.271167569941714],[114.0014385,22.27229025],[113.99832303,22.26684788],[113.99496046,22.26563291],[113.99882104,22.26672239],[114.00195001,22.26581072],[114.0013192,22.26236621],[114.00356975,22.26233801],[114.00639842554153,22.260238871902235],[114.00092124938965,22.26193296708101],[113.9996337890625,22.26360105031422],[114.00040626525879,22.263759914347176],[114.00057792663574,22.264395368675707],[113.99740219116211,22.26288615993434],[113.99611473083496,22.261059201262896],[113.99740219116211,22.263680482353237],[114.00023460388184,22.264554231806997],[113.9992904663086,22.266222283797774],[113.9955997467041,22.263839346296024],[113.99534225463867,22.261218068180995],[113.99637222290039,22.26042373178744],[113.99645805358887,22.259708825179146],[113.99637222381367,22.260900331628886],[113.99654388427734,22.259470522165003],[113.99405479431152,22.261376934918772],[113.99225234985352,22.26042373178744],[113.98950576782227,22.265110251346414],[113.98847579956055,22.264474800263883],[113.99002075195312,22.266222283797774],[113.98701667785645,22.26693715713583],[113.98564338684082,22.265189682528856],[113.98615837097168,22.267016587281276],[113.98787498474121,22.267413737332262],[113.98512840270996,22.270749753256823],[113.98143768310547,22.26987604248845],[113.98884897652556,22.276630755283477],[113.98873329162598,22.274959374113706],[113.99096488952637,22.274403393714096],[113.99214935242698,22.272587176040044],[113.98813247680664,22.274165115723477],[113.98564338684082,22.270988037064882],[113.98959159851074,22.270908609173958],[113.99216419931973,22.27257229187716],[113.99396896362305,22.270908609173958],[113.99345397949219,22.26876403907397],[113.99620056152344,22.26876403907397],[113.99577140808105,22.274482819620772],[113.99877548217773,22.27067032523061],[114.00238037109375,22.272894292918593],[114.00083541870117,22.27313257307391],[114.00263786315918,22.274800522796454],[114.00528096987779,22.271167569941714]]],[[[114.0067032664606,22.260055204241993],[114.00688787,22.25994398],[114.00698230100052,22.25960328397151],[114.0067032664606,22.260055204241993]]],[[[114.00722304568194,22.259213377397298],[114.00739669,22.25905151],[114.00737743146637,22.25891528381121],[114.00735855102539,22.2589939149197],[114.00722304568194,22.259213377397298]]],[[[114.0075141954221,22.258345704877325],[114.00768801,22.25799475],[114.00761022319575,22.257945779351328],[114.0075141954221,22.258345704877325]]],[[[114.00786366758193,22.257457127132813],[114.00818659,22.2574031],[114.00832442,22.25716334],[114.00830268859863,22.25707226377338],[114.00786366758193,22.257457127132813]]],[[[114.00897339433907,22.255931107834677],[114.0089991,22.25595777],[114.00897108247374,22.255924688928136],[114.00897339433907,22.255931107834677]]],[[[114.00890782778144,22.255749061933884],[114.00896404684124,22.255714642064746],[114.00890350341797,22.255737055315365],[114.00890782778144,22.255749061933884]]],[[[114.00918831778499,22.255631616682358],[114.00922452,22.25569355],[114.00922337814717,22.255618637292663],[114.00918831778499,22.255631616682358]]],[[[114.00922222733527,22.2555051799829],[114.01035266119591,22.254948351113995],[114.0102767944336,22.254386627893794],[114.00864601135254,22.2547838137816],[114.00922222733527,22.2555051799829]]],[[[114.01099497961307,22.254739105114055],[114.01148637,22.25422572],[114.01146752520965,22.254116795500114],[114.01147842407227,22.254227753223205],[114.01099497961307,22.254739105114055]]],[[[114.01162085802613,22.253236570750524],[114.01163218,22.25323494],[114.01163123621612,22.25323123451788],[114.01162085802613,22.253236570750524]]],[[[114.01205473555405,22.252427182053516],[114.01172134,22.25198115],[114.011659103045,22.252077003144237],[114.01205473555405,22.252427182053516]]],[[[114.01047152851288,22.252518557564443],[114.0086412,22.25093037],[114.00619418739753,22.250012982774777],[114.00495529174805,22.251924050242465],[114.0065860748291,22.253274501414054],[114.00744438171387,22.25049414657171],[114.00864601135254,22.25097078275087],[114.00753021240234,22.253274501414054],[114.01047152851288,22.252518557564443]]],[[[114.0060228359729,22.249395290813776],[114.006103,22.24931707],[114.00558445,22.24893574],[114.00554379,22.2490336],[114.0052363,22.24894001],[114.00485304015527,22.249027041176152],[114.0060228359729,22.249395290813776]]],[[[114.00480013538228,22.249035202149056],[114.00437864,22.24894131],[114.00436103084603,22.249102937440593],[114.00480013538228,22.249035202149056]]],[[[114.00354542357233,22.248851956248195],[114.00327974,22.24844408],[114.00292421725652,22.24852340971874],[114.00354542357233,22.248851956248195]]],[[[114.00288172445697,22.24853289136766],[114.0008326329099,22.248332504074575],[113.99894714355469,22.251844611532675],[114.00066375732422,22.25406887837235],[114.00288172445697,22.24853289136766]]],[[[114.00052340960328,22.247134670243245],[114.00048707,22.24704176],[114.00042179583694,22.247003000740055],[114.00052340960328,22.247134670243245]]],[[[114.0001161353991,22.246746643052337],[114.00014824,22.24663384],[113.99974098,22.24658932],[113.99950421927113,22.246096620398177],[113.99911880493164,22.24691932352229],[114.0001161353991,22.246746643052337]]],[[[113.9995246377137,22.245813141040408],[113.99983698,22.24545022],[113.99891083922624,22.245341943988212],[113.99954795837402,22.245489368755457],[113.9995246377137,22.245813141040408]]],[[[113.99867555781542,22.245287501569788],[113.99850464,22.24497782],[113.99820404094618,22.244848608156506],[113.99731636047363,22.24564825333931],[113.99867555781542,22.245287501569788]]],[[[113.99725768464536,22.24427684050031],[113.9972432,22.24425876],[113.99718755244417,22.244243783911667],[113.99722139913364,22.244263923144285],[113.99725768464536,22.24427684050031]]],[[[113.99525556296685,22.24326486604563],[113.99510298,22.2431551],[113.99491876987477,22.243225899705013],[113.99525556296685,22.24326486604563]]],[[[113.99390319664853,22.24280490500779],[113.99475917,22.23988713],[113.99341014,22.23952525],[113.99877236,22.2408558],[113.9992081683978,22.240134699041057],[113.9952564239502,22.239292729429906],[113.99474143981934,22.238021590052767],[113.9912223815918,22.238577714949102],[113.99105072021484,22.237386016040233],[113.99368425685051,22.237153488183353],[113.99079322814941,22.236353202121876],[113.98770332336426,22.238736607371237],[113.99390319664853,22.24280490500779]]],[[[113.99927969530556,22.239927982395763],[114.0035878,22.23626497],[114.00246620178223,22.23492313951543],[113.99900366534426,22.234610511799353],[113.99697067539805,22.23759228611654],[113.99927969530556,22.239927982395763]]],[[[114.00365460903228,22.23594361823144],[114.00375312,22.23546978],[114.00354596,22.23483436],[114.00345579462181,22.23478763132495],[114.00365460903228,22.23594361823144]]],[[[114.0033973302955,22.23470645568372],[114.005252112876,22.23325471469896],[114.00306701660156,22.231506819780847],[114.00087164088632,22.233643942655295],[114.0033973302955,22.23470645568372]]],[[[114.00576379954558,22.23325471469896],[114.00581719092628,22.233264690321963],[114.00581359863281,22.23325471469896],[114.00576379954558,22.23325471469896]]],[[[114.00632424186935,22.233462814035907],[114.00638252,22.23346397],[114.00638939530828,22.233458174861383],[114.00632424186935,22.233462814035907]]],[[[114.00761604309082,22.233253551446836],[114.00844040111463,22.234030830145198],[114.00933265686035,22.23031506074969],[114.00761604309082,22.23134791916209],[114.00761604309082,22.233253551446836]]],[[[114.00841969356335,22.234382538049218],[114.00855902,22.2345585],[114.01066739,22.23550746],[114.01069112132583,22.23526567286312],[114.00841969356335,22.234382538049218]]],[[[114.01073188481483,22.23514304285646],[114.01088983,22.23497465],[114.01085611558399,22.234769315768265],[114.01073188481483,22.23514304285646]]],[[[114.0109465115439,22.23427408197274],[114.01098479,22.23423582],[114.01094137930225,22.23422182493615],[114.0109465115439,22.23427408197274]]],[[[114.01263690089367,22.23210262217343],[114.01295112,22.23231545],[114.01360531125577,22.232401427671988],[114.01263690089367,22.23210262217343]]],[[[114.01386312535982,22.232435311121627],[114.01391227,22.23244177],[114.01395573834498,22.2324010199627],[114.01386312535982,22.232435311121627]]],[[[114.01444658115335,22.23221927904677],[114.01449391,22.23222389],[114.0146330803928,22.232150225284503],[114.01444658115335,22.23221927904677]]],[[[114.01466800943294,22.232131736885126],[114.01495906,22.23197768],[114.01510561768629,22.231794173250208],[114.01466800943294,22.232131736885126]]],[[[114.01518917077385,22.23168955536273],[114.01527618,22.23158061],[114.01525447042573,22.231508219012174],[114.01518917077385,22.23168955536273]]],[[[114.01533240532149,22.231291794740873],[114.01543509485062,22.2312199794422],[114.01534080505371,22.23126846878516],[114.01533240532149,22.231291794740873]]],[[[114.01610677982619,22.23087455963844],[114.01669281,22.23144539],[114.01795843,22.23162715],[114.01809339688512,22.231513095849735],[114.01671409606934,22.231427369493986],[114.01748657226562,22.229997256630256],[114.01610677982619,22.23087455963844]]],[[[114.0185079565286,22.231397973101046],[114.01868019,22.23139063],[114.01888255803506,22.231203992263687],[114.0186882019043,22.23134791916209],[114.0185079565286,22.231397973101046]]],[[[114.0191852758043,22.231030117384208],[114.01962892,22.2311239],[114.01998450896548,22.230704125480102],[114.01963233947754,22.231030117384208],[114.0191852758043,22.231030117384208]]],[[[114.02024764241455,22.230393495151326],[114.0204299,22.22987198],[114.0198815880188,22.22996044876489],[114.02031898498535,22.229997256630256],[114.02024764241455,22.230393495151326]]],[[[114.01774899172256,22.228347017965298],[114.01788405,22.22817372],[114.01787844541339,22.228168837155113],[114.01774406433105,22.228328773183534],[114.01774899172256,22.228347017965298]]],[[[114.01817973670477,22.22781024998121],[114.01839146,22.22764783],[114.01833732181757,22.2276226972644],[114.01817973670477,22.22781024998121]]],[[[114.01787002056601,22.226910312478175],[114.01787664,22.2267866],[114.01781647921733,22.226753363031023],[114.01787002056601,22.226910312478175]]],[[[114.01758417024769,22.22607237973016],[114.01757997,22.22588286],[114.01737588,22.22562197],[114.01698685842744,22.225568595839235],[114.01758417024769,22.22607237973016]]],[[[114.01624853907389,22.225246964945175],[114.01624556,22.22524307],[114.01624359559861,22.22524481144024],[114.01624853907389,22.225246964945175]]],[[[114.01563303184582,22.224978834170724],[114.01554174,22.22483906],[114.01520889605239,22.224794069713735],[114.01563303184582,22.224978834170724]]],[[[114.01481341859359,22.22462178956418],[114.01472908,22.22448481],[114.01457747863294,22.224519008050837],[114.01481341859359,22.22462178956418]]],[[[114.01387328336622,22.224586512105223],[114.01353398,22.22446799],[114.01335861351853,22.22463944923352],[114.01387328336622,22.224586512105223]]],[[[114.01309591859963,22.224666469107888],[114.01227917,22.22420228],[114.00976181030273,22.2258657375195],[114.00976181030273,22.22991780548783],[114.0117359161377,22.229282194727418],[114.01190757751465,22.22499174672238],[114.01309591859963,22.224666469107888]]],[[[114.01080140511954,22.22224090531346],[114.01079906,22.22223599],[114.01075860348692,22.222213169523855],[114.01080140511954,22.22224090531346]]],[[[114.0100974112049,22.221444866118492],[114.01017736,22.22141716],[114.01011298615474,22.221387193369498],[114.0100974112049,22.221444866118492]]],[[[114.010453865432,22.220879441848844],[114.01059385,22.22079713],[114.0104993948277,22.22037366366906],[114.010453865432,22.220879441848844]]],[[[114.01052438602098,22.22009604082666],[114.01060252,22.21992714],[114.0105102,22.21981253],[114.01038138172655,22.219868099737138],[114.01052438602098,22.22009604082666]]],[[[114.0101269034994,22.219671782500278],[114.01009147,22.21957868],[114.01002941840086,22.21959657761775],[114.0101269034994,22.219671782500278]]],[[[114.00941070049997,22.219435658310168],[114.00925373,22.2191053],[114.00921690500282,22.2191844916469],[114.00941070049997,22.219435658310168]]],[[[114.00898168326535,22.219163106722814],[114.00880324,22.21908836],[114.00869860016628,22.21924374128419],[114.00898168326535,22.219163106722814]]],[[[114.00667786020844,22.219114786054234],[114.00586101,22.21860242],[114.00531819163281,22.21848543213337],[114.00667786020844,22.219114786054234]]],[[[114.00484483654695,22.217778511705475],[114.00505757,22.21747367],[114.00495529174805,22.217342316846203],[114.00495529174805,22.21752287593469],[114.00484483654695,22.217778511705475]]],[[[114.00495529174805,22.21699356154425],[114.00500144,22.21692054],[114.00495529174805,22.216869134288064],[114.00495529174805,22.21699356154425]]],[[[114.0042132238614,22.21566254320565],[114.00443959,22.21563158],[114.00441335950426,22.215551375784422],[114.0042132238614,22.21566254320565]]],[[[114.00409103317848,22.214938676410934],[114.00390884,22.21491597],[114.00340379424077,22.215085497847326],[114.00409103317848,22.214938676410934]]],[[[114.00220384049445,22.21507768161106],[114.00063971,22.21472632],[113.99868314,22.21826547],[113.99371147155762,22.21601316224286],[113.99517059326172,22.220303884938758],[113.99868965148926,22.221575184975734],[113.99937629699707,22.2258657375195],[114.00126457214355,22.225706830507036],[113.99937629699707,22.219588773603988],[114.0007495880127,22.214980190881917],[114.00220384049445,22.21507768161106]]],[[[113.99392855449392,22.21541887528306],[113.99397665,22.21535798],[113.99381048535079,22.215340800469797],[113.99392855449392,22.21541887528306]]],[[[113.99367878080456,22.215253709062328],[113.9936701,22.21518162],[113.99285929620623,22.21516789390287],[113.99362564086914,22.215218569563348],[113.99367878080456,22.215253709062328]]],[[[113.99252034581998,22.215145480313364],[113.99241227,22.21511307],[113.99199239064961,22.215361099563808],[113.99242401123047,22.215139110047886],[113.99252034581998,22.215145480313364]]],[[[113.99165211143925,22.215536110720695],[113.98997247,22.21457093],[113.98949795386942,22.21400498593939],[113.98993492126465,22.214582892179422],[113.99165211143925,22.215536110720695]]],[[[113.98933410644531,22.213809569028268],[113.98969961,22.21253194],[113.98753417299883,22.212384344626923],[113.98813247680664,22.215536407175236],[113.99105072021484,22.216251539169107],[113.98933410644531,22.213809569028268]]],[[[113.98749137049028,22.21234867329473],[113.9874711,22.21233178],[113.98741702248977,22.212331465648337],[113.98749137049028,22.21234867329473]]],[[[113.98715133748463,22.21232992122585],[113.98695471,22.21223722],[113.98695797599082,22.213114717389065],[113.98701667785645,22.21251692079035],[113.98715133748463,22.21232992122585]]],[[[113.9863797886852,22.214534237621088],[113.98630726,22.21454403],[113.98623879118954,22.214615820109213],[113.9863797886852,22.214534237621088]]],[[[113.98615376768052,22.2147049679556],[113.98610482,22.21475629],[113.98608063485499,22.215382010622164],[113.98615376768052,22.2147049679556]]],[[[113.98518142355849,22.215514358030692],[113.98510281,22.21547951],[113.98453427082919,22.215488309616816],[113.98518142355849,22.215514358030692]]],[[[113.98326869206123,22.215963547584682],[113.98313807,22.2160268],[113.9831456794947,22.216091663578755],[113.98326869206123,22.215963547584682]]],[[[113.98287461103865,22.216203750346683],[113.98248704,22.21617208],[113.98230980232475,22.216296023124368],[113.98287461103865,22.216203750346683]]],[[[113.98225923458777,22.2163042843736],[113.98218935,22.21621323],[113.98169362249249,22.21639668839967],[113.98225923458777,22.2163042843736]]],[[[113.98120238045001,22.216887208992134],[113.98110465,22.21682952],[113.98064379,22.21710067],[113.98043893,22.21732332],[113.98040132,22.21772505],[113.98064498,22.21839257],[113.98120238045001,22.216887208992134]]],[[[113.98261750245094,22.219984249856637],[113.98373563,22.22250053],[113.98422769,22.22254801],[113.98363148221354,22.223834922789987],[113.98563308852363,22.221478248348816],[113.98261750245094,22.219984249856637]]],[[[113.98323976223034,22.224388638722385],[113.98298147318266,22.22475374330475],[113.98303627959855,22.22480304331344],[113.98323976223034,22.224388638722385]]],[[[113.98137479870104,22.22592614086617],[113.98113317,22.22613336],[113.98106525432296,22.226272382302355],[113.98137479870104,22.22592614086617]]],[[[113.97991828627579,22.2274569181755],[113.97986446,22.22746663],[113.97984944539725,22.227504712062796],[113.97991828627579,22.2274569181755]]],[[[113.97967033996927,22.227629058887253],[113.97938983,22.22757599],[113.9793226649177,22.227870437884494],[113.97967033996927,22.227629058887253]]],[[[113.97931440080887,22.227876175374984],[113.97903657,22.2278482],[113.97902188471832,22.228026141139637],[113.9791202545166,22.22801096456142],[113.97931440080887,22.227876175374984]]],[[[113.97884169878665,22.228053940382217],[113.97865561,22.22796801],[113.97822164770773,22.22814960240309],[113.97884169878665,22.228053940382217]]],[[[113.97802187189784,22.22823319899672],[113.97762438,22.22853362],[113.97830098143879,22.229856231374317],[113.9776611328125,22.228567129177364],[113.97802187189784,22.22823319899672]]],[[[113.97841024503396,22.230076364597675],[113.97841288,22.23012954],[113.97846014457365,22.230176897135507],[113.97841024503396,22.230076364597675]]],[[[113.97875473521566,22.230770408519653],[113.97875473,22.23077628],[113.97924548851276,22.23193187471892],[113.9791202545166,22.231506819780847],[113.97875473521566,22.230770408519653]]],[[[113.97926711000083,22.2320052599063],[113.97920896,22.23213127],[113.97935945625967,22.232318691039477],[113.97926711000083,22.2320052599063]]],[[[113.97930664410104,22.232973116972587],[113.97928087,22.23307298],[113.97929196187496,22.233095432995427],[113.97930664410104,22.232973116972587]]],[[[113.9792929047168,22.23309734156575],[113.97966523,22.23385103],[113.97982898530344,22.233924378320705],[113.9792929047168,22.23309734156575]]],[[[113.97995574676757,22.234119939198223],[113.97993563,22.23417561],[113.98008054,22.23431869],[113.98013933796585,22.234338424989584],[113.97995574676757,22.234119939198223]]],[[[113.98060605562439,22.234655234667358],[113.9808801,22.23488827],[113.98104451161701,22.23495286022148],[113.98060605562439,22.234655234667358]]],[[[113.98177491816578,22.23523980539975],[113.98159385,22.2369098],[113.98250696,22.23855431],[113.98015793,22.2405917],[113.97938593,22.23902179],[113.98163618,22.2372584],[113.97363209,22.24084928],[113.97226723535327,22.240063797193653],[113.97482872009277,22.243185522038885],[113.97405624389648,22.242947190905767],[113.97311210632324,22.243423852766526],[113.97379875183105,22.24262941543094],[113.96899223327637,22.24175552915868],[113.96933555603027,22.239531066779406],[113.96693229675293,22.239213283556666],[113.96615982055664,22.237544909813607],[113.96212577819824,22.23619430699732],[113.96066665649414,22.233493062317237],[113.9626407623291,22.23403275987818],[113.9624489,22.2329736],[113.95740701,22.23168602],[113.95645929,22.23376995],[113.9509406,22.23397175],[113.94303871,22.2313771],[113.93999859,22.22882832],[113.93613515,22.22848134],[113.93411288,22.22733158],[113.93428348,22.22576919],[113.92766572,22.22403544],[113.92484592,22.22655132],[113.92144543515498,22.221582836142506],[113.91706466674805,22.22125736104684],[113.91560554504395,22.22165464084543],[113.91766548156738,22.22038334152866],[113.91766548156738,22.218635286152846],[113.91603469848633,22.220303884938758],[113.91440391540527,22.221018992627506],[113.91391496945822,22.219785184021063],[113.91363143920898,22.22062171102833],[113.91105651855469,22.221098448812285],[113.90625,22.224276659291093],[113.90625,22.21039930475577],[113.898779,22.21444946],[113.89690439,22.21830229],[113.89869047,22.22010078],[113.89821371,22.22218292],[113.89579139,22.22229671],[113.8957436,22.22154368],[113.89424869,22.22004978],[113.89552158,22.22201008],[113.89168339,22.22299196],[113.88976995,22.21978026],[113.88676586,22.22105353],[113.88226988,22.21886887],[113.87809004,22.21440452],[113.87943946,22.21089785],[113.87654547,22.21178343],[113.87129085,22.20950889],[113.86758553,22.20261415],[113.86415606,22.20199266],[113.86468712,22.20378916],[113.86408057,22.20500084],[113.86443515,22.20357757],[113.85728837,22.20347397],[113.85315782,22.20099654],[113.85404023,22.19708409],[113.84804664,22.19738941],[113.84791273,22.19551767],[113.84483294,22.19657892],[113.8491625,22.20422355],[113.84198557,22.20824301],[113.84166177,22.21166152],[113.84327688,22.21211397],[113.84401137,22.21543556],[113.83987684,22.21888416],[113.83916238,22.2276377],[113.84157398,22.23396831],[113.84561242,22.23554137],[113.84856226,22.23301915],[113.84859874,22.22964039],[113.85103356,22.23078817],[113.85281673,22.23401815],[113.85140781,22.24335547],[113.86204831,22.24715504],[113.86103171,22.25468962],[113.85711772,22.25559611],[113.85707889,22.2541863],[113.85297291,22.25233951],[113.85209195,22.25669832],[113.859873,22.2612815],[113.86235884,22.26118463],[113.86224085,22.25774777],[113.86495178,22.25897147],[113.8702465,22.26792991],[113.87986542,22.27030114],[113.882756,22.27270636],[113.88449938,22.26983563],[113.8875254,22.26861957],[113.88799078,22.27167251],[113.88552718,22.27487287],[113.88644265,22.2779977],[113.8940527,22.28225271],[113.8941743,22.28769611],[113.89682189,22.29188596],[113.89982886,22.29152804],[113.8998315,22.29010765],[113.90200762,22.2892247],[113.90409761,22.29380879],[113.90640091207669,22.292654649556404],[113.90625,22.289970009413395],[113.9084349657913,22.29120878623563],[113.91053368,22.29004953],[113.91238258,22.29208594],[113.91444078,22.2927317],[113.91602163,22.29277104],[113.91815342,22.29235147],[113.91947283,22.29089721],[113.92154627,22.29142655],[113.92186319,22.29138003],[113.92135620117188,22.289096418723048],[113.92281532287598,22.287825731608777],[113.9212703704834,22.287349220962923],[113.9183521270752,22.291876006512638],[113.91603469848633,22.29259074872354],[113.91260147094727,22.291955422494354],[113.90959739685059,22.288858165769],[113.90625,22.28925525380012],[113.90625,22.257484647937787],[113.90891075134277,22.257484647937787],[113.90839576721191,22.25526043535973],[113.91002655029297,22.25533987213167],[113.90942573547363,22.253751128129835],[113.90650749206543,22.254386627893794],[113.90667915344238,22.252718434861833],[113.90925407409668,22.251447417307787],[113.91251564025879,22.25297119256994],[113.90899658203125,22.25097078275087],[113.90625,22.25065302547833],[113.90625,22.225786284035777],[113.9106273651123,22.2259451909582],[113.91131401062012,22.221177904952057],[113.91354560852051,22.22086008012286],[113.91268730163574,22.222210830672836],[113.91500473022461,22.223164293816552],[113.91809463500977,22.221575184975734],[113.92032623291016,22.223482113423927],[113.91852378845215,22.224197204906957],[113.91852378845215,22.22562737693326],[113.92049789428711,22.22364102295751],[113.92101287841797,22.22681917581245],[113.92581939697266,22.22681917581245],[113.92616271972656,22.228726032948117],[113.92839431762695,22.229202743179727],[113.92908096313477,22.22658081684702],[113.93174171447754,22.22912329158703],[113.93946647644043,22.229520549100286],[113.93903732299805,22.231109567896212],[113.93989562988281,22.230156158780034],[113.94684791564941,22.23365196050426],[113.94513130187988,22.238259929564308],[113.94427299499512,22.23714767504235],[113.94418716430664,22.237862696819874],[113.9472770690918,22.239451621041283],[113.94598960876465,22.237306569085973],[113.9476203918457,22.23420810274024],[113.94882202148438,22.235479276707423],[113.9476203918457,22.23476424276953],[113.94667625427246,22.23651209706628],[113.94890785217285,22.237386016040233],[113.95757675170898,22.236829886414625],[113.9568042755127,22.235002587820816],[113.96075248718262,22.23492313951543],[113.95843505859375,22.23532038059203],[113.96195411682129,22.236273754582115],[113.96212577819824,22.238259929564308],[113.9608383178711,22.238021590052767],[113.95682115976551,22.239692562821453],[113.95783424377441,22.240484412123436],[113.96066665649414,22.238418822346787],[113.96495819091797,22.23849826867047],[113.96624565124512,22.237783250135877],[113.9652156829834,22.239213283556666],[113.96658897399902,22.239054391675026],[113.96684646606445,22.239531066779406],[113.96899223327637,22.239531066779406],[113.96882057189941,22.241914417977256],[113.9718246459961,22.242391083351805],[113.97096633911133,22.24334440923569],[113.97336959838867,22.243582739693053],[113.97379875183105,22.24517159904714],[113.97379875183105,22.24334440923569],[113.97482872009277,22.24334440923569],[113.97414207458496,22.244297728632446],[113.97663116455078,22.245489368755457],[113.97688048230897,22.247395971867277],[113.97714614868164,22.24533048399141],[113.98212432861328,22.248984787969164],[113.98341178894043,22.248587585633345],[113.98152351379395,22.247793177582395],[113.98229598999023,22.245966021966353],[113.98066520690918,22.245807137742958],[113.98032188415527,22.243423852766526],[113.98324012756348,22.238736607371237],[113.9820384979248,22.23714767504235],[113.98538589477539,22.237862696819874],[113.98177491816578,22.23523980539975]],[[113.95105361938477,22.235479276707423],[113.95285606384277,22.233969756337885],[113.95586013793945,22.23571762054273],[113.95560264587402,22.234684794329013],[113.95654678344727,22.234684794329013],[113.95560264587402,22.236353202121876],[113.95491600036621,22.236750439145098],[113.95105361938477,22.235479276707423]]],[[[113.97226079964061,22.240058691250002],[113.97179215,22.23943838],[113.97037942,22.23940863],[113.96705831,22.23674842],[113.96271831230929,22.235586139747852],[113.96676063537598,22.236829886414625],[113.96830558776855,22.23889549961322],[113.97226079964061,22.240058691250002]]],[[[113.96266476030051,22.23542090744588],[113.962560433892,22.234738777181782],[113.96212577819824,22.234843691164997],[113.96255493164062,22.23508203608118],[113.96266476030051,22.23542090744588]]],[[[113.96256084220059,22.234736887442853],[113.96273997,22.2342483],[113.9626407623291,22.234169067191626],[113.9626407623291,22.23436700011665],[113.96256084220059,22.234736887442853]]],[[[113.91955335463754,22.22142227050849],[113.91948765,22.22134491],[113.9192807104358,22.221344610549703],[113.91955335463754,22.22142227050849]]],[[[113.91872851903042,22.221187324381464],[113.91860961914062,22.22006551489895],[113.91907960452926,22.218069053600253],[113.91859623466418,22.21825024425703],[113.91843795776367,22.219827144454015],[113.91872851903042,22.221187324381464]]],[[[113.91776101021205,22.218353338766498],[113.91853448,22.21810389],[113.92006874084473,22.21784070832578],[113.91740798950195,22.21799962425125],[113.91646385192871,22.219032573378513],[113.91776101021205,22.218353338766498]]],[[[113.92593247331344,22.218639903710287],[113.92607896,22.21888058],[113.92826724,22.21836883],[113.92897412,22.21760843],[113.9296451,22.21749936],[113.92994276828044,22.217154452668897],[113.92593247331344,22.218639903710287]]],[[[113.93022364616061,22.216920430251662],[113.93055938,22.21676912],[113.93115875,22.21574717],[113.9310345276067,22.215311600643012],[113.93022364616061,22.216920430251662]]],[[[113.93103231325051,22.21527880082808],[113.93118269,22.21511691],[113.930999021519,22.214785672107336],[113.93103231325051,22.21527880082808]]],[[[113.93099603531793,22.214741439457068],[113.93115608,22.21441725],[113.93076038953433,22.21390947911483],[113.93096923828125,22.21434451241788],[113.93099603531793,22.214741439457068]]],[[[113.93074442627665,22.213876227544855],[113.93077785,22.2136911],[113.93059419193695,22.21356328843463],[113.93074442627665,22.213876227544855]]],[[[113.93043541747578,22.21323256019564],[113.93031466,22.212958],[113.93056517921502,22.211187554161324],[113.93028259277344,22.21291422534314],[113.93043541747578,22.21323256019564]]],[[[113.93066276259307,22.21059129623126],[113.93078505,22.21034829],[113.93070679530881,22.210322245738677],[113.93066276259307,22.21059129623126]]],[[[113.93059942834945,22.210167213272527],[113.93056616,22.20999828],[113.93033448975783,22.20987287573679],[113.93059942834945,22.210167213272527]]],[[[113.93021454922157,22.20980795132338],[113.93000969,22.20969706],[113.92973284009906,22.209756493304198],[113.93021454922157,22.20980795132338]]],[[[113.92903633159827,22.20968208959017],[113.92889578,22.20964137],[113.92865606760942,22.209641468329917],[113.92903633159827,22.20968208959017]]],[[[113.92787865313899,22.209417276699217],[113.92788123,22.20941139],[113.9277305585283,22.209280169454978],[113.92787865313899,22.209417276699217]]],[[[113.92762776885043,22.209318161121704],[113.92748443,22.20937114],[113.92743291793397,22.20946247682405],[113.92762776885043,22.209318161121704]]],[[[113.92731393185876,22.20955060347659],[113.92731469,22.20939451],[113.92713398,22.20923877],[113.92727851867676,22.20957683213554],[113.92731393185876,22.20955060347659]]],[[[113.9267872519912,22.20930010718147],[113.92673296,22.20916881],[113.92531721,22.20901088],[113.92339625,22.20814816],[113.92307918422313,22.207139020031896],[113.92333030700684,22.208146496462675],[113.9253044128418,22.20902059221727],[113.9267872519912,22.20930010718147]]],[[[113.92304315375786,22.207151912548156],[113.92287235,22.20721303],[113.92261148754329,22.207679643754293],[113.92264366149902,22.207669714665514],[113.92304315375786,22.207151912548156]]],[[[113.92104761904051,22.207653947872032],[113.9208911,22.20755791],[113.92035486,22.20757484],[113.92003931644271,22.20806816349371],[113.92104761904051,22.207653947872032]]],[[[113.91998291015625,22.20815634956393],[113.91992629,22.20824487],[113.91998291015625,22.20843618887754],[113.91998291015625,22.20815634956393]]],[[[113.91953046695326,22.209319143540437],[113.9194623863174,22.20933331514895],[113.91946792602539,22.209338443869115],[113.91953046695326,22.209319143540437]]],[[[113.91934317681549,22.209222949732947],[113.91914564,22.20878529],[113.91895699,22.20882205],[113.91895580686736,22.208864318543476],[113.91934317681549,22.209222949732947]]],[[[113.91886280575957,22.209145391789384],[113.91876948,22.20920163],[113.9187908465745,22.209371901034192],[113.91886280575957,22.209145391789384]]],[[[113.91780812122005,22.210875096603186],[113.91748278,22.21088512],[113.91730058486085,22.211326109997067],[113.91732215881348,22.21132500038202],[113.91780812122005,22.210875096603186]]],[[[113.9164513215181,22.211369790235047],[113.91612909,22.21121323],[113.91602649613286,22.21139164031734],[113.9164513215181,22.211369790235047]]],[[[113.91426035687677,22.210632608661765],[113.9144407,22.21019567],[113.91426897388395,22.209895938479427],[113.91423225402832,22.21060984327714],[113.91426035687677,22.210632608661765]]],[[[113.91427663916141,22.20890275833939],[113.91427743,22.20887909],[113.91367484782904,22.208306336533166],[113.91371726989746,22.208384886753862],[113.91427663916141,22.20890275833939]]],[[[113.9134461101999,22.207882797749658],[113.91327472,22.20748169],[113.91316057543202,22.207516450710344],[113.91328811645508,22.20759025087517],[113.9134461101999,22.207882797749658]]],[[[113.91258931440845,22.2070803828802],[113.91267429,22.2067855],[113.91252522856232,22.20648705960547],[113.91258931440845,22.2070803828802]]],[[[113.91248337684227,22.206403267016086],[113.91245834,22.20635314],[113.91212239527535,22.20645896814808],[113.91248337684227,22.206403267016086]]],[[[113.91158651263355,22.20654165732808],[113.91154263,22.20651011],[113.91145488312297,22.2065704520063],[113.91148567199707,22.206557217506543],[113.91158651263355,22.20654165732808]]],[[[113.91060243936214,22.206936872249894],[113.91042677,22.20692913],[113.9102380908051,22.207093486320122],[113.91060243936214,22.206936872249894]]],[[[113.9098088768684,22.207277982567806],[113.90977664,22.20726346],[113.90965641165836,22.207343519254177],[113.9098088768684,22.207277982567806]]],[[[113.90877326857705,22.207475766013705],[113.9087158,22.20738689],[113.90868093940914,22.207441573898958],[113.90877326857705,22.207475766013705]]],[[[113.90800510586215,22.20827527600138],[113.90797459,22.20825639],[113.907915735182,22.20830837229789],[113.90800510586215,22.20827527600138]]],[[[113.90737582991366,22.20850831331681],[113.90737251,22.20850731],[113.90736882573451,22.20851090714724],[113.90737582991366,22.20850831331681]]],[[[113.90708138918022,22.292554408824486],[113.90718178,22.29258906],[113.90767023420862,22.292191185516746],[113.90708138918022,22.292554408824486]]],[[[113.9079909104111,22.292114254322414],[113.9082649,22.29219461],[113.90845953,22.29209994],[113.9086968,22.29176477],[113.90848709821468,22.291377613661272],[113.9079909104111,22.292114254322414]]],[[[113.92195701599121,22.291315422944592],[113.92374166,22.29051016],[113.92458263,22.28891715],[113.92527476,22.28917744],[113.92458532253933,22.28578280935015],[113.92461776733398,22.288619912408848],[113.92195701599121,22.291315422944592]]],[[[113.92459080844124,22.285777415919313],[113.92684618,22.28390533],[113.92726139,22.28328931],[113.92741587892652,22.28276045089753],[113.92459080844124,22.285777415919313]]],[[[113.93914888909258,22.32169438500679],[113.93939541,22.32177078],[113.9409970770193,22.322062626440946],[113.93914888909258,22.32169438500679]]],[[[113.94472997915076,22.323783549811374],[113.94497099,22.32376729],[113.94506229018099,22.323615874073855],[113.94472997915076,22.323783549811374]]],[[[113.94558967535269,22.323349768860428],[113.94566195,22.32333203],[113.94568947384192,22.32308149738102],[113.94564628601074,22.323321204554773],[113.94558967535269,22.323349768860428]]],[[[113.94572239951665,22.322898748671136],[113.94687347,22.32271382],[113.94684511,22.32158056],[113.94678977,22.32246949],[113.94572239951665,22.322898748671136]]],[[[113.94573623330203,22.32093257623227],[113.94610432,22.32042253],[113.94608698,22.3194283],[113.94575528,22.3194602],[113.94607543945312,22.32038344304661],[113.94573623330203,22.32093257623227]]],[[[113.9458269422752,22.32038344304661],[113.94510081775454,22.319783493463202],[113.94478797912598,22.320145243457105],[113.94478797912598,22.32038344304661],[113.9458269422752,22.32038344304661]]],[[[113.94458023667035,22.319429631044436],[113.94470759,22.31923164],[113.94439786164722,22.319156441184948],[113.94444465637207,22.319351241889265],[113.94458023667035,22.319429631044436]]],[[[113.94427653379473,22.31865136820514],[113.94499328,22.31851717],[113.94497198,22.3184189],[113.94480501497324,22.31845207482244],[113.94427653379473,22.31865136820514]]],[[[113.94421066934153,22.31855240375781],[113.94418716430664,22.318444551628698],[113.94418716430664,22.318557235804292],[113.94421066934153,22.31855240375781]]],[[[113.94410773437356,22.318080089825646],[113.94403704869495,22.317755750765045],[113.94401550292969,22.31776322520234],[113.94410773437356,22.318080089825646]]],[[[113.94365161945655,22.315987220568168],[113.94364859,22.31597332],[113.94346677538073,22.31572501897302],[113.94365161945655,22.315987220568168]]],[[[113.94237511806827,22.31417679739411],[113.94728793,22.3150928],[113.95019266,22.32237128],[113.95957668,22.32019385],[113.9608543,22.32313385],[113.96203821,22.32290731],[113.95843425,22.31065301],[113.94810018,22.31368803],[113.9411408,22.31155899],[113.93960213,22.30828557],[113.94086058,22.30294312],[113.93842707,22.29975067],[113.9383979,22.29478928],[113.93746220627058,22.29388955374432],[113.93654823303223,22.301405602073828],[113.94006729125977,22.303549671497535],[113.93817901611328,22.306726010147443],[113.93869400024414,22.30934643514955],[113.94237511806827,22.31417679739411]]],[[[113.93686579657756,22.293316069661778],[113.93418269,22.2907361],[113.93401144044458,22.290646758628387],[113.93597500739311,22.292766597859018],[113.93686579657756,22.293316069661778]]],[[[113.93388076459266,22.290578584671266],[113.93360834,22.29043646],[113.93334332055504,22.290423183863332],[113.93388076459266,22.290578584671266]]],[[[113.93158549201391,22.290834071176267],[113.92975429855542,22.291375606243175],[113.93157005310059,22.290843594643704],[113.93158549201391,22.290834071176267]]],[[[113.90625,22.29521063601627],[113.89896644,22.29372416],[113.89436183,22.29445395],[113.89407194,22.29615518],[113.89817495,22.30196746],[113.89615357,22.30736625],[113.89272625,22.30889815],[113.893274,22.31087703],[113.90625,22.3150574221143],[113.90625,22.29521063601627]]],[[[113.97233963012695,22.243900513005514],[113.97208213806152,22.244297728632446],[113.97233963012695,22.244218285597142],[113.97233963012695,22.243900513005514]]],[[[113.96418571472168,22.243026634661845],[113.96332740783691,22.243026634661845],[113.96298408508301,22.243185522038885],[113.96195411682129,22.242391083351805],[113.96135330200195,22.242391083351805],[113.9608383178711,22.24127886162185],[113.95963668823242,22.239928294794368],[113.95834922790527,22.240166631062806],[113.95955085754395,22.240007740262214],[113.961181640625,22.242311639235325],[113.96289825439453,22.24326496565982],[113.96418571472168,22.243026634661845]]],[[[113.96418571472168,22.243026634661845],[113.96564483642578,22.241517195592976],[113.96564483642578,22.240166631062806],[113.96624565124512,22.239848849281458],[113.9663314819336,22.239133837638363],[113.96349906921387,22.241834973590485],[113.96418571472168,22.243026634661845]]],[[[114.01302337646484,22.26638114485516],[114.01329893814486,22.266891171005472],[114.01336669921875,22.266778296709646],[114.01302337646484,22.26638114485516]]],[[[113.99783134460449,22.24517159904714],[113.99762630439706,22.24502399243054],[113.9975695606799,22.24508818407201],[113.99757385253906,22.24509215650744],[113.99783134460449,22.24517159904714]]],[[[113.9996337890625,22.258437871082606],[114.00032043457031,22.257961260321494],[114.00032043457031,22.257961259915845],[113.9996337890625,22.258437871082606]]],[[[113.9996337890625,22.258437871082606],[114.00006294250488,22.25907334957327],[114.00040626525879,22.2589939149197],[114.00014877319336,22.2589939149197],[113.9996337890625,22.258437871082606]]],[[[113.93543243408203,22.231030117384208],[113.93500328063965,22.231030117384208],[113.93507402018457,22.231204733465095],[113.93543243408203,22.231030117384208]]],[[[113.93543243408203,22.231030117384208],[113.93732070922852,22.232301320172823],[113.9377713203111,22.232162282929295],[113.93732070922852,22.23222187033626],[113.93543243408203,22.231030117384208]]],[[[113.94101142883301,22.233493062317237],[113.94118309020996,22.233016366675358],[113.93957063065102,22.232623582553416],[113.94101142883301,22.233016366675358],[113.94101142883301,22.233493062317237]]],[[[113.94101142883301,22.233493062317237],[113.94169807434082,22.23404920518371],[113.94348559168412,22.234470628251596],[113.94264221191406,22.233810858511134],[113.94101142883301,22.233493062317237]]],[[[113.91165733337402,22.254863250823973],[113.90933990478516,22.25669029035913],[113.9106273651123,22.258437871082606],[113.91097068786621,22.257405212382736],[113.91268730163574,22.2582790010092],[113.91334093405281,22.25632977411258],[113.91200065612793,22.25708746971185],[113.91165733337402,22.254863250823973]]],[[[113.91165733337402,22.254863250823973],[113.91128078610845,22.254576251994727],[113.91101822483428,22.25449172914046],[113.91105651855469,22.254704376694193],[113.91165733337402,22.254863250823973]]],[[[113.92410278320312,22.258914480221037],[113.92410278320312,22.258937175849226],[113.92444610595703,22.258959871477416],[113.92410278320312,22.258914480221037]]],[[[113.92410278320312,22.258914480221037],[113.92478942871094,22.25859674097572],[113.92453193664551,22.257722954332465],[113.92375946044922,22.2582790010092],[113.92410278320312,22.258914480221037]]],[[[114.00486946105957,22.306249563955163],[114.00641441345215,22.306567194930622],[114.0053238598556,22.307043640039282],[114.00667190551758,22.306726010147443],[114.00632858276367,22.306328971766746],[114.00486946105957,22.306249563955163]]],[[[114.00572776794434,22.305931932257295],[114.005126953125,22.305852524219958],[114.00486946105957,22.306249563955163],[114.00521278381348,22.305931932257295],[114.00572776794434,22.305931932257295]]],[[[114.00572776794434,22.305931932257295],[114.00615692138672,22.305931932257295],[114.00537014007568,22.305799585415524],[114.00572776794434,22.305931932257295]]],[[[114.00444030761719,22.30362908084416],[114.00332450866699,22.30442317182738],[114.00426864624023,22.305614299837046],[114.00609970099549,22.30499226757876],[114.00409698486328,22.304899624250254],[114.00444030761719,22.30362908084416]]],[[[114.00169372558594,22.303708490145638],[114.00349617004395,22.304184945006455],[114.00444030761719,22.30362908084416],[114.00229454040527,22.30339085266884],[114.00169372558594,22.303708490145638]]],[[[114.00169372558594,22.303708490145638],[114.00209426859821,22.30339967599897],[114.00160789489746,22.303549671497535],[114.00169372558594,22.303708490145638]]],[[[113.96246910095215,22.2954496810122],[113.96239144447557,22.29504504731524],[113.9619648457793,22.295025311947843],[113.96212577819824,22.295767336544856],[113.96246910095215,22.2954496810122]]],[[[113.96349906921387,22.29568792272937],[113.96298408508301,22.2954496810122],[113.96246910095215,22.2954496810122],[113.96255493164062,22.295846750315178],[113.96349906921387,22.29568792272937]]],[[[113.96349906921387,22.29568792272937],[113.96372355008995,22.295653306336497],[113.96361579925106,22.295597920019755],[113.96349906921387,22.29568792272937]]],[[[113.9146302881914,22.27436193725522],[113.91543388366699,22.273609132166925],[113.9157251597646,22.2732796894508],[113.9146302881914,22.27436193725522]]],[[[113.91826741031652,22.27010813813342],[113.91843795776367,22.26987604248845],[113.91826008363388,22.270105313062956],[113.91826741031652,22.27010813813342]]],[[[113.98562622075373,22.236305533594418],[113.98521423339844,22.23611485936749],[113.98495674119175,22.236353201982407],[113.98495674133301,22.236353202121876],[113.98562622075373,22.236305533594418]]],[[[113.98436191460912,22.237847916006082],[113.98401260375977,22.237783250135877],[113.98401260375977,22.238101036601662],[113.98403194097475,22.23811516724888],[113.98436191460912,22.237847916006082]]],[[[113.99956941595484,22.25700803393144],[113.99946212768555,22.25708746971185],[114.00023965198147,22.257498665238586],[113.9996337890625,22.25700803393144],[113.99956941595484,22.25700803393144]]],[[[113.99517059326172,22.236829886324557],[113.99499893188477,22.23651209706628],[113.99404469664003,22.23704018758732],[113.99499893188477,22.237544909813607],[113.99517059326172,22.236829886324557]]],[[[113.99834632873535,22.261774100974336],[113.99946212768555,22.260026561900247],[113.99894714355469,22.2593910877368],[113.99688720703125,22.261138634744498],[113.99834632873535,22.261774100974336]]],[[[113.91055870446436,22.227740828350147],[113.91114234924316,22.228090416784482],[113.91182899475098,22.2276931552189],[113.91199715286855,22.227148337394812],[113.91055870446436,22.227740828350147]]],[[[113.91274452168783,22.2268456600366],[113.9129325314685,22.226880467917724],[113.91337394714355,22.22658081684702],[113.91406059265137,22.22705753437269],[113.91448974609375,22.22705753437269],[113.91454339015321,22.226908560354843],[113.91337394714355,22.22602464435188],[113.91274452168783,22.2268456600366]]],[[[113.91456127161277,22.226858902053444],[113.917236328125,22.22483283871945],[113.91569137573242,22.224356113630193],[113.91517639160156,22.226104097700542],[113.9157772064209,22.22332320371028],[113.91371726989746,22.224038296003627],[113.91456127161277,22.226858902053444]]],[[[113.91642093658447,22.22701780751825],[113.91663551330566,22.227375345155977],[113.9167086952825,22.22736029096511],[113.91642093658447,22.22701780751825]]],[[[113.9168461885451,22.22733200736431],[113.91740798950195,22.227216439854374],[113.91792297363281,22.227852059980208],[113.9180298571088,22.227807086905944],[113.91740798950195,22.227136987136035],[113.9168461885451,22.22733200736431]]],[[[113.91819272722516,22.227738556482787],[113.91886711120605,22.22745479773924],[113.91990852357642,22.22730648620606],[113.91843795776367,22.22745479773924],[113.91819272722516,22.227738556482787]]],[[[113.92012596130371,22.227507765782907],[113.92041206359863,22.22793151229334],[113.92144203186035,22.228249321095547],[113.92264366149902,22.228328773183534],[113.9230728149414,22.228964388266533],[113.92375946044922,22.229361646230075],[113.92456372576737,22.229023241307434],[113.9238452911377,22.229202743179727],[113.92255783081055,22.228169868962524],[113.92012596130371,22.227507765782907]]],[[[113.9140524183183,22.25522260823809],[113.91388893127441,22.255101561680632],[113.91380570161262,22.255563738594653],[113.91406059265137,22.25526043535973],[113.9140524183183,22.25522260823809]]],[[[113.92567057133806,22.25710277382053],[113.92607688903809,22.25859674097572],[113.92762184143066,22.2585173060517],[113.92719268798828,22.25708746971185],[113.92567057133806,22.25710277382053]]],[[[113.93753805443014,22.259770322053637],[113.93750227320683,22.259855473785585],[113.93762111773405,22.259708823556416],[113.93753805443014,22.259770322053637]]],[[[113.93779932389792,22.259576883087437],[113.93848694472265,22.259951221742032],[113.93851078289583,22.259910250066852],[113.93780221281375,22.259574744188864],[113.93779932389792,22.259576883087437]]],[[[113.9476203918457,22.25669029035913],[113.94849880292261,22.256639479958004],[113.9484993308154,22.256636060027066],[113.9476203918457,22.25669029035913]]],[[[113.9553451538086,22.257643518912644],[113.95554388959604,22.257691500043247],[113.95554233272367,22.257686457007594],[113.9553451538086,22.257643518912644]]],[[[113.93784942628588,22.232151954438308],[113.93806457519531,22.232301319992697],[113.93792152404785,22.23214242045468],[113.93784942628588,22.232151954438308]]],[[[113.93845006039268,22.23256894026725],[113.939208984375,22.23222187033626],[113.93953084933514,22.232579393959025],[113.93929481506348,22.23214242045468],[113.93845006039268,22.23256894026725]]],[[[113.94392572600445,22.23605550184314],[113.94375801086426,22.23690933363912],[113.94385099409591,22.23695236749702],[113.94401550292969,22.23611485936749],[113.94392572600445,22.23605550184314]]],[[[113.93096923828125,22.229520549100286],[113.93122673034668,22.229282194727418],[113.93096923828125,22.2290438399493],[113.93062591552734,22.229361646230075],[113.93096923828125,22.229520549100286]]],[[[113.94839286804199,22.239133837638363],[113.94950866699219,22.239133837638363],[113.95062446594238,22.238101036601662],[113.95156860351562,22.23849826867047],[113.9525714673975,22.23834355735728],[113.95062446594238,22.238021590052767],[113.94839286804199,22.239133837638363]]],[[[113.95266723684985,22.23836888475313],[113.95500183105469,22.23937217525811],[113.95523994197245,22.239206876603337],[113.95285606384277,22.238418822346787],[113.95266723684985,22.23836888475313]]],[[[113.95616071777926,22.239839277496294],[113.95620346069336,22.239928294794368],[113.95676786340833,22.239704402404456],[113.95616071777926,22.239839277496294]]],[[[113.96398810456039,22.2432418715468],[113.96435737609863,22.24334440923569],[113.96547317504883,22.24286774710464],[113.96495819091797,22.24286774710464],[113.96398810456039,22.2432418715468]]],[[[113.96701812773344,22.244329505639318],[113.97027969360352,22.24683988197377],[113.97465705871582,22.246760440380186],[113.97345542907715,22.246601557057858],[113.97354125976562,22.24461550032305],[113.97079467773438,22.244694943133084],[113.9707088470459,22.243106078372875],[113.96985054016113,22.245807137742958],[113.96701812773344,22.244329505639318]]],[[[113.90867614621087,22.258506714509135],[113.90873908996582,22.2585173060517],[113.90877587515789,22.258460565700293],[113.90867614621087,22.258506714509135]]],[[[113.91336401599894,22.256260940393453],[113.91345977783203,22.25597536468476],[113.91379083857305,22.255581424614537],[113.9132022857666,22.255737055315365],[113.91336401599894,22.256260940393453]]],[[[113.9247309907815,22.258978704019036],[113.92496109008789,22.2589939149197],[113.92493768173642,22.258863930783555],[113.9247309907815,22.258978704019036]]],[[[113.94502641759289,22.262267880999612],[113.94633595838724,22.262549221115673],[113.94641294262529,22.262509640084115],[113.94510540591011,22.262248644023018],[113.94502641759289,22.262267880999612]]],[[[114.01323080043544,22.311265401979895],[114.01250839233398,22.312522641952313],[114.01100220207582,22.313424261681632],[114.01250839233398,22.31260204619663],[114.01323080043544,22.311265401979895]]],[[[114.0075240813512,22.31339608615596],[114.00744438171387,22.312760854549794],[114.00667190551758,22.312681450395786],[114.00667190551758,22.31339608615596],[114.0075240813512,22.31339608615596]]],[[[114.00716236663642,22.312499955031818],[114.00787353515625,22.31164919228428],[114.00726514680589,22.31103964266405],[114.0066596426637,22.311853374950317],[114.00716236663642,22.312499955031818]]],[[[114.00747169149125,22.31077212767501],[114.00821685791016,22.310458115749185],[114.00761604309082,22.309664059081143],[114.00838851928711,22.30934643514955],[114.00727272019188,22.308830293658836],[114.00747169149125,22.31077212767501]]],[[[114.00739610195075,22.30802133984907],[114.00744438171387,22.307917118516784],[114.0073370934219,22.3078575633396],[114.00739610195075,22.30802133984907]]],[[[114.00715827936472,22.30775830457927],[114.00727272033691,22.306964232634044],[114.00541024485895,22.307179504442225],[114.00624275295371,22.308155338971545],[114.00715827936472,22.30775830457927]]],[[[113.97699165636982,22.2764049128995],[113.98246765136719,22.276865575849087],[113.97843360900879,22.2764684526299],[113.97699165636982,22.2764049128995]]],[[[113.98693084716797,22.277659818904695],[113.98633003234863,22.27849682393431],[113.98864831505202,22.278612114102444],[113.98701667785645,22.277739242962184],[113.98856163024902,22.278215786359908],[113.98693084716797,22.277659818904695]]],[[[113.99053573608398,22.279883675464376],[113.99109159197921,22.280076559287103],[113.99105072021484,22.27996309825889],[113.99053573608398,22.279883675464376]]],[[[113.99120563409863,22.280116132277396],[113.9912223815918,22.280121943712572],[113.99123018439253,22.28008584239203],[113.99120563409863,22.280116132277396]]],[[[113.99170303342972,22.280582594410493],[113.99165153503418,22.280677901379576],[113.99173317886094,22.28066627858755],[113.99170303342972,22.280582594410493]]],[[[113.9917854308869,22.280658840003948],[113.99232944385848,22.280581394471568],[113.99218098469649,22.280501973802345],[113.9917854308869,22.280658840003948]]],[[[113.99637222290039,22.283457656558284],[113.99680137634277,22.28361649804218],[113.99700164812793,22.28361649804218],[113.99637222290039,22.283457656558284]]],[[[113.9978599545253,22.28361649804218],[113.99808883666992,22.28361649804218],[113.99894714355469,22.283457656558284],[113.9978599545253,22.28361649804218]]],[[[114.00137049145134,22.282521502052706],[114.00115268570401,22.282521622667524],[114.0011644362672,22.282831113227182],[114.00126457214355,22.28258402517116],[114.0040111541748,22.283060552059013],[114.0049199493962,22.282850319619026],[114.00137049145134,22.282521502052706]]],[[[114.0105285645216,22.282128675685403],[114.01041984581127,22.28215382581389],[114.01058689241948,22.28257890101592],[114.0106201171875,22.282425182514316],[114.0105285645216,22.282128675685403]]],[[[114.01229331033664,22.282930675268357],[114.0132726490139,22.282884597059354],[114.01293754577637,22.282822288818096],[114.01229331033664,22.282930675268357]]],[[[114.01259422302246,22.26876403907397],[114.01259422302246,22.2689228972457],[114.01285171508789,22.268803753616904],[114.01285171508789,22.26876403907397],[114.01259422302246,22.26876403907397]]],[[[114.0183149148629,22.27890193062758],[114.01829481148997,22.27890081446855],[114.01843070983887,22.279089445038366],[114.0183149148629,22.27890193062758]]],[[[114.02134634277763,22.27055413460751],[114.02120069893894,22.270588490064338],[114.02157251164692,22.270611215771055],[114.02134634277763,22.27055413460751]]],[[[114.01276588439941,22.267810886256015],[114.01291515514761,22.268294370209077],[114.01291515514761,22.268294370209066],[114.01276588439941,22.267810886256015]]],[[[114.01988983145526,22.268128604475216],[114.01988983154297,22.26812860458344],[114.0198898317423,22.268128604608034],[114.01988983145526,22.268128604475216]]],[[[113.98913384257267,22.276459629909677],[113.98953986552272,22.27661170633889],[113.9895572662217,22.276590237082587],[113.98913384257267,22.276459629909677]]],[[[113.9897418027114,22.276647158299138],[113.98988209888218,22.276739890293168],[113.99036288800737,22.27691997049148],[113.98993492126465,22.27670672669673],[113.9897418027114,22.276647158299138]]],[[[113.94513130187988,22.277540682277213],[113.94547462463379,22.27718327361258],[113.9447021484375,22.27718327361258],[113.94513130187988,22.277540682277213]]],[[[113.94289970397949,22.280294026005475],[113.9435267938685,22.28005224599933],[113.94350051879883,22.279248291484436],[113.94289970397949,22.280042521008284],[113.94289970397949,22.280294026005475]]],[[[113.96443784252914,22.29575740975585],[113.96423339849441,22.295811455281065],[113.96427154541016,22.296561472217107],[113.96461486816406,22.296084991355357],[113.96443784252914,22.29575740975585]]],[[[113.98325838364164,22.2981518866843],[113.98152351379395,22.294655539021264],[113.98340084408237,22.2921430358229],[113.98040771484375,22.291796590485788],[113.98152351379395,22.294973196359237],[113.9802360534668,22.29529085297507],[113.98325838364164,22.2981518866843]]],[[[113.98246765136719,22.291216339632587],[113.9839559242052,22.289328676601468],[113.98366928100586,22.28806398632257],[113.98083686828613,22.289493506077335],[113.98066520690918,22.291081844213437],[113.98246765136719,22.291216339632587]]],[[[113.98560467885763,22.288358300349664],[113.98655551965138,22.286685603113202],[113.98504257202148,22.286475613893487],[113.98409843444824,22.288222822572834],[113.98560467885763,22.288358300349664]]],[[[113.98652276902983,22.28611929121592],[113.98564338684082,22.28552258177318],[113.9857292175293,22.28615793724194],[113.98652276902983,22.28611929121592]]],[[[113.98526573093383,22.285681419467306],[113.9852786062967,22.285304177681528],[113.98495674133301,22.28536374245482],[113.98526573093383,22.285681419467306]]],[[[113.9970588684082,22.284093021411167],[113.99863009188195,22.283745354158288],[113.99791717529297,22.283775339345638],[113.9970588684082,22.284093021411167]]],[[[113.9750862121582,22.29743501624351],[113.97542953491211,22.295529094963044],[113.97723197937012,22.295529094963044],[113.97791862487793,22.292431917437014],[113.97371292114258,22.2952114388888],[113.97482872009277,22.295846750315178],[113.97388458251953,22.297593841843366],[113.9762020111084,22.2984673794153],[113.9750862121582,22.29743501624351]]],[[[113.97162998696267,22.291296154466647],[113.97268295288086,22.291399509674633],[113.97272191146179,22.291376980219923],[113.97162998696267,22.291296154466647]]],[[[113.97335103968376,22.291013160094963],[113.97439956665039,22.290843594643704],[113.97482872009277,22.29227308596998],[113.97482872009277,22.291161260646433],[113.97405624389648,22.290525927918978],[113.97335103968376,22.291013160094963]]],[[[113.97347995217729,22.292627052982972],[113.9737631634498,22.293506930539586],[113.97397041320801,22.293464317572727],[113.97405624389648,22.29298782615011],[113.97347995217729,22.292627052982972]]],[[[114.01512292759313,22.28500533455212],[114.01519105742628,22.284971712616695],[114.01516914367676,22.28496664336936],[114.01512292759313,22.28500533455212]]],[[[114.01664807251763,22.28328048689117],[114.01671409606934,22.282981131023817],[114.01634774569156,22.282835848525625],[114.01664807251763,22.28328048689117]]],[[[114.01613148775968,22.282750087749868],[114.01611328125,22.282742867647556],[114.01609651431959,22.282751733261804],[114.01613148775968,22.282750087749868]]],[[[114.00572776794434,22.303073214469705],[114.00452613830566,22.303152624087218],[114.00461717091598,22.303220001894562],[114.00572776794434,22.303073214469705]]],[[[114.00696240940245,22.310146599747696],[114.00701522827148,22.30926702905377],[114.00680624931756,22.308990832439125],[114.00696240940245,22.310146599747696]]],[[[114.0060138717577,22.307943588228856],[114.00581359863281,22.307678897655663],[114.00570683374113,22.30764597280864],[114.00572776794434,22.307678897655663],[114.0060138717577,22.307943588228856]]],[[[114.00437537781505,22.30588943988609],[114.00435447692871,22.305852524219958],[114.00431445794062,22.305835246129732],[114.00437537781505,22.30588943988609]]],[[[114.00043779600904,22.301912856894056],[114.00057792663574,22.301961475084482],[114.00019781953856,22.30155761658571],[114.00043779600904,22.301912856894056]]],[[[114.00617917385436,22.304984914936803],[114.0062427520752,22.304979032829365],[114.00589942932129,22.304661398241976],[114.00617917385436,22.304984914936803]]],[[[113.92491817539337,22.272272115105977],[113.9253044128418,22.27170288605396],[113.924155049081,22.271577754478415],[113.92424961752582,22.27181841627609],[113.92491817539337,22.272272115105977]]],[[[113.92610329936313,22.274586128828286],[113.92620528674954,22.274706245010798],[113.9267635345459,22.274641671298824],[113.92610329936313,22.274586128828286]]],[[[113.91720935301954,22.284356242650997],[113.9175796508789,22.284013600962453],[113.91743659970436,22.283907706860408],[113.91720935301954,22.284356242650997]]],[[[113.98487091064453,22.193047619881654],[113.98444175720215,22.19312709190349],[113.98444175720215,22.193444979541084],[113.98478507995605,22.19336550769914],[113.98487091064453,22.193047619881654]]],[[[113.91406613012151,22.218824958890686],[113.91412067391401,22.21912792075706],[113.91419931879665,22.21883670164237],[113.91406613012151,22.218824958890686]]],[[[113.90908241271973,22.222608107770526],[113.90933990478516,22.222608107770526],[113.9091682434082,22.222369741646958],[113.90839576721191,22.223005383742787],[113.90908241271973,22.222608107770526]]],[[[113.91328811645508,22.29534860860852],[113.91328811645508,22.295370267016196],[113.9135456090571,22.295370267016196],[113.91328811645508,22.29534860860852]]],[[[114.13627624511719,22.194239695487198],[114.13601875305176,22.191935006854436],[114.13622203587386,22.19183462028316],[114.13594382158276,22.191931222405653],[114.13627624511719,22.194239695487198]]],[[[114.12443161010742,22.214900731231438],[114.125680056909,22.214828495120102],[114.12528991699219,22.21474181179542],[114.12443161010742,22.214900731231438]]],[[[114.1274356842041,22.215218569563348],[114.12760734558105,22.215059650487404],[114.12752151489258,22.21482127153594],[114.1274356842041,22.215218569563348]]]]}},{"type":"Feature","properties":{"divisionCode":"SSP","area":"Kowloon"},"geometry":{"type":"MultiPolygon","coordinates":[[[[114.1738001347293,22.34459002264131],[114.17308491,22.34053992],[114.17684755,22.33338776],[114.17447434,22.32664808],[114.16058711,22.32620969],[114.16189154,22.32522923],[114.1619232,22.32461547],[114.15836711,22.32475646],[114.15901245,22.32278588],[114.15767457,22.3218321],[114.15497308,22.32505634],[114.15272989,22.3226501],[114.1445677,22.32897264],[114.14359147,22.32623546],[114.14133878,22.32782094],[114.14054267,22.32664252],[114.14270662049054,22.32545853034925],[114.13970947265625,22.323241806408248],[114.14065361022949,22.3221302276135],[114.13747787475586,22.325623731150884],[114.13790702819824,22.326338300644537],[114.13558959960938,22.323559398723233],[114.13061141967773,22.321018639964308],[114.13128075,22.31876827],[114.13033433,22.32122485],[114.13510859,22.32361218],[114.14214555,22.3309659],[114.13398692,22.3357219],[114.13167337,22.33931342],[114.13520185,22.33964245],[114.13818001,22.34203546],[114.1408806,22.3398769],[114.14332046,22.34126362],[114.14536781,22.33999806],[114.14892305,22.34060206],[114.14700508117676,22.341502190102062],[114.1468334197998,22.34388380300689],[114.15043830871582,22.344757050877234],[114.15125801,22.34722007],[114.15146827697754,22.34404257575386],[114.15421485900879,22.34523336559164],[114.16202545166016,22.34126402657381],[114.16485786437988,22.342216678245677],[114.16279792785645,22.342772388714664],[114.16202545166016,22.346027219831967],[114.16314125061035,22.347376761663867],[114.16305541992188,22.345312751219126],[114.16563034057617,22.346265375222387],[114.1738001347293,22.34459002264131]],[[114.16751861572266,22.34570967867839],[114.16399955749512,22.34380441656559],[114.16468620300293,22.34253422735634],[114.16811943054199,22.343169323407665],[114.16872024536133,22.345074594201023],[114.16751861572266,22.34570967867839]],[[114.16666030883789,22.338723590290897],[114.16357040405273,22.33896175815876],[114.16219711303711,22.33658006117352],[114.16391372680664,22.335230414824792],[114.16674613952637,22.3383266429404],[114.16906356811523,22.336659451728437],[114.16889190673828,22.33824725333467],[114.16666030883789,22.338723590290897]],[[114.16760444641113,22.330705034692443],[114.16743278503418,22.328402591956774],[114.17009353637695,22.328243801401797],[114.16983604431152,22.331498971651612],[114.16760444641113,22.330705034692443]],[[114.16889190673828,22.335230414824792],[114.16889190673828,22.333801363277445],[114.17017936706543,22.334277715420257],[114.1713809967041,22.33927931468311],[114.17017936706543,22.33935870370118],[114.16889190673828,22.335230414824792]],[[114.136962890625,22.336103716894897],[114.1384220123291,22.33927931468311],[114.13644790649414,22.34007320282973],[114.13498878479004,22.335309806148047],[114.1421127319336,22.332372297087176],[114.1424560546875,22.333801363277445],[114.136962890625,22.336103716894897]]],[[[114.14295912734087,22.325320373076778],[114.14368494,22.32492325],[114.14361876776401,22.324932066761672],[114.14295912734087,22.325320373076778]]],[[[114.14355646974781,22.324940367323883],[114.14339336,22.3249621],[114.14279373214183,22.324666034066368],[114.14340019226074,22.32498855519532],[114.14355646974781,22.324940367323883]]],[[[114.14168996572349,22.32291830413192],[114.14179832,22.32301848],[114.14170104682893,22.322908053465724],[114.14168996572349,22.32291830413192]]],[[[114.14171330963154,22.32289670966101],[114.14185143,22.32296856],[114.14175421238177,22.32285887224117],[114.14171330963154,22.32289670966101]]],[[[114.14189362703982,22.32272990558444],[114.14226855,22.32314469],[114.14242736,22.32304156],[114.14199910811287,22.32263232946491],[114.14189362703982,22.32272990558444]]],[[[114.1421818459369,22.322463286363167],[114.14243963,22.32270804],[114.14248269,22.32267524],[114.1424560546875,22.322686018117693],[114.1421818459369,22.322463286363167]]],[[[114.14242816196071,22.322263222570637],[114.14271343,22.32237073],[114.14237022399902,22.32220962639248],[114.14242816196071,22.322263222570637]]],[[[114.14266607138659,22.3223245061435],[114.14312424,22.3215326],[114.1435854427713,22.32196311089341],[114.14314270019531,22.32149503575529],[114.14266607138659,22.3223245061435]]],[[[114.14372461739552,22.322110248722467],[114.14310814,22.32268121],[114.14322951,22.32278884],[114.14372461739552,22.322110248722467]]],[[[114.14384302998094,22.322225449841284],[114.14373181,22.32241145],[114.14391016919402,22.322303084475376],[114.14384302998094,22.322225449841284]]],[[[114.14434297710953,22.32280355033752],[114.14395312,22.32338643],[114.14438838,22.32296797],[114.14498483586092,22.32352268219694],[114.14520263671875,22.323321204554773],[114.14434297710953,22.32280355033752]]],[[[114.14533272800307,22.323846226698905],[114.14456628,22.32430656],[114.14460167116084,22.324377293116022],[114.1453742980957,22.32387699031537],[114.14533272800307,22.323846226698905]]],[[[114.14461848355934,22.32441089453811],[114.14462382,22.32442156],[114.14465785003726,22.324402490867556],[114.14461848355934,22.32441089453811]]],[[[114.14748408476918,22.322196795161407],[114.1475196,22.32213662],[114.1475193978839,22.322131461703837],[114.14748408476918,22.322196795161407]]],[[[114.14759857875332,22.32141300419667],[114.14785312,22.32115413],[114.14757446021699,22.32140432756976],[114.14759857875332,22.32141300419667]]],[[[114.14735969511416,22.32132706597129],[114.14734463,22.32130879],[114.14707032344091,22.32122296471027],[114.14735969511416,22.32132706597129]]],[[[114.1461496327183,22.320891746854155],[114.14583875448898,22.320654299485188],[114.14606094360352,22.320859841005927],[114.1461496327183,22.320891746854155]]],[[[114.14523274282772,22.32009369345055],[114.14502235,22.31966387],[114.14461608526538,22.319187404874242],[114.1450309753418,22.319907043461058],[114.14523274282772,22.32009369345055]]],[[[114.14442994974888,22.318082389857707],[114.14444839449307,22.31807239594908],[114.14443016052246,22.31808082998515],[114.14442994974888,22.318082389857707]]],[[[114.14474014427208,22.31791431727885],[114.14474276,22.3179129],[114.14473024295623,22.3179120273737],[114.14474014427208,22.31791431727885]]],[[[114.14436551162333,22.31777484583759],[114.14425682,22.31711336],[114.14322198191371,22.31657592113627],[114.14436551162333,22.31777484583759]]],[[[114.14296669393116,22.316126444150893],[114.14282975,22.31573001],[114.14271917953444,22.31561124623263],[114.14296669393116,22.316126444150893]]],[[[114.1420524458576,22.315376124360924],[114.14204837,22.31537778],[114.14203905837769,22.31539263750133],[114.1420524458576,22.315376124360924]]],[[[114.14035871226464,22.317449225133288],[114.14005066085625,22.317724018167127],[114.14022445678711,22.317683823893702],[114.14035871226464,22.317449225133288]]],[[[114.1392521966083,22.317908681238034],[114.13907498,22.3178339],[114.13878267,22.31794097],[114.13881157547894,22.318010584925094],[114.1392521966083,22.317908681238034]]],[[[114.13803645348443,22.31718368389762],[114.13845958,22.31502685],[114.13841570445156,22.31502013762849],[114.13803645348443,22.31718368389762]]],[[[114.13567176051666,22.314600350942218],[114.1352074,22.31452931],[114.13702208876657,22.314894281341378],[114.13567176051666,22.314600350942218]]],[[[114.13815927613996,22.315141816663704],[114.13800927749027,22.315892945675557],[114.13816452026367,22.31514295816939],[114.13815927613996,22.315141816663704]]],[[[114.13745014921307,22.31859412920295],[114.13726554,22.3185785],[114.13743676497486,22.318658789291216],[114.13745014921307,22.31859412920295]]],[[[114.13743564188186,22.318664215023492],[114.13731691,22.31884729],[114.13361549377441,22.318239632105545],[114.13739204406738,22.31887483878033],[114.13743564188186,22.318664215023492]]],[[[114.13308174969862,22.317274047082595],[114.13194319,22.31785466],[114.1319440922121,22.317875440839007],[114.13308174969862,22.317274047082595]]],[[[114.15248120564553,22.346234440304066],[114.15253807,22.34618862],[114.15294736905552,22.346253388552977],[114.15241241455078,22.345789064034605],[114.15248120564553,22.346234440304066]]],[[[114.15348840982539,22.346339004259374],[114.15353367301522,22.346346166824908],[114.15352821350098,22.346265375222387],[114.15348840982539,22.346339004259374]]],[[[114.14219856262207,22.321336237338997],[114.14337137324492,22.3211328127928],[114.14322853088379,22.32109803937574],[114.14219856262207,22.321336237338997]]]]}},{"type":"Feature","properties":{"divisionCode":"WTS","area":"Kowloon"},"geometry":{"type":"MultiPolygon","coordinates":[[[[114.22393144384355,22.33449094031985],[114.22181826,22.33395342],[114.22096547049087,22.333872835174624],[114.22382354736328,22.334515890881534],[114.22393144384355,22.33449094031985]]],[[[114.22063421199294,22.333851681945397],[114.21413475,22.33229487],[114.21128631,22.3344047],[114.20717689,22.3329025],[114.20289295,22.33532287],[114.19418266,22.33042911],[114.19164365,22.33052316],[114.19251443,22.33130786],[114.19073041,22.33342005],[114.18716729,22.33247042],[114.18614984,22.33793352],[114.18318719,22.33968718],[114.18445297,22.34309672],[114.18169787,22.3441393],[114.18145210455423,22.346430831669274],[114.18262481689453,22.347217992714818],[114.18511390686035,22.344677664933258],[114.18768882751465,22.348011835651448],[114.18957710266113,22.346027219831967],[114.19472694396973,22.34745614607057],[114.19584274291992,22.346503530205894],[114.19343948364258,22.349678891100126],[114.19755935668945,22.350710867812992],[114.1988468170166,22.35277479831126],[114.20245170593262,22.351901600677508],[114.2057991027832,22.34848813924303],[114.2087173461914,22.349678891100126],[114.21215057373047,22.34817060369619],[114.20845985412598,22.344360120705247],[114.21249389648438,22.341660965561545],[114.2112922668457,22.339755648113524],[114.2083740234375,22.33983503686038],[114.20897483825684,22.336341889237602],[114.2109489440918,22.336341889237602],[114.21163558959961,22.33467467429641],[114.21292304992676,22.337929694459845],[114.21146392822266,22.338802979625385],[114.21335220336914,22.340231979916595],[114.21592712402344,22.337056403824988],[114.21463966369629,22.336500670573415],[114.21807289123535,22.33658006117352],[114.22063421199294,22.333851681945397]],[[114.18940544128418,22.339041147357662],[114.19103622436523,22.337135794108704],[114.19275283813477,22.338088473987668],[114.19103622436523,22.340628921842708],[114.18957710266113,22.340946474569904],[114.18940544128418,22.339041147357662]],[[114.20605659484863,22.345392136801408],[114.20391082763672,22.344201348319984],[114.20408248901367,22.345868449345602],[114.20202255249023,22.346027219831967],[114.20279502868652,22.343328096968406],[114.2057991027832,22.34229606559117],[114.20605659484863,22.345392136801408]]],[[[114.17952544835896,22.34892443603954],[114.17948215985845,22.348980462846143],[114.17958500328196,22.348945621210795],[114.17952544835896,22.34892443603954]]],[[[114.18490598772718,22.349646049800263],[114.18490598772719,22.349646049800263],[114.18502807617188,22.349043824709128],[114.18490598772718,22.349646049800263]]],[[[114.19832979754713,22.3545668958638],[114.19953346252441,22.355314978494377],[114.20003990476896,22.354830768823902],[114.19858932495117,22.354521177162113],[114.19832979754713,22.3545668958638]]],[[[114.2080754235562,22.355148385343817],[114.20817337,22.35520506],[114.20896141103779,22.355865279807126],[114.20794486999512,22.3549974585042],[114.2080754235562,22.355148385343817]]],[[[114.22230563256844,22.358407355294368],[114.22233749,22.35840942],[114.22235824613578,22.358268332483934],[114.22230563256844,22.358407355294368]]],[[[114.22236299085664,22.358236080773587],[114.22239900220967,22.357991297621137],[114.22230108338319,22.35754903662564],[114.22236299085664,22.358236080773587]]],[[[114.22229320578103,22.35728144533352],[114.2222997225433,22.357250613447167],[114.2222785949707,22.35729946203729],[114.22229320578103,22.35728144533352]]],[[[114.22230066018737,22.35724844554118],[114.22246592,22.35700193],[114.22245025634766,22.356902567590225],[114.22230066018737,22.35724844554118]]],[[[114.2222711495084,22.35677833462668],[114.22208445950932,22.356699586953766],[114.22245025634766,22.356902567590225],[114.2222711495084,22.35677833462668]]],[[[114.21984100347275,22.35688669162961],[114.21984100347275,22.356886691629605],[114.21982206159645,22.356790342101334],[114.21984100347275,22.35688669162961]]],[[[114.21518007916559,22.354962177075862],[114.21524047851562,22.354124274799943],[114.21515464782715,22.354679937790394],[114.21518007916559,22.354962177075862]]],[[[114.22176361083984,22.35516614108662],[114.22176361083984,22.355192855501258],[114.22180480957032,22.355194320977716],[114.22177505493164,22.35516680258641],[114.22176361083984,22.35516614108662]]]]}},{"type":"Feature","properties":{"divisionCode":"CW","area":"Hong Kong Island"},"geometry":{"type":"MultiPolygon","coordinates":[[[[114.11267432,22.28620864],[114.11354325,22.28615304],[114.11476974,22.28555093],[114.11531418,22.28419426],[114.11427946,22.28350767],[114.11256101702966,22.283633114106433],[114.11524772644043,22.284331282486605],[114.1120719909668,22.28607851796626],[114.11083542816672,22.283821508779372],[114.11122563,22.28569561],[114.11202677,22.28613767],[114.11267432,22.28620864]]],[[[114.112512756007,22.28359838100872],[114.11253517,22.28307418],[114.11133271,22.28283033],[114.11084083,22.28333941],[114.112512756007,22.28359838100872]]],[[[114.11683017,22.28633466],[114.11740693,22.28556856],[114.11701922,22.28475669],[114.11610052,22.28552813],[114.11683017,22.28633466]]],[[[114.14557662,22.29050473],[114.15147221,22.28827178],[114.15263219,22.2894258],[114.15134911,22.29003723],[114.15343913,22.2895135],[114.15237649,22.28807216],[114.15422122,22.28739695],[114.1558224,22.28892666],[114.16033448,22.28776415],[114.16232784,22.28702075],[114.16272935,22.28470285],[114.16743658,22.28321201],[114.16655216,22.27955415],[114.16820026,22.27970239],[114.16807032,22.27742249],[114.16603344,22.27284423],[114.16485786437988,22.273609132166925],[114.16417121887207,22.272258877186815],[114.16262626647949,22.274085689636408],[114.15902137756348,22.273926837326982],[114.15816307067871,22.27321199970217],[114.15910720825195,22.273688558524597],[114.1618537902832,22.272894292918593],[114.16348457336426,22.270749753256823],[114.16391372680664,22.269717185398918],[114.16555536731265,22.269662928569996],[114.1660933193021,22.26876403907397],[114.16305541992188,22.26804917506921],[114.16365623474121,22.264395368675707],[114.16030103496549,22.26494416781927],[114.16065216064453,22.26693715713583],[114.15764808654785,22.266698866428925],[114.15558815002441,22.263283321707306],[114.15095329284668,22.2635216182301],[114.15135026003584,22.260235076428394],[114.15044784558165,22.258226044192867],[114.14880752563477,22.25835843606845],[114.14640426635742,22.263839346296024],[114.15121078491211,22.266063422560038],[114.15121078491211,22.26900232626393],[114.14932250976562,22.271146892711442],[114.14466261830272,22.271610220495614],[114.14700508117676,22.27170288605396],[114.14588928222656,22.272417731390334],[114.14820671081543,22.27321199970217],[114.14777755737305,22.274800522796454],[114.1439151763916,22.273370852823362],[114.1421127319336,22.273926837326982],[114.14580345153809,22.27654787736394],[114.14468765258789,22.274879948477633],[114.14726257324219,22.27607132828315],[114.1482925415039,22.27511822525055],[114.14872169494629,22.271861740888824],[114.15035247802734,22.271146892711442],[114.15369987487793,22.270908609173958],[114.15524482727051,22.272735439256238],[114.15172576904297,22.273688558524597],[114.15224075317383,22.276389027850755],[114.14734840393066,22.281392700846396],[114.13825035095215,22.27956598383527],[114.13919448852539,22.281472122783825],[114.1349755799017,22.281875341225355],[114.1329288482666,22.282981131023817],[114.13387298583984,22.284093021411167],[114.13284301757812,22.28313997304909],[114.13207054138184,22.281313278863863],[114.1325855255127,22.277500970654415],[114.12995330103004,22.275409644234585],[114.12177857,22.2724455],[114.11634014,22.27481458],[114.11739437,22.27997334],[114.12293801,22.28400405],[114.12221256,22.28249446],[114.12755145,22.28396624],[114.13224220275879,22.287746313280607],[114.13507461547852,22.287666894907304],[114.13501424,22.28968424],[114.14557662,22.29050473]],[[114.11816596984863,22.279010021747666],[114.11722183227539,22.276786151295468],[114.1193675994873,22.274006263504248],[114.12417411804199,22.27352970576416],[114.12837982177734,22.27527707620699],[114.12674903869629,22.28115443476345],[114.1193675994873,22.280757323722995],[114.11816596984863,22.279010021747666]],[[114.16502952575684,22.26955832812901],[114.16374206542969,22.269717185398918],[114.16202545166016,22.272497158424443],[114.15884971618652,22.273370852823362],[114.15721893310547,22.272894292918593],[114.1560173034668,22.27352970576416],[114.15404319763184,22.270749753256823],[114.15249824523926,22.270829181237943],[114.15430068969727,22.27027318442319],[114.1574764251709,22.27233830431112],[114.15824890136719,22.270749753256823],[114.15902137756348,22.272179450017404],[114.16348457336426,22.26924061304807],[114.16502952575684,22.26955832812901]]],[[[114.16634072571979,22.268717948926543],[114.16647433,22.26874938],[114.16672914094846,22.268554564221166],[114.16634072571979,22.268717948926543]]],[[[114.16717204037636,22.2683398026869],[114.16719049,22.26833618],[114.16716996224378,22.268322494350898],[114.16717204037636,22.2683398026869]]],[[[114.13175958530374,22.289489875986586],[114.1317641,22.28952537],[114.13284598315161,22.289368030827074],[114.13175958530374,22.289489875986586]]],[[[114.14595950717822,22.273089249387343],[114.1453742980957,22.27345027931632],[114.14580345153809,22.273291426285297],[114.14595950717822,22.273089249387343]]],[[[114.13893699645996,22.273688558524597],[114.13970947265625,22.272735439256238],[114.14039611816406,22.272894292918593],[114.14277346573452,22.272101521461714],[114.13928031921387,22.272417731390334],[114.13893699645996,22.273688558524597]]],[[[114.14317131042479,22.271888216356412],[114.1428303724911,22.272082371904393],[114.14439082154179,22.271557268905543],[114.14424133287201,22.271528145443085],[114.14317131042479,22.271888216356412]]]]}},{"type":"Feature","properties":{"divisionCode":"KLC","area":"Kowloon"},"geometry":{"type":"MultiPolygon","coordinates":[[[[114.17948215985845,22.348980462846143],[114.17919158935547,22.348805674066398],[114.17886052817467,22.348873717117065],[114.17893409729004,22.349043824709128],[114.17948215985845,22.348980462846143]]],[[[114.18145210455423,22.346430831669274],[114.18169787,22.3441393],[114.18445297,22.34309672],[114.18318719,22.33968718],[114.18614984,22.33793352],[114.18716729,22.33247042],[114.19073041,22.33342005],[114.19251443,22.33130786],[114.19164365,22.33052316],[114.19418266,22.33042911],[114.19861904,22.33384605],[114.20464751,22.33496028],[114.20511634,22.32789048],[114.20171005,22.32376643],[114.21086389,22.31602947],[114.21033006,22.31372868],[114.20749844,22.31626783],[114.20609989,22.31485878],[114.21529409,22.30810487],[114.21734407,22.30482501],[114.21589349,22.30326195],[114.21365963,22.30474593],[114.19730946917396,22.319602105406386],[114.19961929321289,22.323003611697644],[114.1977310180664,22.324035785840366],[114.19901847839355,22.324829760754625],[114.19695854187012,22.32760863737448],[114.20159339904785,22.331419578159057],[114.20064926147461,22.332451690037445],[114.19266700744629,22.32459156875474],[114.19597174333812,22.320717365236796],[114.19199942,22.31447823],[114.19178628,22.30992477],[114.19386556,22.30834255],[114.19311072,22.30277131],[114.18685815,22.29981179],[114.17707028,22.31181662],[114.17276313,22.32110544],[114.17685957,22.33288178],[114.17312802,22.34298085],[114.17412757873535,22.345074594201023],[114.17464256286621,22.343963189402984],[114.17635917663574,22.345392136801408],[114.17893409729004,22.344518892909676],[114.18145210455423,22.346430831669274]],[[114.20048154,22.32132929],[114.20004631,22.32027817],[114.20573078,22.31518982],[114.20713522,22.31659868],[114.20048154,22.32132929]],[[114.17910575866699,22.335230414824792],[114.18133735656738,22.33507163204264],[114.18168067932129,22.33896175815876],[114.17936325073242,22.33896175815876],[114.17910575866699,22.335230414824792]],[[114.18554306030273,22.333801363277445],[114.1838264465332,22.334833457530493],[114.18245315551758,22.3332456170545],[114.18219566345215,22.330863822445806],[114.1838264465332,22.329672909889766],[114.18537139892578,22.329593515357843],[114.18554306030273,22.333801363277445]],[[114.19764518737793,22.319351241889265],[114.2014217376709,22.315936983676522],[114.20279502868652,22.316572200830308],[114.19953346252441,22.320145243457105],[114.19944763183594,22.32189203100549],[114.19764518737793,22.319351241889265]]],[[[114.18195993613854,22.306505369104173],[114.18195599398625,22.306527924717802],[114.1820240020752,22.306408379533195],[114.18195993613854,22.306505369104173]]],[[[114.17805300796313,22.349035396247803],[114.17822725628636,22.348875718273572],[114.17738914489746,22.34848813924303],[114.17727667705982,22.34874818932988],[114.17805300796313,22.349035396247803]]]]}},{"type":"Feature","properties":{"divisionCode":"WC","area":"Hong Kong Island"},"geometry":{"type":"MultiPolygon","coordinates":[[[[114.19771836,22.25789633],[114.19764182326273,22.257878711315954],[114.19772468191948,22.257925967765292],[114.19771836,22.25789633]]],[[[114.19747352600098,22.257839969446536],[114.19742916796937,22.257829758269892],[114.19721603393555,22.257961260321494],[114.19747352600098,22.25788182503689],[114.19747352600098,22.257839969446536]]],[[[114.1965492816786,22.258120471358957],[114.19646941,22.25812168],[114.19644355773926,22.258120130755486],[114.19646399357241,22.258139043844594],[114.1965492816786,22.258120471358957]]],[[[114.19634625749028,22.258055809073618],[114.19629922,22.25803065],[114.19575030923839,22.257661849199238],[114.19585834832456,22.257795167761557],[114.19644355773926,22.258120130755486],[114.19634625749028,22.258055809073618]]],[[[114.19533775487697,22.257389124404952],[114.19437729,22.25704469],[114.18964954,22.25729655],[114.18843528617604,22.255822861915615],[114.18966293334961,22.257325776782622],[114.18871879577637,22.2582790010092],[114.18854713439941,22.257802389707223],[114.18622970581055,22.25700803393144],[114.18408393859863,22.25867617585466],[114.18828964233398,22.257722954332465],[114.1878604888916,22.259549956548113],[114.18940544128418,22.259867693629857],[114.19232368469238,22.25724634113743],[114.19266700744629,22.2585173060517],[114.18846130371094,22.262171265902936],[114.18176651000977,22.263442186100917],[114.18150901794434,22.2649513888463],[114.18107986450195,22.2626478623296],[114.1797924041748,22.262727294909595],[114.17558670043945,22.26876403907397],[114.17378425598145,22.26876403907397],[114.17318344116211,22.26812860458344],[114.17000770568848,22.26765202682178],[114.1724967956543,22.262806727444513],[114.17100088939924,22.260730119216124],[114.16897773742676,22.261138634744498],[114.17043685913086,22.261774100974336],[114.16975021362305,22.266619436103113],[114.16704841130233,22.26649165733165],[114.16717529296875,22.268366892855553],[114.1655692,22.26916721],[114.16751861572266,22.27130574817764],[114.16983604431152,22.270829181237943],[114.17000770568848,22.267810886256015],[114.17584419250488,22.270352612674856],[114.17824745178223,22.266698866428925],[114.17987823486328,22.266778296709646],[114.17593002319336,22.271544031038715],[114.17155265808105,22.269796613966236],[114.17163848876953,22.272417731390334],[114.1673469543457,22.274085689636408],[114.16580200195312,22.271782313493944],[114.16807032,22.27742249],[114.16820026,22.27970239],[114.16655216,22.27955415],[114.16743658,22.28321201],[114.17067327,22.2826472],[114.17223039,22.28463926],[114.17430732,22.28518251],[114.17461622,22.28290794],[114.18089545,22.28430692],[114.1802258,22.28249993],[114.18235926,22.28559547],[114.18318767,22.28230595],[114.18653429,22.28445837],[114.18987281,22.28519405],[114.18742644,22.28797866],[114.18930193,22.28853895],[114.19290854,22.2869032],[114.19314099,22.28312782],[114.19398191,22.28603615],[114.19583172,22.28641185],[114.19344214,22.28087803],[114.1962718963623,22.274323967762314],[114.19429779052734,22.274165115723477],[114.19378280639648,22.271623458568882],[114.19404029846191,22.270908609173958],[114.19610023498535,22.270590897159323],[114.19421195983887,22.27130574817764],[114.19515609741211,22.27321199970217],[114.19721603393555,22.270908609173958],[114.19163703918457,22.263998210058503],[114.1904354095459,22.265110251346414],[114.19103622436523,22.265189682528856],[114.19163703918457,22.2658251303653],[114.19086456298828,22.26876403907397],[114.18906211853027,22.26765202682178],[114.1889762878418,22.268605180721877],[114.18768882751465,22.26876403907397],[114.19120788574219,22.26074146688579],[114.19309616088867,22.26058259942677],[114.19533775487697,22.257389124404952]],[[114.18279647827148,22.274006263504248],[114.1805648803711,22.273370852823362],[114.18391227722168,22.270590897159323],[114.18434143066406,22.27130574817764],[114.18279647827148,22.274006263504248]],[[114.1710376739502,22.28123385683621],[114.17412757873535,22.280836746021293],[114.1739559173584,22.284490122977985],[114.17215347290039,22.284331282486605],[114.1724967956543,22.281472122783825],[114.1710376739502,22.28123385683621]],[[114.18597221374512,22.28353707732279],[114.18760299682617,22.279724829740047],[114.19112205505371,22.281948653461086],[114.1907787322998,22.285125483138884],[114.18597221374512,22.28353707732279]]],[[[114.18833506666503,22.25523542144466],[114.18831268,22.25467234],[114.18820619248248,22.254480020527843],[114.18833506666503,22.25523542144466]]],[[[114.18816969814516,22.254455136219214],[114.18711357,22.25403686],[114.18696976704439,22.25407071428583],[114.18816969814516,22.254455136219214]]],[[[114.20555143895179,22.26926971615797],[114.20323410959809,22.267572364272063],[114.19919013977051,22.269796613966236],[114.20408248901367,22.269478899426417],[114.20468330383301,22.270590897159323],[114.20555143895179,22.26926971615797]]],[[[114.18811798095703,22.259867693629857],[114.18477058410645,22.259549956548113],[114.18768882751465,22.259867693629857],[114.18811798095703,22.259867693629857]]],[[[114.17927742004395,22.261376934918772],[114.17896530803888,22.26159357135701],[114.17896380789676,22.261725218917448],[114.17927742004395,22.261376934918772]]],[[[114.17936325073242,22.260820900547685],[114.17935098917866,22.26083224823207],[114.17927742004395,22.261376934918772],[114.17936325073242,22.260820900547685]]],[[[114.17936325073242,22.260820900547685],[114.17962074279785,22.260820900547685],[114.17953491210938,22.260662033178818],[114.17936325073242,22.260820900547685]]],[[[114.18168067932129,22.258835045477326],[114.18176651000977,22.258835045477326],[114.1820240020752,22.25875561068854],[114.18193817138672,22.25867617585466],[114.18168067932129,22.258835045477326]]],[[[114.17970657348633,22.260344297900147],[114.1805648803711,22.25962939088616],[114.18090040032105,22.259008357581376],[114.18082237243652,22.2589939149197],[114.17970657348633,22.260344297900147]]],[[[114.16863441467285,22.27170288605396],[114.16914939880371,22.272576585413475],[114.17069435119629,22.271385175843093],[114.16983604431152,22.271146892711442],[114.16863441467285,22.27170288605396]]],[[[114.1673469543457,22.272179450017404],[114.16760444641113,22.272258877186815],[114.16786193847656,22.271941168238612],[114.16760444641113,22.271782313493944],[114.1673469543457,22.272179450017404]]]]}},{"type":"Feature","properties":{"divisionCode":"TM","area":"New Territories"},"geometry":{"type":"MultiPolygon","coordinates":[[[[113.97487618819848,22.430464581565097],[113.98950009,22.42972415],[113.99200684,22.43199029],[113.99325143,22.43031894],[113.99645725,22.43271971],[113.99375697,22.42570415],[113.99734666,22.42236617],[114.00676908,22.42191381],[114.00694142,22.41477377],[114.00812447503054,22.41475480434752],[113.99740219116211,22.413805678191537],[113.99491310119629,22.411345913697943],[113.9897632598877,22.411583957326542],[113.99036407470703,22.411822000547275],[113.99062156677246,22.413885024708136],[113.99044990539551,22.41451979520933],[113.98727416992188,22.4116633051121],[113.98521423339844,22.412377433142822],[113.98590087890625,22.41063178036501],[113.98401260375977,22.41047308357031],[113.9842700958252,22.4072991096119],[113.98263931274414,22.40793391020371],[113.98332595825195,22.405474041757174],[113.98126602172852,22.40388700674859],[113.98040771484375,22.398887728023837],[113.98263931274414,22.39936385755361],[113.98375511169434,22.403807654522453],[113.98633003234863,22.4026967185993],[113.98358345031738,22.404918581565653],[113.98444175720215,22.406108850686095],[113.98547172546387,22.40507728470405],[113.9846134185791,22.40793391020371],[113.98650169372559,22.404918581565653],[113.9883041381836,22.40793391020371],[113.98959159851074,22.401109651877206],[113.98787498474121,22.398332241511383],[113.98967742919922,22.394761203792655],[113.98272514343262,22.39484056118286],[113.98229598999023,22.393332763024247],[113.98324012756348,22.391348793169826],[113.98301124576865,22.390290664027834],[113.98306846618652,22.391428152507444],[113.98221015930176,22.393253404773546],[113.98255348205566,22.394285058500316],[113.98075103759766,22.39468184635716],[113.98263931274414,22.395475418673982],[113.97851943969727,22.395475418673982],[113.97980690002441,22.396507055914597],[113.97869110107422,22.397379973754752],[113.97834777832031,22.39404698524271],[113.98006439208984,22.39087263619308],[113.98126602172852,22.39301532974963],[113.9828109741211,22.391190074358732],[113.98066520690918,22.390317117659748],[113.98238182067871,22.387380768551623],[113.98152351379395,22.382618989588195],[113.98358345031738,22.380793597771813],[113.9846134185791,22.380634866916907],[113.9834976196289,22.381349154338025],[113.983154296875,22.381904708686022],[113.98395613536077,22.383913876944668],[113.98324012756348,22.38182534391497],[113.98469924926758,22.380952328445645],[113.98487091064453,22.379999941686478],[113.9901065826416,22.37833324917274],[113.99680137634277,22.379126914764186],[113.99748802185059,22.377936414679567],[113.99868965148926,22.379444379733314],[114.00177955627441,22.378253882364632],[114.0040111541748,22.379999941686478],[114.0095043182373,22.3802380389874],[114.01439666748047,22.382936446589866],[114.01732444765359,22.378491982653145],[114.01199340820312,22.37777768056543],[114.0065860748291,22.374444222346042],[114.0054702758789,22.37571412060592],[114.00598526000977,22.374523591326735],[114.0047836303711,22.373809268871213],[114.00495529174805,22.375079172924302],[114.00195121765137,22.374999804260426],[114.00555610656738,22.373412421478534],[114.0047836303711,22.370555086852292],[114.00298118591309,22.37317431249984],[114.00195121765137,22.37206313188041],[114.00495529174805,22.3699201156373],[114.0080451965332,22.37372989948318],[114.00959014892578,22.373650530049915],[114.0091609954834,22.370793200311226],[114.01165008544922,22.371190055171084],[114.01233673095703,22.369840744031777],[114.0102767944336,22.367380201816758],[114.0102767944336,22.36904702548786],[114.00761604309082,22.370158230182298],[114.00898933410645,22.368570792189487],[114.0077018737793,22.36753894778802],[114.01070594787598,22.366903962817034],[114.0117359161377,22.3689676533846],[114.01431083679199,22.369523257157226],[114.01276588439941,22.37198376149675],[114.01585578918457,22.37190439106783],[114.01714324951172,22.37317431249984],[114.01448249816895,22.372856833227985],[114.01302337646484,22.373571160571373],[114.01371002197266,22.374761697997258],[114.00959014892578,22.3740473767637],[114.01388168334961,22.374999804260426],[114.0120792388916,22.375396647127204],[114.01422500610352,22.377618946270246],[114.01575944865117,22.37715570019345],[114.01619911193848,22.373650530049915],[114.01894569396973,22.37230124275986],[114.02237892150879,22.374999804260426],[114.02695655823841,22.373597617029024],[114.02512550354004,22.372936203113838],[114.02572631835938,22.371269426007302],[114.02263641357422,22.37134879679826],[114.0230655670166,22.36484024166245],[114.0245246887207,22.36491961611857],[114.02572631835938,22.36357024421143],[114.02297973632812,22.364205244384706],[114.02426719665527,22.361982731110672],[114.02109146118164,22.361188967774353],[114.02220726013184,22.361109591191905],[114.02177810668945,22.35849013859361],[114.0230655670166,22.358648894698845],[114.0230655670166,22.35896640636645],[114.0230655670166,22.359363294933218],[114.02409553527832,22.359760182369087],[114.02375221252441,22.360236445799373],[114.02409553527832,22.36095083789131],[114.02529716491699,22.36126834431157],[114.02658462524414,22.360553953848154],[114.0267562866211,22.36253836275438],[114.02762174645001,22.36311328479045],[114.0267562866211,22.360474576903812],[114.02409553527832,22.360792084409766],[114.02795791625977,22.359442672510866],[114.02735710144043,22.357378840791],[114.02883686,22.35529556],[114.01922941,22.35698154],[114.014584,22.36310483],[114.0110782,22.36180481],[114.01086597,22.36426939],[114.00912128,22.36535174],[113.99999748,22.36169744],[113.99841352,22.36176425],[113.99622157,22.36606056],[113.98791258,22.36477106],[113.9896,22.36639903],[113.9922791,22.36622567],[113.99180055,22.36787739],[113.99489958,22.36974022],[113.99171073,22.37230372],[113.98953902,22.37070111],[113.99053598,22.36741968],[113.98889753,22.36700891],[113.98953436,22.36906468],[113.98758357,22.37253208],[113.97979187,22.37701301],[113.98080696,22.37828629],[113.97859096,22.37992443],[113.9758855,22.37638979],[113.97833872,22.37441538],[113.97709688,22.37415373],[113.97562877,22.3763295],[113.97774945,22.37979899],[113.97654316,22.38162897],[113.96810673,22.37862877],[113.9722767,22.37125076],[113.97407016,22.37084392],[113.96634384,22.37213113],[113.965694,22.37095623],[113.96504333,22.37251828],[113.95774947,22.37308363],[113.95146796,22.36991551],[113.95126189,22.36822726],[113.94666852,22.36491663],[113.9461612701416,22.36666584270634],[113.94229888916016,22.365078364895083],[113.93620491027832,22.368888281236067],[113.93311500549316,22.361903354980612],[113.93691089731126,22.359416770820125],[113.92938722,22.36412605],[113.9251391101587,22.367308451281616],[113.92745018005371,22.370078858712546],[113.92607688903809,22.371269426007302],[113.92504743454377,22.370347192402356],[113.92633438110352,22.3715075382444],[113.92109870910645,22.379999941686478],[113.91818046569824,22.37833324917274],[113.91692752029442,22.37869530683625],[113.91665081,22.37886689],[113.91892629,22.37900674],[113.92018208,22.38111264],[113.92071165,22.38750403],[113.91336008,22.3959623],[113.91606439,22.40065624],[113.91503905,22.3996313],[113.91237578,22.40345275],[113.9113149366105,22.4026397933447],[113.90869976862552,22.404413457833975],[113.91277313232422,22.404283767199757],[113.91509056091309,22.406505604794134],[113.91474723815918,22.408489358342635],[113.91191482543945,22.410235038038394],[113.91406059265137,22.41451979520933],[113.91260147094727,22.415709982080827],[113.91263788405234,22.415755665685268],[113.92024040222168,22.417296882045747],[113.91921043395996,22.4135676383698],[113.92290115356445,22.416424089308677],[113.92049789428711,22.416820813959973],[113.92195701599121,22.418725076512246],[113.91972541809082,22.419359824894244],[113.91843795776367,22.418010981114804],[113.91397476196289,22.41816966929821],[113.91388893127441,22.417217537478095],[113.91314766785437,22.416395236562565],[113.91408977,22.4209399],[113.92480754,22.423765],[113.92797884,22.42273747],[113.92775293,22.42062573],[113.92593626,22.42048507],[113.92696469,22.419789],[113.92841905,22.42071446],[113.93015456,22.42435743],[113.93863879,22.4231987],[113.9388656616211,22.419756541159728],[113.94006729125977,22.41959785478953],[113.93869400024414,22.419518511536424],[113.93594741821289,22.413250251306337],[113.92281532287598,22.41515456280986],[113.92306957201681,22.41118796714849],[113.9198112487793,22.4135676383698],[113.91706466674805,22.411504609495665],[113.91843795776367,22.410235038038394],[113.91706466674805,22.404125063155206],[113.91852378845215,22.404283767199757],[113.91766548156738,22.400792236358285],[113.91903877258301,22.399998694389907],[113.91852378845215,22.398808372943677],[113.91903877258301,22.397856108448394],[113.91895294189453,22.396427699475538],[113.91972541809082,22.393174046477526],[113.91972541809082,22.39484056118286],[113.9201545715332,22.393650195574253],[113.92101287841797,22.394999275827388],[113.92049789428711,22.393174046477526],[113.9216136932373,22.39460248887636],[113.92255783081055,22.39460248887636],[113.92135620117188,22.392777254318148],[113.92418760848327,22.39374523919063],[113.92118453979492,22.392459819775453],[113.92393112182617,22.390317117659748],[113.92264366149902,22.386349063608236],[113.92513275146484,22.386666512098145],[113.92333030700684,22.386190339091613],[113.92461776733398,22.385079262404176],[113.92324447631836,22.3849205364387],[113.92350196838379,22.383015810727116],[113.92204284667969,22.384999899444068],[113.92118453979492,22.384206267352866],[113.92101287841797,22.382142802727515],[113.92727851867676,22.37182502059366],[113.92624855041504,22.374285484248887],[113.92908096313477,22.373571160571373],[113.92779350280762,22.3726187232989],[113.92899513244629,22.37190439106783],[113.92942428588867,22.373968007511465],[113.93011093139648,22.37103131336292],[113.93345832824707,22.37103131336292],[113.9315700509748,22.37629614965695],[113.93980979919434,22.374523591326735],[113.94325965793517,22.377150700419154],[113.94418716430664,22.37571412060592],[113.94298553466797,22.3741267459707],[113.94598960876465,22.369126397545884],[113.94598960876465,22.37190439106783],[113.94865036010742,22.375634752304137],[113.94847869873047,22.38103169371466],[113.95105361938477,22.380714232366998],[113.94873318003751,22.381576309184524],[113.95071029663086,22.381984073411786],[113.94888151522623,22.381915711048695],[113.95362854003906,22.392777254318148],[113.94925117492676,22.382618989588195],[113.95148277282715,22.383491994599794],[113.95002365112305,22.382460260815733],[113.95182609558105,22.381984073411786],[113.95661359863105,22.38904069794067],[113.95929336547852,22.386904597990153],[113.96169662475586,22.389444155481357],[113.95877838134766,22.391983666602783],[113.96281242370605,22.38952351590582],[113.96186828613281,22.391348793169826],[113.96324157714844,22.392142384508162],[113.96435737609863,22.39158687104684],[113.96324157714844,22.389682236618867],[113.9655590057373,22.38936479501163],[113.96444320678711,22.389999677501578],[113.96512985229492,22.393491479389837],[113.96332740783691,22.39388826951121],[113.96478652954102,22.394205700793066],[113.9640998840332,22.395475418673982],[113.96547317504883,22.39579284633251],[113.96298408508301,22.39563413259384],[113.96332740783691,22.39412634304054],[113.96178245544434,22.396507055914597],[113.9571475982666,22.395951559890037],[113.95869255065918,22.39436441616226],[113.95731925964355,22.392856612840603],[113.95852088928223,22.391824948516273],[113.95697593688965,22.391190074358732],[113.9560317993164,22.395787686962652],[113.95895004272461,22.399443212316697],[113.95832239694049,22.400578547233806],[113.96049499511719,22.398570307431356],[113.96384239196777,22.399919339943906],[113.96487236022949,22.398887728023837],[113.96676063537598,22.403490245164804],[113.96761894226074,22.40237930670459],[113.96710395812988,22.403252187670844],[113.96590232849121,22.404601174745167],[113.96427154541016,22.40507728470405],[113.9615249633789,22.402458659746216],[113.95980834960938,22.4048392299285],[113.95771581068787,22.401675788018732],[113.95697593688965,22.40301412976916],[113.96186828613281,22.408013260073773],[113.96045973806343,22.407885311478164],[113.96547317504883,22.409441549986468],[113.96418571472168,22.41055243199031],[113.9655644271048,22.41435984990879],[113.96478652954102,22.411822000547275],[113.96821975708008,22.41229808576513],[113.96676063537598,22.414995871181688],[113.97079467773438,22.41713819286514],[113.96907900158156,22.42043832188256],[113.97487618819848,22.430464581565097]],[[114.0230655670166,22.35896640636645],[114.02332305908203,22.358252004096542],[114.02212142944336,22.357934490800503],[114.0227222442627,22.35706132550473],[114.02658462524414,22.356585051218417],[114.02684211730957,22.3588870285174],[114.0230655670166,22.35896640636645]],[[113.9293384552002,22.3688089090423],[113.92573356628418,22.366903962817034],[113.92916679382324,22.3643639939756],[113.9322566986084,22.368094557262097],[113.93199920654297,22.3699201156373],[113.92848014831543,22.3699201156373],[113.9293384552002,22.3688089090423]],[[113.93714904785156,22.370872571373724],[113.9366340637207,22.369682000685017],[113.94238471984863,22.366903962817034],[113.94461631774902,22.368094557262097],[113.93714904785156,22.370872571373724]],[[114.01782989501953,22.367935811924326],[114.01851654052734,22.369761372381006],[114.01602745056152,22.369682000685017],[114.01568412780762,22.36833267492942],[114.01516914367676,22.369999487197546],[114.01345252990723,22.366586469245604],[114.01782989501953,22.367935811924326]],[[113.95483016967773,22.373968007511465],[113.95920753479004,22.380317404663842],[113.96341323852539,22.384603083964407],[113.96324157714844,22.384999899444068],[113.95774841308594,22.38531735101283],[113.9556884765625,22.38380944960946],[113.9545726776123,22.3788094490708],[113.95268440246582,22.378015781668722],[113.95388603210449,22.376110961435955],[113.95139694213867,22.37619032946617],[113.95362854003906,22.374364853320102],[113.95216941833496,22.372936203113838],[113.95483016967773,22.373968007511465]],[[113.96161079406738,22.379365013558925],[113.96298408508301,22.380872963131367],[113.96195411682129,22.380317404663842],[113.95963668823242,22.380317404663842],[113.96178245544434,22.382380896361568],[113.96058082580566,22.380634866916907],[113.96255493164062,22.380714232366998],[113.9608383178711,22.380952328445645],[113.96349906921387,22.384285630765717],[113.95963668823242,22.380476135880897],[113.95800590515137,22.377936414679567],[113.96161079406738,22.379365013558925]],[[113.93440246582031,22.37309494274976],[113.94101142883301,22.370555086852292],[113.94341468811035,22.371745650074217],[113.94229888916016,22.373491791047584],[113.93491744995117,22.37531727864436],[113.93440246582031,22.37309494274976]],[[113.96289825439453,22.39896708305872],[113.96049499511719,22.396745124959992],[113.96530151367188,22.397221261827823],[113.96598815917969,22.400950944208333],[113.96504402160645,22.398887728023837],[113.96444320678711,22.398808372943677],[113.96401405334473,22.399046438048288],[113.96289825439453,22.39896708305872]],[[113.97268295288086,22.388809270455553],[113.97500038146973,22.389920317348825],[113.97439956665039,22.39380891157751],[113.97302627563477,22.393650195574253],[113.97268295288086,22.388809270455553]]],[[[113.96529190743918,22.329311480281127],[113.96496521563378,22.33029039999732],[113.9649836223805,22.330452149177273],[113.96512985229492,22.329831698818012],[113.96529190743918,22.329311480281127]]],[[[113.89076457,22.34163604],[113.89108321,22.34106396],[113.89020007,22.34087414],[113.89024744,22.34151204],[113.89076457,22.34163604]]],[[[113.88907269,22.34652096],[113.89265222,22.3457414],[113.89069503,22.34468997],[113.89039275,22.34233511],[113.88810216,22.34682647],[113.88907269,22.34652096]]],[[[113.8855755,22.3487975],[113.88688464,22.34869528],[113.88757009,22.34732584],[113.88638932,22.34708734],[113.8855755,22.3487975]]],[[[113.88777284,22.35359882],[113.88835307,22.35240181],[113.88606813,22.35120818],[113.88576469,22.35233853],[113.88777284,22.35359882]]],[[[113.87458824,22.35652822],[113.87501679,22.35633814],[113.87477107,22.35596257],[113.87443817,22.3563361],[113.87458824,22.35652822]]],[[[113.8742095,22.35687079],[113.87441918,22.35682382],[113.87431132,22.35660833],[113.87420851,22.35671015],[113.8742095,22.35687079]]],[[[113.87800085,22.38207712],[113.88525279,22.37952151],[113.88293055,22.37482656],[113.88459959,22.37366248],[113.88241065,22.37019676],[113.88051449,22.37078612],[113.88243464,22.37672193],[113.8774003,22.37982667],[113.87800085,22.38207712]]],[[[113.93945926,22.42195259],[113.93945635,22.42184259],[113.93924178,22.42262449],[113.93942595,22.42226635],[113.93945926,22.42195259]]],[[[114.01011313995116,22.414722923896647],[114.01216627,22.41469001],[114.01217042887454,22.408167830819508],[114.0102767944336,22.40864805740307],[114.01011313995116,22.414722923896647]]],[[[114.05575468339818,22.408609357879882],[114.05619621276855,22.408171959677986],[114.05611038208008,22.40793391020371],[114.05611038208008,22.408092609898546],[114.05575468339818,22.408609357879882]]],[[[114.05941096899627,22.40860273393848],[114.05977745,22.40860207],[114.05976794792016,22.407914271423838],[114.05928611755371,22.408013260073773],[114.05941096899627,22.40860273393848]]],[[[113.94642208929238,22.364815834694248],[113.94829353,22.36189625],[113.94826067001154,22.36181544791063],[113.94633293151855,22.36476086716108],[113.94642208929238,22.364815834694248]]],[[[113.92350997070292,22.36812415806584],[113.9241408271321,22.367661310052817],[113.92350196838379,22.368094557262097],[113.92350997070292,22.36812415806584]]],[[[113.92469592725888,22.367178222268915],[113.92464796,22.36711636],[113.92438618197853,22.367308652219613],[113.92461776733398,22.367142082520516],[113.92469592725888,22.367178222268915]]],[[[113.92307976419059,22.3682682972455],[113.92306646,22.36827807],[113.92313744800838,22.368392765202124],[113.92307976419059,22.3682682972455]]],[[[113.92329242111184,22.36872716029342],[113.922914,22.36838655],[113.92055755,22.36945522],[113.92290115356445,22.3684120473947],[113.92329242111184,22.36872716029342]]],[[[113.92276634527965,22.36867371640056],[113.92288372699885,22.368776678402092],[113.92281532287598,22.36865016451901],[113.92276634527965,22.36867371640056]]],[[[113.92296318238618,22.368923631672754],[113.92198053713567,22.36956330780611],[113.92298698425293,22.3689676533846],[113.92296318238618,22.368923631672754]]],[[[113.92083092569321,22.37031167452542],[113.91979533,22.37098582],[113.91865171832005,22.371991000688713],[113.92083092569321,22.37031167452542]]],[[[113.91790812215363,22.372564025776903],[113.91778817622722,22.372584762597626],[113.91783714294434,22.3726187232989],[113.91790812215363,22.372564025776903]]],[[[113.9177619449871,22.372566570009646],[113.91751813,22.37233324],[113.91707987,22.37272606],[113.91749382019043,22.372380612962502],[113.9177619449871,22.372566570009646]]],[[[113.91740566186786,22.373092790326154],[113.91730113368125,22.373186434908263],[113.91740798950195,22.37309494274976],[113.91740566186786,22.373092790326154]]],[[[113.91694922791177,22.37348774388915],[113.91548979,22.37260055],[113.91930272,22.36917152],[113.91503017,22.37271484],[113.91694922791177,22.37348774388915]]],[[[113.91650263208514,22.373870128450758],[113.91638122,22.3736006],[113.91616149,22.37379852],[113.91643638520571,22.373926850395836],[113.91650263208514,22.373870128450758]]],[[[113.91500890120206,22.375305707411876],[113.91482151589828,22.375793488862456],[113.91483306884766,22.375793488862456],[113.91500890120206,22.375305707411876]]],[[[113.91665972745359,22.378561924886803],[113.91666065,22.3787518],[113.91631859,22.37899396],[113.91677555270763,22.37869401894084],[113.91665972745359,22.378561924886803]]],[[[113.90859138622491,22.404357790388534],[113.90760982,22.40374229],[113.90141948,22.40590735],[113.90625,22.41158575189438],[113.90625,22.404442471063078],[113.90859138622491,22.404357790388534]]],[[[113.90722767596888,22.412577154503875],[113.90779188,22.41314928],[113.90781634256551,22.41312739060297],[113.90722767596888,22.412577154503875]]],[[[113.90956101589428,22.41475816471534],[113.91062348,22.41581581],[113.9107185214583,22.41584010371081],[113.90956101589428,22.41475816471534]]],[[[113.91121320349666,22.416302490937507],[113.91318504,22.41828324],[113.91351229920483,22.41845149253049],[113.91121320349666,22.416302490937507]]],[[[113.94111220742985,22.4217401054877],[113.94140654570545,22.42199755579872],[113.94118309065134,22.4217401054877],[113.94111220742985,22.4217401054877]]],[[[113.94257220100285,22.42290726813406],[113.94271769,22.42316162],[113.94289246,22.42320739],[113.94430064930563,22.42292947289316],[113.94257220100285,22.42290726813406]]],[[[113.94443467533674,22.423035666648687],[113.94394546,22.42360791],[113.9439160345562,22.424304979528607],[113.94401550292969,22.42364430058595],[113.94443467533674,22.423035666648687]]],[[[113.94462553896804,22.424333262870324],[113.94598594,22.42495071],[113.94613400665433,22.42543708265796],[113.94607543945312,22.424913749476914],[113.94462553896804,22.424333262870324]]],[[[113.94620910894744,22.42699999143845],[113.94632823,22.42718941],[113.94633030932472,22.42719116512783],[113.94631716682582,22.427073728992703],[113.94620910894744,22.42699999143845]]],[[[113.9464736197161,22.42731213135039],[113.94651320408347,22.427345543940696],[113.94650459304268,22.42733360432455],[113.9464736197161,22.42731213135039]]],[[[113.94715525416092,22.428423872346446],[113.94716138937277,22.428432899685856],[113.9471671738049,22.428435816161045],[113.94716262827973,22.428426712475034],[113.94715525416092,22.428423872346446]]],[[[113.94743276009584,22.42856972313932],[113.94806153,22.42886338],[113.94796829096242,22.429805258220085],[113.94813537597656,22.42880136450019],[113.94743276009584,22.42856972313932]]],[[[113.94797003654388,22.42983762401472],[113.94797165,22.42986754],[113.9481000922607,22.42993780443469],[113.94797003654388,22.42983762401472]]],[[[113.94838436326961,22.430156775117066],[113.9484175,22.4302368],[113.94833881401686,22.430401842724734],[113.94847869873047,22.430229440635486],[113.94838436326961,22.430156775117066]]],[[[113.94824978350233,22.430588582956183],[113.94847355,22.431237],[113.94975665046881,22.43279239905094],[113.94824978350233,22.430588582956183]]],[[[113.90805044859232,22.4098807369388],[113.90813827514648,22.40991764336141],[113.90818456560092,22.409872471036444],[113.90805044859232,22.4098807369388]]],[[[113.91094100860897,22.409645484264257],[113.91105651855469,22.409758945751022],[113.91127028526216,22.409678099654393],[113.91094100860897,22.409645484264257]]],[[[113.91895294189453,22.396427699475538],[113.92315864562988,22.398490952169993],[113.92379777964211,22.39982704298717],[113.92324447631836,22.39809417518373],[113.91895294189453,22.396427699475538]]],[[[113.96624565124512,22.41420241032131],[113.96590232849121,22.414837179372185],[113.96624565124512,22.414995871181688],[113.96658897399902,22.41491652529959],[113.96624565124512,22.41420241032131]]],[[[113.92596268012547,22.385978813270924],[113.92607026670095,22.38550877692541],[113.92590522766113,22.385476076525563],[113.92573356628418,22.385872889515028],[113.92596268012547,22.385978813270924]]],[[[113.92617945733228,22.38503173260002],[113.92653506796387,22.383478100829954],[113.92547607421875,22.383571358420127],[113.92556190490723,22.385158625319022],[113.92617945733228,22.38503173260002]]],[[[113.92675043025683,22.382537201794026],[113.9267734004838,22.38243684687995],[113.92633438110352,22.382301531862154],[113.92633438110352,22.382460260815733],[113.92675043025683,22.382537201794026]]],[[[113.92679962393224,22.38232227892553],[113.92682952141114,22.382191659453152],[113.9267635345459,22.382222167317465],[113.92679962393224,22.38232227892553]]],[[[113.92693262250108,22.38174121980191],[113.9274126574808,22.379643988929157],[113.92633438110352,22.380634866916907],[113.92693262250108,22.38174121980191]]],[[[113.92746870608347,22.3793991174826],[113.93061811723028,22.376882983464007],[113.93045425415039,22.37571412060592],[113.92779350280762,22.376666536696987],[113.92848014831543,22.377936414679567],[113.92693519592285,22.37698400727895],[113.92746870608347,22.3793991174826]]],[[[113.92388979359588,22.398391513456758],[113.92408009694607,22.39542254986167],[113.92135620117188,22.39539606164611],[113.92367362976074,22.39753868550048],[113.92388979359588,22.398391513456758]]],[[[113.95736547612755,22.39015229292406],[113.95809173583984,22.390555197302888],[113.9583778387878,22.390643375023966],[113.95736895106629,22.390145866987584],[113.95736547612755,22.39015229292406]]],[[[113.95851475852439,22.390685574066058],[113.9586067199707,22.39071391683855],[113.95843505859375,22.390317117659748],[113.95851475852439,22.390685574066058]]],[[[113.95912170410156,22.389682236618867],[113.96015167236328,22.39023775768814],[113.9597225189209,22.389840957150795],[113.95912170410156,22.389682236618867]]],[[[113.92346983516882,22.404943375418807],[113.92369013564098,22.401506420256567],[113.92006874084473,22.404045711064995],[113.92118453979492,22.404759878246026],[113.92346983516882,22.404943375418807]]],[[[113.92372175437993,22.40101312949343],[113.92374093851332,22.400713833692343],[113.92221450805664,22.400792236358285],[113.92221450805664,22.401268359364863],[113.92372175437993,22.40101312949343]]],[[[113.92321954041533,22.40884827783064],[113.92101287841797,22.40793391020371],[113.92084121704102,22.40936220093205],[113.92281532287598,22.408806756282274],[113.92321954041533,22.40884827783064]]],[[[113.9678650853655,22.41833884846222],[113.96847724914551,22.418487045121054],[113.96864891052246,22.417931636955117],[113.96821975708008,22.417931636955117],[113.9678650853655,22.41833884846222]]],[[[113.96318117473733,22.410238004485446],[113.96324157714844,22.409679596877865],[113.96221996917237,22.409168391754342],[113.96281242370605,22.40960024795939],[113.96318117473733,22.410238004485446]]],[[[113.96190059172905,22.408935588859258],[113.96195411682129,22.40888610565389],[113.96186878270458,22.40891240239716],[113.96190059172905,22.408935588859258]]],[[[113.98100852966309,22.334039539552236],[113.98143767821931,22.334992229736756],[113.98143767821932,22.33499222973677],[113.98100852966309,22.334039539552236]]],[[[113.98143769776392,22.334992256854242],[113.98143769776395,22.334992256854278],[113.98229598999023,22.335944935107108],[113.98143769776392,22.334992256854242]]],[[[114.02572631835938,22.369840744031777],[114.02718544006348,22.369364513448446],[114.02735710139149,22.36904702521638],[114.02615547180176,22.36920576955866],[114.02572631835938,22.369840744031777]]],[[[114.0259838104248,22.36666584270634],[114.0259838104248,22.366983336096766],[114.02680993087095,22.367608399086105],[114.02658462524414,22.366983336096766],[114.0259838104248,22.36666584270634]]],[[[114.02681422281626,22.366699576172245],[114.0267562866211,22.366586469245604],[114.02641296386719,22.36626897495023],[114.02632713317871,22.366745216121814],[114.02681422281626,22.366699576172245]]],[[[114.0265585028077,22.365775476452296],[114.02666425128977,22.365416900823806],[114.02632713317871,22.36491961611857],[114.0265585028077,22.365775476452296]]],[[[113.98324012753409,22.38992031724014],[113.98384094238281,22.387936298813145],[113.9839440271205,22.3840213566972],[113.9828109741211,22.387460130153414],[113.98324012753409,22.38992031724014]]],[[[113.98842401764225,22.407844067659862],[113.9883041381836,22.410076340790525],[113.98930450968555,22.411386955662138],[113.98847579956055,22.409758945751022],[113.98842401764225,22.407844067659862]]],[[[113.98964000821692,22.41156418899711],[113.98967742919922,22.411583957326542],[113.98967920909318,22.411562566309435],[113.98964000821692,22.41156418899711]]],[[[114.06220436096191,22.39309468813623],[114.06134605407715,22.394285058500316],[114.06529426574707,22.392856612840603],[114.06417846679688,22.39158687104684],[114.06220436096191,22.39309468813623]]],[[[114.06126022338867,22.395713489485843],[114.06220436096191,22.395316704572963],[114.06160354614258,22.39539606164611],[114.06126022338867,22.395713489485843]]],[[[114.06276000208234,22.395659192719563],[114.06340599060059,22.39634834299119],[114.06383514493756,22.395435739334918],[114.0629768371582,22.39579284633251],[114.06276000208234,22.395659192719563]]],[[[114.06392097473145,22.396022098514177],[114.06392097473145,22.39618962988662],[114.06435012817383,22.396507055914597],[114.06392097473145,22.396022098514177]]]]}},{"type":"Feature","properties":{"divisionCode":"TW","area":"New Territories"},"geometry":{"type":"MultiPolygon","coordinates":[[[[114.02234478,22.33634495],[114.02384284,22.33571122],[114.02441244,22.33319177],[114.02254622,22.33518972],[114.02234478,22.33634495]]],[[[114.06238657,22.34132209],[114.06387019,22.34001726],[114.06347922,22.33917042],[114.06209798,22.33930559],[114.06238657,22.34132209]]],[[[114.04585489,22.34746464],[114.0461699345892,22.347044505936807],[114.04535041668903,22.347398424570322],[114.04585489,22.34746464]]],[[[114.04621025173236,22.347007216723277],[114.04781866,22.34637131],[114.04962433554223,22.346265375222387],[114.0479564666748,22.346265375222387],[114.04621025173236,22.347007216723277]]],[[[114.04974741739152,22.34621626474941],[114.04983026,22.34618321],[114.05052089757753,22.345705267469913],[114.04974741739152,22.34621626474941]]],[[[114.0509691251999,22.34529687139331],[114.05109738,22.34512066],[114.0514954134002,22.344995208437894],[114.05113220214844,22.344995208437894],[114.0509691251999,22.34529687139331]]],[[[114.05184053074673,22.34488643487716],[114.05421847,22.34298022],[114.05371875,22.34223499],[114.05580908,22.34061772],[114.05625949,22.33835364],[114.05737873,22.33741314],[114.05735405482494,22.33717790944358],[114.05413627624512,22.339755648113524],[114.0461540222168,22.340470145207874],[114.04460906982422,22.336500670573415],[114.04151916503906,22.337770914751218],[114.04031753540039,22.337056403824988],[114.04091835021973,22.336183107721],[114.0340518951416,22.335309806148047],[114.03207778930664,22.33165775850115],[114.03285026550293,22.330069881871495],[114.03654098510742,22.33134018462131],[114.03594017028809,22.329672909889766],[114.03757095336914,22.330308064518263],[114.03825759887695,22.32816440605653],[114.03482437133789,22.328878962537246],[114.03628349304199,22.327211658388933],[114.0424633026123,22.328402591956774],[114.03980255126953,22.32689407438717],[114.04229164123535,22.325147349455293],[114.04091835021973,22.324750363466507],[114.04177665710449,22.323797592485093],[114.04454130872901,22.32477961498033],[114.04426574707031,22.323003611697644],[114.04486656188965,22.323003611697644],[114.04641151428223,22.32586192138875],[114.0494155883789,22.324273978789023],[114.04838562011719,22.323321204554773],[114.05070304870605,22.323718194609654],[114.04546737670898,22.31974824323784],[114.04692649841309,22.31847783494736],[114.05001640319824,22.318636636616063],[114.05439376831055,22.32189203100549],[114.05396461486816,22.323400602656093],[114.05087471008301,22.32348000071225],[114.05078887939453,22.32570312794202],[114.0519905090332,22.323638796689025],[114.05489907,22.32526181],[114.05393062,22.32364198],[114.05637126,22.32074191],[114.05423212,22.32163537],[114.05297629,22.31954823],[114.05339194,22.31921664],[114.05486486,22.31588499],[114.05544663,22.31289966],[114.05259132385254,22.319589442833916],[114.04975891113281,22.31847783494736],[114.05014265255676,22.316367603279435],[114.04864311218262,22.31546056891422],[114.04495239257812,22.314825346701923],[114.0377426147461,22.317207415093407],[114.03741436902285,22.31328269361853],[114.03387126158049,22.31335795479993],[114.02933120727539,22.326814678273777],[114.01800155639648,22.31927184148404],[114.01585578918457,22.320462842819424],[114.01654243469238,22.32252722105666],[114.01204858582665,22.32260236606392],[114.01259422302246,22.324194581184656],[114.01087760925293,22.3241151835351],[114.00924682617188,22.323083009979683],[114.01038282052951,22.32132355974982],[114.00765988485924,22.320451989656977],[114.00898933410645,22.323400602656093],[114.00349617004395,22.3209392405077],[114.0047836303711,22.319510042564204],[114.00615692138672,22.320780441458965],[114.00581359863281,22.318239632105545],[114.00246620178223,22.320304043228617],[113.9992904663086,22.318239632105545],[114.00143623352051,22.318716037382643],[114.00210396620307,22.31844149899457],[114.0007495880127,22.315936983676522],[114.00168943860324,22.31403996781542],[113.99460004,22.31418915],[113.99720019,22.31733062],[113.99611989,22.31872178],[113.99721486,22.31993547],[114.01144392,22.32544956],[114.01113762,22.32669865],[114.02132426,22.32590559],[114.02544908,22.32855098],[114.03045223,22.33626696],[114.03319475,22.33602036],[114.03836514,22.33887851],[114.04341731,22.34355846],[114.04495239257812,22.34174035322347],[114.05138969421387,22.341978515938024],[114.04966803239014,22.342646303407935],[114.05184053074673,22.34488643487716]],[[114.04435157775879,22.316889808323197],[114.04151916503906,22.318557235804292],[114.0406608581543,22.316333994736397],[114.04409408569336,22.315619374015654],[114.04435157775879,22.316889808323197]],[[114.0351676940918,22.32443277386224],[114.03671264648438,22.31887483878033],[114.03765678405762,22.31776322520234],[114.04031753540039,22.32443277386224],[114.03542518615723,22.326100111219958],[114.0351676940918,22.32443277386224]]],[[[114.05731008975961,22.33675878671141],[114.05822157,22.33565282],[114.05795036,22.33532006],[114.0571403503418,22.336183107721],[114.05731008975961,22.33675878671141]]],[[[114.05759738664503,22.335462140922374],[114.05734064,22.33523395],[114.05695383331363,22.335164865528668],[114.05756950378418,22.335468588659012],[114.05759738664503,22.335462140922374]]],[[[114.05625630518772,22.334830056478832],[114.05623179,22.33480358],[114.0561979896285,22.33482235066819],[114.05625630518772,22.334830056478832]]],[[[114.05592888744795,22.334786791539994],[114.05475677,22.33402837],[114.05591532515218,22.333019462003037],[114.05379295349121,22.334357107285868],[114.05592888744795,22.334786791539994]]],[[[114.0559027228667,22.33300119610481],[114.05531425,22.33055461],[114.05672104,22.33049095],[114.05689250542795,22.3298962197726],[114.05379295349121,22.329990487565524],[114.05516624450684,22.331419578159057],[114.05408859260167,22.33290158249834],[114.0559027228667,22.33300119610481]]],[[[114.05695550896854,22.3297990881068],[114.05730568,22.3294482],[114.0566665,22.32892757],[114.05516624450684,22.32911714721746],[114.05370712280273,22.328402591956774],[114.05430793762207,22.329831698818012],[114.05695550896854,22.3297990881068]]],[[[114.05636013399321,22.3289079201793],[114.05647264,22.32873459],[114.05626901316431,22.32878148745018],[114.05636013399321,22.3289079201793]]],[[[114.05624378834327,22.328746487297025],[114.0563203,22.32864652],[114.05611575942928,22.328568843555225],[114.05624378834327,22.328746487297025]]],[[[114.05568406082097,22.328403639888347],[114.05567950846778,22.32839145357547],[114.0556812286377,22.328402591956774],[114.05568406082097,22.328403639888347]]],[[[114.05562937880843,22.328066855839733],[114.05569081,22.32798807],[114.0556172030859,22.327988016046774],[114.05562937880843,22.328066855839733]]],[[[114.0556097558476,22.327939793961786],[114.05577245,22.32782625],[114.0552404994052,22.327323178069147],[114.05516624450684,22.327529241667747],[114.0556097558476,22.327939793961786]]],[[[114.0552444446171,22.3272910542764],[114.05535542,22.32710597],[114.0549327,22.32698334],[114.05471557099598,22.325365863980547],[114.05465126037598,22.326973470455385],[114.0552444446171,22.3272910542764]]],[[[114.02886458627259,22.313464304467473],[114.027677326938,22.313489523725316],[114.02746289295901,22.313767251808496],[114.02864456176758,22.31379310444207],[114.02886458627259,22.313464304467473]]],[[[114.00782532104479,22.314495569902192],[114.00713073055454,22.31403747405522],[114.00701522827148,22.314190121599125],[114.00716543205183,22.314329077318288],[114.00782532104479,22.314495569902192]]],[[[114.00667136751662,22.31393513310654],[114.00667121512629,22.31393513631329],[114.00667190954505,22.313936035699346],[114.00667136751662,22.31393513310654]]],[[[114.01138348738313,22.32690581186259],[114.01103856,22.327633],[114.01120898,22.32797268],[114.01216248,22.32848718],[114.01282833462822,22.32861257004495],[114.01113510131836,22.32776742865242],[114.01138348738313,22.32690581186259]]],[[[114.01389517531797,22.328911614823166],[114.01408511,22.32903978],[114.01470131076731,22.32913758164181],[114.01389517531797,22.328911614823166]]],[[[114.01497758834147,22.329181293870977],[114.01588948,22.32900253],[114.01672619256755,22.32929703720401],[114.01594161987305,22.32895835747584],[114.01497758834147,22.329181293870977]]],[[[114.01710692468137,22.329461389404546],[114.01743800335977,22.329771795733933],[114.0172290802002,22.329514120780743],[114.01710692468137,22.329461389404546]]],[[[114.01861685675982,22.332032026443223],[114.01862236,22.33208159],[114.0186424589416,22.33209715213544],[114.01861685675982,22.332032026443223]]],[[[114.01928865287033,22.332713383162446],[114.01971019,22.33347142],[114.0200032,22.33363988],[114.02015168,22.33358175],[114.01928865287033,22.332713383162446]]],[[[114.02029548017684,22.333106375492175],[114.02052977,22.33299154],[114.02056376502075,22.33260123019163],[114.02040481567383,22.332769261386574],[114.02029548017684,22.333106375492175]]],[[[114.0218752062868,22.3320000587575],[114.02190442,22.33200074],[114.0221739474667,22.332081975052347],[114.02203559875488,22.331975331657972],[114.0218752062868,22.3320000587575]]],[[[114.02237597487054,22.332237703919073],[114.02247409,22.33236792],[114.02251929702174,22.332348180991776],[114.02237597487054,22.332237703919073]]],[[[114.02374239453128,22.332516786305927],[114.0238897,22.33273899],[114.02397149447165,22.3326651277016],[114.02374239453128,22.332516786305927]]],[[[114.0241024737141,22.33254685041838],[114.02434486,22.33232797],[114.02408472,22.33201691],[114.02439096,22.33181335],[114.02326971647672,22.331310133056114],[114.0241024737141,22.33254685041838]]],[[[114.02303503995083,22.331207507337155],[114.02283594,22.32886344],[114.02180562,22.32751033],[114.0207488803608,22.326723647847697],[114.0227222442627,22.33014927613226],[114.01928901672363,22.32903775236923],[114.02303503995083,22.331207507337155]]],[[[114.04451446052099,22.34362579977681],[114.04450958,22.34363263],[114.04451312436879,22.343634862510864],[114.04451446052099,22.34362579977681]]],[[[114.04437930704505,22.344542506736317],[114.04416653,22.34548503],[114.04440074964137,22.345537507891564],[114.04426574707031,22.345312751219126],[114.04437930704505,22.344542506736317]]],[[[114.0445113146656,22.34572158014099],[114.04441494,22.34666963],[114.04487398496114,22.347027254598384],[114.04452323913574,22.346662299968827],[114.0445113146656,22.34572158014099]]],[[[114.06773461,22.34852895],[114.06708172565862,22.34901419791153],[114.06839512621998,22.349378104287243],[114.06828134,22.34878919],[114.06773461,22.34852895]]],[[[114.06695776975714,22.349333870000812],[114.06739593,22.35034035],[114.06823940753274,22.349692895238473],[114.06695776975714,22.349333870000812]]],[[[114.06474089,22.3559199],[114.06326021,22.35310535],[114.06500123,22.35294837],[114.06187825,22.3514341],[114.06174565,22.34941315],[114.06448756,22.34882859],[114.06289100646973,22.34785306742586],[114.06471898307565,22.348359548358737],[114.06508498,22.34634371],[114.06600693,22.3464289],[114.06622789,22.34561796],[114.06438239066388,22.344945100117375],[114.06615257263184,22.34570967867839],[114.06503677368164,22.346027219831967],[114.0644359588623,22.348011835651448],[114.06048774719238,22.3468210695509],[114.05705451965332,22.344995208437894],[114.05842781066895,22.344360120705247],[114.0589231048159,22.343325916840296],[114.05685043,22.34494642],[114.05685738,22.34813272],[114.05399461,22.34865985],[114.05710438,22.35062152],[114.0604019165039,22.354759318036685],[114.05809561,22.35565489],[114.06218689,22.35464407],[114.06474089,22.3559199]]],[[[114.06440824750266,22.344777692972425],[114.06471949,22.34447099],[114.06445808,22.34424258],[114.06322729,22.34420182],[114.06270085,22.34361726],[114.06091938,22.34328657],[114.06092743,22.3423924],[114.05923527,22.34263476],[114.06440824750266,22.344777692972425]]],[[[114.05711837526641,22.35150124035233],[114.05711036,22.35163752],[114.0572641002477,22.351674523958923],[114.05711837526641,22.35150124035233]]],[[[114.05729710157019,22.3517137662915],[114.05751284,22.35202537],[114.05765533447266,22.352646321674086],[114.05765533447266,22.352139746029394],[114.05729710157019,22.3517137662915]]],[[[114.05765006822519,22.352702452137645],[114.0571291,22.35296875],[114.0571813612811,22.353328599820678],[114.05765006822519,22.352702452137645]]],[[[114.05707390201086,22.35347215513585],[114.0569618,22.35352403],[114.05687625227743,22.35372940783299],[114.05688285827637,22.3537273713071],[114.05707390201086,22.35347215513585]]],[[[114.05637280925403,22.353940903618298],[114.05648701,22.35534567],[114.0569626,22.35553266],[114.05749675873682,22.355505199842383],[114.05637280925403,22.353940903618298]]],[[[114.16529528017587,22.411115196246524],[114.16563619045006,22.4107648725415],[114.16568104,22.41015843],[114.16527782,22.4089546],[114.16648935,22.40734232],[114.16668229456695,22.40642753547734],[114.16520118713379,22.408965454980205],[114.16529528017587,22.411115196246524]]],[[[114.1437749804793,22.384486680308108],[114.13447380065918,22.381269789250084],[114.13748574,22.37931445],[114.13446744,22.3698025],[114.12338902,22.37037213],[114.11992557,22.36410731],[114.11388037,22.36085049],[114.11163909,22.36028505],[114.11137416,22.36187335],[114.11396026611328,22.368491419814717],[114.1109561920166,22.36682458949204],[114.10401415,22.3721829],[114.0985366,22.36818975],[114.09121131,22.36718866],[114.08018201,22.36913953],[114.07862637,22.36685294],[114.07464294,22.36749601],[114.07077404,22.36356035],[114.06454957,22.36399935],[114.0602667,22.36646948],[114.05294782,22.36222233],[114.04715518,22.36037344],[114.0426065,22.36069086],[114.03937218,22.35822059],[114.02883686,22.35529556],[114.03628349304199,22.360553953848154],[114.03722763061523,22.36364961939144],[114.049072265625,22.36745957482502],[114.04821395874023,22.365951479930914],[114.04924392700195,22.36587210606298],[114.04984474182129,22.367300828763263],[114.05095843131444,22.368441064276073],[114.05190467834473,22.36634834859194],[114.05705451965332,22.367618320705773],[114.05765533447266,22.370158230182298],[114.06265523090512,22.370991149167573],[114.06100273132324,22.369443885325467],[114.06237602233887,22.370158230182298],[114.06538009643555,22.367300828763263],[114.06683921813965,22.36833267492942],[114.06658172607422,22.366745216121814],[114.06915664672852,22.366189601263272],[114.07224655151367,22.369999487197546],[114.06872749328613,22.37301557295443],[114.06435012817383,22.370396344320056],[114.0666675567627,22.37388863821397],[114.06692504882812,22.37626969745112],[114.07293319702148,22.372777463296885],[114.08838272094727,22.36920576955866],[114.09112930297852,22.37111068428962],[114.09361839294434,22.37071382920351],[114.09207344055176,22.37230124275986],[114.09490585327148,22.372459983119896],[114.09602165222168,22.370634458050517],[114.09653663635254,22.37301557295443],[114.10460472106934,22.37468232915235],[114.10537719726562,22.376349065390826],[114.10408973693848,22.37515854154293],[114.10245895385742,22.37730147713671],[114.10469055175781,22.38317453886576],[114.10263061523438,22.384841173388025],[114.10460472106934,22.38563480185718],[114.10400390625,22.39023775768814],[114.10520553596646,22.39182494852826],[114.10627771613902,22.391675336894764],[114.10451889038086,22.390317117659748],[114.10503387451172,22.38857118782373],[114.11507606506348,22.382460260815733],[114.11481857299805,22.377380844488002],[114.11696434020996,22.376349065390826],[114.11670684814453,22.378888815562036],[114.11876678466797,22.381904708686022],[114.12142753601074,22.381984073411786],[114.11859512329102,22.381507884378095],[114.11945343017578,22.378412615935574],[114.12202835083008,22.379999941686478],[114.12280082702637,22.382142802727515],[114.12125587463379,22.382777718179568],[114.12074089050293,22.385793526600196],[114.12245750427246,22.388095021337477],[114.1263198852539,22.3869839598636],[114.12717819213867,22.38333326682333],[114.12898063659668,22.383571358420127],[114.13013002147477,22.38303996497172],[114.12554740905762,22.381745979098653],[114.12880897521973,22.380158673265697],[114.1437749804793,22.384486680308108]],[[114.04778480529785,22.364602118022617],[114.04632568359375,22.36301461668461],[114.04744148254395,22.361188967774353],[114.04993057250977,22.361903354980612],[114.05035972595215,22.364125869521402],[114.05319213867188,22.363490868986176],[114.05465126037598,22.365078364895083],[114.05276298522949,22.36611022753108],[114.04778480529785,22.364602118022617]],[[114.13086891174316,22.373968007511465],[114.13198471069336,22.37214250221882],[114.13490295410156,22.37206313188041],[114.1329288482666,22.373253682204663],[114.13267135620117,22.37571412060592],[114.12966728210449,22.374285484248887],[114.13086891174316,22.373968007511465]],[[114.12537574768066,22.375396647127204],[114.12331581115723,22.372459983119896],[114.12898063659668,22.37547601556477],[114.13086891174316,22.37833324917274],[114.12589073181152,22.37730147713671],[114.12666320800781,22.37571412060592],[114.12537574768066,22.375396647127204]],[[114.11945343017578,22.372777463296885],[114.1219425201416,22.37253935323203],[114.12022590637207,22.374523591326735],[114.11739349365234,22.374761697997258],[114.11361694335938,22.376349065390826],[114.11250114440918,22.37698400727895],[114.11052703857422,22.3788094490708],[114.10889625549316,22.379285647339287],[114.11670684814453,22.3740473767637],[114.11945343017578,22.372777463296885]],[[114.10932540893555,22.382460260815733],[114.10812377929688,22.38119042411688],[114.10683631896973,22.382857082407355],[114.10529136657715,22.383730085924952],[114.10820960998535,22.379444379733314],[114.11044120788574,22.380158673265697],[114.1124153137207,22.377063374811286],[114.11636352539062,22.376349065390826],[114.11232948303223,22.378650715952503],[114.11190032958984,22.382142802727515],[114.10932540893555,22.382460260815733]]],[[[114.11193098414708,22.36535333782103],[114.11090574994824,22.3665196256537],[114.11138534545898,22.36611022753108],[114.11193098414708,22.36535333782103]]],[[[114.11085115622078,22.366566228611887],[114.11059961,22.36667545],[114.11023385,22.3664019],[114.11047871,22.36685893],[114.11085115622078,22.366566228611887]]],[[[114.11026472647617,22.367065748452717],[114.11019348,22.36697436],[114.10999512,22.36710813],[114.11006181922053,22.36719368530369],[114.11026472647617,22.367065748452717]]],[[[114.10983648928689,22.36733576007596],[114.10879571,22.367464],[114.10805255284747,22.36886127020537],[114.1083812713623,22.368253302418907],[114.10983648928689,22.36733576007596]]],[[[114.10528209599818,22.406639236101316],[114.1054125,22.40596338],[114.10477638244629,22.40507728470405],[114.10517165536648,22.40441323603025],[114.10515725616087,22.40433336216696],[114.10469055175781,22.404045711064995],[114.10389661803642,22.404164739256952],[114.10528209599818,22.406639236101316]]],[[[114.05336380004883,22.332769261386574],[114.05370712280273,22.33300743942391],[114.0540192343124,22.332920829252043],[114.05336380004883,22.332769261386574]]],[[[114.05336380004883,22.332769261386574],[114.05197202236499,22.33284498983447],[114.05190467834473,22.332928046789988],[114.05224800109863,22.332928046789988],[114.05336380004883,22.332769261386574]]],[[[114.04512405395508,22.32578252468798],[114.04443740844727,22.325067952347894],[114.04400825500488,22.325226746517515],[114.04400825500488,22.32586192138875],[114.04435157775879,22.32602071465473],[114.04486656188965,22.32570312794202],[114.04512405395508,22.32578252468798]]],[[[114.04512405395508,22.32578252468798],[114.04383659362793,22.326735282115195],[114.04409408569336,22.327211658388933],[114.04501075628953,22.32749430717028],[114.04512405395508,22.32578252468798]]],[[[114.04709815979004,22.34007320282973],[114.04709815979004,22.339438092674058],[114.04694557185597,22.34007320282973],[114.04709815979004,22.34007320282973]]],[[[114.05203342426752,22.332769261431764],[114.05216217041016,22.33268986861708],[114.05212538582938,22.332655843086336],[114.05203342426752,22.332769261431764]]],[[[114.0505886073176,22.332557547292755],[114.05035972595215,22.332610475802397],[114.05023097994234,22.33278910934945],[114.0505886073176,22.332557547292755]]],[[[114.05004281265126,22.333050189212795],[114.05001640319824,22.33308683201264],[114.05005931856691,22.33312652826181],[114.05004281265126,22.333050189212795]]],[[[114.05044555664062,22.333483794278365],[114.05136108344395,22.333219152924094],[114.05096054077148,22.3332456170545],[114.05044555664062,22.333483794278365]]],[[[114.05216217041016,22.333166224556166],[114.05276298522949,22.333721970937283],[114.05276298522949,22.333563186595924],[114.05216217041016,22.333166224556166]]],[[[114.05276298522949,22.333854291323444],[114.05253804949967,22.33399299938773],[114.05276298522949,22.33396014750582],[114.05276298522949,22.333854291323444]]],[[[114.05038833595091,22.334886385187307],[114.05010223388672,22.334833457530493],[114.05027389526367,22.3349922405838],[114.05038833595091,22.334886385187307]]],[[[114.04953002942713,22.33396014750582],[114.049072265625,22.333801363277445],[114.04804229736328,22.334039539552236],[114.04804229736328,22.33419832350944],[114.04953002942713,22.33396014750582]]],[[[114.05344963088392,22.33507163204267],[114.05385017399365,22.335256878574103],[114.05396461486816,22.335230414824792],[114.05344963088392,22.33507163204267]]],[[[114.05336380004883,22.336500670573415],[114.05372467910378,22.33643391025363],[114.05370712280273,22.336421279928103],[114.05336380004883,22.336500670573415]]],[[[114.05520302905171,22.336232254364152],[114.05525207519531,22.33626249850191],[114.05535016759022,22.336111277517958],[114.05520302905171,22.336232254364152]]],[[[114.0558910369306,22.336112538001824],[114.05576705932617,22.336341889237602],[114.05586493639925,22.336378102493807],[114.0558910369306,22.336112538001824]]],[[[114.05516624450684,22.338164411957848],[114.05327796936035,22.338088473987668],[114.05302047707505,22.338167863683765],[114.05516624450684,22.338167863683765],[114.05516624450684,22.338164411957848]]],[[[114.05319213867188,22.339041147357662],[114.05267715462898,22.339094073451076],[114.05284881591797,22.339120536511345],[114.05319213867188,22.339041147357662]]],[[[114.04864311218262,22.327529241667747],[114.04726982116699,22.327211658388933],[114.04701232910156,22.326814678273777],[114.04623985290527,22.326338300644537],[114.04864311218262,22.327529241667747]]],[[[114.04032533814119,22.335095690048213],[114.04040336608887,22.33507163204264],[114.04034417239575,22.334962126276157],[114.04032533814119,22.335095690048213]]],[[[114.04038701702588,22.334658292089557],[114.04048919677734,22.33459528261156],[114.04057502746582,22.333325009507647],[114.04038701702588,22.334658292089557]]],[[[114.04306411743164,22.336103716894897],[114.04426574707031,22.333325009507647],[114.04422613295671,22.3328852951394],[114.04417991638184,22.333483794278365],[114.04306411743164,22.336103716894897]]],[[[114.04177665666471,22.33658006117352],[114.04169082641602,22.33658006117352],[114.04126167297363,22.337294574540536],[114.04177665666471,22.33658006117352]]],[[[114.01879549094045,22.330605792922093],[114.01918172839281,22.331677606634933],[114.01911735534668,22.331022610018394],[114.01879549094045,22.330605792922093]]],[[[114.01944351194335,22.33173715185815],[114.01949501046391,22.33173715185815],[114.01946067810059,22.33165775850115],[114.01944351194335,22.33173715185815]]],[[[114.02156829886094,22.33098291250389],[114.0216445916772,22.330943216254695],[114.0216064453125,22.330943216254695],[114.02156829886094,22.33098291250389]]],[[[114.01171079497523,22.3276183197732],[114.0117359161377,22.32768803303604],[114.01276588439941,22.32768803303604],[114.01171079497523,22.3276183197732]]],[[[114.01301885905653,22.327533420388967],[114.01448249816895,22.32760863737448],[114.01302337646484,22.327529241667747],[114.01301885905653,22.327533420388967]]],[[[114.0149974822998,22.327449845915808],[114.01514244075841,22.327650981654216],[114.01516914367676,22.32760863737448],[114.0149974822998,22.327449845915808]]],[[[114.0157699584961,22.328481987166484],[114.01609420733672,22.327582172389924],[114.01594161987305,22.32768803303604],[114.0157699584961,22.328481987166484]]],[[[114.01650565013652,22.327347765564664],[114.01748657226562,22.327529241667747],[114.01662826538086,22.3272910542764],[114.01650565013652,22.327347765564664]]],[[[114.04499200672988,22.345575334107153],[114.04495239257812,22.345630293276955],[114.04520988464355,22.34570967867839],[114.04499200672988,22.345575334107153]]],[[[114.04772758483887,22.34496874650178],[114.04778480529785,22.344995208437894],[114.04780041085334,22.3449519070935],[114.04772758483887,22.34496874650178]]],[[[114.0479564666748,22.344518892909676],[114.04773449077796,22.34417671117564],[114.04769897460938,22.344201348319984],[114.0479564666748,22.344518892909676]]],[[[114.04794420508804,22.344031234849353],[114.0480727534476,22.343983676184955],[114.04804229736328,22.343963189402984],[114.04794420508804,22.344031234849353]]],[[[114.0489141564501,22.34535035486152],[114.048952102667,22.345455645202126],[114.04898643493652,22.345392136801408],[114.0489141564501,22.34535035486152]]],[[[114.04895156596864,22.342541669862175],[114.04890060424805,22.34253422735634],[114.04890060424805,22.34264536871777],[114.04895156596864,22.342541669862175]]],[[[114.1109561920166,22.385396713791835],[114.11018371582031,22.386110976765366],[114.11190032958984,22.3869839598636],[114.11267280578613,22.385872889515028],[114.1109561920166,22.385396713791835]]],[[[114.05447959899902,22.372380612962502],[114.05519265394945,22.371382376676912],[114.05332418602318,22.37084204405135],[114.05362129211426,22.37166627950954],[114.05447959899902,22.372380612962502]]],[[[114.05447959899902,22.372380612962502],[114.05834197998047,22.37372989948318],[114.05819051406573,22.375055829184603],[114.0601658823079,22.374741855841187],[114.05877113342285,22.372936203113838],[114.05447959899902,22.372380612962502]]],[[[114.10529136657715,22.4065849554798],[114.10527849123797,22.406577019946337],[114.10527270662605,22.406609107064533],[114.10529136657715,22.4065849554798]]],[[[114.04874715824963,22.369065763654806],[114.04902219772933,22.36951994944365],[114.04915809631348,22.36920576955866],[114.04874715824963,22.369065763654806]]],[[[114.06064224231415,22.375079172743252],[114.06069102978121,22.3751167680598],[114.06091690115687,22.375184997814507],[114.06064224231415,22.375079172743252]]],[[[114.06203269958496,22.375396647127204],[114.06383514404297,22.375396647127204],[114.0652084350586,22.373491791047584],[114.06435012817383,22.374523591326735],[114.06203269958496,22.375396647127204]]],[[[114.06509399436281,22.374497135022107],[114.06580924987793,22.37547601556477],[114.06649589538574,22.37420611513241],[114.06572341918945,22.374602960262166],[114.06509399436281,22.374497135022107]]],[[[114.06735420227051,22.369761372381006],[114.06486511230469,22.36833267492942],[114.06881332397461,22.37222187251197],[114.06735420227051,22.369761372381006]]],[[[114.06735420227051,22.368094557262097],[114.06838417053223,22.369285141526163],[114.0695858001709,22.369682000685017],[114.06735420227051,22.368094557262097]]],[[[114.04975891113281,22.368015184615842],[114.04967308044434,22.368253302418907],[114.04997961783668,22.368763550500002],[114.04975891113281,22.368015184615842]]],[[[114.0568728779466,22.371053463367687],[114.05902862548828,22.37134879679826],[114.05696868896484,22.37103131336292],[114.0568728779466,22.371053463367687]]],[[[114.05357837642748,22.369999487197546],[114.05299186925664,22.370184688254003],[114.0542221069336,22.369999487197546],[114.05357837642748,22.369999487197546]]],[[[114.05259132385254,22.369956748362252],[114.05173301696777,22.3689676533846],[114.05141538170056,22.36890890657957],[114.05224800109863,22.369761372381006],[114.05259132385254,22.369956748362252]]],[[[114.03050942852023,22.357386056958358],[114.03044700622559,22.35729946203729],[114.03027534484863,22.35729946203729],[114.03050942852023,22.357386056958358]]],[[[114.0945134849692,22.37301557295443],[114.09490585327148,22.37317431249984],[114.09500026681958,22.373261618916057],[114.09473419189453,22.37301557295443],[114.0945134849692,22.37301557295443]]],[[[114.09513953831897,22.373322623725038],[114.09516334533691,22.373333051864236],[114.09602165222168,22.37317431249984],[114.09513953831897,22.373322623725038]]],[[[114.09365800551431,22.378272197992526],[114.09349096893004,22.380457987116937],[114.09464836120605,22.380634866916907],[114.09524917602539,22.379285647339287],[114.09365800551431,22.378272197992526]]],[[[114.09790992736816,22.379920575828976],[114.09876823425293,22.380872963131367],[114.09885174690079,22.38091586412958],[114.09790992736816,22.379920575828976]]],[[[114.0993862153862,22.38119042411688],[114.09954071044922,22.381269789250084],[114.09973382933305,22.38119042411688],[114.0993862153862,22.38119042411688]]],[[[114.10048484802246,22.378491982653145],[114.10099983215332,22.3788094490708],[114.10106849671585,22.378761829113586],[114.10048484802246,22.378491982653145]]],[[[114.10120582573518,22.378666589272488],[114.10134315490723,22.37857134932547],[114.10128593444824,22.37833324876535],[114.10120582573518,22.378666589272488]]],[[[114.09469884980773,22.377114730091385],[114.0943842667591,22.377454106496373],[114.09464836120605,22.37730147713671],[114.09469884980773,22.377114730091385]]],[[[114.13432312006506,22.381864144340103],[114.13430213928223,22.38182534391497],[114.13421630859375,22.38182534391497],[114.13432312006506,22.381864144340103]]],[[[114.13318634033203,22.38182534391497],[114.13318634033203,22.381587249330224],[114.13275718688965,22.381587249330224],[114.13271427150869,22.38182534391497],[114.13318634033203,22.38182534391497]]],[[[114.13186586803592,22.38269835390652],[114.13029150523835,22.383066315095004],[114.1358470916748,22.385476076525563],[114.13679122924805,22.38452372073266],[114.13186586803592,22.38269835390652]]],[[[114.11653518676758,22.380793597771813],[114.11574694576197,22.380866484325487],[114.11576271057129,22.380872963131367],[114.11653518676758,22.380793597771813]]],[[[114.1055274010072,22.394959597143615],[114.10494804382324,22.395951559890037],[114.1036605834961,22.394761203792655],[114.10237312316895,22.39460248887636],[114.10245895385742,22.39230110223238],[114.10426139831543,22.392539178479055],[114.10150623084394,22.390098084883807],[114.10125732421875,22.394761203792655],[114.10614967346191,22.397062549719735],[114.10642988470077,22.3991467980237],[114.10958290100098,22.396427699475538],[114.11001205444336,22.397856108448394],[114.10904532973935,22.398415773405347],[114.10863876342773,22.399998694389907],[114.10666465759277,22.401347713040735],[114.10647392292549,22.401994295668633],[114.1086471782687,22.400054708940278],[114.10975456237793,22.39817353067157],[114.10994800141846,22.400340983875957],[114.11258697509766,22.40023675745607],[114.11112785339355,22.39626898646155],[114.11284446716309,22.394761203792655],[114.11224365234375,22.39103135536648],[114.11078453063965,22.391666230248603],[114.10975456237793,22.389682236618867],[114.11009788513184,22.394523131350283],[114.1076123962484,22.392749505511947],[114.10786628723145,22.39484056118286],[114.1055274010072,22.394959597143615]]],[[[114.10930824282137,22.39298358633885],[114.10941123962402,22.393174046477526],[114.10969397602993,22.393141369511113],[114.10966873168945,22.39309468813623],[114.10930824282137,22.39298358633885]]],[[[114.106354152335,22.40223421500866],[114.104785918818,22.402693779713076],[114.10408973292009,22.403490248676025],[114.10486221313477,22.4026967185993],[114.106354152335,22.40223421500866]]],[[[114.10399436992671,22.4036004554126],[114.10380062305511,22.403824359986945],[114.10384785047302,22.404074566218497],[114.10391807556152,22.403807654522453],[114.10399436992671,22.4036004554126]]],[[[114.1153038213244,22.395909694718576],[114.11808013916016,22.395078633081724],[114.11747932434082,22.392063025578125],[114.1164493560791,22.392380461026562],[114.1153038213244,22.395909694718576]]],[[[114.12049611410553,22.383297993814196],[114.1204833984375,22.38333326682333],[114.12057374681547,22.383567181378076],[114.12049611410553,22.383297993814196]]],[[[114.11670684770364,22.39634834299119],[114.1162261965438,22.39634834299119],[114.11644935618197,22.39642769944383],[114.11670684770364,22.39634834299119]]],[[[114.13682937625093,22.38413572198073],[114.13687705993652,22.38404754039132],[114.1368351913239,22.38385397061307],[114.13679122924805,22.38388881324869],[114.13682937625093,22.38413572198073]]],[[[114.13713455200195,22.383174538458306],[114.13713455200195,22.38309517481906],[114.13706302682942,22.38310840208598],[114.13713455200195,22.383174538458306]]],[[[114.10599256467164,22.399466002276768],[114.10605858242373,22.39848941236436],[114.10520553588867,22.39960192170696],[114.10599256467164,22.399466002276768]]],[[[114.09977208067701,22.388343455517173],[114.09960466169966,22.388456036936027],[114.09971237182617,22.388412465842762],[114.09977208067701,22.388343455517173]]],[[[114.09429440461271,22.383217381024302],[114.09473419189453,22.38253962522458],[114.09396371599495,22.3820816334134],[114.09429440461271,22.383217381024302]]]]}},{"type":"Feature","properties":{"divisionCode":"SK","area":"New Territories"},"geometry":{"type":"MultiPolygon","coordinates":[[[[114.29053089,22.24122248],[114.29076931,22.24112154],[114.29089544,22.24082298],[114.29051157,22.24087503],[114.29053089,22.24122248]]],[[[114.28065277,22.24287799],[114.28097413,22.24272804],[114.28109219,22.242435],[114.28037758,22.24254886],[114.28065277,22.24287799]]],[[[114.28196093,22.24278553],[114.28180813,22.24308191],[114.28199673,22.24315313],[114.2820393,22.2430619],[114.28196093,22.24278553]]],[[[114.28195927,22.24328074],[114.28182475,22.24327138],[114.28191725,22.24343198],[114.28194104,22.24334549],[114.28195927,22.24328074]]],[[[114.34650485,22.25514345],[114.34722079,22.25465313],[114.34738023,22.25347221],[114.34535128,22.25414822],[114.34650485,22.25514345]]],[[[114.35272626,22.25597575],[114.35279357,22.25632269],[114.35294491,22.25636083],[114.35296582,22.2560662],[114.35272626,22.25597575]]],[[[114.35307465,22.25798203],[114.35328202,22.25755732],[114.35317289,22.25737217],[114.3525765,22.2579532],[114.35307465,22.25798203]]],[[[114.29557475,22.258767],[114.29535643,22.25656333],[114.29774993,22.25488512],[114.29560398,22.25488876],[114.29614469,22.2545021],[114.29641907,22.25363321],[114.29634927293269,22.25145076640972],[114.29454803466797,22.254148315820316],[114.29609298706055,22.254227753223205],[114.29523468017578,22.254704376694193],[114.29566383361816,22.25629310987962],[114.29420471191406,22.257325776782622],[114.29137229919434,22.256928598105972],[114.28905487060547,22.25383056575805],[114.2867374420166,22.253671690456528],[114.28622657052496,22.254187492185068],[114.28872702,22.25406804],[114.28872056,22.25485272],[114.29310134,22.25850163],[114.29557475,22.258767]]],[[[114.29633528411392,22.25144319826807],[114.29835021,22.25028468],[114.29816098,22.24759187],[114.29696882,22.24770526],[114.29648834056393,22.248037124936612],[114.29789543151855,22.247952059553043],[114.29798126220703,22.24977918926136],[114.29633528411392,22.25144319826807]]],[[[114.2961404158459,22.247822442851582],[114.2966507,22.24430758],[114.29578699,22.24166953],[114.29264536,22.24201136],[114.29326057434082,22.243026634661845],[114.2951488494873,22.241834973590485],[114.29609298706055,22.245966021966353],[114.2936897277832,22.247078206484176],[114.29463386535645,22.248667026190617],[114.2961404158459,22.247822442851582]]],[[[114.29214498869354,22.24239226793701],[114.2905326,22.24301326],[114.28885566,22.24138666],[114.28991854,22.23955687],[114.28895988,22.23772628],[114.28683968,22.23835908],[114.28740355152691,22.242016099390426],[114.29154396057129,22.243662183088745],[114.29214498869354,22.24239226793701]]],[[[114.28731642881633,22.24202617941336],[114.28677046,22.24194026],[114.28619604,22.24252237],[114.28573636,22.24221497],[114.28244717,22.24358518],[114.28263814,22.2432036],[114.28039429,22.24501991],[114.28038417,22.249771],[114.28261081,22.25301198],[114.2832545395579,22.25345370411358],[114.28047180175781,22.249620309363394],[114.28115844726562,22.247157647897538],[114.28321838378906,22.246363231736453],[114.28047180175781,22.245489368755457],[114.28731642881633,22.24202617941336]]],[[[114.28330988101531,22.253515638919183],[114.28384507,22.25411459],[114.28426913,22.25411897],[114.28479001,22.25469326],[114.28549058,22.25487087],[114.28583766,22.25479504],[114.28619573405592,22.254218626245777],[114.28330988101531,22.253515638919183]]],[[[114.35219126,22.25885604],[114.3520957516224,22.2590406883064],[114.35217138,22.25908485],[114.35219656,22.25904001],[114.35219126,22.25885604]]],[[[114.35318046,22.2594662],[114.35298616,22.2594641],[114.35277989,22.25978399],[114.35320802,22.25973227],[114.35318046,22.2594662]]],[[[114.3517161,22.26007776],[114.35179710388184,22.259947127787584],[114.35142497174502,22.260406325275053],[114.3516395,22.26030763],[114.3517161,22.26007776]]],[[[114.35174322760813,22.260255006319337],[114.35175338,22.26032134],[114.35194711759495,22.260192108099222],[114.35174322760813,22.260255006319337]]],[[[114.35197952821699,22.26017048872125],[114.35208724,22.26009864],[114.35228227234398,22.259750215652094],[114.35197952821699,22.26017048872125]]],[[[114.35229229002198,22.259475102814438],[114.35229185,22.25943202],[114.35224222932563,22.259486685328234],[114.35229229002198,22.259475102814438]]],[[[114.35219499955367,22.25849560960352],[114.35220181,22.25848695],[114.3520606078182,22.258402326452703],[114.35219499955367,22.25849560960352]]],[[[114.3522368451486,22.258094653542226],[114.35228371,22.25807312],[114.35264403654405,22.257114839215102],[114.3522368451486,22.258094653542226]]],[[[114.35263620844181,22.257085692548362],[114.35262424,22.25704113],[114.3520641635241,22.257032750138983],[114.35263620844181,22.257085692548362]]],[[[114.3518785621015,22.257015572840153],[114.35258001,22.25680156],[114.35282396910675,22.256455811340846],[114.35256958007812,22.256769726319817],[114.3518785621015,22.257015572840153]]],[[[114.3520886870431,22.256134795311816],[114.35224544,22.25595755],[114.3522034817138,22.255869188928045],[114.3520886870431,22.256134795311816]]],[[[114.3519895509605,22.255953411764718],[114.35156787,22.25617761],[114.35260494,22.25458569],[114.35261755581993,22.254394778478773],[114.3515396118164,22.256213673648517],[114.3519895509605,22.255953411764718]]],[[[114.35262734847117,22.254246589145584],[114.35264013,22.25405317],[114.35240038657611,22.25375645758564],[114.35262734847117,22.254246589145584]]],[[[114.35165704635293,22.253700966569358],[114.35076972,22.2540271],[114.3506700174847,22.25423384601219],[114.35165704635293,22.253700966569358]]],[[[114.35040238333767,22.25437833695845],[114.35007886,22.25440956],[114.34965133666992,22.2547838137816],[114.35040238333767,22.25437833695845]]],[[[114.34985615288774,22.254307190581045],[114.34988975,22.25428849],[114.34947967529297,22.254307190581045],[114.34985615288774,22.254307190581045]]],[[[114.3495351118499,22.254050654213653],[114.34958154,22.25391318],[114.34939767897099,22.253744030580844],[114.34956550598145,22.253910003341232],[114.3495351118499,22.254050654213653]]],[[[114.34946289471903,22.253623313907948],[114.34968562,22.25341355],[114.34962671493334,22.253320076855232],[114.34946289471903,22.253623313907948]]],[[[114.34969724056675,22.253135523233254],[114.34955765,22.25308688],[114.3486339075689,22.253665441491982],[114.34969724056675,22.253135523233254]]],[[[114.3485713388597,22.25374114507754],[114.34824977,22.25413022],[114.34835697,22.25507066],[114.3482780456543,22.254148315820316],[114.3485713388597,22.25374114507754]]],[[[114.34856036602697,22.255183111994466],[114.34804753,22.25573624],[114.34792028727047,22.25603879373041],[114.34856036602697,22.255183111994466]]],[[[114.34784889221191,22.25666104374547],[114.34780625,22.25678477],[114.34784889221191,22.256758840759176],[114.34784889221191,22.25666104374547]]],[[[114.34808039484388,22.25662688976943],[114.34797984,22.25706451],[114.34816189146625,22.257138841240625],[114.34802055358887,22.25700803393144],[114.34808039484388,22.25662688976943]]],[[[114.3482065617953,22.257220016955564],[114.34789432,22.25797202],[114.34869423064148,22.25815296430665],[114.34793472290039,22.257961260321494],[114.3482065617953,22.257220016955564]]],[[[114.34900413714718,22.258141594751688],[114.34990998,22.25777578],[114.35010183267867,22.257633641642673],[114.34900413714718,22.258141594751688]]],[[[114.35120535490475,22.257122992259937],[114.35121923,22.25711928],[114.3510628156133,22.25737161957165],[114.35128211975098,22.25708746971185],[114.35120535490475,22.257122992259937]]],[[[114.35087220436189,22.25767912812344],[114.35098444,22.2579958],[114.35109701946531,22.257978009745475],[114.35102462768555,22.257961260321494],[114.35087220436189,22.25767912812344]]],[[[114.3514056765667,22.25912419683306],[114.35153211648132,22.25921730173191],[114.35162544250488,22.25907334957327],[114.3514056765667,22.25912419683306]]],[[[114.35144349402931,22.259680263577536],[114.35151467245765,22.259962514934703],[114.3515396118164,22.259947127787584],[114.35144349402931,22.259680263577536]]],[[[114.35150583123509,22.259967969814028],[114.35103609,22.26022246],[114.35104544256927,22.26025202154945],[114.35150583123509,22.259967969814028]]],[[[114.35106543766466,22.260315221936775],[114.35113628,22.26053914],[114.35121685836083,22.260502069342404],[114.35106543766466,22.260315221936775]]],[[[114.35180803,22.26045953],[114.3516719,22.26059803],[114.35171108,22.26076426],[114.35185374,22.26050256],[114.35180803,22.26045953]]],[[[114.35206953,22.26077486],[114.35230222,22.26080398],[114.35238486,22.26058617],[114.3518394,22.26083386],[114.35206953,22.26077486]]],[[[114.35143615,22.26099096],[114.35154209,22.26059573],[114.35112512,22.26067105],[114.35113518,22.26099911],[114.35143615,22.26099096]]],[[[114.35224113,22.26144257],[114.35219216,22.26136545],[114.35170518,22.2613783],[114.35192339,22.26169081],[114.35224113,22.26144257]]],[[[114.35271244,22.26176703],[114.35275639,22.26172594],[114.35275199,22.26164362],[114.35264152,22.26170318],[114.35271244,22.26176703]]],[[[114.34549618,22.26313433],[114.3453856,22.2624511],[114.34480364,22.26272125],[114.34485765,22.26306775],[114.34549618,22.26313433]]],[[[114.36791752,22.26431242],[114.36768439,22.26440984],[114.36755688,22.26475805],[114.36782998,22.26455786],[114.36791752,22.26431242]]],[[[114.27955635,22.26530081],[114.28000304,22.26480184],[114.27926975,22.26464741],[114.27911085,22.26489817],[114.27955635,22.26530081]]],[[[114.37009242,22.26565718],[114.37059691,22.26510228],[114.37050816,22.26455503],[114.36914781,22.26594264],[114.37009242,22.26565718]]],[[[114.36986148,22.26622572],[114.37011172,22.26606455],[114.37017542,22.2658931],[114.3697678,22.26616008],[114.36986148,22.26622572]]],[[[114.367085,22.26719876],[114.3673749,22.26678269],[114.36707639,22.26632816],[114.36650886,22.2666671],[114.367085,22.26719876]]],[[[114.35036478000471,22.270978127702925],[114.35045404,22.27096593],[114.35044752477467,22.270912494353535],[114.35036478000471,22.270978127702925]]],[[[114.35069587168317,22.27071550499186],[114.35074536,22.27069609],[114.35073335435408,22.270685773647664],[114.35069587168317,22.27071550499186]]],[[[114.35062294192456,22.270590897159323],[114.35060869930729,22.270578658595984],[114.35059547424316,22.270590897159323],[114.35062294192456,22.270590897159323]]],[[[114.35066132624527,22.27052995727338],[114.35120858,22.27019979],[114.35140722,22.26984788],[114.35129440686345,22.26976714961068],[114.35066132624527,22.27052995727338]]],[[[114.35086105060506,22.269226223530907],[114.35023439,22.26901739],[114.34994057279043,22.26910025258857],[114.3500804901123,22.26908175523708],[114.35086105060506,22.269226223530907]]],[[[114.34952265941031,22.269155501578325],[114.34967900500217,22.26897672143522],[114.34947967529297,22.269161184165128],[114.34952265941031,22.269155501578325]]],[[[114.35006223492515,22.26862207401929],[114.35025602,22.26853006],[114.35023807263055,22.268459350406278],[114.35006223492515,22.26862207401929]]],[[[114.35000186279909,22.267814219337808],[114.35000136126358,22.267805924622387],[114.34999465942383,22.267810886256015],[114.35000186279909,22.267814219337808]]],[[[114.35039885816651,22.26751164214567],[114.35041893,22.26751063],[114.35041959636534,22.267496288847397],[114.35039885816651,22.26751164214567]]],[[[114.35041996218625,22.267488415848533],[114.35042662,22.26734513],[114.35031049468574,22.267353343767557],[114.35041996218625,22.267488415848533]]],[[[114.3502416798322,22.267268433036723],[114.35026748,22.26719943],[114.35019352933311,22.267209020077804],[114.3502416798322,22.267268433036723]]],[[[114.3492146253605,22.267039951265552],[114.34907538508408,22.266964816600698],[114.34905052185059,22.267016587281276],[114.3492146253605,22.267039951265552]]],[[[114.34912842989084,22.26685436573159],[114.34927997,22.2668028],[114.34917709945444,22.266753025074006],[114.34912842989084,22.26685436573159]]],[[[114.34934008641736,22.266301714349026],[114.34903040194533,22.266240903387487],[114.34896469116211,22.266301714349026],[114.34934008641736,22.266301714349026]]],[[[114.34919423650867,22.266089285390517],[114.34925868,22.26607629],[114.34894221,22.26583176],[114.34859499658695,22.26575191401369],[114.34919423650867,22.266089285390517]]],[[[114.34853697770073,22.265590835598463],[114.3485481337868,22.265575180865948],[114.34853553771973,22.265586837764758],[114.34853697770073,22.265590835598463]]],[[[114.34877491079294,22.26536531245257],[114.34925303,22.26499541],[114.34891473,22.2639748],[114.34847531,22.26342782],[114.3480123,22.26316623],[114.34783413,22.26315433],[114.34877491079294,22.26536531245257]]],[[[114.34762940201534,22.26313234266734],[114.34765153,22.26288359],[114.34702276,22.26282493],[114.3461613,22.26307827],[114.34607260346522,22.263316826249067],[114.34762940201534,22.26313234266734]]],[[[114.3456568832653,22.263866438711855],[114.34563704,22.26388029],[114.34564320819807,22.26388451814939],[114.3456568832653,22.263866438711855]]],[[[114.34597605858801,22.264966513963593],[114.34595213,22.26501052],[114.34596520902753,22.265011696912218],[114.34597605858801,22.264966513963593]]],[[[114.3461642813837,22.265441440726047],[114.34605251,22.26552019],[114.34609686176121,22.26552463101288],[114.3461642813837,22.265441440726047]]],[[[114.34609050800393,22.267362688373208],[114.3460723,22.26739691],[114.34607821013357,22.267399106954205],[114.34609050800393,22.267362688373208]]],[[[114.3463746166558,22.267569091100203],[114.34628353,22.26769491],[114.3463597,22.26789332],[114.34642563822965,22.267900390230366],[114.3463746166558,22.267569091100203]]],[[[114.34705129862829,22.26801296493069],[114.34751417,22.2684962],[114.34847342776692,22.26903577292317],[114.34810638427734,22.26876403907397],[114.34705129862829,22.26801296493069]]],[[[114.34895341878534,22.269391125383365],[114.34896204769115,22.269408032696102],[114.34896469116211,22.26939947067872],[114.34895341878534,22.269391125383365]]],[[[114.34890529895276,22.270971281879994],[114.34892417,22.27100712],[114.34892667946046,22.271005906657415],[114.34890529895276,22.270971281879994]]],[[[114.34929145690948,22.270840672653183],[114.34944977,22.27104777],[114.34946529972007,22.271047510134785],[114.34930801391602,22.270829181237943],[114.34929145690948,22.270840672653183]]],[[[114.35118626,22.27208636],[114.35125681,22.27204255],[114.35123243,22.27199079],[114.35115192,22.27199568],[114.35118626,22.27208636]]],[[[114.35071443,22.27210958],[114.35062464,22.27177429],[114.35132488,22.27096234],[114.35034296,22.2714315],[114.35071443,22.27210958]]],[[[114.31470377980473,22.277832053616187],[114.31550054,22.27710795],[114.31554415590254,22.276774213652793],[114.31549072265625,22.277103849239367],[114.31470377980473,22.277832053616187]]],[[[114.31573124759215,22.275342641830765],[114.31578229,22.27495208],[114.31567290900853,22.274748806301254],[114.31573124759215,22.275342641830765]]],[[[114.31552216525205,22.274468664015735],[114.31541428,22.27426817],[114.31494427,22.27411098],[114.31480977,22.27424189],[114.31552216525205,22.274468664015735]]],[[[114.31475680531925,22.274473041546297],[114.31475064,22.2744743],[114.31440922,22.2739423],[114.31415348,22.27457337],[114.31437492370605,22.274085689636408],[114.31471824645996,22.274562245482343],[114.31475680531925,22.274473041546297]]],[[[114.31417887617712,22.274690416942818],[114.3139716,22.27460041],[114.31390423646889,22.274680105708168],[114.31411743164062,22.274879948477633],[114.31417887617712,22.274690416942818]]],[[[114.31375713442459,22.274816230524497],[114.31368827819824,22.274623390655332],[114.31368827819824,22.274879948477633],[114.31375713442459,22.274816230524497]]],[[[114.31363808530496,22.274482819620772],[114.31362386,22.27444298],[114.31359673730012,22.274482819620772],[114.31363808530496,22.274482819620772]]],[[[114.3134967847717,22.27462963652485],[114.3134099,22.27509982],[114.31309949309414,22.274964940112227],[114.31343078613281,22.27511822525055],[114.3134967847717,22.27462963652485]]],[[[114.31293042656861,22.275758620682613],[114.31269171,22.2753022],[114.31257591852807,22.27536923206839],[114.31265830993652,22.27567420280883],[114.31293042656861,22.275758620682613]]],[[[114.31257032196105,22.275372471939654],[114.31248855,22.27541981],[114.31248664855957,22.27599190327848],[114.31257032196105,22.275372471939654]]],[[[114.31245767702005,22.275898070352877],[114.31234066,22.27547345],[114.3123386417537,22.275512539328997],[114.31245767702005,22.275898070352877]]],[[[114.31224324073698,22.27590067128103],[114.31211628,22.27597436],[114.31301751,22.27698585],[114.31347988,22.27738426],[114.31364614726971,22.27739349171882],[114.31224324073698,22.27590067128103]]],[[[114.31368505011199,22.277408919901077],[114.31366584,22.27753857],[114.31375973126944,22.277438537133165],[114.31368505011199,22.277408919901077]]],[[[114.31426153779489,22.277729767208182],[114.31436776,22.27768092],[114.31444280912959,22.277722637143896],[114.31437492370605,22.277659818904695],[114.31426153779489,22.277729767208182]]],[[[114.31834632,22.3004187],[114.31882714,22.30025516],[114.31814541,22.29964701],[114.3178246,22.29988616],[114.31834632,22.3004187]]],[[[114.31913006,22.30050494],[114.31888653,22.30048415],[114.31883731,22.30070894],[114.31919999,22.30068549],[114.31913006,22.30050494]]],[[[114.31222251,22.30079315],[114.31213673,22.30103455],[114.31241477,22.30118373],[114.31250425,22.30097009],[114.31222251,22.30079315]]],[[[114.32005472,22.30161757],[114.32052975,22.30149366],[114.32126028,22.30052156],[114.31914328,22.30087779],[114.32005472,22.30161757]]],[[[114.31132836,22.3025328],[114.31210266,22.30207964],[114.31178191,22.30148835],[114.311163,22.30184505],[114.31132836,22.3025328]]],[[[114.3173298,22.30330034],[114.31712745,22.30364121],[114.3172308,22.3039093],[114.31729505,22.303814],[114.3173298,22.30330034]]],[[[114.31678899,22.30397904],[114.31694843,22.30382207],[114.31686226,22.30340118],[114.31661502,22.30372658],[114.31678899,22.30397904]]],[[[114.31149425,22.30385568],[114.31115157,22.30305336],[114.31069124,22.30439211],[114.31107784,22.30454641],[114.31149425,22.30385568]]],[[[114.3086755,22.30480805],[114.30886078,22.30466321],[114.30870781,22.30452961],[114.30856765,22.30464697],[114.3086755,22.30480805]]],[[[114.31027314,22.30487938],[114.31031107,22.30475187],[114.31029253,22.30466031],[114.31006976,22.30485339],[114.31027314,22.30487938]]],[[[114.30989414,22.30717749],[114.31003685,22.30705195],[114.31007235,22.30682339],[114.3097591,22.30708383],[114.30989414,22.30717749]]],[[[114.36829833,22.30719192],[114.36840439,22.30709201],[114.36860648,22.30661563],[114.36805868,22.30693125],[114.36829833,22.30719192]]],[[[114.30932141,22.3077033],[114.30934691,22.30764841],[114.30922454,22.30746927],[114.30919079,22.30765407],[114.30932141,22.3077033]]],[[[114.30975232,22.30773078],[114.3098134,22.30756018],[114.3095818,22.30759817],[114.30958347,22.30766007],[114.30975232,22.30773078]]],[[[114.36486579,22.30732327],[114.36452251,22.30745111],[114.36466731,22.3080877],[114.36498742,22.30756044],[114.36486579,22.30732327]]],[[[114.31010191,22.30951665],[114.31018621,22.30934362],[114.31004402,22.30919662],[114.30996739,22.30946137],[114.31010191,22.30951665]]],[[[114.36911747,22.31051359],[114.36916111,22.3101705],[114.36870286,22.31067455],[114.36911747,22.31051359]]],[[[114.37275928,22.31144361],[114.37247166,22.31146175],[114.37247753,22.31174906],[114.37278294,22.31159969],[114.37275928,22.31144361]]],[[[114.37187937,22.3123207],[114.37209582,22.31169491],[114.37204708,22.31154304],[114.37112826,22.31225578],[114.37187937,22.3123207]]],[[[114.37130939,22.3115174],[114.37054421,22.31152542],[114.37006508,22.31218308],[114.37095675,22.31221338],[114.37130939,22.3115174]]],[[[114.3183811,22.31269251],[114.31903674,22.31218017],[114.31891148,22.31096533],[114.31822614,22.31166889],[114.3183811,22.31269251]]],[[[114.34663893,22.3143913],[114.34652793,22.31471383],[114.34682047,22.31488952],[114.34684684,22.31468637],[114.34663893,22.3143913]]],[[[114.36565272,22.32118282],[114.36632826548554,22.321027899210826],[114.36555626338459,22.321146925198878],[114.36565272,22.32118282]]],[[[114.36639110537638,22.321013488330006],[114.36640527,22.32101024],[114.3663980649745,22.321000612085477],[114.36639110537638,22.321013488330006]]],[[[114.36626905546638,22.3208282195636],[114.36626149,22.32081811],[114.36613371171705,22.320807352449965],[114.36626905546638,22.3208282195636]]],[[[114.3660408847789,22.320793040519955],[114.36605994555488,22.320705859791502],[114.36595916748047,22.320780441458965],[114.3660408847789,22.320793040519955]]],[[[114.36632205724125,22.32048327574139],[114.36639262,22.32044369],[114.36590530851329,22.320611783455266],[114.36632205724125,22.32048327574139]]],[[[114.36561643449096,22.320541696948993],[114.36577454,22.32046185],[114.36567743390468,22.320485268000983],[114.36561643449096,22.320541696948993]]],[[[114.36543718497538,22.320069080411063],[114.36593216,22.31997653],[114.36625837508504,22.31968924803162],[114.36543718497538,22.320069080411063]]],[[[114.36632151541441,22.31963364337402],[114.36655915,22.31942437],[114.36657546464208,22.319163795905567],[114.36632151541441,22.31963364337402]]],[[[114.36659776937871,22.3191225285068],[114.36736711,22.31905535],[114.36736272343117,22.319005642354085],[114.36664581298828,22.31903363999733],[114.36659776937871,22.3191225285068]]],[[[114.36780971242025,22.318578178015446],[114.36750411987305,22.318557235804292],[114.36741828918457,22.318795438104075],[114.36780971242025,22.318578178015446]]],[[[114.36818824290924,22.317921249845273],[114.36802397227959,22.31775872155284],[114.36793327331543,22.31784262646579],[114.36818824290924,22.317921249845273]]],[[[114.36818125812626,22.317578037230923],[114.36819131,22.31756649],[114.3681773689142,22.317567243572206],[114.36818125812626,22.317578037230923]]],[[[114.3681821766163,22.317133985051058],[114.3684183,22.31676303],[114.3684568987029,22.316333994736397],[114.36844825744629,22.316333994736397],[114.3681821766163,22.317133985051058]]],[[[114.36863675859937,22.31621564628164],[114.36873485,22.3161546],[114.36874915103962,22.31595570972515],[114.36863675859937,22.31621564628164]]],[[[114.36904325771359,22.315926225538135],[114.3689805,22.31575756],[114.36902315731103,22.315706767853875],[114.36902046188423,22.31570759903855],[114.36896324157715,22.315778178936412],[114.36904325771359,22.315926225538135]]],[[[114.36906350199345,22.31565872935928],[114.36949502,22.31514492],[114.36945902558855,22.315107433686883],[114.36947822570801,22.31514295816939],[114.36906350199345,22.31565872935928]]],[[[114.36923480429407,22.314692574525484],[114.36922486,22.31460637],[114.36894127229436,22.31476995391914],[114.36922073364258,22.314666540697203],[114.36923480429407,22.314692574525484]]],[[[114.36934135684592,22.312789678279355],[114.36934615,22.31278872],[114.3693544809471,22.312770598830312],[114.36934135684592,22.312789678279355]]],[[[114.37003159033168,22.31145969241415],[114.37053301,22.31126876],[114.37072053553455,22.31101843815507],[114.37003159033168,22.31145969241415]]],[[[114.37091017047766,22.31088028479232],[114.37101942,22.31084864],[114.37090254575031,22.310839044218646],[114.37091017047766,22.31088028479232]]],[[[114.37050236601473,22.310806188074075],[114.37020971,22.31078216],[114.37017277667312,22.310844302530157],[114.37050236601473,22.310806188074075]]],[[[114.36990125394179,22.311008286027583],[114.36980338,22.31087173],[114.36977013959745,22.310886987293564],[114.36990125394179,22.311008286027583]]],[[[114.36934395752905,22.311072601533226],[114.36928151451912,22.311047008828698],[114.36930656433105,22.31109335783232],[114.36934395752905,22.311072601533226]]],[[[114.36924441275549,22.310978360418027],[114.3694269717518,22.31083914824605],[114.36922073364258,22.31093454758249],[114.36924441275549,22.310978360418027]]],[[[114.36956405639648,22.31073461299161],[114.36966619,22.31065673],[114.36957089,22.31054765],[114.36956405639648,22.3105489566042],[114.36956405639648,22.31073461299161]]],[[[114.36952191618182,22.31055701393169],[114.36899025,22.31065867],[114.36853408813477,22.31101395272998],[114.36952191618182,22.31055701393169]]],[[[114.36848187437066,22.310466166591024],[114.36849205,22.31041809],[114.36816370299725,22.31051522544455],[114.36848187437066,22.310466166591024]]],[[[114.36807864614309,22.310528340363422],[114.36801034020499,22.31047265909858],[114.3680191040039,22.310537521167632],[114.36807864614309,22.310528340363422]]],[[[114.36789497655005,22.309949516538598],[114.36767106,22.30997329],[114.36760260667062,22.31016912652097],[114.36767578125,22.3102198992229],[114.36789497655005,22.309949516538598]]],[[[114.36747007691827,22.308780509593433],[114.36743285,22.30862874],[114.36703726078802,22.30874410772057],[114.36747007691827,22.308780509593433]]],[[[114.36671984978976,22.30871741196227],[114.36667736086747,22.308686862896433],[114.36664581298828,22.308711185118938],[114.36671984978976,22.30871741196227]]],[[[114.36760103262223,22.307974746883666],[114.36767715,22.30792457],[114.36773673,22.30698417],[114.36743521,22.3067062],[114.36656769,22.30687637],[114.36536410101382,22.307625944279597],[114.36750411987305,22.30680541768814],[114.36760103262223,22.307974746883666]]],[[[114.36515610691677,22.30785122113533],[114.36502683,22.30799124],[114.36500165408634,22.3080798500612],[114.36515610691677,22.30785122113533]]],[[[114.36492769546561,22.308340157512106],[114.36491683,22.3083784],[114.36561584472656,22.30855237215974],[114.36492769546561,22.308340157512106]]],[[[114.3655748339323,22.308590313367926],[114.36515053,22.3089397],[114.36522721689023,22.309136865363364],[114.36518669128418,22.308949404219078],[114.3655748339323,22.308590313367926]]],[[[114.36544078693275,22.309294545148532],[114.36550666735714,22.309303027574188],[114.36553001403809,22.30926702905377],[114.36544078693275,22.309294545148532]]],[[[114.3654452168567,22.30998359421392],[114.36557875128612,22.310282146426616],[114.36561584472656,22.31029930477682],[114.3654452168567,22.30998359421392]]],[[[114.3653544985255,22.31024161350457],[114.36525062,22.31020556],[114.36553001403809,22.310458115749185],[114.3653544985255,22.31024161350457]]],[[[114.36512366981593,22.310629587554956],[114.3654902,22.31087693],[114.36553001403809,22.31109335783232],[114.36553001403809,22.310855142389826],[114.36512366981593,22.310629587554956]]],[[[114.3653560111343,22.31102436789168],[114.3651018,22.31087442],[114.36499307510864,22.310880468368623],[114.3653560111343,22.31102436789168]]],[[[114.36490751921927,22.31088522784504],[114.364878,22.31088687],[114.3647813912226,22.311060256363806],[114.36490751921927,22.31088522784504]]],[[[114.36491024605672,22.311287611590803],[114.3652515,22.31188973],[114.36425674,22.31175631],[114.36357825455902,22.312125620053337],[114.36491024605672,22.311287611590803]]],[[[114.36345829462755,22.31213797411482],[114.36267873,22.31276169],[114.36218329223276,22.31347478213549],[114.36345829462755,22.31213797411482]]],[[[114.36217498930291,22.313494895800797],[114.36185664,22.31426609],[114.36186572302674,22.314281691868345],[114.36217498930291,22.313494895800797]]],[[[114.36191033196295,22.31435831640882],[114.36229618,22.31472006],[114.36135295855844,22.315451734672433],[114.36173326781008,22.315334458984957],[114.36244010925293,22.3145871376271],[114.36191033196295,22.31435831640882]]],[[[114.36132431030273,22.31574953227524],[114.36101731,22.31574976],[114.36095601761619,22.315914462648937],[114.36132431030273,22.315778178936412],[114.36132431030273,22.31574953227524]]],[[[114.36090913604863,22.316040441080272],[114.36093917,22.31655165],[114.36097899391358,22.31655744630214],[114.36090913604863,22.316040441080272]]],[[[114.36108036596772,22.316572200830308],[114.36126015450066,22.316717637050825],[114.36149597167969,22.316572200830308],[114.36108036596772,22.316572200830308]]],[[[114.36105334364747,22.3175302571647],[114.36096884,22.31775501],[114.36098986931482,22.317804282897136],[114.36105334364747,22.3175302571647]]],[[[114.36101305698043,22.318276276764383],[114.36079191,22.31867151],[114.36081164382709,22.318711034636614],[114.36101305698043,22.318276276764383]]],[[[114.3608724804912,22.318832883633753],[114.36089569183231,22.31919112131535],[114.36115264892578,22.318557235804292],[114.36089515686035,22.31887483878033],[114.3608724804912,22.318832883633753]]],[[[114.36089517128754,22.31919250776511],[114.36087817,22.31923779],[114.36095219319967,22.319456256897023],[114.36089517128754,22.31919250776511]]],[[[114.36151283623425,22.320193441350114],[114.36151441,22.32019434],[114.36151831626236,22.320183302456684],[114.36151283623425,22.320193441350114]]],[[[114.36160996178363,22.32001374417103],[114.36200167,22.32014464],[114.36201095581055,22.320157974505715],[114.36201095581055,22.319986443504916],[114.36160996178363,22.32001374417103]]],[[[114.36203617943549,22.32055390939535],[114.36203462,22.32055587],[114.36206756476403,22.32056842625672],[114.36203617943549,22.32055390939535]]],[[[114.36250215443883,22.320632643851635],[114.36289896714035,22.320499481196293],[114.36286926269531,22.320462842819424],[114.36250215443883,22.320632643851635]]],[[[114.36293316024994,22.32054165603018],[114.36290707,22.32070716],[114.36316173,22.32081315],[114.36358270713528,22.320686710563336],[114.36293316024994,22.32054165603018]]],[[[114.36658147,22.3219361],[114.3656806,22.32186522],[114.36555804,22.32248865],[114.36601294,22.32247147],[114.36658147,22.3219361]]],[[[114.30128676,22.32242823],[114.3021162,22.32196892],[114.30199557,22.32160962],[114.30101917,22.32217273],[114.30128676,22.32242823]]],[[[114.30165907,22.32300444],[114.30181444,22.32284063],[114.30181154,22.32280979],[114.30150488,22.32286756],[114.30165907,22.32300444]]],[[[114.36764378,22.32616854],[114.36884875,22.32579326],[114.36917317,22.32553937],[114.3679511,22.32527492],[114.36764378,22.32616854]]],[[[114.31994774,22.32623535],[114.32014596,22.32611988],[114.32064761,22.32560616],[114.31986734,22.32572579],[114.31994774,22.32623535]]],[[[114.36721528,22.32620122],[114.3673027,22.32562808],[114.36674232,22.32528958],[114.36656805,22.32587845],[114.36721528,22.32620122]]],[[[114.35553099,22.32654745],[114.35587259976764,22.32644331386887],[114.35516524566228,22.32649005150313],[114.35553099,22.32654745]]],[[[114.35700798333295,22.32613645661773],[114.35756004,22.3261293],[114.35761331647319,22.32602446553545],[114.35700798333295,22.32613645661773]]],[[[114.35762412361802,22.326003199840233],[114.35771071,22.32583282],[114.35702443396086,22.32548808707789],[114.35694694519043,22.32570312794202],[114.35762412361802,22.326003199840233]]],[[[114.35711129946547,22.32522224026146],[114.35660735,22.32357189],[114.35624393,22.32353504],[114.35651779174805,22.323638796689025],[114.35711129946547,22.32522224026146]]],[[[114.35606234308753,22.323796789374956],[114.35589818,22.32383965],[114.35577238012516,22.32371390512632],[114.35583114624023,22.32387699031537],[114.35606234308753,22.323796789374956]]],[[[114.35571440349902,22.323655953848238],[114.35569233,22.32363389],[114.35531616210938,22.32387699031537],[114.35571440349902,22.323655953848238]]],[[[114.3549880318181,22.323311835299833],[114.35535239,22.32323542],[114.35550074,22.32301678],[114.35540836,22.32285416],[114.3549880318181,22.323311835299833]]],[[[114.35534387374535,22.322867216430637],[114.35460542,22.32301673],[114.35446393144615,22.323206381769285],[114.35534387374535,22.322867216430637]]],[[[114.35447698751622,22.322950515847896],[114.35462441,22.3228341],[114.35465579,22.32253405],[114.35462859805357,22.322529770187423],[114.35447698751622,22.322950515847896]]],[[[114.35461240205761,22.32252722105666],[114.35419141,22.32246096],[114.35370778116992,22.32252722105666],[114.35461240205761,22.32252722105666]]],[[[114.35330359520846,22.32172224467917],[114.35346556,22.32148507],[114.3534111694279,22.321456876085747],[114.35330359520846,22.32172224467917]]],[[[114.35369673189588,22.32012949004153],[114.35386469,22.31993217],[114.35385375018666,22.319911609019574],[114.35369673189588,22.32012949004153]]],[[[114.35384577723349,22.31989662414469],[114.35374381768712,22.31970499489361],[114.35368537902832,22.31974824323784],[114.35384577723349,22.31989662414469]]],[[[114.35378208795237,22.319676672450232],[114.35407193,22.31947519],[114.35406739293124,22.319465528522738],[114.35378208795237,22.319676672450232]]],[[[114.3540022185618,22.319326742729224],[114.3539678,22.31925345],[114.35365223,22.31939947],[114.35353546967166,22.31907279559561],[114.35342788696289,22.31927184148404],[114.35368537902832,22.319430642249316],[114.3540022185618,22.319326742729224]]],[[[114.35357562043556,22.31890996871161],[114.35360903,22.31877448],[114.35345041675336,22.31857411040494],[114.35342788696289,22.318636636616063],[114.35357562043556,22.31890996871161]]],[[[114.35352542116058,22.31836595305848],[114.35361638,22.31816901],[114.35359834423146,22.31816357197859],[114.35352542116058,22.31836595305848]]],[[[114.35370646823218,22.31786349887741],[114.35377225,22.31780709],[114.35375797414278,22.317720556161422],[114.35370646823218,22.31786349887741]]],[[[114.3537216749332,22.317500526646352],[114.35368728,22.31729204],[114.35326137930798,22.317130874079517],[114.35368537902832,22.31736621820751],[114.3537216749332,22.317500526646352]]],[[[114.35273630550404,22.317334145913037],[114.3522513866407,22.317025364668194],[114.35214042663574,22.31712801346862],[114.3526554107666,22.31736621820751],[114.35273630550404,22.317334145913037]]],[[[114.35244000448533,22.31671598020613],[114.3524417,22.31671413],[114.3524331904747,22.3167012717069],[114.35244000448533,22.31671598020613]]],[[[114.35210603801505,22.31620692894819],[114.35198728,22.31602748],[114.35129463,22.3159339],[114.35090193682257,22.316090754593056],[114.35210603801505,22.31620692894819]]],[[[114.35072254134008,22.3164979755605],[114.35060337,22.31676849],[114.35032444231783,22.31685846693384],[114.35059547424316,22.316889808323197],[114.35072254134008,22.3164979755605]]],[[[114.35010152105895,22.316832688930155],[114.34982002866292,22.31675016387574],[114.34990882873535,22.31681040651773],[114.35010152105895,22.316832688930155]]],[[[114.34855430189872,22.31575085284299],[114.34865585,22.31519401],[114.34844253,22.31509023],[114.34860321,22.31500788],[114.34856751,22.31478877],[114.34750556945801,22.314825346701923],[114.34855430189872,22.31575085284299]]],[[[114.34811832465077,22.314304743237543],[114.34820315,22.31424626],[114.34816561552549,22.314129745112535],[114.34811832465077,22.314304743237543]]],[[[114.34821487119811,22.31402432831437],[114.3486085,22.31396208],[114.34864368346024,22.313892094434976],[114.34821487119811,22.31402432831437]]],[[[114.34870719909668,22.313765751611584],[114.34875957,22.31312504],[114.34824729334684,22.312661492942823],[114.34870719909668,22.313157874642357],[114.34870719909668,22.313765751611584]]],[[[114.34813132729185,22.312644292713014],[114.34758248,22.31289508],[114.34737008,22.31338211],[114.34738344370375,22.313417414197136],[114.34813132729185,22.312644292713014]]],[[[114.34752445088655,22.313789926598943],[114.347137,22.31401924],[114.34691225433399,22.314431800387474],[114.34707641601562,22.31450773451182],[114.34752445088655,22.313789926598943]]],[[[114.34691854475894,22.31447298228555],[114.34699800958109,22.314993219349898],[114.34707641601562,22.31498415252598],[114.34691854475894,22.31447298228555]]],[[[114.34646999309071,22.31509324123642],[114.346394,22.31510582],[114.346593640665,22.31513899624962],[114.34646999309071,22.31509324123642]]],[[[114.34679032522871,22.31521177814494],[114.34659396,22.31538395],[114.34660339653419,22.315421747077863],[114.3468189239502,22.315222360923343],[114.34679032522871,22.31521177814494]]],[[[114.34660173543914,22.315758849132294],[114.34653896,22.31582394],[114.34662166427854,22.315906339314093],[114.34660173543914,22.315758849132294]]],[[[114.34644757098475,22.316280523277502],[114.34620792,22.31643941],[114.34620125,22.31788209],[114.34621810913086,22.316492798844166],[114.34644757098475,22.316280523277502]]],[[[114.34660495298344,22.317922027684077],[114.34654049,22.31820493],[114.34666677416419,22.318309095558217],[114.34675216678602,22.317922027684077],[114.34660495298344,22.317922027684077]]],[[[114.34825989177787,22.32251602534419],[114.34826529,22.3226426],[114.34849153890221,22.322658883740267],[114.34836387634277,22.322606619609758],[114.34825989177787,22.32251602534419]]],[[[114.34851974671513,22.322676279695095],[114.34836141,22.32286707],[114.34839431623539,22.322881975343194],[114.34851974671513,22.322676279695095]]],[[[114.34848756430408,22.322924213370413],[114.3486350037774,22.322990998158282],[114.34870719909668,22.322924213370413],[114.34853553771973,22.322924213370413],[114.34848756430408,22.322924213370413]]],[[[114.34858748596751,22.323217030997903],[114.34858714,22.32321827],[114.34858840861209,22.3232173967825],[114.34858748596751,22.323217030997903]]],[[[114.34876281900736,22.323286542191394],[114.348973,22.3234801],[114.34889263923577,22.3236927024223],[114.34905052185059,22.323400602656093],[114.34876281900736,22.323286542191394]]],[[[114.34903948520939,22.32379248770769],[114.34918253,22.32388969],[114.3492222479493,22.32387702020568],[114.34903948520939,22.32379248770769]]],[[[114.34936356466675,22.323942382845456],[114.34934323,22.32403344],[114.34945216290151,22.32404030594059],[114.34939384460449,22.323956388100456],[114.34936356466675,22.323942382845456]]],[[[114.34951273662544,22.324127469255348],[114.34946641,22.32419057],[114.34962249858074,22.324285412588537],[114.34951273662544,22.324127469255348]]],[[[114.35012925912778,22.32501462199176],[114.35012192,22.32502206],[114.3501402390301,22.325030421659008],[114.35012925912778,22.32501462199176]]],[[[114.35046281439287,22.325177660086673],[114.35046621,22.32517921],[114.35046660799884,22.325179063786262],[114.35046281439287,22.325177660086673]]],[[[114.35097660356584,22.324991705553877],[114.35111057,22.32494249],[114.3511073624165,22.32491106708175],[114.35097660356584,22.324991705553877]]],[[[114.35123109545697,22.32483476139931],[114.35134377,22.32484625],[114.35260624903245,22.32362463185093],[114.35248374938965,22.323638796689025],[114.35123109545697,22.32483476139931]]],[[[114.3531694568014,22.323559507196848],[114.35317178785934,22.32356004300471],[114.35317039489746,22.323559398723233],[114.3531694568014,22.323559507196848]]],[[[114.35450924958411,22.324908854945395],[114.35459153,22.32541206],[114.35477089416173,22.325665204593292],[114.35450924958411,22.324908854945395]]],[[[114.35482597764526,22.325824437296497],[114.35474795,22.32624393],[114.35504997617863,22.32647196155774],[114.35482597764526,22.325824437296497]]],[[[114.36817264,22.32681966],[114.36904541,22.32676145],[114.36937997,22.32626847],[114.36760479,22.32649351],[114.36817264,22.32681966]]],[[[114.36201142,22.33013802],[114.36187739,22.33020686],[114.36193995,22.33036409],[114.36203866,22.33023603],[114.36201142,22.33013802]]],[[[114.36706106,22.33003836],[114.36689137,22.33013228],[114.36684726,22.33051013],[114.36709414,22.33019222],[114.36706106,22.33003836]]],[[[114.36757252,22.33074906],[114.36808912,22.33045638],[114.36784452,22.3299439],[114.36727744,22.33063089],[114.36757252,22.33074906]]],[[[114.36706117,22.33064286],[114.36724694,22.33057887],[114.367239,22.33044253],[114.36692724,22.33070467],[114.36704736,22.33089577],[114.36706117,22.33064286]]],[[[114.29388174,22.33168841],[114.29428869,22.33163683],[114.29518222,22.33117236],[114.2953309477157,22.330823747419654],[114.29437637329102,22.331498971651612],[114.29292895577262,22.327461574794572],[114.29388174,22.33168841]]],[[[114.29535418075692,22.330807313381605],[114.29548439,22.33086533],[114.29583549499512,22.330466852723518],[114.29535418075692,22.330807313381605]]],[[[114.2958948127216,22.330590783304014],[114.29596111,22.33057852],[114.29596079936513,22.330564624129455],[114.2958948127216,22.330590783304014]]],[[[114.29649034659803,22.330010232364398],[114.29674111,22.33005562],[114.2966776014107,22.329960743005458],[114.29649034659803,22.330010232364398]]],[[[114.29700514313666,22.329763429455397],[114.29703326,22.32976856],[114.29701957377554,22.32974817398422],[114.29700514313666,22.329763429455397]]],[[[114.29737358543652,22.329373927581404],[114.29739057,22.32937202],[114.29738882358534,22.329357818444315],[114.29737358543652,22.329373927581404]]],[[[114.29746627807617,22.328961858737802],[114.29826788,22.32905185],[114.29843902,22.32876369],[114.29827992414306,22.328558701225468],[114.29746627807617,22.328961858737802]]],[[[114.29880572735841,22.32844645994908],[114.29925237,22.32845472],[114.29890509652923,22.32768408336534],[114.29823875427246,22.32800561523044],[114.29880572735841,22.32844645994908]]],[[[114.29896885741663,22.32760298497857],[114.29910998456974,22.327529241667747],[114.29902683562217,22.327529241667747],[114.29896885741663,22.32760298497857]]],[[[114.29911052472772,22.327529241667747],[114.29933914,22.3275867],[114.29935687584583,22.327529241667747],[114.29911052472772,22.327529241667747]]],[[[114.29983029364782,22.327103995437884],[114.29984904,22.32713355],[114.30078928234505,22.326899281438077],[114.29983029364782,22.327103995437884]]],[[[114.30079561293277,22.32688572042569],[114.30082415,22.32682459],[114.30067605998862,22.326830425274384],[114.30079561293277,22.32688572042569]]],[[[114.30062895590909,22.32626494358427],[114.30081243,22.3261928],[114.30080402253886,22.326183972141763],[114.30062895590909,22.32626494358427]]],[[[114.30073879314678,22.32597170248176],[114.30114635396396,22.325820337458314],[114.30072784423828,22.32594131804433],[114.30073879314678,22.32597170248176]]],[[[114.30129731473046,22.325776698515476],[114.30173653,22.32577296],[114.30202514162966,22.325566302150996],[114.30129731473046,22.325776698515476]]],[[[114.30216466740903,22.32533863955756],[114.30216528,22.32533764],[114.30216496126314,22.325337688161362],[114.30216466740903,22.32533863955756]]],[[[114.30223712631866,22.324951433910442],[114.30225959,22.32492645],[114.30218088763894,22.324892907592],[114.30223712631866,22.324951433910442]]],[[[114.30201437498123,22.32471962164576],[114.30205736,22.32452735],[114.301815104517,22.32451224539326],[114.30201437498123,22.32471962164576]]],[[[114.3016674817448,22.324358617722442],[114.30160823,22.3241922],[114.30140585,22.32418189],[114.30139873299031,22.32420896463374],[114.3016674817448,22.324358617722442]]],[[[114.30110276905712,22.324106296632365],[114.30108591,22.32406012],[114.30100855560393,22.324073614586148],[114.30110276905712,22.324106296632365]]],[[[114.3008228804707,22.323610492366065],[114.30142971,22.32317471],[114.30095814,22.32250634],[114.30011556,22.32212141],[114.3008228804707,22.323610492366065]]],[[[114.29984771415094,22.322344296488858],[114.29934406,22.32200536],[114.29735873941414,22.322591790230295],[114.29815292358398,22.32284481499802],[114.29984771415094,22.322344296488858]]],[[[114.29708481672192,22.322655138938764],[114.29647385,22.32256361],[114.29631868,22.32291961],[114.29585265863994,22.32321004842739],[114.29708481672192,22.322655138938764]]],[[[114.29624320742768,22.322935783282123],[114.29576864,22.32303748],[114.2956826179703,22.3232382863164],[114.29624320742768,22.322935783282123]]],[[[114.29566316235415,22.323248784877947],[114.2955327,22.32323911],[114.29552571779583,22.323322952159174],[114.29566316235415,22.323248784877947]]],[[[114.29551564857255,22.323443863178113],[114.29523468017578,22.323638796689025],[114.29502805020996,22.32398285444547],[114.2956066139732,22.323380752148097],[114.29551564857255,22.323443863178113]]],[[[114.29539364118837,22.323394222808286],[114.29527213,22.32332285],[114.2950347852725,22.323757370413286],[114.29523468017578,22.32348000071225],[114.29539364118837,22.323394222808286]]],[[[114.29476335520864,22.324134000704664],[114.29464669,22.32415317],[114.29458884644677,22.325104391173237],[114.29497718811035,22.32570312794202],[114.29476335520864,22.324134000704664]]],[[[114.29420588823733,22.32541436197013],[114.29390528,22.32547437],[114.29390490580624,22.32570636419241],[114.29394721984863,22.325623731150884],[114.29420588823733,22.32541436197013]]],[[[114.29376759333056,22.325974515067717],[114.29363135,22.32608342],[114.29359557248011,22.32631044624504],[114.29376759333056,22.325974515067717]]],[[[114.29342863185083,22.326636456504797],[114.29329244,22.32673471],[114.2931884842092,22.327105429189075],[114.29342863185083,22.326636456504797]]],[[[114.29305239351484,22.32727373417801],[114.29276348,22.32754551],[114.29303872979536,22.32846066939553],[114.29283142089844,22.327529241667747],[114.29305239351484,22.32727373417801]]],[[[114.37212972,22.33308998],[114.3723038,22.33286272],[114.37206452,22.3325949],[114.37198159,22.33298483],[114.37212972,22.33308998]]],[[[114.37115854,22.33392833],[114.37116444,22.3336885],[114.37110900878906,22.33367145921223],[114.37110900878906,22.333919897739317],[114.37115854,22.33392833]]],[[[114.37104179347358,22.33350251556981],[114.37118072,22.33357466],[114.37143644769206,22.33340355456527],[114.37119483947754,22.333563186595924],[114.37104179347358,22.33350251556981]]],[[[114.37166486271408,22.33325263935789],[114.37175621,22.33324944],[114.37178119732293,22.333175776367607],[114.37166486271408,22.33325263935789]]],[[[114.37180308212746,22.333111259084166],[114.37196618,22.33263044],[114.37184452,22.33240065],[114.37145233154297,22.33229290409173],[114.37180308212746,22.333111259084166]]],[[[114.37160058041886,22.332247194220983],[114.37175688,22.33221477],[114.37162686376128,22.331972676134498],[114.3717098236084,22.33221351105108],[114.37160058041886,22.332247194220983]]],[[[114.371775248872,22.331835420154],[114.37180207808055,22.331819940590414],[114.37179565429688,22.331816545169943],[114.371775248872,22.331835420154]]],[[[114.3723612257483,22.33211548937202],[114.37242853,22.33215694],[114.37245966,22.33203516],[114.3720531463623,22.33173715185815],[114.3723612257483,22.33211548937202]]],[[[114.37209859118732,22.331744157928718],[114.37248395,22.33185329],[114.37266077,22.33179291],[114.37268757,22.33159188],[114.37308843,22.33150644],[114.37317029,22.33123288],[114.37298157433725,22.33087055843214],[114.37209859118732,22.331744157928718]]],[[[114.37292726637376,22.330619382837273],[114.37295003619796,22.330546246758345],[114.37291145324707,22.330546246758345],[114.37292726637376,22.330619382837273]]],[[[114.37299717330677,22.330546246758345],[114.37339262,22.33060411],[114.37357045697344,22.330546246758345],[114.37299717330677,22.330546246758345]]],[[[114.3741446556365,22.33050243918419],[114.37433975,22.33034057],[114.37528198302076,22.330461806879544],[114.3742847442627,22.330308064518263],[114.3741446556365,22.33050243918419]]],[[[114.3754689621362,22.33001026793721],[114.3757943238392,22.329224546607314],[114.3757438659668,22.329196542020483],[114.3754689621362,22.33001026793721]]],[[[114.37590989241855,22.329288688239966],[114.37593741,22.32938379],[114.37599854377136,22.329337890562414],[114.37590989241855,22.329288688239966]]],[[[114.3762807130389,22.329397369274943],[114.37749267,22.32900021],[114.37749709197782,22.328975430424318],[114.3762807130389,22.329397369274943]]],[[[114.37773528739704,22.32858032647364],[114.37796455,22.32852232],[114.37813275,22.3279431],[114.3775953,22.32743322],[114.37773528739704,22.32858032647364]]],[[[114.37723268080578,22.327950681435205],[114.37703474,22.32785891],[114.3767236979807,22.328079507631134],[114.3772029876709,22.32800561523044],[114.37723268080578,22.327950681435205]]],[[[114.37636603682186,22.32840246653447],[114.37633164,22.32818003],[114.37618748472818,22.328182247041475],[114.37636603682186,22.32840246653447]]],[[[114.37600393398186,22.32847722136813],[114.37580692,22.32789316],[114.37507543137426,22.327784274202923],[114.3757438659668,22.32800561523044],[114.37600393398186,22.32847722136813]]],[[[114.37506188533266,22.327789004262208],[114.3750507,22.32779291],[114.37511863321943,22.328051470160776],[114.37506188533266,22.327789004262208]]],[[[114.37512819149055,22.32809567833064],[114.37464783,22.3276214],[114.37412294,22.3278526],[114.37401719319683,22.328052291108037],[114.37512819149055,22.32809567833064]]],[[[114.37370592237498,22.328268240813276],[114.37344090769228,22.328336582001242],[114.3735122680664,22.328402591956774],[114.37370592237498,22.328268240813276]]],[[[114.37333655010958,22.328240048883554],[114.37337658,22.32803418],[114.37354414,22.32792358],[114.37317077030933,22.328086698829303],[114.37333655010958,22.328240048883554]]],[[[114.37316762994246,22.328089269276763],[114.37314372,22.32810884],[114.37300953560073,22.32860111175101],[114.37316762994246,22.328089269276763]]],[[[114.3728689977273,22.328229859856215],[114.37281227,22.32824017],[114.37282778380099,22.3282933994876],[114.3728689977273,22.328229859856215]]],[[[114.37269627963452,22.32849613984775],[114.37255518503059,22.328527118566942],[114.37265396118164,22.328561382331017],[114.37269627963452,22.32849613984775]]],[[[114.3724632434395,22.328495225595287],[114.37206123,22.32806919],[114.37160448,22.32880146],[114.37196731567383,22.328323196701874],[114.3724632434395,22.328495225595287]]],[[[114.37189904288797,22.329260600958122],[114.37210442232006,22.329580729912163],[114.37213897705078,22.329593515357843],[114.37189904288797,22.329260600958122]]],[[[114.37208214063209,22.329572485561673],[114.37172612,22.32937665],[114.37171517873955,22.329436707587266],[114.37208214063209,22.329572485561673]]],[[[114.37163247455986,22.329649372986076],[114.37152227219337,22.32953177026577],[114.37162399291992,22.329672909889766],[114.37163247455986,22.329649372986076]]],[[[114.37102495031057,22.33048160645848],[114.37108575,22.33118975],[114.37142534804936,22.3315471653752],[114.37110900878906,22.331181397410234],[114.37102495031057,22.33048160645848]]],[[[114.37140762219622,22.331573195576834],[114.37079988,22.33144561],[114.37060466,22.33163909],[114.37076568603516,22.331498971651612],[114.37140762219622,22.331573195576834]]],[[[114.3706193322859,22.331905103037524],[114.37033963,22.33191094],[114.3701563430419,22.332110283093254],[114.3705940246582,22.331975331657972],[114.3706193322859,22.331905103037524]]],[[[114.37032556343264,22.333379924959086],[114.37004982,22.33373958],[114.37006454252624,22.33374208638288],[114.37032556343264,22.333379924959086]]],[[[114.37074334,22.33451921],[114.37089397,22.33450033],[114.37091488901379,22.334440653825666],[114.37061374346199,22.33449636462184],[114.37074334,22.33451921]]],[[[114.37093734741211,22.334376586212066],[114.37097932,22.33425685],[114.3703210505221,22.334063941289255],[114.37093734741211,22.334277715420257],[114.37093734741211,22.334376586212066]]],[[[114.36992500063504,22.33393569803908],[114.36950816,22.33391423],[114.36926379,22.33421452],[114.36947822570801,22.33396014750582],[114.36992500063504,22.33393569803908]]],[[[114.3693066670001,22.334304211031146],[114.36933752,22.33436875],[114.36946949852577,22.334354416456236],[114.3693066670001,22.334304211031146]]],[[[114.36952585737131,22.334348295596996],[114.36958386,22.33448545],[114.36988840929966,22.3342812247754],[114.36952585737131,22.334348295596996]]],[[[114.36997914707517,22.33430616571482],[114.37001507,22.33439083],[114.37033497415362,22.33444722295212],[114.36997914707517,22.33430616571482]]],[[[114.37015353,22.33474711],[114.370314,22.33457698],[114.3698322,22.33450918],[114.36993048,22.33481201],[114.37015353,22.33474711]]],[[[114.37044527,22.33496735],[114.37022795,22.33511203],[114.37023363,22.33521602],[114.37050359,22.33515058],[114.37044527,22.33496735]]],[[[114.3679054,22.33683602],[114.36802414,22.33636979],[114.36780545,22.33616178],[114.36756267,22.33661887],[114.3679054,22.33683602]]],[[[114.33452636,22.33730685],[114.33602508,22.33461997],[114.33349996,22.33426722],[114.33314296,22.33658342],[114.33452636,22.33730685]]],[[[114.37464599,22.33919328],[114.37550077,22.33907249],[114.37557772,22.33867873],[114.37451002,22.33874832],[114.37464599,22.33919328]]],[[[114.37510471,22.33956194],[114.37488312,22.33936291],[114.37469955,22.33944896],[114.37497246,22.33961578],[114.37510471,22.33956194]]],[[[114.36594254,22.33966333],[114.36676653,22.33955397],[114.36686706,22.33943],[114.36578182638755,22.339409878520136],[114.36594254,22.33966333]]],[[[114.36646024501822,22.339314352524905],[114.36746771,22.33897745],[114.36794606,22.33782185],[114.3673106,22.33676627],[114.36768239,22.33534409],[114.36646024501822,22.339314352524905]]],[[[114.36712544473262,22.33542018146724],[114.36706587,22.33435654],[114.36592817476878,22.33338969726652],[114.36553001403809,22.333880755414242],[114.36712544473262,22.33542018146724]]],[[[114.36603820757574,22.33317024207748],[114.36641476,22.33202183],[114.36614872518331,22.331942222373545],[114.36595916748047,22.33229290409173],[114.36603820757574,22.33317024207748]]],[[[114.36627821626175,22.33170266390032],[114.3665563,22.33149442],[114.36662075004297,22.331068976462987],[114.36627821626175,22.33170266390032]]],[[[114.36663730817469,22.330959673973737],[114.36675514,22.33018185],[114.36609008,22.33009605],[114.36612592,22.33039449],[114.36531501,22.32952708],[114.36631914,22.32849154],[114.36317945,22.33056923],[114.36140081,22.33073584],[114.36057984,22.33003463],[114.36105079,22.33874737],[114.36261177062988,22.33681823270264],[114.36149597167969,22.335786153138542],[114.3632984161377,22.333801363277445],[114.36278343200684,22.331975331657972],[114.36372756958008,22.33134018462131],[114.36389923095703,22.33308683201264],[114.36458587646484,22.330705034692443],[114.36663730817469,22.330959673973737]]],[[[114.36162937674221,22.338603069724524],[114.36173946,22.33871825],[114.36183517286787,22.338539619067568],[114.36162937674221,22.338603069724524]]],[[[114.36195059613438,22.33850403199291],[114.36206424297558,22.338501851410175],[114.36201095581055,22.33848542201619],[114.36195059613438,22.33850403199291]]],[[[114.36235558274903,22.338591676716483],[114.36271475,22.33883679],[114.36351243,22.33839619],[114.36312675476074,22.338564811486293],[114.36235558274903,22.338591676716483]]],[[[114.36355370097161,22.338212662356316],[114.36372057070211,22.338154916357762],[114.3636417388916,22.33800908424635],[114.36355370097161,22.338212662356316]]],[[[114.3637563503133,22.338158990036884],[114.36399569,22.33818624],[114.36442737,22.33751072],[114.36484509186725,22.337692587417102],[114.36467170715332,22.337294574540536],[114.36424255371094,22.3376121348618],[114.36398506164551,22.338088473987668],[114.3637563503133,22.338158990036884]]],[[[114.36501239829248,22.337795755239586],[114.36527996,22.33905214],[114.36560848,22.33957893],[114.36577323885908,22.33940723084682],[114.36501239829248,22.337795755239586]]],[[[114.32233373,22.34173997],[114.32444309,22.34119618],[114.32492923865944,22.340738692711223],[114.32013650604962,22.341030915670608],[114.32233373,22.34173997]]],[[[114.32500436828798,22.340691586186924],[114.32613526,22.34056892],[114.3264957,22.33968323],[114.3251895904541,22.33626249850191],[114.32398796081543,22.339993814218488],[114.32500436828798,22.340691586186924]]],[[[114.32656185741732,22.338569544641537],[114.32667239533978,22.33811309880994],[114.3266487121582,22.338167863683765],[114.32656185741732,22.338569544641537]]],[[[114.32679246107126,22.337835459396874],[114.32743456,22.33766668],[114.32756209,22.33600396],[114.32953967233803,22.334517677786064],[114.32733535766602,22.336024326023605],[114.32679246107126,22.337835459396874]]],[[[114.32981797278067,22.334337482009914],[114.33006847,22.33433039],[114.33056933,22.33357274],[114.33070676,22.33281998],[114.33080164,22.33135266],[114.33044813,22.33019304],[114.32981797278067,22.334337482009914]]],[[[114.33033314205346,22.330163163521963],[114.3307498,22.32865129],[114.33033592,22.32784612],[114.32882145,22.32777668],[114.32853078,22.3279785],[114.32818945,22.32730497],[114.32762023,22.32747968],[114.3283196,22.326496],[114.32729184,22.32712798],[114.32747868,22.32609657],[114.3266862,22.32601674],[114.32702851,22.32549031],[114.32619114,22.32563359],[114.32462713,22.3273788],[114.32446155,22.32691303],[114.32304803,22.3264976],[114.32265478,22.32741854],[114.32159113,22.32620866],[114.32077439,22.32618085],[114.31994913,22.32662711],[114.31834985,22.33044384],[114.3195764,22.33134786],[114.3187312,22.33143367],[114.31777192,22.33209945],[114.31736945,22.33376288],[114.31995391845703,22.33308683201264],[114.31755065917969,22.333483794278365],[114.31986808776855,22.331419578159057],[114.3185806274414,22.330308064518263],[114.32072639465332,22.326338300644537],[114.32295799255371,22.32768803303604],[114.32501792907715,22.327529241667747],[114.32639122009277,22.32594131804433],[114.3281078338623,22.328402591956774],[114.32999610900879,22.32800561523044],[114.33033314205346,22.330163163521963]]],[[[114.3179526446909,22.33401340906262],[114.31780457,22.33469754],[114.316390874438,22.336796642830336],[114.3178939819336,22.334912849079743],[114.3179526446909,22.33401340906262]]],[[[114.31608897484999,22.337238783408527],[114.31570938,22.33758081],[114.31563824,22.33851379],[114.31589239982476,22.338499387643083],[114.31608897484999,22.337238783408527]]],[[[114.31589437150416,22.338500664241057],[114.31715137,22.34056981],[114.32012557983398,22.341023412139624],[114.32029724121094,22.33864420091119],[114.31797981262207,22.3405495335479],[114.31589437150416,22.338500664241057]]],[[[114.35204542,22.34275006],[114.3521772,22.34212041],[114.3516615,22.34193841],[114.35152904,22.34245693],[114.35204542,22.34275006]]],[[[114.36071843,22.34352141],[114.36075878,22.3432503],[114.36057745,22.34319475],[114.36057641,22.34367281],[114.36071843,22.34352141]]],[[[114.36998013,22.34562377],[114.37016054,22.34445466],[114.36926964,22.34428922],[114.36888799,22.34516676],[114.36998013,22.34562377]]],[[[114.35996747,22.34665783],[114.3599047,22.34651374],[114.35979094,22.34650524],[114.35992109,22.34686652],[114.35996747,22.34665783]]],[[[114.36568963,22.34820588],[114.36609184,22.34790743],[114.36608305,22.34773389],[114.36555133,22.34796441],[114.36568963,22.34820588]]],[[[114.36536947,22.34904407],[114.36538486,22.3489989],[114.36562717,22.34887714],[114.36512491,22.34893453],[114.36536947,22.34904407]]],[[[114.36572741,22.34926869],[114.36557608,22.34940255],[114.36553285,22.3495843],[114.36575744,22.34945868],[114.36572741,22.34926869]]],[[[114.32897503,22.35060911],[114.32863204,22.35067639],[114.3285151,22.35089876],[114.32902782,22.35104384],[114.32897503,22.35060911]]],[[[114.37159758,22.35165653],[114.37176169,22.35141845],[114.37154279,22.35134492],[114.37143243,22.35156945],[114.37159758,22.35165653]]],[[[114.26550093,22.35282182],[114.26548859,22.35265889],[114.26498296,22.35274335],[114.26550093,22.35282182]]],[[[114.35058382,22.35400101],[114.35132296,22.35306753],[114.35123554,22.35276955],[114.35012942,22.35340584],[114.35058382,22.35400101]]],[[[114.37747714,22.3592098],[114.37910218,22.3583975],[114.37948528,22.35762916],[114.37815373,22.35807351],[114.37747714,22.3592098]]],[[[114.39128602,22.36479568],[114.39197395,22.3645635],[114.39201151,22.36259095],[114.39071251,22.3644028],[114.39128602,22.36479568]]],[[[114.32491644,22.36741333],[114.32508936,22.3664045],[114.32360111,22.366797],[114.32354942,22.36726491],[114.32491644,22.36741333]]],[[[114.26397486,22.37142036],[114.26405259,22.37120057],[114.26361753,22.3715277],[114.26381136,22.37159909],[114.26397486,22.37142036]]],[[[114.30183911,22.37095079],[114.30104229,22.37091923],[114.3007471,22.37145573],[114.30133853,22.37184434],[114.30183911,22.37095079]]],[[[114.2959211,22.37123667],[114.29559192,22.37009693],[114.29466109,22.37189238],[114.29513964,22.37176577],[114.2959211,22.37123667]]],[[[114.29619968,22.37400621],[114.29605891,22.37303818],[114.29487325,22.37313371],[114.29497648,22.37399622],[114.29619968,22.37400621]]],[[[114.29389934,22.3756368],[114.2941996,22.3755573],[114.29421943789251,22.375532878179396],[114.29388395911094,22.3756283305694],[114.29389934,22.3756368]]],[[[114.29467145679989,22.37540426710946],[114.29470819,22.37542422],[114.29485992071459,22.375350644251398],[114.29467145679989,22.37540426710946]]],[[[114.29497365432611,22.375295493679996],[114.29478725,22.37394847],[114.29474909477493,22.373911135869207],[114.29497365432611,22.375295493679996]]],[[[114.29427889378219,22.373451053525944],[114.2942668,22.37343922],[114.29418928983432,22.37348656441437],[114.29427889378219,22.373451053525944]]],[[[114.29328054181337,22.37275310108577],[114.29326393,22.37265451],[114.29299055618525,22.372645838010428],[114.29328054181337,22.37275310108577]]],[[[114.29325101533453,22.37201542409314],[114.29338505,22.37194494],[114.29386034174476,22.371485104327956],[114.29325101533453,22.37201542409314]]],[[[114.29426142715407,22.370850134500657],[114.2942609,22.37082848],[114.29416593929379,22.37077654988793],[114.29426142715407,22.370850134500657]]],[[[114.29574722128795,22.36783899124642],[114.29578372,22.3678359],[114.29588665,22.36796624],[114.29583341358384,22.367808334672894],[114.29574722128795,22.36783899124642]]],[[[114.29764345125055,22.36579564832667],[114.29768358,22.36576912],[114.29765906758874,22.36557902391658],[114.29764345125055,22.36579564832667]]],[[[114.29771597059054,22.364789685273205],[114.29776238,22.36468215],[114.29771413054128,22.364619090871628],[114.2977237701416,22.364681492614466],[114.29771597059054,22.364789685273205]]],[[[114.29646700593392,22.359135190168995],[114.29783161,22.35386743],[114.29633902,22.35297002],[114.29486465,22.35441092],[114.29646700593392,22.359135190168995]]],[[[114.29518782740051,22.357080114376338],[114.29512139,22.35704197],[114.29485285202611,22.357290559300626],[114.29489135742188,22.35729946203729],[114.29518782740051,22.357080114376338]]],[[[114.29452014238083,22.357258776620696],[114.29430034,22.35718338],[114.29447598065833,22.35732003966472],[114.29452014238083,22.357258776620696]]],[[[114.2935026032737,22.357615189166538],[114.29341509,22.35750284],[114.29333713759777,22.357596060762152],[114.2935026032737,22.357615189166538]]],[[[114.29310379126514,22.357569085119096],[114.29306978,22.35751209],[114.29279403,22.35754038],[114.29272471,22.35800515],[114.29302827399802,22.358536733491473],[114.29310379126514,22.357569085119096]]],[[[114.29324865024165,22.358944351031063],[114.29325424732055,22.358977377594655],[114.29326057434082,22.35896640636645],[114.29324865024165,22.358944351031063]]],[[[114.29312729149385,22.35919752251058],[114.29250218,22.36019465],[114.29248173420017,22.361151788997883],[114.29257392883301,22.36015706867407],[114.29312729149385,22.35919752251058]]],[[[114.29246029573818,22.36138309610539],[114.292274,22.36214589],[114.29234161735057,22.36266355897522],[114.29246029573818,22.36138309610539]]],[[[114.29199496014719,22.36330114608464],[114.29173964,22.36343187],[114.2912573397001,22.364140706257242],[114.29162979125977,22.36364961939144],[114.29199496014719,22.36330114608464]]],[[[114.28910648035269,22.36566977968813],[114.28680073,22.36221921],[114.285875,22.36310026],[114.28853636,22.36636079],[114.28720917,22.36765726],[114.29031019257856,22.37049576574685],[114.28910648035269,22.36566977968813]]],[[[114.29038435660236,22.370688865958723],[114.29048384,22.37094789],[114.29107213823839,22.371562046824817],[114.29082650507935,22.371169703275392],[114.29038435660236,22.370688865958723]]],[[[114.29115025627448,22.37168682276173],[114.29045177,22.37268908],[114.29169503,22.37440062],[114.29051399230957,22.372698093320523],[114.29115025627448,22.37168682276173]]],[[[114.29257609539438,22.37452546120839],[114.29304765,22.37516782],[114.29380105395866,22.375582679148906],[114.2933464050293,22.37523791011627],[114.29257609539438,22.37452546120839]]],[[[114.30067932,22.37485272],[114.30206109,22.37456841],[114.30189627,22.37279944],[114.29943196,22.37516762],[114.30067932,22.37485272]]],[[[114.28644208,22.37508331],[114.28563359,22.37352936],[114.28452214,22.37411411],[114.28694253,22.37604059],[114.28644208,22.37508331]]],[[[114.32247386,22.37713872],[114.32640503,22.37566387],[114.32936745,22.37358271],[114.32858014,22.36578544],[114.32687233,22.36584459],[114.32566617,22.36988738],[114.32566835,22.37355955],[114.32430231,22.37440611],[114.32292591,22.37069087],[114.32047303,22.37282365],[114.32102627,22.37689684],[114.32247386,22.37713872]],[[114.32604789733887,22.373650530049915],[114.32621955871582,22.3699201156373],[114.3281078338623,22.36587210606298],[114.32836532592773,22.373253682204663],[114.32570457458496,22.37531727864436],[114.32604789733887,22.373650530049915]]],[[[114.28783756,22.38033236],[114.28971266,22.37898066],[114.28911528,22.37818655],[114.28751839,22.37974193],[114.28783756,22.38033236]]],[[[114.30747033,22.38100102],[114.30990501,22.37938172],[114.31345635,22.38008295],[114.31231467323369,22.37659513473831],[114.30895471286632,22.37690265506963],[114.30978671,22.37923488],[114.30747033,22.38100102]]],[[[114.3135084728325,22.375294683733255],[114.31347569,22.37594016],[114.31448078,22.3777628],[114.31575687,22.37867889],[114.31785458,22.37754964],[114.31728316513242,22.373414103124905],[114.3138599395752,22.37626969745112],[114.3135084728325,22.375294683733255]]],[[[114.3172943141096,22.373404466549204],[114.31730662,22.37339383],[114.31730028566324,22.373363051135165],[114.3172943141096,22.373404466549204]]],[[[114.31741506825469,22.37256698216461],[114.31745792,22.37243809],[114.31744257344104,22.37237622130874],[114.31741506825469,22.37256698216461]]],[[[114.31767865960235,22.37061564905398],[114.31772109,22.37058104],[114.31773089522788,22.370543192420477],[114.31767865960235,22.37061564905398]]],[[[114.31841416070209,22.369764574774308],[114.31861497,22.36997339],[114.31933235726878,22.369714852947723],[114.31866645812988,22.3699201156373],[114.31841416070209,22.369764574774308]]],[[[114.31944723812988,22.369605211244973],[114.31955775,22.36892365],[114.31945097829258,22.36844475547739],[114.31952476501465,22.368888281236067],[114.31944723812988,22.369605211244973]]],[[[114.31935820378013,22.3678870957133],[114.3200204,22.36756304],[114.3200197955381,22.36754817394427],[114.3193531036377,22.367856439187577],[114.31935820378013,22.3678870957133]]],[[[114.32025543779423,22.367007051591052],[114.32033018,22.3669387],[114.32033560882988,22.366754941433367],[114.32029724121094,22.366903962817034],[114.32025543779423,22.367007051591052]]],[[[114.32070696620475,22.365312574370613],[114.32080703,22.36509587],[114.32062276453013,22.36457212496245],[114.32055473327637,22.36476086716108],[114.32070696620475,22.365312574370613]]],[[[114.32064911438712,22.364499021356856],[114.32088647,22.36423702],[114.32060716,22.36415343],[114.3203247700304,22.364443797122927],[114.32064911438712,22.364499021356856]]],[[[114.31987813460678,22.36462081440159],[114.31943178,22.36463011],[114.31938630512717,22.36470964914515],[114.31952476501465,22.36476086716108],[114.31987813460678,22.36462081440159]]],[[[114.31907932320132,22.36399724612332],[114.31971906,22.36379033],[114.31974846991974,22.36374071173974],[114.31909561157227,22.363967119659037],[114.31907932320132,22.36399724612332]]],[[[114.32001359284244,22.363293415783414],[114.3200405,22.36324802],[114.3198470218944,22.363046946260912],[114.32001359284244,22.363293415783414]]],[[[114.31951641128332,22.36111520977411],[114.31899541386775,22.360677896948683],[114.3182373046875,22.361744602584793],[114.3185806274414,22.361744602584793],[114.31951641128332,22.36111520977411]]],[[[114.31946053160745,22.359982335532138],[114.31953334,22.36000843],[114.31976499788843,22.359757076054077],[114.31946053160745,22.359982335532138]]],[[[114.32103053062781,22.358081167237586],[114.32035956,22.35910191],[114.32036184,22.36025974],[114.32038307189941,22.359442672510866],[114.32103053062781,22.358081167237586]]],[[[114.32054644695825,22.360279965923283],[114.32066167,22.36029259],[114.32149962177782,22.359839636883656],[114.32149887084961,22.359839559720555],[114.32054644695825,22.360279965923283]]],[[[114.32327252750919,22.35911935480471],[114.32365155,22.35907186],[114.32382029375408,22.35889420615095],[114.32327252750919,22.35911935480471]]],[[[114.3244596527174,22.358580048768932],[114.32451058,22.35857059],[114.32462210486355,22.358317129773337],[114.3244596527174,22.358580048768932]]],[[[114.3246748263392,22.357459847312462],[114.32479897,22.35761019],[114.32529347433722,22.357621747002835],[114.32467460632324,22.35745821949949],[114.3246748263392,22.357459847312462]]],[[[114.32555817672372,22.357691691028727],[114.32568104,22.35782984],[114.32585415167556,22.35776989840709],[114.32555817672372,22.357691691028727]]],[[[114.32599230892049,22.357722060124047],[114.32653872,22.35753286],[114.32668363885087,22.35740237950956],[114.32599230892049,22.357722060124047]]],[[[114.32675802729298,22.35733540243686],[114.32697463,22.35714038],[114.32717890618326,22.356556917559885],[114.32675802729298,22.35733540243686]]],[[[114.3277436691891,22.35595001630375],[114.32771225,22.35588212],[114.3275342395915,22.35595001630375],[114.3277436691891,22.35595001630375]]],[[[114.32712178173693,22.355108197935756],[114.32725486,22.35479357],[114.32661418,22.35450606],[114.32654131560143,22.354529075099684],[114.32712178173693,22.355108197935756]]],[[[114.32638896310633,22.354472713958295],[114.32639825,22.35432673],[114.32600210030994,22.353917909579646],[114.32596206665039,22.353965513538483],[114.32638896310633,22.354472713958295]]],[[[114.32655455046105,22.353260992011958],[114.32663881,22.35322709],[114.32664965867191,22.35303324544749],[114.32656288146973,22.353251085623228],[114.32655455046105,22.353260992011958]]],[[[114.3270860447627,22.35193776852133],[114.3272132,22.35168478],[114.3273058,22.35104573],[114.32716369628906,22.350955724425056],[114.3270860447627,22.35193776852133]]],[[[114.32716369628906,22.35069072380724],[114.32719846,22.35060013],[114.32716369628906,22.35063211375782],[114.32716369628906,22.35069072380724]]],[[[114.32690844698404,22.350695868874823],[114.3265887,22.3507061],[114.32650959471901,22.350796474635555],[114.32690844698404,22.350695868874823]]],[[[114.32532808397428,22.35058533498854],[114.32628506,22.3484719],[114.32308781,22.34714846],[114.32475138,22.34402283],[114.32349333,22.34232306],[114.31675055,22.34338359],[114.31398515,22.34638229],[114.31272234,22.34367083],[114.31169766,22.34312812],[114.31051742,22.34357591],[114.30575714,22.3473011],[114.3032394,22.35190255],[114.3035461,22.35460618],[114.30687147191072,22.357616196226317],[114.30476188659668,22.354918078393595],[114.30783257567805,22.353283074978176],[114.30398941040039,22.35206036429065],[114.3061351776123,22.351425308752695],[114.30553436279297,22.34952012477369],[114.30845260620117,22.3503933373307],[114.30604934692383,22.35015518899415],[114.30673599243164,22.351187162179784],[114.3087100982666,22.3503933373307],[114.3061351776123,22.34848813924303],[114.30819511413574,22.345868449345602],[114.30956840515137,22.345630293276955],[114.31222915649414,22.349440741542637],[114.30991172790527,22.34547152233847],[114.3112850189209,22.343486870348315],[114.31317329406738,22.346265375222387],[114.31497573852539,22.347297377211945],[114.31180000305176,22.3503933373307],[114.31557655334473,22.347694299019395],[114.31514739990234,22.345630293276955],[114.31763648986816,22.34380441656559],[114.31900978088379,22.34570967867839],[114.31849479675293,22.349440741542637],[114.31437492370605,22.352616035512156],[114.3101692199707,22.35245727253212],[114.30856704614116,22.353198164991692],[114.30845260620117,22.355235598564676],[114.31034088134766,22.35595001630375],[114.30622100830078,22.35833138230747],[114.30742263793945,22.359522050043267],[114.30537251,22.36076553],[114.3084653,22.35974587],[114.3116283416748,22.363490868986176],[114.31343078613281,22.360712707601124],[114.31634902954102,22.359839559720555],[114.31506156921387,22.357855112363424],[114.3233871459961,22.3537273713071],[114.32532808397428,22.35058533498854]],[[114.31720733642578,22.352695416934324],[114.31986808776855,22.35031395459707],[114.31986808776855,22.344121962059518],[114.32364463806152,22.343089936559494],[114.32235717773438,22.346979838952123],[114.32029724121094,22.348249987650718],[114.32209968566895,22.35023457181822],[114.32347297668457,22.34832937156004],[114.32544708251953,22.348726290428374],[114.32106971740723,22.35253665404474],[114.31617736816406,22.3542830358805],[114.31720733642578,22.352695416934324]]],[[[114.30676149035915,22.357758595679087],[114.30577529,22.35817766],[114.30545070893774,22.359403187557742],[114.30587768554688,22.35833138230747],[114.30676149035915,22.357758595679087]]],[[[114.30802885393658,22.36078264817517],[114.30794855,22.36077918],[114.30794277971779,22.3608065287697],[114.30802885393658,22.36078264817517]]],[[[114.30736824352662,22.361004735075827],[114.30727648,22.36097052],[114.3071448601324,22.361226076485575],[114.30736824352662,22.361004735075827]]],[[[114.30632576107492,22.36203768802334],[114.30617658,22.36215437],[114.30574058299736,22.36322078328634],[114.30596351623535,22.36301461668461],[114.30632576107492,22.36203768802334]]],[[[114.30562940538364,22.36334702674701],[114.30573392,22.36378539],[114.30592414853294,22.363931432626785],[114.30596351623535,22.363887744660005],[114.30562940538364,22.36334702674701]]],[[[114.30571337750534,22.36416533394907],[114.30531442,22.36423782],[114.30544914658951,22.36517634865588],[114.30562019348145,22.365157739215476],[114.30571337750534,22.36416533394907]]],[[[114.30474904635619,22.365252517672566],[114.30420533,22.36528866],[114.30420541753836,22.36531166302137],[114.30474904635619,22.365252517672566]]],[[[114.30420604001807,22.36547523604459],[114.3047503,22.36551965],[114.30570602416992,22.366493645403473],[114.30570602416992,22.366030853753614],[114.30476188659668,22.36547523604459],[114.30420604001807,22.36547523604459]]],[[[114.30570602416992,22.366618511934337],[114.30549184,22.36712688],[114.30555372,22.36777759],[114.30540664986522,22.367861699105344],[114.30562019348145,22.36777706640555],[114.30570602416992,22.366618511934337]]],[[[114.3048773980559,22.368071454893336],[114.30465043,22.36808422],[114.30450816974577,22.368217789348456],[114.3048773980559,22.368071454893336]]],[[[114.3040286426167,22.36818118591882],[114.3039948784481,22.368146961108277],[114.30398941040039,22.368173929863133],[114.3040286426167,22.36818118591882]]],[[[114.30415000655327,22.367381859546153],[114.30424196,22.36734009],[114.30418790725575,22.36719493090003],[114.30415000655327,22.367381859546153]]],[[[114.30422602333634,22.367006939995566],[114.30429803,22.36694721],[114.30394881,22.36661167],[114.30377249721222,22.366684605705363],[114.30422602333634,22.367006939995566]]],[[[114.30305996673286,22.36697654179215],[114.30279247,22.36691678],[114.30202201,22.36783512],[114.30227606,22.3702963],[114.30280796,22.37063791],[114.30305996673286,22.36697654179215]]],[[[114.30344760506911,22.370438901401464],[114.30446113,22.37012357],[114.30527687072754,22.370555086852292],[114.30450439453125,22.370078858712546],[114.30344760506911,22.370438901401464]]],[[[114.30418733346725,22.371099311645782],[114.30416155,22.37111034],[114.30430098004234,22.37139357191561],[114.30418733346725,22.371099311645782]]],[[[114.30453188072983,22.371991433298987],[114.30445998,22.37209973],[114.30457845130059,22.372112016508016],[114.30453188072983,22.371991433298987]]],[[[114.30466126406584,22.372120604914652],[114.30490218,22.37214559],[114.30504131973414,22.372003455002652],[114.30466126406584,22.372120604914652]]],[[[114.3055907733383,22.37183408917879],[114.30562019348145,22.371836007852227],[114.30562019348145,22.37182502059366],[114.3055907733383,22.37183408917879]]],[[[114.30562019348145,22.372004018385603],[114.30490196,22.37231497],[114.30490993677886,22.372672323695465],[114.30501937866211,22.37230124275986],[114.30562019348145,22.372004018385603]]],[[[114.30483029466431,22.372942363551335],[114.3040598,22.3738939],[114.30398731128668,22.3738878616868],[114.3041970603926,22.37396544533074],[114.30471891,22.37315122],[114.30482248,22.37328181],[114.3050126978744,22.37326708491216],[114.30483029466431,22.372942363551335]]],[[[114.30350710513521,22.373847860492006],[114.30345896,22.37384385],[114.30344275529724,22.373990673502067],[114.30350710513521,22.373847860492006]]],[[[114.30320934462777,22.37450868693212],[114.30311143,22.37462139],[114.30313490973592,22.37467388192398],[114.30320934462777,22.37450868693212]]],[[[114.30327180143036,22.37520274947675],[114.30322354148011,22.37531727864436],[114.30330276489258,22.37531727864436],[114.30327180143036,22.37520274947675]]],[[[114.30307997333043,22.37531727864436],[114.30277064,22.37497524],[114.30274079319273,22.374980300012197],[114.30295944213867,22.37531727864436],[114.30307997333043,22.37531727864436]]],[[[114.30229866085374,22.375055255936537],[114.3020474,22.3752804],[114.30205880915722,22.37551188531267],[114.3021011352539,22.37523791011627],[114.30229866085374,22.375055255936537]]],[[[114.3020743017848,22.375826221917617],[114.30055057,22.37580675],[114.30078999901876,22.37774319605321],[114.30373191833496,22.37730147713671],[114.3020743017848,22.375826221917617]]],[[[114.30079162975268,22.378362740066038],[114.3010504,22.37909104],[114.30099857825103,22.379235889796227],[114.30115699768066,22.379047548408735],[114.30079162975268,22.378362740066038]]],[[[114.30056044312707,22.37978548024765],[114.30050547,22.37983639],[114.3006257956856,22.380148061077062],[114.30056044312707,22.37978548024765]]],[[[114.30066303452027,22.38024451818555],[114.30166876,22.38059585],[114.30274647,22.38056555],[114.30327563930058,22.380326810558778],[114.30066303452027,22.38024451818555]]],[[[114.30329548494663,22.380280380760038],[114.30336829,22.38011005],[114.30321954679837,22.379894179170694],[114.30329548494663,22.380280380760038]]],[[[114.30314454056361,22.37951271705001],[114.30323249602255,22.379444379733314],[114.30313110351562,22.379444379733314],[114.30314454056361,22.37951271705001]]],[[[114.30382416384663,22.379444379733314],[114.30402804946034,22.379465221532442],[114.30398941040039,22.379444379733314],[114.30382416384663,22.379444379733314]]],[[[114.30485679719585,22.379912245705643],[114.30509004,22.38005706],[114.30532389224565,22.379959716344324],[114.30501937866211,22.379999941686478],[114.30485679719585,22.379912245705643]]],[[[114.3056011579764,22.379844301331964],[114.3056563,22.37959268],[114.30547910395603,22.379355235820668],[114.3056011579764,22.379844301331964]]],[[[114.30537041491199,22.378919723227717],[114.30548900781751,22.37872473576373],[114.30544853210449,22.37873008253429],[114.30537041491199,22.378919723227717]]],[[[114.30568905698155,22.378698309620717],[114.30597362,22.37873616],[114.30603032779739,22.378653228345684],[114.30568905698155,22.378698309620717]]],[[[114.30605472780843,22.378617544835212],[114.3060668,22.37859989],[114.30606083235536,22.37857991261354],[114.30605472780843,22.378617544835212]]],[[[114.30613469914728,22.378124551794624],[114.30621501,22.37800895],[114.30630410331823,22.37708023918796],[114.30613469914728,22.378124551794624]]],[[[114.30630578357216,22.377062724182124],[114.30610998,22.37672852],[114.30573886041074,22.37659889203746],[114.3057918548584,22.376745904410384],[114.30630578357216,22.377062724182124]]],[[[114.30559409113755,22.375700206069446],[114.3056456,22.37556712],[114.30533440182126,22.37542324685121],[114.30562019348145,22.375555383957078],[114.30559409113755,22.375700206069446]]],[[[114.3048971006356,22.374932396422693],[114.3048163,22.37466674],[114.30471640155426,22.374598206363014],[114.3048971006356,22.374932396422693]]],[[[114.30548561156527,22.373442010634477],[114.30562019348145,22.37364630257114],[114.30562019348145,22.373491791047584],[114.30548561156527,22.373442010634477]]],[[[114.30562019348145,22.373984804761317],[114.30555166,22.37434308],[114.3060620826232,22.374558921957693],[114.30562019348145,22.374285484248887],[114.30562019348145,22.373984804761317]]],[[[114.30616150108767,22.374834722836546],[114.30597183,22.37489863],[114.30623908,22.37507561],[114.30622136082675,22.374999478274976],[114.30616150108767,22.374834722836546]]],[[[114.30631979255301,22.374908457151044],[114.30651648,22.37485749],[114.30654487697815,22.374700318595167],[114.30631979255301,22.374908457151044]]],[[[114.30682750484235,22.3730330863474],[114.30683256,22.37354749],[114.30699368,22.37388234],[114.30707352906656,22.373791433684683],[114.30682750484235,22.3730330863474]]],[[[114.30738620079651,22.37373832302547],[114.30729195,22.3748724],[114.30784241324625,22.375384506230386],[114.30742263793945,22.374841066796904],[114.30738620079651,22.37373832302547]]],[[[114.30784782945032,22.375391518026507],[114.30773491,22.37572284],[114.30792955,22.37605438],[114.30811022004457,22.376005426012487],[114.30784782945032,22.375391518026507]]],[[[114.308489918067,22.375532951049895],[114.30837912,22.37570452],[114.3087100982666,22.375634752304137],[114.308489918067,22.375532951049895]]],[[[114.30854813993552,22.375859397974665],[114.30841704,22.37597042],[114.30840612307841,22.376056383655353],[114.30854813993552,22.375859397974665]]],[[[114.30826738537793,22.376248820954167],[114.30818584,22.37621948],[114.30824480545047,22.376280140633185],[114.30826738537793,22.376248820954167]]],[[[114.30820194296426,22.376361694649155],[114.30816409,22.37658024],[114.30843486833639,22.376792467611995],[114.30820194296426,22.376361694649155]]],[[[114.28073827,22.38146679],[114.282904,22.3802091],[114.28225672,22.37868742],[114.27970308,22.37994529],[114.27943472,22.38180657],[114.28073827,22.38146679]]],[[[114.28168593,22.38226574],[114.2818611,22.38220516],[114.2820042,22.38203066],[114.28177716,22.38195744],[114.28168593,22.38226574]]],[[[114.31844492,22.3875282],[114.31674374,22.38443621],[114.31543921,22.38409851],[114.31605578,22.38765146],[114.31844492,22.3875282]]],[[[114.39467645219294,22.43871570441925],[114.39476505,22.43865768],[114.39472521779932,22.43855794647284],[114.39467645219294,22.43871570441925]]],[[[114.39232581464572,22.440752740604946],[114.39230621,22.44071402],[114.39225983447085,22.44070700274363],[114.39232581464572,22.440752740604946]]],[[[114.39185092738832,22.441025082347057],[114.39183181,22.44107861],[114.3919987982315,22.441144671278394],[114.39185092738832,22.441025082347057]]],[[[114.36871850396707,22.440805159926757],[114.36876401,22.44077092],[114.36901289476691,22.44018093508654],[114.36871850396707,22.440805159926757]]],[[[114.3725481365808,22.437608681486022],[114.37276444,22.43780203],[114.37287749592328,22.437852221966793],[114.3725481365808,22.437608681486022]]],[[[114.3871399937904,22.438760012829068],[114.38716109,22.43877429],[114.38716159455444,22.438768747655068],[114.3871399937904,22.438760012829068]]],[[[114.38923296086693,22.438676483546285],[114.3892642,22.43868988],[114.38941339473726,22.43864868805216],[114.38923296086693,22.438676483546285]]],[[[114.38969134141476,22.438688504318097],[114.38970368,22.43876779],[114.38992502857514,22.438742502895728],[114.38969134141476,22.438688504318097]]],[[[114.39122604273142,22.43943030499478],[114.39123927235966,22.439823419263426],[114.39136505126953,22.43959090917265],[114.39122604273142,22.43943030499478]]],[[[114.39206799086479,22.439764632984723],[114.39208269,22.43974667],[114.39205894841774,22.439756275233087],[114.39206799086479,22.439764632984723]]],[[[114.39171546215648,22.43853138994563],[114.39173253,22.43852253],[114.39155027918615,22.438233902337096],[114.39153671264648,22.438242261966565],[114.39171546215648,22.43853138994563]]],[[[114.39494645816826,22.437842228390885],[114.39505351,22.43777659],[114.39502050367528,22.437602689338792],[114.39494645816826,22.437842228390885]]],[[[114.39568683438347,22.436354867003324],[114.39576522,22.43630605],[114.39570837021027,22.43622548043463],[114.39568683438347,22.436354867003324]]],[[[114.39606518838534,22.43580783166925],[114.39613076,22.43581016],[114.39633446250276,22.435630051588525],[114.39606518838534,22.43580783166925]]],[[[114.39634526737856,22.43562049820067],[114.39638856,22.43558222],[114.39653507839306,22.4352696095711],[114.39634526737856,22.43562049820067]]],[[[114.39761561190566,22.43606756811273],[114.39775866,22.43611588],[114.39784059534634,22.435963591306322],[114.3977165222168,22.436020932109003],[114.39761561190566,22.43606756811273]]],[[[114.39789099081307,22.435944192971064],[114.39799823,22.4362071],[114.39819507143577,22.436225256438988],[114.39789099081307,22.435944192971064]]],[[[114.39898416027054,22.43613244581015],[114.39912323,22.43617128],[114.39915485621293,22.436103759419098],[114.39898416027054,22.43613244581015]]],[[[114.39926294984397,22.436129086377456],[114.39927896,22.43617597],[114.39936036556796,22.436161244157844],[114.39926294984397,22.436129086377456]]],[[[114.40118190778112,22.435851337333244],[114.40071975,22.43546057],[114.40052618413903,22.435427073606363],[114.40118190778112,22.435851337333244]]],[[[114.40058321187452,22.43523823741335],[114.40063491,22.43525217],[114.40064059467214,22.435167517968914],[114.40058321187452,22.43523823741335]]],[[[114.40065099582165,22.435012631563822],[114.40065119,22.43500974],[114.40063055580796,22.434996100188478],[114.40065099582165,22.435012631563822]]],[[[114.40004601141663,22.434523335204684],[114.40019791,22.4343704],[114.40011964,22.43421412],[114.40003395080566,22.43451358088211],[114.40004601141663,22.434523335204684]]],[[[114.39992638324692,22.434276608762858],[114.39991138,22.43428146],[114.39991298767264,22.434326135811098],[114.39992638324692,22.434276608762858]]],[[[114.39988613225448,22.434425427529607],[114.39977908,22.43398418],[114.3995408529586,22.43381979662747],[114.39977645874023,22.434037571829876],[114.39988613225448,22.434425427529607]]],[[[114.39892316876049,22.434350274157694],[114.39888779203203,22.43432684924308],[114.39891815185547,22.434354911379458],[114.39892316876049,22.434350274157694]]],[[[114.39867571035973,22.4341308183003],[114.39886317,22.43376262],[114.39882382608266,22.43373986200149],[114.39866065979004,22.434116906785306],[114.39867571035973,22.4341308183003]]],[[[114.39835915777013,22.433364234635384],[114.39858437166883,22.43333237559374],[114.39848899841309,22.433244219781173],[114.39835915777013,22.433364234635384]]],[[[114.39866825088292,22.43327659061463],[114.3987162,22.43322785],[114.39867266402514,22.433203165140654],[114.39866825088292,22.43327659061463]]],[[[114.39867853772773,22.433105438990946],[114.3987734,22.43307186],[114.39873279829898,22.432202656354733],[114.39867853772773,22.433105438990946]]],[[[114.39870180807468,22.43195419634876],[114.3987588,22.4319293],[114.39857482910156,22.43189551089],[114.39870180807468,22.43195419634876]]],[[[114.39860101450884,22.43118148322978],[114.3983235160142,22.43115863733411],[114.39831733703613,22.43118148322978],[114.39860101450884,22.43118148322978]]],[[[114.397847160603,22.430664045069083],[114.39777005,22.4306863],[114.39776673802072,22.43073838303523],[114.397847160603,22.430664045069083]]],[[[114.39661081098922,22.430703131621964],[114.39661711464005,22.43059940392896],[114.3966007232666,22.430705462748918],[114.39661081098922,22.430703131621964]]],[[[114.3972760300931,22.424520795415066],[114.39735195,22.42445169],[114.39743596924787,22.424188143649925],[114.3972760300931,22.424520795415066]]],[[[114.39723908792254,22.423735541732047],[114.39709742320122,22.423542890185942],[114.39711570739746,22.42364430058595],[114.39723908792254,22.423735541732047]]],[[[114.39728229434196,22.42301269878813],[114.39740084,22.4229761],[114.39750960973416,22.422872612881385],[114.39728229434196,22.42301269878813]]],[[[114.4025751205088,22.419725341202597],[114.40258581,22.41974602],[114.4025932646727,22.419742113941826],[114.4025751205088,22.419725341202597]]],[[[114.40335741190644,22.417499824799755],[114.40348549,22.41738535],[114.40344969792837,22.417329200884655],[114.40335741190644,22.417499824799755]]],[[[114.40416568763322,22.41673206857004],[114.40443463,22.41642458],[114.40441106030612,22.416424404370968],[114.40416568763322,22.41673206857004]]],[[[114.40443479114579,22.415964745940197],[114.40446069,22.41592988],[114.40445916074802,22.415927198916776],[114.40443479114579,22.415964745940197]]],[[[114.40439275010401,22.415810767833342],[114.40432706,22.4156956],[114.40419465877493,22.41570089355596],[114.40439275010401,22.415810767833342]]],[[[114.40381153472292,22.41578869049287],[114.40380920776117,22.41578753408689],[114.40381050109863,22.41578932750967],[114.40381153472292,22.41578869049287]]],[[[114.40365406660439,22.4155137539919],[114.40373154,22.41549233],[114.40376818800331,22.415232423537883],[114.40365406660439,22.4155137539919]]],[[[114.4038141142089,22.415119206907285],[114.40440457897766,22.41475990933687],[114.40389633178711,22.41491652529959],[114.4038141142089,22.415119206907285]]],[[[114.40481387601862,22.414510852254768],[114.40496775,22.41441722],[114.40518665,22.41400622],[114.40519675082106,22.41348030516195],[114.40481387601862,22.414510852254768]]],[[[114.40536098394496,22.41337908754028],[114.40539972,22.41336398],[114.40540583567086,22.413351445217494],[114.40536098394496,22.41337908754028]]],[[[114.40535740267501,22.41277296805447],[114.40535516958985,22.412773994380892],[114.40535545349121,22.412774169351493],[114.40535740267501,22.41277296805447]]],[[[114.40531278521411,22.41274787256296],[114.40528661,22.41258653],[114.40513501256386,22.41263830990638],[114.40531278521411,22.41274787256296]]],[[[114.40504714907094,22.41266832072684],[114.40502654,22.41267536],[114.40491932360726,22.412801261407246],[114.40504714907094,22.41266832072684]]],[[[114.4042212917996,22.41325475252412],[114.40424352520954,22.413143016232482],[114.40415382385254,22.41332959814018],[114.4042212917996,22.41325475252412]]],[[[114.4044824275815,22.412646091082113],[114.40452832,22.41259387],[114.40445339569108,22.412372798207866],[114.40449714660645,22.41261547500399],[114.4044824275815,22.412646091082113]]],[[[114.40437698016389,22.412147326424606],[114.40408377,22.4121964],[114.4039779005616,22.41209380708273],[114.40406799316406,22.41221873834212],[114.40437698016389,22.412147326424606]]],[[[114.40362120292322,22.4120654781614],[114.40325709,22.41210491],[114.40286072926007,22.412292877079516],[114.40286636352539,22.41229808576513],[114.40362120292322,22.4120654781614]]],[[[114.40263787327132,22.412086854339012],[114.40235538,22.41179992],[114.4020938873291,22.41221873834212],[114.40235137939453,22.411822000547275],[114.40263787327132,22.412086854339012]]],[[[114.40203345226027,22.412074010894756],[114.40203273,22.41202072],[114.40187527862963,22.412110567412412],[114.40203345226027,22.412074010894756]]],[[[114.40174338855853,22.412185828628527],[114.40163474125626,22.412687890439805],[114.40166473388672,22.412694822200407],[114.40174338855853,22.412185828628527]]],[[[114.40130868496588,22.4126233182389],[114.40128677,22.41261668],[114.40124752671846,22.41266101053887],[114.40130868496588,22.4126233182389]]],[[[114.40100932770274,22.41189419978435],[114.40098108,22.41181903],[114.4009629934477,22.4118180134674],[114.4009780883789,22.411822000547275],[114.40100932770274,22.41189419978435]]],[[[114.39614731775832,22.414790585729722],[114.39610249,22.41484994],[114.39612262038202,22.414904742976994],[114.39614731775832,22.414790585729722]]],[[[114.39609484991637,22.41503310478657],[114.39597810566737,22.414975715632142],[114.39608573913574,22.415075217018426],[114.39609484991637,22.41503310478657]]],[[[114.39456296686211,22.41712972090116],[114.3945576,22.4171359],[114.39457010158836,22.41714401128909],[114.39456296686211,22.41712972090116]]],[[[114.39364078490229,22.41864347611464],[114.39349965,22.41871783],[114.39345594,22.41897234],[114.39346229620675,22.41897347367032],[114.39364078490229,22.41864347611464]]],[[[114.39207106926261,22.42046615055155],[114.39201036,22.42039195],[114.39185217819701,22.420383262492674],[114.39205169677734,22.420470627581764],[114.39207106926261,22.42046615055155]]],[[[114.39172200231451,22.42032626114697],[114.39175332,22.42024164],[114.39147141910102,22.42021653590367],[114.39172200231451,22.42032626114697]]],[[[114.39117265558244,22.420085713494178],[114.39116714,22.42007925],[114.39115711918444,22.420078910424547],[114.39117265558244,22.420085713494178]]],[[[114.39060661015141,22.41983785382403],[114.39058703,22.41981371],[114.39057467992654,22.419823872234268],[114.39060661015141,22.41983785382403]]],[[[114.38940461370076,22.4199402427968],[114.38930338,22.41990194],[114.38897620411376,22.42008875302537],[114.38940461370076,22.4199402427968]]],[[[114.38454337897684,22.419431407840786],[114.38452425,22.41937232],[114.38448322294667,22.419361896411935],[114.38454337897684,22.419431407840786]]],[[[114.38394735735812,22.419041463636447],[114.38395562,22.41903208],[114.38390562207103,22.419020029805765],[114.38394735735812,22.419041463636447]]],[[[114.38365799784768,22.418834653428444],[114.38369504,22.41880873],[114.38367759518155,22.4187803048569],[114.38365799784768,22.418834653428444]]],[[[114.38361129296389,22.418672269910623],[114.38344528,22.41861546],[114.38338279724121,22.418725076512246],[114.38361129296389,22.418672269910623]]],[[[114.38332833697484,22.418372666140698],[114.38333003,22.41837013],[114.38332785593684,22.418369553361497],[114.38332833697484,22.418372666140698]]],[[[114.3826080479728,22.417056746724892],[114.38260352,22.4170393],[114.38257802482543,22.417028992366514],[114.3826080479728,22.417056746724892]]],[[[114.38159614465631,22.417144544850768],[114.38154112342698,22.417181272450208],[114.3815803527832,22.417217537478095],[114.38159614465631,22.417144544850768]]],[[[114.38029704100491,22.41603119791213],[114.38006439268254,22.415700532242337],[114.3801212310791,22.415868672893183],[114.38029704100491,22.41603119791213]]],[[[114.379188743296,22.41061903090768],[114.37922032,22.41061826],[114.37914075692152,22.410508125330352],[114.379188743296,22.41061903090768]]],[[[114.3783752357577,22.409299363210398],[114.3782488,22.40930297],[114.37797019338987,22.40963637230908],[114.3783752357577,22.409299363210398]]],[[[114.37520514468571,22.410996273527076],[114.37493625374536,22.41127401884065],[114.37554579508343,22.410886610404564],[114.37520514468571,22.410996273527076]]],[[[114.37466715621254,22.411445050151954],[114.3743883721145,22.4116030646788],[114.3743515011114,22.41164567222864],[114.37466715621254,22.411445050151954]]],[[[114.3740513762839,22.41228306165437],[114.37277412396314,22.412345694315018],[114.37239646911621,22.41467848738141],[114.37299728393555,22.41317090442716],[114.37505722045898,22.413408944928705],[114.37728881835938,22.416027363524236],[114.37522888183594,22.411980695801162],[114.37437057495117,22.413250251306337],[114.3740513762839,22.41228306165437]]],[[[114.3746598461097,22.407093451360453],[114.37470762,22.40697632],[114.37467387875309,22.407002639174774],[114.3746598461097,22.407093451360453]]],[[[114.37473741542355,22.40614647428598],[114.37478421,22.40613767],[114.37478967502456,22.40609444343025],[114.37473741542355,22.40614647428598]]],[[[114.37407161643215,22.402230012782468],[114.37405599,22.40221953],[114.37404902493952,22.402220729880554],[114.37407161643215,22.402230012782468]]],[[[114.37273602091098,22.40121036916946],[114.37251026,22.4012254],[114.37253283552475,22.401292554768123],[114.37273602091098,22.40121036916946]]],[[[114.37160249409867,22.40055417424341],[114.371549,22.40052911],[114.3715448978627,22.40055417424341],[114.37160249409867,22.40055417424341]]],[[[114.37071396250008,22.400381335397423],[114.3700976708521,22.400284123026598],[114.37007904052734,22.40031611172084],[114.37071396250008,22.400381335397423]]],[[[114.3740063158677,22.397073191898652],[114.37401315,22.39728505],[114.3743219865627,22.397510977658094],[114.3740063158677,22.397073191898652]]],[[[114.37438317645882,22.397595838449945],[114.37454454,22.39798129],[114.37469890783093,22.398033708359037],[114.37438317645882,22.397595838449945]]],[[[114.37576629933483,22.39818390114262],[114.37587197,22.39832532],[114.3760674496765,22.39832311656919],[114.37576629933483,22.39818390114262]]],[[[114.37651924759888,22.39651959182212],[114.37659464238985,22.396507055914597],[114.37651634216309,22.396507055914597],[114.37651924759888,22.39651959182212]]],[[[114.37840262004,22.39580023280978],[114.37854743,22.39616569],[114.37855236787183,22.39613436167077],[114.37840262004,22.39580023280978]]],[[[114.37864720663057,22.395992895878116],[114.37881264,22.39613378],[114.3788073072168,22.396041057170944],[114.37864720663057,22.395992895878116]]],[[[114.37885482247059,22.39593059466652],[114.37892573839707,22.39598557746606],[114.37883377075195,22.395872203133948],[114.37885482247059,22.39593059466652]]],[[[114.37918016891176,22.39597504563966],[114.37928468,22.39609127],[114.379646595665,22.396098258587216],[114.37918016891176,22.39597504563966]]],[[[114.3798760404546,22.395328078194783],[114.38024965,22.39512139],[114.38026243719027,22.39509552804242],[114.37986373901367,22.395316704572963],[114.3798760404546,22.395328078194783]]],[[[114.38091668107374,22.39414758423282],[114.38093093,22.39405853],[114.38078066525199,22.39402182599558],[114.38091668107374,22.39414758423282]]],[[[114.3815267196151,22.393347606816707],[114.38159971,22.39319728],[114.3816717,22.392215],[114.38141203462781,22.391665302903558],[114.3815267196151,22.393347606816707]]],[[[114.38151665511255,22.391636283203113],[114.38218936,22.39153502],[114.38222623882336,22.391439458396007],[114.38151665511255,22.391636283203113]]],[[[114.38226666196226,22.39142824579854],[114.38226866106862,22.39143045861929],[114.38226699829102,22.391428152507444],[114.38226666196226,22.39142824579854]]],[[[114.38260269200319,22.39168789660459],[114.38262524,22.39171849],[114.38270954738302,22.391702010691883],[114.38260269200319,22.39168789660459]]],[[[114.38430411022902,22.389572474412276],[114.38442225800779,22.389285434496614],[114.38440543905874,22.389304789120175],[114.38430411022902,22.389572474412276]]],[[[114.38516114193565,22.389387078005097],[114.38528951784143,22.38930248947699],[114.3852710723877,22.389285434496614],[114.38516114193565,22.389387078005097]]],[[[114.38531788343259,22.38950910771135],[114.38521582,22.38965502],[114.38536772734055,22.389831184047345],[114.3852710723877,22.389682236618867],[114.38531788343259,22.38950910771135]]],[[[114.3858012216926,22.390095863862605],[114.38587055,22.39029526],[114.38593491432142,22.390244200179914],[114.3858012216926,22.390095863862605]]],[[[114.38604975829404,22.3903716233005],[114.3861407,22.39054915],[114.38623762921883,22.390558652142566],[114.38621520996094,22.390555197302888],[114.38604975829404,22.3903716233005]]],[[[114.38680484808326,22.39026968705854],[114.38666534229075,22.390151931894184],[114.38664436340332,22.39015839767123],[114.38680484808326,22.39026968705854]]],[[[114.3867800539075,22.390116577314924],[114.38695959,22.3901337],[114.3871012061305,22.390017596914827],[114.3867800539075,22.390116577314924]]],[[[114.3869923208382,22.389768024839128],[114.38699540604907,22.389759001296884],[114.38698768615723,22.389761596907462],[114.3869923208382,22.389768024839128]]],[[[114.38719890744963,22.389690579303476],[114.38722792,22.38970876],[114.38751481736627,22.389584362903136],[114.38719890744963,22.389690579303476]]],[[[114.38811696555295,22.389034888383005],[114.38860712,22.38925458],[114.38875985428021,22.389194076480972],[114.3881893157959,22.388967991983705],[114.38811696555295,22.389034888383005]]],[[[114.38879013061523,22.38918208294023],[114.38883143,22.38890977],[114.38943203112497,22.388952477435623],[114.38879013061523,22.388729909623564],[114.38879013061523,22.38918208294023]]],[[[114.38958079556791,22.38850303867243],[114.38981782,22.38823833],[114.38977425448576,22.388165669368448],[114.38956260681152,22.388491826855898],[114.38958079556791,22.38850303867243]]],[[[114.38980790414593,22.388113813903214],[114.39011661,22.3881829],[114.39013700680174,22.388168276579353],[114.38982009887695,22.388095021337477],[114.38980790414593,22.388113813903214]]],[[[114.39066402114143,22.387790435362827],[114.39073667,22.38773835],[114.3906292,22.38746295],[114.3905963698318,22.387477673855255],[114.39066402114143,22.387790435362827]]],[[[114.39041151102337,22.387560580355164],[114.39018185,22.38766358],[114.39006705294238,22.387638811205555],[114.39016342163086,22.387698214687035],[114.39041151102337,22.387560580355164]]],[[[114.38995285038553,22.387568414590458],[114.39059137,22.38677515],[114.3905470581101,22.38665027894706],[114.38990592956543,22.387539491709887],[114.38995285038553,22.387568414590458]]],[[[114.39029780834066,22.38579456370654],[114.39021543,22.3856659],[114.39018538995339,22.385660918277758],[114.39029780834066,22.38579456370654]]],[[[114.39002790656635,22.38563480185718],[114.3900993193449,22.38543629494792],[114.38956260681152,22.38563480185718],[114.39002790656635,22.38563480185718]]],[[[114.39036543746626,22.38530025242656],[114.390202194025,22.385190187242365],[114.39016342163086,22.385237988188564],[114.39036543746626,22.38530025242656]]],[[[114.39032036866236,22.3849205364387],[114.39010484,22.38489298],[114.39033859340383,22.384437865419812],[114.39007759094238,22.3849205364387],[114.39032036866236,22.3849205364387]]],[[[114.39037281442819,22.384232260658816],[114.39007741972415,22.38382265049641],[114.3899917602539,22.38380944960946],[114.39037281442819,22.384232260658816]]],[[[114.39008595206835,22.38357356732147],[114.39008949436659,22.38355301412093],[114.39007759094238,22.383571358420127],[114.39008595206835,22.38357356732147]]],[[[114.39033508300781,22.383165561875007],[114.39035302,22.38314868],[114.39033508300781,22.38309060285432],[114.39033508300781,22.383165561875007]]],[[[114.39031711493081,22.383032425060925],[114.39020182,22.38310151],[114.39028934,22.38228869],[114.39016342163086,22.38317453886576],[114.39031711493081,22.383032425060925]]],[[[114.38983823450808,22.382111505074338],[114.39017791531947,22.38185832536678],[114.38973426818848,22.38206343809229],[114.38983823450808,22.382111505074338]]],[[[114.39007031763623,22.381632987224773],[114.3902197,22.38161104],[114.39004268175118,22.38150521696077],[114.39007031763623,22.381632987224773]]],[[[114.39004170888406,22.381500719059215],[114.390151,22.38140863],[114.3899917602539,22.381269789250084],[114.39004170888406,22.381500719059215]]],[[[114.39123619414138,22.38062507450871],[114.39133356,22.38053759],[114.391335584061,22.380510195351793],[114.39123619414138,22.38062507450871]]],[[[114.3913555846138,22.380239497920773],[114.39135704,22.3802198],[114.39127594823354,22.38025177091097],[114.3913555846138,22.380239497920773]]],[[[114.39088796399976,22.380311564270254],[114.39086480946384,22.380297930483533],[114.39085006713867,22.380317404663842],[114.39088796399976,22.380311564270254]]],[[[114.39098207315872,22.38014302857276],[114.39150672,22.37950976],[114.39105163150045,22.379569893321236],[114.39098207315872,22.38014302857276]]],[[[114.39082034208636,22.379596626963007],[114.39093463434493,22.379414035058396],[114.3907642364502,22.379603111946267],[114.39082034208636,22.379596626963007]]],[[[114.39111435549401,22.379126914764186],[114.39112366,22.37911205],[114.39102272765099,22.379126914764186],[114.39111435549401,22.379126914764186]]],[[[114.3908999549579,22.379126914764186],[114.39140102,22.37873573],[114.39132190479845,22.378346405726333],[114.39136505126953,22.37873008253429],[114.3908999549579,22.379126914764186]]],[[[114.39181895798485,22.37790282598712],[114.39184258,22.37786822],[114.39179740809814,22.377862971940917],[114.39181895798485,22.37790282598712]]],[[[114.39154242935138,22.377481393411113],[114.39158952,22.37745889],[114.39158402236987,22.377346780325645],[114.39154242935138,22.377481393411113]]],[[[114.39157739698462,22.377211673058383],[114.39128478,22.37706848],[114.39127922058105,22.37705609149957],[114.39127922058105,22.37714274229836],[114.39157739698462,22.377211673058383]]],[[[114.39116794282025,22.376808122314348],[114.3911666,22.37680513],[114.39115817617142,22.376806617110407],[114.39116794282025,22.376808122314348]]],[[[114.39092664311906,22.376770933994447],[114.39096153,22.3767237],[114.39078249494015,22.376748718349077],[114.39092664311906,22.376770933994447]]],[[[114.39076109817228,22.376751708332204],[114.39071543,22.37675809],[114.39071679522579,22.37683364206939],[114.39076109817228,22.376751708332204]]],[[[114.39052147790862,22.37719486133351],[114.39027337,22.37675074],[114.39025262522006,22.376758380075465],[114.39042091369629,22.377380844488002],[114.39052147790862,22.37719486133351]]],[[[114.39023183468653,22.376766037001477],[114.39005805,22.37683004],[114.38992914489697,22.377115908297316],[114.39023183468653,22.376766037001477]]],[[[114.3899460702025,22.376771561578956],[114.3900047,22.37668955],[114.3899792797388,22.376464472791298],[114.3899460702025,22.376771561578956]]],[[[114.3899700282744,22.376382558063394],[114.38972854,22.37659896],[114.38973426818848,22.376745904410384],[114.3899700282744,22.376382558063394]]],[[[114.38876898378734,22.37678731364132],[114.38880484,22.37649032],[114.38868400766299,22.37647509041594],[114.38861846923828,22.376825272078506],[114.38876898378734,22.37678731364132]]],[[[114.38851323824395,22.376554009644874],[114.38839655,22.37668832],[114.38841787007121,22.376988467068784],[114.38844680786133,22.37698400727895],[114.38851323824395,22.376554009644874]]],[[[114.38811913849062,22.37703450652313],[114.38804841,22.37693072],[114.38797628101906,22.377056523211248],[114.38811913849062,22.37703450652313]]],[[[114.38795182528396,22.37706029224262],[114.38797473,22.37682525],[114.38761433,22.37680329],[114.38793182373047,22.376825272078506],[114.38795182528396,22.37706029224262]]],[[[114.38745736562014,22.376931375133296],[114.38714616,22.37702416],[114.38690933434725,22.377374793245398],[114.38745736562014,22.376931375133296]]],[[[114.38672406450617,22.377326043584684],[114.38667439,22.37727391],[114.38684681,22.37684098],[114.38664436340332,22.37730147713671],[114.38672406450617,22.377326043584684]]],[[[114.38643728952198,22.376895315364123],[114.38692758,22.37657387],[114.38705710316205,22.376353737932916],[114.38638687133789,22.37690463970135],[114.38643728952198,22.376895315364123]]],[[[114.38712874913898,22.376231971472375],[114.38713777,22.37621664],[114.3870724714664,22.376162584490924],[114.38712874913898,22.376231971472375]]],[[[114.38731910024042,22.375533359664722],[114.38723458021336,22.375226315369833],[114.38715934753418,22.37523791011627],[114.38731910024042,22.375533359664722]]],[[[114.38738501972794,22.37520312985997],[114.38748362,22.37522953],[114.38757667673829,22.37517359197216],[114.38738501972794,22.37520312985997]]],[[[114.38767433166504,22.375114889893066],[114.38768654,22.37484546],[114.38733100891113,22.374602960262166],[114.38767433166504,22.374920435551303],[114.38767433166504,22.375114889893066]]],[[[114.38795375605109,22.37466610422892],[114.38829077,22.37442679],[114.38829598628888,22.374412931776288],[114.38795375605109,22.37466610422892]]],[[[114.38857585175025,22.37366940735527],[114.38872345,22.37327728],[114.38905001357628,22.372933991646327],[114.38870429992676,22.373253682204663],[114.38857585175025,22.37366940735527]]],[[[114.38954332756256,22.372415412850337],[114.38945033,22.37206729],[114.39000595556423,22.3714944112022],[114.38939094543457,22.37206313188041],[114.38954332756256,22.372415412850337]]],[[[114.39007759094238,22.371200484733322],[114.39010949,22.3710696],[114.39007759094238,22.370942821694083],[114.39007759094238,22.371200484733322]]],[[[114.39000046350588,22.370636289574644],[114.3898868259872,22.370184653282475],[114.3896484375,22.3699201156373],[114.39000046350588,22.370636289574644]]],[[[114.39038884646682,22.370741741072514],[114.39042764,22.37080459],[114.39045187135486,22.370811679246394],[114.39038884646682,22.370741741072514]]],[[[114.39055606814611,22.37084216358089],[114.39098165,22.37065616],[114.39129229,22.36991448],[114.39108445,22.36941668],[114.39144142241989,22.369133395713572],[114.39102172851562,22.369443885325467],[114.39102172851562,22.370555086852292],[114.39055606814611,22.37084216358089]]],[[[114.39153246502977,22.368603028330725],[114.39156541,22.3685791],[114.39152168507809,22.36848340222855],[114.39153246502977,22.368603028330725]]],[[[114.39149758719391,22.36821598582042],[114.39154849,22.36819813],[114.39146292,22.36769743],[114.39141005066712,22.367647347955227],[114.39149758719391,22.36821598582042]]],[[[114.39068850976473,22.367458017524385],[114.39064898,22.3674581],[114.39055004949266,22.367510445755038],[114.39067840576172,22.36745957482502],[114.39068850976473,22.367458017524385]]],[[[114.3896753318739,22.367857119112667],[114.39000151,22.36740532],[114.3899917910091,22.367391508139182],[114.38947677612305,22.367935811924326],[114.3896753318739,22.367857119112667]]],[[[114.38978536070674,22.36709814572833],[114.38976241,22.36706553],[114.3900622729026,22.366927897061448],[114.38973426818848,22.367062709331265],[114.38978536070674,22.36709814572833]]],[[[114.39080688438996,22.366308414426552],[114.39036578,22.36582727],[114.39003245,22.3661373],[114.39033508300781,22.36587210606298],[114.39080688438996,22.366308414426552]]],[[[114.38946000968137,22.36647516147862],[114.38977155844063,22.366104833142458],[114.38939094543457,22.366507095739635],[114.38946000968137,22.36647516147862]]],[[[114.3899691086806,22.365870011306377],[114.38939114639074,22.365643789658574],[114.38913345336914,22.365792732149785],[114.3899691086806,22.365870011306377]]],[[[114.3898101934518,22.36535922066502],[114.38986948,22.36531896],[114.38975314367185,22.365148187351885],[114.3898101934518,22.36535922066502]]],[[[114.38969795182781,22.36506717003327],[114.38969475,22.36506247],[114.38968597538441,22.365063478181266],[114.38969795182781,22.36506717003327]]],[[[114.3892220237933,22.365116785052294],[114.3891997,22.36511935],[114.38910005733423,22.36517318092849],[114.3892220237933,22.365116785052294]]],[[[114.38827514648438,22.365707990246207],[114.38823101,22.36577795],[114.38827514648438,22.365774611695223],[114.38827514648438,22.365707990246207]]],[[[114.38801765441895,22.36587049280224],[114.38803905,22.36584698],[114.38801765441895,22.36583140995724],[114.38801765441895,22.36587049280224]]],[[[114.38787188492743,22.365725330238753],[114.38779845,22.36567189],[114.3877637594911,22.365675334447694],[114.38787188492743,22.365725330238753]]],[[[114.38755034794998,22.3656965242461],[114.38733597,22.36571781],[114.38686807569707,22.366040677077258],[114.38755034794998,22.3656965242461]]],[[[114.38635056310312,22.36662087513935],[114.38598705,22.36702842],[114.38593931421596,22.367174052479722],[114.38635056310312,22.36662087513935]]],[[[114.38588273111365,22.36734667638582],[114.38587997,22.3673551],[114.38593315565608,22.3673291898423],[114.38588273111365,22.36734667638582]]],[[[114.3862749234353,22.367210669438194],[114.38602203739025,22.36743976682458],[114.38647270202637,22.367142082520516],[114.3862749234353,22.367210669438194]]],[[[114.38583283975703,22.36761116688454],[114.38578153,22.36765765],[114.38579200182578,22.367686697514543],[114.38583283975703,22.36761116688454]]],[[[114.38573823172398,22.36787987005289],[114.38558496015946,22.367946242410394],[114.38595771789551,22.368015184615842],[114.38573823172398,22.36787987005289]]],[[[114.3855114211803,22.367978087556825],[114.38548188,22.36799088],[114.38550126479899,22.368003133383684],[114.3855114211803,22.367978087556825]]],[[[114.38531861391385,22.368453553893858],[114.38531516,22.36845878],[114.38531539516669,22.368461491384775],[114.38531861391385,22.368453553893858]]],[[[114.38555313785638,22.36889948024802],[114.38545297,22.36909856],[114.3854804801803,22.36910105130548],[114.38555313785638,22.36889948024802]]],[[[114.3854569898867,22.369683166073767],[114.38520507,22.36994137],[114.38506583524138,22.370195600432393],[114.3854569898867,22.369683166073767]]],[[[114.38474680880425,22.370996989052422],[114.38460944,22.37090287],[114.38461011124973,22.37098631649312],[114.38474680880425,22.370996989052422]]],[[[114.38456150687406,22.37118464600074],[114.38396241,22.37134695],[114.38334709617222,22.372378859240346],[114.38398361206055,22.37134879679826],[114.38456150687406,22.37118464600074]]],[[[114.38324052964613,22.37272092699539],[114.38321526,22.37280204],[114.38322177942108,22.372807621264872],[114.38324052964613,22.37272092699539]]],[[[114.38335926562918,22.372925322964825],[114.38313451,22.37293689],[114.38306139,22.37311693],[114.38309028776786,22.373139071261395],[114.38335926562918,22.372925322964825]]],[[[114.38321508217892,22.373358291986317],[114.38322163,22.37332917],[114.38305235710595,22.37340845052715],[114.38321508217892,22.373358291986317]]],[[[114.38307035005211,22.374249283233393],[114.38308106,22.37428026],[114.38330377911048,22.374335625557656],[114.38307035005211,22.374249283233393]]],[[[114.38335483154918,22.374354509180147],[114.38309384,22.37445542],[114.38338279724121,22.374364853320102],[114.38335483154918,22.374354509180147]]],[[[114.38286781311035,22.37496430259535],[114.38279754,22.37494972],[114.38286781311035,22.375090406738824],[114.38286781311035,22.37496430259535]]],[[[114.38269087315254,22.375247672413735],[114.38268102,22.37524758],[114.3826542270852,22.375315446275792],[114.38269087315254,22.375247672413735]]],[[[114.38167623621055,22.375794650841808],[114.38169032,22.37501125],[114.38158725468928,22.37455272096031],[114.38166618347168,22.375793488862456],[114.38167623621055,22.375794650841808]]],[[[114.3815651589199,22.374440208055994],[114.38123270572792,22.374226957100525],[114.38097953796387,22.374285484248887],[114.3815651589199,22.374440208055994]]],[[[114.38130164612737,22.374186497623956],[114.38121659,22.37407324],[114.38080652,22.37417963],[114.38069110319108,22.37403443526207],[114.38072204589844,22.37420611513241],[114.38130164612737,22.374186497623956]]],[[[114.38044902452971,22.37372989948318],[114.38044761,22.37372812],[114.3804430706869,22.37372989948318],[114.38044902452971,22.37372989948318]]],[[[114.38017908380839,22.37383338655238],[114.38003153,22.37389123],[114.38010688917412,22.374043587554237],[114.3801212310791,22.3740473767637],[114.38017908380839,22.37383338655238]]],[[[114.37838488091533,22.374395270890385],[114.37837739,22.37439332],[114.37833423538594,22.374473325368427],[114.37838488091533,22.374395270890385]]],[[[114.37540054321289,22.372155488534084],[114.37541755,22.37214721],[114.37540054321289,22.372141013870472],[114.37540054321289,22.372155488534084]]],[[[114.37540054321289,22.371912892542966],[114.37579398,22.37162102],[114.3757398442798,22.371590627800195],[114.37540054321289,22.371912892542966]]],[[[114.3757445877146,22.37127142808439],[114.37574865,22.3712578],[114.37573878153523,22.371255320517633],[114.3757445877146,22.37127142808439]]],[[[114.37573145675611,22.370940785695122],[114.37585766,22.37092509],[114.37589135384967,22.370743634787765],[114.37573145675611,22.370940785695122]]],[[[114.37579808018326,22.370605220972983],[114.37586878270416,22.37058396577456],[114.3757438659668,22.370555086852292],[114.37579808018326,22.370605220972983]]],[[[114.37584654968693,22.37000129927972],[114.37592881470559,22.369800493485233],[114.37557220458984,22.369602628943753],[114.37584654968693,22.37000129927972]]],[[[114.37747426485159,22.368960217128382],[114.37754322,22.36895228],[114.37864763211532,22.368327254730296],[114.37747426485159,22.368960217128382]]],[[[114.37949359785651,22.36773243612174],[114.37950377,22.36771719],[114.37947602332865,22.36765117493277],[114.37949359785651,22.36773243612174]]],[[[114.37944747736626,22.36751918397045],[114.37962675124729,22.367518810666194],[114.37943458557129,22.36745957482502],[114.37944747736626,22.36751918397045]]],[[[114.37958993738536,22.36671448477662],[114.38002707248872,22.3668459129425],[114.37934875488281,22.36642772218842],[114.37958993738536,22.36671448477662]]],[[[114.3801738803119,22.366890051888998],[114.38018179,22.36689243],[114.38020179234483,22.366882676999364],[114.3801738803119,22.366890051888998]]],[[[114.38072631301246,22.36603479976645],[114.38066873693876,22.365963510001958],[114.38063621520996,22.365951479930914],[114.38072631301246,22.36603479976645]]],[[[114.38102361662474,22.365160607677954],[114.38089370727539,22.364649301297607],[114.38089370727539,22.36484024166245],[114.38102361662474,22.365160607677954]]],[[[114.38070190467161,22.363894391080812],[114.38069243,22.3638571],[114.38067257855344,22.363834726218155],[114.38070190467161,22.363894391080812]]],[[[114.37813218529998,22.362990506464296],[114.37811382,22.3629909],[114.37803985843618,22.363250265048986],[114.37806129455566,22.36325274303897],[114.37813218529998,22.362990506464296]]],[[[114.37705259076856,22.36347120381865],[114.37431757307138,22.35963526412238],[114.3742847442627,22.359680804972385],[114.37705259076856,22.36347120381865]]],[[[114.37489540487115,22.359653488379195],[114.3749455,22.35970594],[114.37506474,22.35963102],[114.37493858859706,22.35953367753847],[114.37489540487115,22.359653488379195]]],[[[114.37553610455731,22.35961675803335],[114.37566351,22.35967457],[114.37568678450302,22.359663208379065],[114.37553610455731,22.35961675803335]]],[[[114.37617825850275,22.359423291708065],[114.37622462,22.35940066],[114.37628667444264,22.359131595038402],[114.37625885009766,22.359125161928873],[114.37617825850275,22.359423291708065]]],[[[114.3766248058895,22.359194073922712],[114.37717001,22.35897347],[114.37746624315467,22.358643564299694],[114.37711715698242,22.35896640636645],[114.3766248058895,22.359194073922712]]],[[[114.37770574524401,22.358376838231845],[114.37758521,22.35798784],[114.37779064,22.35765363],[114.3775463104248,22.357934490800503],[114.37770574524401,22.358376838231845]]],[[[114.3771828134322,22.35780841257111],[114.37686238,22.35731633],[114.37656609,22.35728389],[114.3759725826308,22.357722509306342],[114.3771828134322,22.35780841257111]]],[[[114.37593362461905,22.357650450412095],[114.37595278,22.3576136],[114.37591866339203,22.35762277729872],[114.37593362461905,22.357650450412095]]],[[[114.37536302376938,22.357828155285628],[114.37536337,22.35766272],[114.37498948,22.35761811],[114.37471389770508,22.35711694118419],[114.37471389770508,22.357378840791],[114.37522888183594,22.357934490800503],[114.37536302376938,22.357828155285628]]],[[[114.37520376773823,22.356304286823693],[114.37525506,22.35628568],[114.37521871734184,22.35623515717796],[114.37520376773823,22.356304286823693]]],[[[114.37522578585511,22.356202471106034],[114.37554665,22.35621433],[114.37539385,22.35594443],[114.3752728473989,22.355911297779876],[114.37522578585511,22.356202471106034]]],[[[114.37473507493166,22.356098982546886],[114.37485961,22.35580687],[114.37470705,22.35571464],[114.37440388,22.35567618],[114.37424674184213,22.355841147745775],[114.37473507493166,22.356098982546886]]],[[[114.37408101024224,22.355870636735872],[114.37318691971812,22.35531184555699],[114.37299728393555,22.355473738218095],[114.37342643737793,22.355870636735872],[114.37408101024224,22.355870636735872]]],[[[114.37333051927456,22.355189254166223],[114.37363766,22.35507406],[114.3739566564723,22.35465471888085],[114.37333051927456,22.355189254166223]]],[[[114.37407251381869,22.354502417042063],[114.37394878,22.35443537],[114.37416491,22.35385922],[114.37394142150879,22.354441796780122],[114.37407251381869,22.354502417042063]]],[[[114.37378298100397,22.353886132839918],[114.3736842,22.35384805],[114.37393323284634,22.353653670456005],[114.37359809875488,22.353886132839918],[114.37378298100397,22.353886132839918]]],[[[114.37389668405586,22.35342257864935],[114.37268078,22.35358993],[114.37190511800331,22.35398931920649],[114.37389668405586,22.35342257864935]]],[[[114.37181091047623,22.354016127871112],[114.37108377625083,22.353377139528128],[114.37102317810059,22.353489228668693],[114.37181091047623,22.354016127871112]]],[[[114.37113648485904,22.353279643770062],[114.37128252,22.35311077],[114.37093087,22.35309192],[114.37135908112728,22.352701135435694],[114.37085151672363,22.35309232336681],[114.37113648485904,22.353279643770062]]],[[[114.37136631072582,22.352694537719444],[114.37120212,22.35185417],[114.37111912028907,22.351831570564404],[114.37119483947754,22.351901600677508],[114.37136631072582,22.352694537719444]]],[[[114.37097087851654,22.351791206804663],[114.3708274,22.35175214],[114.37045394349379,22.35226930059406],[114.37097087851654,22.351791206804663]]],[[[114.37029387147668,22.352417345191288],[114.37026079,22.35239098],[114.37022747465636,22.352478753116902],[114.37029387147668,22.352417345191288]]],[[[114.36983984160165,22.352837260371903],[114.36962612,22.35298352],[114.36960062433101,22.35309647052533],[114.36964988708496,22.353012942170764],[114.36983984160165,22.352837260371903]]],[[[114.36931214322766,22.353585609884366],[114.36926908,22.35362628],[114.36929846633944,22.353608799979867],[114.36931214322766,22.353585609884366]]],[[[114.36813128704976,22.353985937861342],[114.36805746,22.35387891],[114.36802459242757,22.354117506827816],[114.36813128704976,22.353985937861342]]],[[[114.36799971422722,22.35409737579969],[114.36790504,22.35384691],[114.36785141184349,22.353891639244576],[114.36799971422722,22.35409737579969]]],[[[114.36741023704248,22.35419620833235],[114.36743513,22.35402083],[114.36724945489598,22.354047508826913],[114.36741023704248,22.35419620833235]]],[[[114.36734655424004,22.353860059783262],[114.36744074,22.35371238],[114.3671855,22.35367596],[114.36641093418342,22.35442088149788],[114.36734655424004,22.353860059783262]]],[[[114.36627761749595,22.354544179339324],[114.36615553,22.35436965],[114.36593035649317,22.354865343425214],[114.36627761749595,22.354544179339324]]],[[[114.36585404969338,22.3549359157135],[114.36575269339144,22.354991019227594],[114.36578750610352,22.3549974585042],[114.36585404969338,22.3549359157135]]],[[[114.36508911595324,22.35486827789489],[114.36491753521935,22.354795548570607],[114.36492919921875,22.354838698237742],[114.36508911595324,22.35486827789489]]],[[[114.36498093130953,22.354393952362006],[114.36507422,22.3543539],[114.3650852012474,22.354297518413265],[114.36498093130953,22.354393952362006]]],[[[114.36512086027425,22.354116565165405],[114.36512172,22.35411597],[114.36512117528223,22.354113943143137],[114.36512086027425,22.354116565165405]]],[[[114.36517489045379,22.35366683580585],[114.36520789,22.35360045],[114.3651826233301,22.353602469898895],[114.36517489045379,22.35366683580585]]],[[[114.36511608647031,22.353607789069578],[114.3649402,22.35362185],[114.36486947151576,22.35374463872914],[114.36511608647031,22.353607789069578]]],[[[114.36455389208739,22.35356438374978],[114.36449067,22.3534829],[114.36430899286964,22.353532027147157],[114.36455389208739,22.35356438374978]]],[[[114.36455510342856,22.352623150659127],[114.36481473,22.35260559],[114.36581952,22.35228973],[114.36576030788515,22.352207227349634],[114.36455510342856,22.352623150659127]]],[[[114.3658773434859,22.352160837927016],[114.3659638,22.35217797],[114.36668162687364,22.351842043972553],[114.36613082885742,22.35206036429065],[114.3658773434859,22.352160837927016]]],[[[114.36664937725199,22.35159396231735],[114.36664796245417,22.351583078921877],[114.36664581298828,22.351584072908523],[114.36664937725199,22.35159396231735]]],[[[114.36655429543463,22.35085510769102],[114.3665609982434,22.350825948992597],[114.36647415161133,22.350790250320514],[114.36655429543463,22.35085510769102]]],[[[114.36721925727346,22.351096529125613],[114.3672556,22.35111493],[114.36734789,22.35091058],[114.36707496643066,22.350552102662277],[114.36721925727346,22.351096529125613]]],[[[114.367204215925,22.35060333386266],[114.36749035,22.35078498],[114.36759832293947,22.350759547823387],[114.367204215925,22.35060333386266]]],[[[114.36763360058461,22.350751238451554],[114.36766586,22.35074364],[114.36756848453501,22.35069101420497],[114.36763360058461,22.350751238451554]]],[[[114.36747991903893,22.350609102137078],[114.36733171,22.35021005],[114.36681747436523,22.349996423210342],[114.36747991903893,22.350609102137078]]],[[[114.36726635723382,22.34985803575783],[114.36759605,22.34979528],[114.36759089633632,22.34975565000913],[114.36758995056152,22.34975827419551],[114.36726635723382,22.34985803575783]]],[[[114.36756510803644,22.349557346403337],[114.36755838,22.34950561],[114.36676840984657,22.349825292042652],[114.36756510803644,22.349557346403337]]],[[[114.3663071282212,22.350295719485477],[114.36622257,22.35035572],[114.36568083719757,22.349996881207055],[114.3662166595459,22.3503933373307],[114.3663071282212,22.350295719485477]]],[[[114.36557136405723,22.349915881791855],[114.3656137,22.34976988],[114.36547708429491,22.349846123990183],[114.36557136405723,22.349915881791855]]],[[[114.36543281489364,22.34981336896367],[114.36544176,22.34976],[114.3653709062732,22.349767562640437],[114.36543281489364,22.34981336896367]]],[[[114.36549421191567,22.349255659111993],[114.36553071,22.34916189],[114.36551999780625,22.34916026349403],[114.36549421191567,22.349255659111993]]],[[[114.36388876552276,22.349987221515267],[114.36354139408341,22.350549385771938],[114.3636417388916,22.3504727200191],[114.36388876552276,22.349987221515267]]],[[[114.36321786802856,22.35079656715586],[114.3630914,22.35061474],[114.36253219690104,22.351320435745944],[114.36321786802856,22.35079656715586]]],[[[114.36250278842265,22.3513429045032],[114.36216639,22.35141171],[114.36181665247526,22.35186712822642],[114.36250278842265,22.3513429045032]]],[[[114.36129541186905,22.35198098250669],[114.36065715636688,22.351821452897426],[114.3610668182373,22.35198098250669],[114.36129541186905,22.35198098250669]]],[[[114.35994461184467,22.351543975403377],[114.35954752,22.35133641],[114.35943603515625,22.351191317444137],[114.35943603515625,22.35134592660694],[114.35994461184467,22.351543975403377]]],[[[114.35943603515625,22.350934747655952],[114.35953087,22.35050259],[114.35943603515625,22.350344881191617],[114.35943603515625,22.350934747655952]]],[[[114.35943603515625,22.3502090364555],[114.35954824,22.35011598],[114.35943603515625,22.350133232437],[114.35943603515625,22.3502090364555]]],[[[114.35943603515625,22.35000098156576],[114.3594905,22.34983456],[114.35943603515625,22.349861605116896],[114.35943603515625,22.35000098156576]]],[[[114.35948141512846,22.34926692271584],[114.35950263,22.34927556],[114.35956574568593,22.349091431144636],[114.35948141512846,22.34926692271584]]],[[[114.35963178171146,22.34895401042523],[114.35991711,22.34878367],[114.36021126,22.34794373],[114.36008315,22.34776587],[114.35963178171146,22.34895401042523]]],[[[114.35974651786944,22.347723705418623],[114.35971600708982,22.347652715955466],[114.35969352722168,22.347694299019395],[114.35974651786944,22.347723705418623]]],[[[114.35978350778291,22.34752785376237],[114.36003961,22.34740359],[114.36007719,22.3470986],[114.36002968740253,22.347072472850044],[114.35978350778291,22.34752785376237]]],[[[114.3597100981664,22.346689852191755],[114.35970556,22.34649586],[114.35957716895429,22.34653958447513],[114.3597100981664,22.346689852191755]]],[[[114.35954071281712,22.346498373213876],[114.35925437877002,22.346093545679636],[114.3592643737793,22.346185990137457],[114.35954071281712,22.346498373213876]]],[[[114.3591977785872,22.3455700470948],[114.3592051877566,22.345354050611352],[114.35917854309082,22.345392136801408],[114.3591977785872,22.3455700470948]]],[[[114.35934265341743,22.345157555623228],[114.3594942,22.34519339],[114.35965212,22.3448208],[114.35949158836456,22.344944666306066],[114.35934265341743,22.345157555623228]]],[[[114.35986223095018,22.344414865554263],[114.3600265,22.34427424],[114.36001037751753,22.344203103156204],[114.35986223095018,22.344414865554263]]],[[[114.36017104711104,22.343803988075525],[114.36034026,22.34352328],[114.36043060546722,22.342758394734734],[114.36038017272949,22.342772388714664],[114.36017104711104,22.343803988075525]]],[[[114.36075543137059,22.34266826266223],[114.36124205,22.34259322],[114.36135124,22.34237143],[114.36125172,22.34205511],[114.36106082002847,22.3418634192113],[114.36075543137059,22.34266826266223]]],[[[114.3610209211563,22.341697261239307],[114.36151645,22.34121595],[114.36147946382712,22.341202452110707],[114.3610209211563,22.341697261239307]]],[[[114.36136350702873,22.341160134349618],[114.36113831,22.34107795],[114.36109800867544,22.34111102050024],[114.36136350702873,22.341160134349618]]],[[[114.36068729025457,22.34126126807067],[114.36066605,22.34123051],[114.36054994631259,22.3413177277966],[114.36068729025457,22.34126126807067]]],[[[114.36033821868828,22.34140476537152],[114.36031809,22.3410957],[114.35980904845249,22.340525069047597],[114.36029434204102,22.34142280230452],[114.36033821868828,22.34140476537152]]],[[[114.35978201769618,22.340475065483815],[114.35990927,22.34053704],[114.35953201248445,22.340241364516462],[114.35977935791016,22.340470145207874],[114.35978201769618,22.340475065483815]]],[[[114.35939172316922,22.340111604742486],[114.3593874,22.33997441],[114.35893268115784,22.33964829036021],[114.35892105102539,22.339676259321465],[114.35939172316922,22.340111604742486]]],[[[114.35904269153077,22.339383729670722],[114.3594745,22.3384689],[114.35930956956878,22.33813679417641],[114.35935020446777,22.33864420091119],[114.35904269153077,22.339383729670722]]],[[[114.35930566183089,22.338087998373474],[114.35939205,22.33786699],[114.35933877,22.33777628],[114.3592904939527,22.337898597544726],[114.35930566183089,22.338087998373474]]],[[[114.3592257911211,22.337090655275297],[114.35922816,22.33708987],[114.35922193422995,22.33704249439413],[114.3592257911211,22.337090655275297]]],[[[114.35914794178339,22.33647944163738],[114.35914189,22.33643339],[114.35897850941157,22.336361901921425],[114.35914794178339,22.33647944163738]]],[[[114.35851681803925,22.336387990438652],[114.35854719,22.33634624],[114.35845467992584,22.336273038800204],[114.35851681803925,22.336387990438652]]],[[[114.35838244551547,22.33621588129002],[114.35820505,22.33623666],[114.35826423084866,22.336379898663097],[114.35838244551547,22.33621588129002]]],[[[114.35824344997913,22.33640873115676],[114.35800335,22.33622047],[114.35768871742819,22.336277988612274],[114.35771942138672,22.336341889237602],[114.35824344997913,22.33640873115676]]],[[[114.35759364207198,22.336080119184093],[114.35757998,22.33603383],[114.35757513680053,22.33604160628627],[114.35759364207198,22.336080119184093]]],[[[114.35751043430562,22.3359069484088],[114.35739995,22.33563311],[114.35723144,22.33555306],[114.35710108374425,22.335678247276313],[114.35751043430562,22.3359069484088]]],[[[114.35701076361333,22.33569495601867],[114.35705654,22.33535509],[114.35694694519043,22.335338124966828],[114.35694694519043,22.33570676208643],[114.35701076361333,22.33569495601867]]],[[[114.35684825172719,22.335322847437862],[114.35674129,22.33530629],[114.35655746845245,22.335361271349996],[114.35684825172719,22.335322847437862]]],[[[114.3562485470775,22.335453670279623],[114.35609335,22.33550009],[114.35609292719275,22.33555648765401],[114.3562485470775,22.335453670279623]]],[[[114.35586738476476,22.33570550254563],[114.35579502,22.33569646],[114.35574739620773,22.335784778458272],[114.35586738476476,22.33570550254563]]],[[[114.35566051930014,22.33594589193062],[114.35564567,22.33597343],[114.35586246418879,22.3361326849808],[114.35566051930014,22.33594589193062]]],[[[114.35588656117585,22.336154973981255],[114.35521781,22.33615864],[114.35517619418951,22.336186039269553],[114.35600280761719,22.33626249850191],[114.35588656117585,22.336154973981255]]],[[[114.35505523003292,22.33626568038415],[114.35489698,22.33636987],[114.35495160306222,22.336636531625203],[114.35497283935547,22.336341889237602],[114.35505523003292,22.33626568038415]]],[[[114.35494327546378,22.336752072668908],[114.35483085,22.33683864],[114.35491776531433,22.33710601256122],[114.35494327546378,22.336752072668908]]],[[[114.35489909440795,22.337365061556653],[114.3548671,22.33738499],[114.35489695161678,22.33739479165598],[114.35489909440795,22.337365061556653]]],[[[114.35481855655145,22.33769103278252],[114.35475688,22.33776175],[114.35476737204752,22.337809391277062],[114.35481855655145,22.33769103278252]]],[[[114.3542271800747,22.339058525365296],[114.35419063,22.33911832],[114.35425564,22.33927702],[114.35430888942665,22.339235257868726],[114.3542271800747,22.339058525365296]]],[[[114.35440511338487,22.339336974654508],[114.35439872,22.33943135],[114.35446498143746,22.339400260202034],[114.35440511338487,22.339336974654508]]],[[[114.35475660072125,22.33984635727219],[114.35431939,22.34068001],[114.35437202453613,22.340691351893593],[114.35475660072125,22.33984635727219]]],[[[114.35437202453613,22.340821807814848],[114.35428289,22.34089517],[114.35437202453613,22.341137665546842],[114.35437202453613,22.340821807814848]]],[[[114.35429060698245,22.341353619111707],[114.3542473,22.34135128],[114.35441246739028,22.341641852400716],[114.3544130738808,22.34163680371531],[114.35429060698245,22.341353619111707]]],[[[114.35352604041003,22.342239326890468],[114.3534997,22.34224355],[114.3534981424731,22.34225426584151],[114.35352604041003,22.342239326890468]]],[[[114.35325783549595,22.34238294683232],[114.35304411,22.34237071],[114.35290304,22.34252202],[114.35312055,22.34241465],[114.35325783549595,22.34238294683232]]],[[[114.35282707214355,22.34267599495853],[114.35277055,22.34271564],[114.35282707214355,22.342990540680375],[114.35282707214355,22.34267599495853]]],[[[114.35282707214355,22.343418729601844],[114.3527483,22.34353034],[114.35271278339779,22.343849295685157],[114.35282707214355,22.343486870348315],[114.35282707214355,22.343418729601844]]],[[[114.352384642801,22.34488987466365],[114.35221319,22.34528916],[114.35223114959089,22.345376622750685],[114.352384642801,22.34488987466365]]],[[[114.35225987075785,22.345516494102927],[114.35229179,22.34567194],[114.35229901998316,22.345661331791064],[114.35225987075785,22.345516494102927]]],[[[114.35244724187237,22.34552217145272],[114.35248571,22.3457431],[114.35273951749747,22.34579384751946],[114.35248374938965,22.34570967867839],[114.35244724187237,22.34552217145272]]],[[[114.3525167426003,22.346411983567908],[114.35118484,22.34805817],[114.35497691,22.3481189],[114.35291544,22.35047397],[114.35274829451822,22.352130582344326],[114.35531616210938,22.347694299019395],[114.35308456420898,22.348011835651448],[114.3525167426003,22.346411983567908]]],[[[114.35273746274619,22.352162066883306],[114.35231011,22.35298845],[114.35210942875837,22.3536907727147],[114.35266321178274,22.352377890974267],[114.35273746274619,22.352162066883306]]],[[[114.35175697634665,22.35492424791434],[114.34947925,22.35388099],[114.3496874,22.35267382],[114.34825504,22.34938717],[114.34707641601562,22.35102839757174],[114.34922218322754,22.35229850937121],[114.34947967529297,22.354838698237742],[114.35175697634665,22.35492424791434]]],[[[114.34691227569537,22.350545730746187],[114.34663545,22.35022852],[114.34663520455457,22.35036269065796],[114.34691227569537,22.350545730746187]]],[[[114.3464359673953,22.350352634268447],[114.34642515,22.35034363],[114.34638697783083,22.350367737348705],[114.3464359673953,22.350352634268447]]],[[[114.3460661078233,22.35046665893599],[114.34602969,22.35042154],[114.34565334164888,22.350489389620826],[114.34578895568848,22.350552102662277],[114.3460661078233,22.35046665893599]]],[[[114.34549710191341,22.350417138480488],[114.34535331,22.34984445],[114.34516120173309,22.34972292905239],[114.34527397155762,22.35031395459707],[114.34549710191341,22.350417138480488]]],[[[114.34514728180487,22.34964997484506],[114.34523272,22.34944105],[114.34509743140909,22.349388709409574],[114.34514728180487,22.34964997484506]]],[[[114.34508882905601,22.349343624561378],[114.3451054,22.34918286],[114.34505603388236,22.349171745377824],[114.34508882905601,22.349343624561378]]],[[[114.3450233037912,22.349000207290967],[114.34507587,22.34896178],[114.34476853,22.34886429],[114.34480177,22.34816497],[114.34441566467285,22.348052424591312],[114.34475898742676,22.348249987650718],[114.34475898742676,22.34888505765919],[114.3450233037912,22.349000207290967]]],[[[114.34441566467285,22.34803454641157],[114.34450505,22.34790023],[114.34436594,22.34774752],[114.34407788390833,22.347737802943282],[114.34441566467285,22.34803454641157]]],[[[114.34407989870186,22.347724758638137],[114.34431395,22.34726402],[114.34370215,22.34689437],[114.34321638,22.34699984],[114.34289672,22.34719445],[114.34407989870186,22.347724758638137]]],[[[114.34300744790251,22.34747092507573],[114.34268566,22.34734766],[114.34255557597623,22.34746049098761],[114.34304237365723,22.34753553043207],[114.34300744790251,22.34747092507573]]],[[[114.34248467752096,22.34752198618508],[114.34240322,22.34759264],[114.34229893511132,22.34780830618817],[114.34248467752096,22.34752198618508]]],[[[114.3422743224447,22.347859206371886],[114.34225171,22.34790597],[114.34239246379325,22.348023108298484],[114.3422743224447,22.347859206371886]]],[[[114.34243601961062,22.348083534918555],[114.34212829,22.34815797],[114.34210326242946,22.348225314125408],[114.34244155883789,22.34809121969643],[114.34243601961062,22.348083534918555]]],[[[114.3413384638947,22.348843407569987],[114.34128196,22.34870304],[114.3410768,22.34881135],[114.3410650123047,22.348893337832116],[114.3413384638947,22.348843407569987]]],[[[114.34074384498588,22.349710203625396],[114.34064989,22.34979399],[114.34074732669659,22.349882475882612],[114.34072494506836,22.34975827419551],[114.34074384498588,22.349710203625396]]],[[[114.34070099116416,22.350278087727595],[114.3406009,22.35023626],[114.34055252755283,22.350336935047597],[114.34070099116416,22.350278087727595]]],[[[114.34022338576733,22.35053480138422],[114.34000305,22.35074191],[114.3402957915673,22.35086963276925],[114.34029579161376,22.350869632726283],[114.34022338576733,22.35053480138422]]],[[[114.34002630500802,22.350995117287457],[114.33980973,22.35098501],[114.33931877789114,22.351324159463935],[114.34003829956055,22.35102839757174],[114.34002630500802,22.350995117287457]]],[[[114.33923850964851,22.3513796087246],[114.33912629,22.35145713],[114.33910610762901,22.35154288128852],[114.33923850964851,22.3513796087246]]],[[[114.33900833129883,22.351958315446772],[114.33896509,22.35214204],[114.33908697,22.35266517],[114.33923811139019,22.35285667120182],[114.33900833129883,22.351958315446772]]],[[[114.33862709699869,22.35390749080199],[114.33852989,22.35387638],[114.33850588847677,22.35393951937244],[114.33862709699869,22.35390749080199]]],[[[114.33814841302386,22.35425307183718],[114.33810361,22.35424947],[114.33810606138138,22.35430007455363],[114.33814841302386,22.35425307183718]]],[[[114.33811923807667,22.354572084772446],[114.33812385,22.35466729],[114.33843371,22.35470435],[114.33848646737998,22.35463358216632],[114.33811923807667,22.354572084772446]]],[[[114.3391153325759,22.354646833154792],[114.34005847,22.35482033],[114.34010640604883,22.354748676653884],[114.3391153325759,22.354646833154792]]],[[[114.3403845652094,22.354702799163125],[114.34054669,22.35472172],[114.34076275740212,22.35458037949671],[114.3403845652094,22.354702799163125]]],[[[114.34184229233877,22.3552327339366],[114.34157684,22.35558251],[114.34132048,22.35545826],[114.34160228065439,22.355676679911824],[114.34184229233877,22.3552327339366]]],[[[114.34149346177053,22.355875519246673],[114.34117816,22.35612149],[114.34107853425901,22.356387172501485],[114.34149346177053,22.355875519246673]]],[[[114.34069993794297,22.356836197701696],[114.34031634,22.35695788],[114.33987859111548,22.35726347644295],[114.34069993794297,22.356836197701696]]],[[[114.33917336008038,22.357510116272824],[114.33905119,22.35738204],[114.33881653,22.3574537],[114.33880210984199,22.35748378919393],[114.33917336008038,22.357510116272824]]],[[[114.33856638877843,22.357658190283004],[114.33856247,22.35765587],[114.338546870835,22.357672630870272],[114.33856638877843,22.357658190283004]]],[[[114.33838498937061,22.35784656801537],[114.33823228,22.35801065],[114.33829725772979,22.35812243097045],[114.33838498937061,22.35784656801537]]],[[[114.3379960404978,22.35906957700538],[114.33785599434829,22.359210038326562],[114.33797836303711,22.359125161928873],[114.3379960404978,22.35906957700538]]],[[[114.3372478224964,22.35960650187432],[114.33720132,22.35958709],[114.33716088863224,22.359616551583635],[114.3372478224964,22.35960650187432]]],[[[114.336221537403,22.358820776033753],[114.33620973,22.35879153],[114.33615960213426,22.358840992102902],[114.336221537403,22.358820776033753]]],[[[114.33581033236801,22.35895499599582],[114.33566419,22.35894238],[114.33556419164452,22.359035337907414],[114.33581033236801,22.35895499599582]]],[[[114.33523817679726,22.359141751245556],[114.33507211,22.35909109],[114.33495834060615,22.359233091574005],[114.33523817679726,22.359141751245556]]],[[[114.33437565350201,22.35967878866001],[114.33432223,22.35968654],[114.33362363,22.3603211],[114.33368791676313,22.36035400155317],[114.33437565350201,22.35967878866001]]],[[[114.33318317317658,22.361054187242058],[114.33299019624437,22.361258591622736],[114.33308601379395,22.361188967774353],[114.33318317317658,22.361054187242058]]],[[[114.33238511654555,22.361698260320107],[114.33180219,22.36205898],[114.33183522085235,22.36216819420136],[114.33188438415527,22.362062107195484],[114.33238511654555,22.361698260320107]]],[[[114.33160376004682,22.362667651771908],[114.33114655,22.36339595],[114.33104879,22.36398272],[114.33133384296447,22.36461837594654],[114.33160376004682,22.362667651771908]]],[[[114.33140857133397,22.364785017021607],[114.33144482,22.36486585],[114.33187853430796,22.365074758171517],[114.33140857133397,22.364785017021607]]],[[[114.33211125130549,22.36521823264546],[114.33215938,22.36557037],[114.33253725845529,22.365895264565694],[114.3321418762207,22.365237113490636],[114.33211125130549,22.36521823264546]]],[[[114.33257417611462,22.365986396827022],[114.33248248,22.36612389],[114.33265312504346,22.366862511244143],[114.33257417611462,22.365986396827022]]],[[[114.3330580702429,22.367707847914453],[114.33307958,22.36783199],[114.33315489201763,22.36790184508028],[114.3330580702429,22.367707847914453]]],[[[114.33318883726083,22.36793333072843],[114.33334332,22.36807662],[114.33372468181321,22.36785508953251],[114.33318883726083,22.36793333072843]]],[[[114.33412709072054,22.36779633190585],[114.33412892,22.36779818],[114.33425232854819,22.367778045338664],[114.33412709072054,22.36779633190585]]],[[[114.33514830806655,22.367910807837557],[114.33523278,22.36797079],[114.33524714274822,22.367971740056138],[114.33514830806655,22.367910807837557]]],[[[114.3372623587659,22.36859794154816],[114.33712757,22.36864734],[114.33700386994347,22.368836980088002],[114.3372623587659,22.36859794154816]]],[[[114.33646849873342,22.369018521424692],[114.33613849,22.36893394],[114.33606357398146,22.368981075926126],[114.33646849873342,22.369018521424692]]],[[[114.33525061942775,22.369492573554194],[114.33487924,22.36937112],[114.33460946646532,22.369996542632787],[114.33525061942775,22.369492573554194]]],[[[114.33416935105474,22.370812941282797],[114.33416877,22.37081897],[114.33450159129384,22.370935835570265],[114.33416935105474,22.370812941282797]]],[[[114.33457964663322,22.374467877293814],[114.33458041,22.37456847],[114.33478394321115,22.375120493132563],[114.33457964663322,22.374467877293814]]],[[[114.33531103561027,22.376804265086303],[114.33503042,22.37695446],[114.33518686131673,22.377006629252577],[114.33531103561027,22.376804265086303]]],[[[114.33546908028148,22.377840246201465],[114.3354747,22.37810368],[114.33555768511145,22.37814346916607],[114.33557510375977,22.378095148612616],[114.33546908028148,22.377840246201465]]],[[[114.3355284072936,22.37822468788857],[114.33544309,22.37824028],[114.33541748124384,22.378532404539268],[114.3355284072936,22.37822468788857]]],[[[114.334546397046,22.378114469767546],[114.33433278,22.37780079],[114.33427788336114,22.377755825140508],[114.334546397046,22.378114469767546]]],[[[114.33265211062336,22.37659020960244],[114.33232753,22.37667823],[114.33181218895852,22.377127907662715],[114.33265211062336,22.37659020960244]]],[[[114.33046996354433,22.377648130066873],[114.33014604,22.37771251],[114.32951243771119,22.37795802624824],[114.33046996354433,22.377648130066873]]],[[[114.3262703477752,22.37889141278332],[114.3260109,22.37898066],[114.32521535929514,22.379606802164776],[114.3262703477752,22.37889141278332]]],[[[114.32284516232576,22.3818940212866],[114.32290251,22.38231795],[114.32295646567785,22.382374307721175],[114.32284516232576,22.3818940212866]]],[[[114.32274439436985,22.38351764473602],[114.32246306,22.38282853],[114.32161500986582,22.382754403405475],[114.32175636291504,22.38404754039132],[114.32274439436985,22.38351764473602]]],[[[114.31934124668292,22.38164237229957],[114.31929676,22.38161954],[114.31918913735718,22.381622279348996],[114.31934124668292,22.38164237229957]]],[[[114.31826153559409,22.38219976146442],[114.31805819,22.38229275],[114.31806479,22.38377372],[114.31813686891519,22.383861803133133],[114.31826153559409,22.38219976146442]]],[[[114.31862468934108,22.384763927374994],[114.3188399,22.38550075],[114.31909430109721,22.385632378401223],[114.31862468934108,22.384763927374994]]],[[[114.31911875841783,22.385838124838457],[114.3191354,22.38699913],[114.31925821836795,22.38706314760643],[114.31911875841783,22.385838124838457]]],[[[114.31949636384415,22.3871872780897],[114.32029079,22.38865278],[114.31785998,22.38862912],[114.31772232055664,22.39071391683855],[114.32149887084961,22.389840957150795],[114.32184219360352,22.38714268347465],[114.31949636384415,22.3871872780897]]],[[[114.31736159435319,22.390714647695987],[114.31709505,22.39076903],[114.31731770706587,22.390849909376875],[114.31736159435319,22.390714647695987]]],[[[114.3172242713948,22.391226609970364],[114.3171861,22.39136361],[114.31745707966817,22.39172887204417],[114.3172242713948,22.391226609970364]]],[[[114.31747213533968,22.391749166058812],[114.31748705,22.39176927],[114.3178683528026,22.391943111871896],[114.31747213533968,22.391749166058812]]],[[[114.3191000476235,22.392731184402464],[114.31915216,22.39282699],[114.31916129127802,22.392825560349003],[114.3191000476235,22.392731184402464]]],[[[114.3196400970027,22.39275059547762],[114.31993745,22.39270404],[114.32048422,22.39218437],[114.32059556155757,22.39184183263663],[114.3196400970027,22.39275059547762]]],[[[114.32078074659815,22.39162391401899],[114.32105334587548,22.392255689752034],[114.3208122253418,22.39158687104684],[114.32078074659815,22.39162391401899]]],[[[114.32110644177381,22.39240296683969],[114.32092925,22.39252295],[114.32111391632996,22.392423699719185],[114.32110644177381,22.39240296683969]]],[[[114.32117488719983,22.39259282035614],[114.32136698,22.39382323],[114.31691182,22.39444471],[114.31427593,22.39275657],[114.31017531,22.39257351],[114.30978758839872,22.390630129510658],[114.30819511413574,22.390317117659748],[114.30742263793945,22.387936298813145],[114.30673599243164,22.389602876284982],[114.30845260620117,22.39396762739959],[114.30922508239746,22.392856612840603],[114.31334495544434,22.393412121229687],[114.32198606245625,22.397123767383977],[114.32117488719983,22.39259282035614]]],[[[114.31007313603361,22.38999493735509],[114.31008914,22.38995976],[114.30939213432278,22.389656664776243],[114.30939674377441,22.389682236618867],[114.31007313603361,22.38999493735509]]],[[[114.30859248578422,22.389803916009736],[114.30845260620117,22.389862612234783],[114.30845260620117,22.389920317348825],[114.30859248578422,22.389803916009736]]],[[[114.30845260620117,22.38940083371951],[114.3084904,22.38930519],[114.30845260620117,22.38889563421201],[114.30845260620117,22.38940083371951]]],[[[114.30840074865776,22.388831092922793],[114.30806439076594,22.388412465842762],[114.30802345275879,22.388412465842762],[114.30840074865776,22.388831092922793]]],[[[114.30821360475409,22.388412465842762],[114.30846011261035,22.388421719964455],[114.30845260620117,22.388412465842762],[114.30821360475409,22.388412465842762]]],[[[114.30875170365022,22.38865297115917],[114.30884577,22.38856155],[114.30871062822924,22.38754586193007],[114.30879592895508,22.38857118782373],[114.30875170365022,22.38865297115917]]],[[[114.30839052515783,22.38731787662462],[114.30856786500496,22.387239429063094],[114.3083667755127,22.387301406904584],[114.30839052515783,22.38731787662462]]],[[[114.30862574957324,22.387213823406473],[114.30865189,22.38720226],[114.30865745268522,22.38703794102539],[114.30862574957324,22.387213823406473]]],[[[114.30890974281758,22.386715107727895],[114.3092708,22.38670224],[114.30941047901206,22.386637941385345],[114.30890974281758,22.386715107727895]]],[[[114.30971215782122,22.386591450936713],[114.30973149,22.38661155],[114.30986771600618,22.386351091369107],[114.30974006652832,22.386587150043596],[114.30971215782122,22.386591450936713]]],[[[114.30999204786524,22.386232567924264],[114.31042274,22.38606702],[114.31053483,22.38550397],[114.31042671203613,22.386031614393872],[114.30999204786524,22.386232567924264]]],[[[114.31025453010398,22.38535679172712],[114.3101692199707,22.385311997568245],[114.3101692199707,22.38531735101283],[114.31025453010398,22.38535679172712]]],[[[114.31016107976379,22.3849205364387],[114.30985599,22.38488993],[114.30973518892259,22.38505656634144],[114.30991172790527,22.3849205364387],[114.31016107976379,22.3849205364387]]],[[[114.30939706038137,22.3853171070553],[114.30894109550363,22.385366347479007],[114.3087100982666,22.385793527007678],[114.30905342102051,22.385952251977088],[114.30939706038137,22.3853171070553]]],[[[114.30879117955378,22.385371723366344],[114.30821356975906,22.384861082437286],[114.3087100982666,22.385396713791835],[114.30879117955378,22.385371723366344]]],[[[114.30819299190597,22.384842890408486],[114.30815132,22.38480605],[114.30763797886658,22.38529193167434],[114.30819299190597,22.384842890408486]]],[[[114.30755094706666,22.385475268495203],[114.30766317353303,22.385712422382426],[114.30768013000488,22.38571416445508],[114.30755094706666,22.385475268495203]]],[[[114.30694618514389,22.385638760486433],[114.30689231,22.38559756],[114.30650284582055,22.385821952839077],[114.3069076538086,22.38563480185718],[114.30694618514389,22.385638760486433]]],[[[114.3064040270733,22.38586763875962],[114.30608091,22.3856155],[114.30613429864523,22.38477075034435],[114.30604934692383,22.38563480185718],[114.3064040270733,22.38586763875962]]],[[[114.30525711173983,22.38411081324101],[114.30472559,22.38400602],[114.30442225,22.38405538],[114.30425403946077,22.384279031534014],[114.30525711173983,22.38411081324101]]],[[[114.30424730466373,22.384287986072163],[114.30424491,22.38429117],[114.30446578927251,22.385812564823123],[114.30450439453125,22.385793527007678],[114.30424730466373,22.384287986072163]]],[[[114.30402739889563,22.38602875285966],[114.30318324,22.38639974],[114.3029657952618,22.386738041325625],[114.3032169342041,22.386428425798627],[114.30402739889563,22.38602875285966]]],[[[114.30274117758269,22.387087502339188],[114.29935455322266,22.392063025578125],[114.29798126220703,22.391904307582166],[114.29652214050293,22.391190074358732],[114.29540634155273,22.390951995802425],[114.29454803466797,22.388809270455553],[114.29394721984863,22.388491826855898],[114.2933464050293,22.388491826855898],[114.29153074788076,22.389566252384594],[114.29446220397949,22.38888863124228],[114.29497718811035,22.39158687104684],[114.29669380187988,22.392459819775453],[114.2948055267334,22.392856612840603],[114.29326057434082,22.390317117659748],[114.29257392883301,22.392539178479055],[114.29652214050293,22.393253404773546],[114.3002986907959,22.399760630916035],[114.30072784423828,22.397062549719735],[114.29763793945312,22.395157990290755],[114.29703712463379,22.391904307582166],[114.29944038391113,22.39222174339291],[114.2991828918457,22.394285058500316],[114.30107116699219,22.394999275827388],[114.3014144897461,22.38936479501163],[114.30278778076172,22.38817438253173],[114.30373191833496,22.386745874107433],[114.30733680725098,22.387936298813145],[114.3057918548584,22.38563480185718],[114.30274117758269,22.387087502339188]]],[[[114.30230220110333,22.386206995685562],[114.30247774,22.38601159],[114.30244445800781,22.385796161398233],[114.30244445800781,22.386031614393872],[114.30230220110333,22.386206995685562]]],[[[114.30237900665922,22.3853725060945],[114.30237819,22.38536722],[114.30236396353038,22.385361757742075],[114.30236461551591,22.385367183416676],[114.30237900665922,22.3853725060945]]],[[[114.30157013343609,22.385056966403116],[114.30119723,22.38491379],[114.30093209788507,22.3849205364387],[114.30115699768066,22.3849205364387],[114.30157013343609,22.385056966403116]]],[[[114.2993871323352,22.384244998509587],[114.29936928,22.38419872],[114.2987508,22.38411192],[114.29863223,22.38453852],[114.2993871323352,22.384244998509587]]],[[[114.29917913759796,22.385153995409734],[114.29930574,22.3854742],[114.29969642287914,22.385799349221223],[114.29969787597656,22.385793527007678],[114.29917913759796,22.385153995409734]]],[[[114.29946187706871,22.38673911813443],[114.29807581,22.38679148],[114.29923276,22.38725366],[114.29789543151855,22.388729909623564],[114.29800740850538,22.389343246193093],[114.29979071324267,22.388023758073665],[114.29946187706871,22.38673911813443]]],[[[114.29788450221996,22.38817438253173],[114.29712746,22.38804424],[114.29649524,22.38854233],[114.29691290642607,22.389540258709125],[114.29788450221996,22.38817438253173]]],[[[114.29695129394531,22.389953961632163],[114.2965654,22.39044037],[114.2966438150898,22.39071391683855],[114.29703712463379,22.39071391683855],[114.29695129394531,22.389953961632163]]],[[[114.29591699750029,22.39071391683855],[114.29584299,22.39070479],[114.29581248550643,22.39067845886745],[114.29583549499512,22.39071391683855],[114.29591699750029,22.39071391683855]]],[[[114.29573282677703,22.390555703557077],[114.29578572,22.390305],[114.29569650677338,22.390499733880503],[114.29573282677703,22.390555703557077]]],[[[114.29564011887419,22.39041283927249],[114.29561757,22.39034658],[114.29559896827362,22.39034942557279],[114.29564011887419,22.39041283927249]]],[[[114.29553197728707,22.390359673424243],[114.29549415,22.39036546],[114.29546376521539,22.390422742980554],[114.29553197728707,22.390359673424243]]],[[[114.29506081346524,22.389232009659416],[114.29473337,22.38859323],[114.29466900902828,22.38855275402952],[114.29506081346524,22.389232009659416]]],[[[114.29450120204875,22.388447221900808],[114.294145,22.38822321],[114.29379898544224,22.388211117881234],[114.29450120204875,22.388447221900808]]],[[[114.29345064842148,22.3881989445997],[114.29304905,22.38818491],[114.29294516947583,22.38825087550721],[114.29345064842148,22.3881989445997]]],[[[114.29257200887112,22.388487837428226],[114.29157138,22.38912325],[114.29152357030635,22.389126713330725],[114.29162979125977,22.389126713330725],[114.29257200887112,22.388487837428226]]],[[[114.29094205594123,22.389267357552455],[114.29073737,22.38945208],[114.29068612885817,22.38968146775367],[114.29094205594123,22.389267357552455]]],[[[114.28982936849091,22.390868894484072],[114.28977713,22.39091968],[114.28973152715645,22.391049824202685],[114.28982936849091,22.390868894484072]]],[[[114.28926470930053,22.39238205774153],[114.28844229,22.39206017],[114.28900038193567,22.393799551309865],[114.28926470930053,22.39238205774153]]],[[[114.28897983260333,22.3939365820946],[114.28540172,22.39628763],[114.28091794,22.39271665],[114.27969696,22.3946481],[114.27763678,22.39398268],[114.27595869,22.38756576],[114.27754333,22.38415604],[114.27470359,22.3820609],[114.2758056,22.38113213],[114.27467647,22.38203338],[114.27002405,22.37829987],[114.27458301,22.3776852],[114.27377931,22.37275289],[114.27291870117188,22.371722482563428],[114.2731761932373,22.375793488862456],[114.26939964294434,22.3741267459707],[114.26931381225586,22.376110961435955],[114.26834106440417,22.37518499770387],[114.26536560058594,22.376587168938357],[114.26982879638672,22.376349065390826],[114.26836967468262,22.378650715952503],[114.26236152648926,22.37531727864436],[114.26107406616211,22.37372989948318],[114.26304817199707,22.374285484248887],[114.26673889160156,22.37071382920351],[114.26905632019043,22.37103131336292],[114.26928971047982,22.36712631441357],[114.26796065,22.37027397],[114.26656044,22.37021208],[114.26357985,22.37234201],[114.26368514,22.36918293],[114.26021575927734,22.37222187251197],[114.25970077514648,22.370396344320056],[114.25995826721191,22.368888281236067],[114.25995826721191,22.369443885325467],[114.26030158996582,22.369840744031777],[114.26150321960449,22.370237601606803],[114.26210403442383,22.36833267492942],[114.26004409790039,22.369443885325467],[114.26113117,22.36512767],[114.25947812,22.36466135],[114.26011885,22.36213116],[114.25893797,22.36341837],[114.2570008,22.36122361],[114.25911091,22.3580887],[114.25371251,22.35581386],[114.25982024,22.35523764],[114.26061428,22.35683751],[114.26072041,22.35455282],[114.26278817,22.35465057],[114.26484461,22.35222382],[114.26463156,22.35012011],[114.26824819,22.35108155],[114.26532506,22.34188523],[114.26698871,22.33831507],[114.26993598,22.33710658],[114.27080583,22.33388033],[114.27056743,22.33158888],[114.27242676,22.32891692],[114.27170297,22.32306763],[114.27934766182865,22.319747589346736],[114.27806854248047,22.318319033097993],[114.27403450012207,22.319351241889265],[114.27523612976074,22.316572200830308],[114.27609443664551,22.316572200830308],[114.2757511138916,22.315936983676522],[114.28476333618164,22.318795438104075],[114.28776741027832,22.31712801346862],[114.28716659545898,22.318557235804292],[114.2886207412038,22.319197044120383],[114.28996524985537,22.314319193112095],[114.2863941192627,22.31498415252598],[114.28399085998535,22.312919662722294],[114.2852783203125,22.311887406372023],[114.2878532409668,22.312840258658625],[114.28536415100098,22.311887406372023],[114.28871154785156,22.310140493623848],[114.29185884516724,22.312058120312933],[114.2925425,22.3103441],[114.2903849,22.30757461],[114.29296471,22.30696212],[114.29235449,22.30406947],[114.29598554,22.30449829],[114.29576192901936,22.306011318691912],[114.2962646484375,22.30275557554826],[114.29437637329102,22.301485012639347],[114.29240226745605,22.293702562674795],[114.29017066955566,22.294417295543937],[114.29008483886719,22.290764178030216],[114.28974151611328,22.290843594643704],[114.28862571716309,22.28957292341282],[114.28828239440918,22.28973175794843],[114.28656578063965,22.288461076609806],[114.28622245788574,22.287984568129772],[114.2881300743387,22.288615716610007],[114.2880932,22.28633054],[114.29046575,22.28535403],[114.28792734,22.28330743],[114.28837183,22.28041079],[114.29635119,22.2788147],[114.29278988,22.27596167],[114.29347167,22.2731963],[114.2951195,22.27296859],[114.29543375,22.27659518],[114.29951869,22.28026687],[114.30152541,22.28055065],[114.30312312,22.27945776],[114.30031189,22.27900973],[114.3003317,22.27571423],[114.30441162,22.26974759],[114.30147198,22.27147637],[114.30027641,22.26940903],[114.3024291,22.26808923],[114.30583013,22.26982092],[114.30707821,22.26775497],[114.30647565,22.26583092],[114.30450444,22.2655498],[114.30506785,22.26451824],[114.30044459,22.26660228],[114.29955316,22.26500384],[114.3009543,22.26203261],[114.29937099,22.26040775],[114.29721233,22.26146611],[114.29514262,22.26568178],[114.2908418,22.26712705],[114.29025092,22.26961109],[114.28768351431306,22.270516840240745],[114.29128646850586,22.271941168238612],[114.29128646850586,22.277024424821036],[114.28510665893555,22.27956598383527],[114.28699493408203,22.283060552059013],[114.28605079650879,22.288143404470276],[114.28828239440918,22.290049426478134],[114.28914070129395,22.290287677401622],[114.28999900817871,22.294417295543937],[114.29137229919434,22.296084991355357],[114.28888320922852,22.2984673794153],[114.28733825683594,22.297593841843366],[114.28802490234375,22.299340911525533],[114.28509345422117,22.30417883647684],[114.2849349975586,22.308869997897503],[114.28304672241211,22.31260204619663],[114.28296089172363,22.31490474963654],[114.28218841552734,22.315936983676522],[114.28206731214212,22.311430556958733],[114.28004264831543,22.31260204619663],[114.27781105041504,22.310696331869053],[114.27523612976074,22.311569787498044],[114.2768669128418,22.310140493623848],[114.27523612976074,22.306090748196524],[114.27695274353027,22.30537607504779],[114.2746353149414,22.304820215625966],[114.27300453186035,22.298943852152505],[114.27257537841797,22.3021202955384],[114.27145957946777,22.300055615553205],[114.27291870117188,22.298070317559663],[114.27437782287598,22.299420323264712],[114.27635192871094,22.298229142437336],[114.27523612976074,22.29124067703428],[114.27643775939941,22.28925525380012],[114.27746772766113,22.289811175148543],[114.2757511138916,22.28480780341937],[114.28115844726562,22.288222822572834],[114.27995681762695,22.28687270869274],[114.28167343139648,22.28695212751724],[114.28339004516602,22.280836746021293],[114.27987098693848,22.276150753242703],[114.27660942077637,22.27567420280883],[114.27738189697266,22.267493167207178],[114.27935436,22.26591928],[114.2767753,22.26245197],[114.27497131,22.26312193],[114.27614793,22.26388137],[114.27384646,22.26286707],[114.26743556,22.27187489],[114.27010104,22.2729021],[114.26921612,22.27495404],[114.26594604,22.27352719],[114.2644507,22.27564343],[114.26459748,22.27763629],[114.26735961,22.28061927],[114.26633297,22.28247747],[114.27102247,22.29115124],[114.26670411,22.29188577],[114.26667138,22.2958063],[114.26404863,22.29765246],[114.26389995,22.30037227],[114.26690433,22.30569475],[114.26581924,22.3080597],[114.26447501,22.30877333],[114.26530017,22.30523291],[114.26342636,22.30168888],[114.25618057,22.30088127],[114.25460506,22.29540049],[114.25207715,22.29370464],[114.24862946,22.29251865],[114.2482971,22.29147032],[114.24688068,22.28984015],[114.24507033239361,22.28912899985854],[114.24811363220215,22.29219367016877],[114.24862861633301,22.29259074872354],[114.24957275390625,22.29290841075506],[114.25043106079102,22.293623147685906],[114.2526626586914,22.29640264544372],[114.25154685974121,22.29743501624351],[114.25437927246094,22.299817381283574],[114.25180435180664,22.30275557554826],[114.24622535705566,22.301246780807347],[114.24387021949012,22.30134841814404],[114.24384932500452,22.301960015514492],[114.24811363220215,22.302834985346323],[114.24734115600586,22.304820215625966],[114.24888610839844,22.307917118516784],[114.2552375793457,22.309664059081143],[114.25721168518066,22.31331668236325],[114.25540924072266,22.312919662722294],[114.25480842590332,22.31625459261474],[114.25352096557617,22.31474594372213],[114.25257682800293,22.317445619696812],[114.2508602142334,22.31704861179864],[114.2479419708252,22.318954239411397],[114.246826171875,22.31776322520234],[114.24510955810547,22.319827643372022],[114.24613952636719,22.316413396812862],[114.24485206604004,22.31474594372213],[114.24373626708984,22.31546056891422],[114.24240639262545,22.32137640001822],[114.24399375915527,22.323083009979683],[114.24510955810547,22.3200658435036],[114.24528121948242,22.32173323304093],[114.24605369567871,22.323241806408248],[114.2457103729248,22.32348000071225],[114.24528121948242,22.32451217133108],[114.24553871154785,22.32594131804433],[114.24596786499023,22.32689407438717],[114.24365043640137,22.328561382331017],[114.2439079284668,22.331260791038375],[114.24150466918945,22.330387458643486],[114.24193382263184,22.33268986861708],[114.24030303955078,22.332928046789988],[114.2398738861084,22.330228670347864],[114.23807144165039,22.331181397410234],[114.2372989654541,22.32975230437647],[114.2369556427002,22.331498971651612],[114.22983169555664,22.334436499106317],[114.22880172729492,22.333404401915615],[114.23103332519531,22.332769261386574],[114.22980077,22.33003342],[114.22849932,22.33292589],[114.22859139,22.33435559],[114.22493184,22.33414217],[114.22430309338277,22.33440499808402],[114.23051834106445,22.339676259321465],[114.2329216003418,22.33896175815876],[114.22957420349121,22.338088473987668],[114.22974586486816,22.33697701349608],[114.23309326171875,22.335468588659012],[114.23017501831055,22.33658006117352],[114.22931671142578,22.334833457530493],[114.2347240447998,22.333325009507647],[114.23558235168457,22.33626249850191],[114.23377990722656,22.337453354791563],[114.23575401306152,22.3383266429404],[114.23970222473145,22.334833457530493],[114.23901557922363,22.337294574540536],[114.24081802368164,22.337294574540536],[114.24124717712402,22.335389197426124],[114.24081802368164,22.339120536511345],[114.24399375915527,22.338564811486293],[114.24665451049805,22.34142280230452],[114.24596786499023,22.344360120705247],[114.24802780151367,22.34126402657381],[114.24914360046387,22.343248710210645],[114.25283432006836,22.344280734535218],[114.25008773803711,22.344757050877234],[114.2512035369873,22.346979838952123],[114.2563533782959,22.343407483680963],[114.25300598144531,22.350949015199888],[114.25292015075684,22.348805674066398],[114.25094604492188,22.35031395459707],[114.25111770629883,22.34817060369619],[114.24880027770996,22.346503530205894],[114.24734115600586,22.34761491474835],[114.24931526184082,22.347773683245222],[114.25017356872559,22.35015518899415],[114.24837112426758,22.351425308752695],[114.24656867980957,22.3503933373307],[114.24674034118652,22.35229850937121],[114.23781394958496,22.349996423210342],[114.23918724060059,22.351822218803093],[114.2372989654541,22.35229850937121],[114.24013137817383,22.35198098250669],[114.24176216125488,22.35340984769877],[114.23944473266602,22.353171704517635],[114.23764228820801,22.354838698237742],[114.23747062683105,22.35595001630375],[114.23978805541992,22.354521177162113],[114.24141883850098,22.35714070439414],[114.24159049987793,22.353965513538483],[114.24450874328613,22.35650567201239],[114.24553871154785,22.355473738218095],[114.24837112426758,22.356664430379226],[114.2479419708252,22.359442672510866],[114.25051689147949,22.3588870285174],[114.25068855285645,22.360633330747262],[114.25214767456055,22.35960142753045],[114.25077438354492,22.36285586555549],[114.25274848937988,22.361506473651744],[114.25300598144531,22.36277648992308],[114.25043106079102,22.36563398418768],[114.24897193908691,22.36285586555549],[114.24888610839844,22.366903962817034],[114.25360679626465,22.365157739215476],[114.25283432006836,22.361347720803508],[114.25618171691895,22.359760182369087],[114.25755500793457,22.368570792189487],[114.25884246826172,22.3688089090423],[114.2581558227539,22.366507095739635],[114.25995826721191,22.367935811924326],[114.25952911376953,22.37031697298606],[114.25755500793457,22.369443885325467],[114.2566967010498,22.372856833227985],[114.25661087036133,22.370634458050517],[114.2526626586914,22.370634458050517],[114.25721168518066,22.37388863821397],[114.25437927246094,22.374523591326735],[114.2566967010498,22.377698313440476],[114.25583839416504,22.37952374586243],[114.2603874206543,22.3788094490708],[114.26064491271973,22.380952328445645],[114.2636489868164,22.381349154338025],[114.26253318786621,22.382777718179568],[114.26064491271973,22.38142851938069],[114.26081657409668,22.383491994599794],[114.2633056640625,22.383491994599794],[114.25995826721191,22.38412690389474],[114.2592716217041,22.386269701372555],[114.26176071166992,22.386031614393872],[114.26304817199707,22.38380944960946],[114.2629623413086,22.385555439214016],[114.2684555053711,22.387222045212255],[114.26390647888184,22.388412465842762],[114.26081657409668,22.3869839598636],[114.25995826721191,22.39015839767123],[114.26124572753906,22.391745589405076],[114.26115989685059,22.39015839767123],[114.26347732543945,22.39079327653846],[114.26485061645508,22.38952351590582],[114.27120208740234,22.390634557093364],[114.26811218261719,22.394761203792655],[114.27497863769531,22.39261853713738],[114.2754077911377,22.389602876284982],[114.2772102355957,22.393570837504683],[114.27377700805664,22.395713489485843],[114.27652359008789,22.394999275827388],[114.27875518798828,22.39626898646155],[114.28107261657715,22.39412634304054],[114.28244590759277,22.395475418673982],[114.2809009552002,22.397221261827823],[114.28424835205078,22.396507055914597],[114.28278923034668,22.39920514789155],[114.28081512451172,22.398887728023837],[114.28261756896973,22.39968127633415],[114.2823600769043,22.400157403145982],[114.27961349487305,22.39936385755361],[114.28211803904888,22.401945167313038],[114.28364753723145,22.398411596863326],[114.28433418273926,22.39968127633415],[114.28742408752441,22.395475418673982],[114.28939819335938,22.395872203133948],[114.29145812988281,22.39301532974963],[114.29051399230957,22.391428152507444],[114.28939819335938,22.392777254318148],[114.29145144228399,22.389613181926222],[114.28974151611328,22.391745589405076],[114.28897983260333,22.3939365820946]],[[114.27689258,22.26411427],[114.27695457,22.26412716],[114.27708582,22.26422108],[114.27699449,22.2641667],[114.27689258,22.26411427]],[[114.25515174865723,22.34848813924303],[114.25498008728027,22.348567523016698],[114.25480842590332,22.35102839757174],[114.25429344177246,22.351901600677508],[114.2537784576416,22.352139746029394],[114.25498008728027,22.348011835651448],[114.25601005554199,22.347297377211945],[114.25695419311523,22.343407483680963],[114.2578125,22.34523336559164],[114.2563533782959,22.34785306742586],[114.26098823547363,22.3503933373307],[114.26047325134277,22.352377890974267],[114.26176071166992,22.352695416934324],[114.2603874206543,22.35309232336681],[114.25867080688477,22.35023457181822],[114.25841331481934,22.353171704517635],[114.25618171691895,22.35245727253212],[114.25532341003418,22.35102839757174],[114.25678253173828,22.34991704025063],[114.25515174865723,22.34848813924303]],[[114.27034378051758,22.2773421222237],[114.27351951599121,22.277580394802115],[114.27412033081055,22.281075012645587],[114.27068710327148,22.280042521008284],[114.27103042602539,22.279407137750056],[114.27108654605135,22.278380743066563],[114.26939964294434,22.281948653461086],[114.2676830291748,22.281869231794303],[114.26776885986328,22.280360211554793],[114.2647647857666,22.275753627993893],[114.26630973815918,22.274482819620772],[114.27008628845215,22.2755153523034],[114.27042961120605,22.276309603026505],[114.26982879638672,22.275594777578675],[114.268798828125,22.2755153523034],[114.26794052124023,22.275753627993893],[114.27034378051758,22.2773421222237]],[[114.29712295532227,22.264077641872106],[114.29763793945312,22.261297501572415],[114.30021286010742,22.262091833007375],[114.29901123046875,22.26590456114195],[114.29712295532227,22.264077641872106]],[[114.2603874206543,22.346106605007307],[114.2581558227539,22.345789064034605],[114.25918579101562,22.34388380300689],[114.26545143127441,22.346741684782472],[114.26244735717773,22.34832937156004],[114.2603874206543,22.346106605007307]],[[114.25875663757324,22.328085010666072],[114.26141738891602,22.326735282115195],[114.2603874206543,22.32348000071225],[114.26313400268555,22.319589442833916],[114.26553726196289,22.319510042564204],[114.26536560058594,22.325147349455293],[114.26888465881348,22.32348000071225],[114.26382064819336,22.32713226245626],[114.2644214630127,22.32864077745033],[114.25772666931152,22.336183107721],[114.2578125,22.34070831009231],[114.25626754760742,22.340470145207874],[114.25626754760742,22.341819740840194],[114.25721168518066,22.34118463864064],[114.25334930419922,22.34388380300689],[114.24957275390625,22.343089936559494],[114.24768447875977,22.340231979916595],[114.24922943115234,22.335627370989158],[114.24665451049805,22.339041147357662],[114.24356460571289,22.337770914751218],[114.24373626708984,22.335944935107108],[114.2453670501709,22.3376121348618],[114.24485206604004,22.33507163204264],[114.24236297607422,22.335468588659012],[114.24081802368164,22.334277715420257],[114.24184799194336,22.333483794278365],[114.24056053161621,22.33372197109547],[114.24545288085938,22.331181397410234],[114.24622535705566,22.32911714721746],[114.24528121948242,22.328561382331017],[114.24605369567871,22.32689407438717],[114.2453670501709,22.32451217133108],[114.24613952636719,22.323241806408248],[114.24588203430176,22.3221302276135],[114.2464828491211,22.32173323304093],[114.24759864807129,22.325306143534547],[114.25034523010254,22.32348000071225],[114.25034523010254,22.326100111219958],[114.24888610839844,22.32665588591142],[114.25025939941406,22.33014927613226],[114.25206184387207,22.329990487565524],[114.25326347351074,22.327449845915808],[114.25875663757324,22.328085010666072]],[[114.28836822509766,22.279883675464376],[114.29274559020996,22.277262697940685],[114.29471969604492,22.279010021747666],[114.29300308227539,22.278692328133857],[114.28836822509766,22.279883675464376]],[[114.27094459533691,22.297514429066013],[114.26716804504395,22.294496710081503],[114.26708221435547,22.292511333102837],[114.27223205566406,22.29735560337589],[114.27094459533691,22.297514429066013]],[[114.29197311401367,22.296243818489813],[114.29386138916016,22.300055615553205],[114.2911148071289,22.304026126900112],[114.29085731506348,22.30039311160785],[114.29051399230957,22.304026126900112],[114.28956985473633,22.30331144318677],[114.28888320922852,22.304661398241976],[114.28716659545898,22.303232033659555],[114.2907714934497,22.30029385765459],[114.28939819335938,22.298705615987018],[114.29197311401367,22.296243818489813]],[[114.27196020346285,22.301470489558838],[114.27000045776367,22.30537607504779],[114.26742553710938,22.306567194930622],[114.26424980163574,22.299976204175138],[114.26459312438965,22.297752667262685],[114.26708221435547,22.296640885536092],[114.27163124084473,22.298308554808457],[114.27127471340127,22.300257197797357],[114.27196020346285,22.301470489558838]],[[114.27145957946777,22.30569370800984],[114.26965713500977,22.31037871028559],[114.27042961120605,22.31204621553806],[114.27231788635254,22.312840258658625],[114.2728328704834,22.310458115749185],[114.27557945251465,22.310537521167632],[114.27412033081055,22.312125620053337],[114.27489280700684,22.31379310444207],[114.27094459533691,22.315619374015654],[114.26605224609375,22.311808001721275],[114.26742553710938,22.309108216726727],[114.26691055297852,22.31164919228428],[114.2691421508789,22.31037871028559],[114.26785469055176,22.308711185118938],[114.27145957946777,22.30569370800984]],[[114.29265975952148,22.26868460992047],[114.29635047912598,22.26757259703703],[114.29798126220703,22.265269113666207],[114.29832458496094,22.27130574817764],[114.29926872253418,22.270432040881445],[114.30072784423828,22.27376798483715],[114.29969787597656,22.27607132828315],[114.30012702941895,22.279248291484436],[114.30235862731934,22.279804252624757],[114.29969787597656,22.280121943712572],[114.29849624633789,22.279010021747666],[114.29784861489553,22.275139886690873],[114.29566383361816,22.274482819620772],[114.2951488494873,22.272656012357402],[114.29664960277316,22.27082865314891],[114.29265975952148,22.27170288605396],[114.29265975952148,22.26868460992047]],[[114.27403450012207,22.3180014288572],[114.27145957946777,22.320462842819424],[114.2702579498291,22.319907043461058],[114.27206039428711,22.31784262646579],[114.27154541015625,22.315778178936412],[114.27412033081055,22.314190121599125],[114.27403450012207,22.3180014288572]],[[114.26596641540527,22.32975230437647],[114.26450729370117,22.328878962537246],[114.26665306091309,22.32586192138875],[114.26836967468262,22.32602071465473],[114.26776885986328,22.32816440605653],[114.26965713500977,22.329434726158468],[114.27154541015625,22.32895835747584],[114.26888465881348,22.330784428591727],[114.27042961120605,22.331419578159057],[114.26948547363281,22.336341889237602],[114.26759719848633,22.335944935107108],[114.26519393920898,22.337850304628134],[114.26570892333984,22.33507163204264],[114.26888465881348,22.333642578868293],[114.26613807678223,22.330784428591727],[114.2676830291748,22.329434726158468],[114.26596641540527,22.32975230437647]],[[114.24622535705566,22.318954239411397],[114.24785614013672,22.319192441033636],[114.24922943115234,22.318954239411397],[114.25257682800293,22.317604422539915],[114.25017356872559,22.320542242547063],[114.24605369567871,22.3200658435036],[114.24562454223633,22.32189203100549],[114.24622535705566,22.318954239411397]],[[114.25944328308105,22.371428167543954],[114.26115989685059,22.374444222346042],[114.26090240478516,22.376587168938357],[114.2578125,22.372777463296885],[114.25944328308105,22.371428167543954]]],[[[114.27228910460734,22.371148758702518],[114.27219382,22.37106193],[114.27222050698508,22.370687855671914],[114.27214622497559,22.37103131336292],[114.27228910460734,22.371148758702518]]],[[[114.27182945148861,22.368703300313037],[114.27197824,22.36836157],[114.2718875077476,22.367951673521475],[114.27182945148861,22.368703300313037]]],[[[114.27188830781797,22.36794131539081],[114.27244817,22.3670017],[114.2724984009933,22.366507095739635],[114.27240371704102,22.366903962817034],[114.27188830781797,22.36794131539081]]],[[[114.27270560396103,22.366507095739635],[114.27278252,22.36651466],[114.27278715399306,22.366507095739635],[114.27270560396103,22.366507095739635]]],[[[114.27289821809191,22.36632580117348],[114.27301918,22.36612835],[114.27298966311659,22.366072104267776],[114.27289821809191,22.36632580117348]]],[[[114.27285002202332,22.365659347893796],[114.27291003,22.36563857],[114.27276087941082,22.365445012007257],[114.27285002202332,22.365659347893796]]],[[[114.27264131638802,22.36515753281211],[114.27263558322309,22.36466493324761],[114.27257537841797,22.364998990529443],[114.27264131638802,22.36515753281211]]],[[[114.27264964307821,22.364586919591186],[114.27297995102305,22.364154283925966],[114.27276684229146,22.364400633477054],[114.27264964307821,22.364586919591186]]],[[[114.27325304186822,22.363838596217555],[114.27388541,22.36387862],[114.27418895332063,22.36373044124407],[114.27386283874512,22.363808369615725],[114.27325304186822,22.363838596217555]]],[[[114.27420450084435,22.36372285151119],[114.27423095,22.36370994],[114.2741644160935,22.36357457190274],[114.27420450084435,22.36372285151119]]],[[[114.27415289116718,22.363371689326183],[114.27435013,22.36317648],[114.27442591498398,22.362775639967403],[114.27425764678668,22.363125769238717],[114.27415289116718,22.363371689326183]]],[[[114.27469531156774,22.362482878145446],[114.27495882,22.36255781],[114.27472114562988,22.362458986940993],[114.27469531156774,22.362482878145446]]],[[[114.27490715681617,22.361877309280846],[114.27501673,22.361843],[114.27489462491747,22.36174124016675],[114.27489280700684,22.361744602584793],[114.27490715681617,22.361877309280846]]],[[[114.2760100230293,22.36095005158087],[114.27604709,22.36095078],[114.2760482966717,22.360928814156974],[114.2760100230293,22.36095005158087]]],[[[114.27704764763772,22.36085635705932],[114.27714618,22.36088247],[114.27710204951843,22.360765796687005],[114.27704764763772,22.36085635705932]]],[[[114.27722626413299,22.36068306092293],[114.27737697,22.36062875],[114.27733432889093,22.36048318235362],[114.27722626413299,22.36068306092293]]],[[[114.27736678614005,22.360423148827014],[114.27751446,22.36015793],[114.27813930005807,22.36015706867407],[114.27751064291978,22.36015706867407],[114.27736678614005,22.360423148827014]]],[[[114.27815580120887,22.360149144660003],[114.27816362,22.36014539],[114.27823054756287,22.35985741954888],[114.27819728862323,22.359918936212548],[114.27815580120887,22.360149144660003]]],[[[114.27842009049192,22.359506835653413],[114.27876069,22.35912797],[114.27825939,22.35832848],[114.27722456320264,22.35804237035952],[114.27842009049192,22.359506835653413]]],[[[114.27709717382398,22.357976093146632],[114.27711194,22.35780795],[114.27678108215332,22.357537598162736],[114.27709717382398,22.357976093146632]]],[[[114.27703310093375,22.357601791218585],[114.27704697,22.35760518],[114.27697816297413,22.357449366522907],[114.27703310093375,22.357601791218585]]],[[[114.27687331413689,22.357158464708952],[114.27715718,22.35704962],[114.27695597808442,22.356660840662343],[114.27712440490723,22.35706132550473],[114.27687331413689,22.357158464708952]]],[[[114.27695813309516,22.35665844902563],[114.27709472,22.35668122],[114.27706271,22.35655074],[114.27741881,22.35617165],[114.27740859755659,22.356101726641537],[114.27695813309516,22.35665844902563]]],[[[114.27750616274241,22.355785914331317],[114.27759336,22.35573794],[114.27754724564818,22.355652931574507],[114.27750616274241,22.355785914331317]]],[[[114.277889544737,22.35491129337195],[114.27759875,22.35449158],[114.27721644873509,22.354288782088116],[114.277889544737,22.35491129337195]]],[[[114.27684491291468,22.354314248221698],[114.27678832,22.35419003],[114.27649005,22.3540862],[114.27628501,22.35412544],[114.27616802,22.35433544],[114.27587909053335,22.354063671544132],[114.27616119379454,22.354344776173672],[114.27684491291468,22.354314248221698]]],[[[114.27571853613627,22.353840938046993],[114.2759058,22.3533003],[114.27590390198458,22.353297632402988],[114.27569618229464,22.353809927066234],[114.27571853613627,22.353840938046993]]],[[[114.27583446262905,22.353200037718082],[114.27581726,22.35317586],[114.27580238738213,22.353181497063293],[114.27583446262905,22.353200037718082]]],[[[114.27559825709527,22.353063502361987],[114.27555448,22.35292355],[114.27526223637445,22.35286927021153],[114.27559825709527,22.353063502361987]]],[[[114.27525649874502,22.352865953653858],[114.27561306,22.35231148],[114.2754950760169,22.35183028837981],[114.27557945251465,22.35229850937121],[114.27525649874502,22.352865953653858]]],[[[114.27543444478253,22.351803975183373],[114.2753113187971,22.35175054004759],[114.2753170561905,22.35176778559531],[114.27543444478253,22.351803975183373]]],[[[114.27527700620873,22.351647402727647],[114.27529989352034,22.351035158759583],[114.27525160744811,22.351571058731896],[114.27527700620873,22.351647402727647]]],[[[114.2751991104424,22.350714503175816],[114.27513504,22.35065163],[114.27512006990389,22.350665768175617],[114.2751991104424,22.350714503175816]]],[[[114.27480155561311,22.35087276619147],[114.27480467,22.35062947],[114.27459899719885,22.350989853961067],[114.27480155561311,22.35087276619147]]],[[[114.27395884952398,22.351266544415978],[114.27382638,22.35122857],[114.27379089073578,22.351266544415978],[114.27395884952398,22.351266544415978]]],[[[114.27364379159266,22.351266544415978],[114.27363168,22.35121457],[114.27344907629511,22.351266544415978],[114.27364379159266,22.351266544415978]]],[[[114.27347372182149,22.351331344280727],[114.27362985910831,22.351640715221276],[114.27361544435902,22.351560724895],[114.27347372182149,22.351331344280727]]],[[[114.2736751646829,22.351892124914155],[114.27343412507481,22.352252683247425],[114.27368545529097,22.351949229556134],[114.2736751646829,22.351892124914155]]],[[[114.27320528773262,22.3524945611726],[114.27316014339955,22.352489541348678],[114.27319485194934,22.352505591652083],[114.27320528773262,22.3524945611726]]],[[[114.27267213775959,22.35354030871992],[114.27257639204466,22.35352938785979],[114.27266120910645,22.35356860959338],[114.27267213775959,22.35354030871992]]],[[[114.27248316284762,22.35351875403642],[114.27244499,22.3535144],[114.27233356245011,22.354210545495476],[114.27248316284762,22.35351875403642]]],[[[114.27233163450528,22.35421946081783],[114.27155422,22.35529484],[114.2711493,22.35670154],[114.27215921667914,22.357859839225735],[114.27233163450528,22.35421946081783]]],[[[114.27238646090501,22.359346778428772],[114.27234261,22.35955608],[114.2724642346686,22.359898215151887],[114.27238646090501,22.359346778428772]]],[[[114.27248343284471,22.360034335339876],[114.27213695811977,22.359849829370436],[114.27248954772949,22.360077691503548],[114.27248343284471,22.360034335339876]]],[[[114.27147775484164,22.358842202237085],[114.27098335594417,22.358358521900524],[114.27126150568463,22.35866720883226],[114.27147775484164,22.358842202237085]]],[[[114.26994208548932,22.357512436052616],[114.26953699,22.35722783],[114.2695116607891,22.3572368499708],[114.26994208548932,22.357512436052616]]],[[[114.26924002725224,22.35733358123415],[114.26632912,22.35706518],[114.2658805847168,22.357934490800503],[114.26793521194605,22.358489320144596],[114.26924002725224,22.35733358123415]]],[[[114.2659445056784,22.35694909298676],[114.2660065315199,22.356848555549593],[114.26589713051467,22.3569092620895],[114.2659445056784,22.35694909298676]]],[[[114.2660221814967,22.356823188565116],[114.26603534,22.35680186],[114.2659449,22.35672491],[114.2659160541721,22.356823188565116],[114.2660221814967,22.356823188565116]]],[[[114.265797609302,22.356809985290578],[114.26593176,22.35655292],[114.26586505999484,22.35649808173447],[114.265797609302,22.356809985290578]]],[[[114.26572916059844,22.356337883743656],[114.26588232,22.35621141],[114.26584794356631,22.356154056913923],[114.26572699298367,22.356321846254865],[114.26572916059844,22.356337883743656]]],[[[114.26578575946033,22.35605030995703],[114.26576779,22.35602033],[114.26568236247064,22.355986559632676],[114.26578575946033,22.35605030995703]]],[[[114.2653532528288,22.356249485775646],[114.26520809,22.35639854],[114.26494103,22.35625195],[114.26519393920898,22.356426292761142],[114.2653532528288,22.356249485775646]]],[[[114.26544118893192,22.35837286886778],[114.26510296,22.35904734],[114.2654793020909,22.35922514141289],[114.26557159428289,22.358855276574793],[114.26544118893192,22.35837286886778]]],[[[114.26544437539899,22.359709945774654],[114.26562201,22.35989557],[114.26579109703668,22.359838206906552],[114.26544437539899,22.359709945774654]]],[[[114.26579392110894,22.359837248834765],[114.26605224609375,22.359442672510866],[114.26562309265137,22.35920453964222],[114.26553726196289,22.35960142753045],[114.26579392110894,22.359837248834765]]],[[[114.26637525570028,22.359937722785368],[114.26748621,22.3600262],[114.26781787654426,22.360483603949543],[114.26716804504395,22.359522050043267],[114.26637525570028,22.359937722785368]]],[[[114.26970003416129,22.362589943297746],[114.26978924,22.36267563],[114.26990671889023,22.3629373210901],[114.26982879638672,22.36269711424542],[114.26970003416129,22.362589943297746]]],[[[114.26975622278299,22.366608630441217],[114.2695270024506,22.366862993919757],[114.26974296569824,22.367062709331265],[114.26982879638672,22.36682458949204],[114.26975622278299,22.366608630441217]]],[[[114.26267572620065,22.369521834442217],[114.26262965259875,22.369354679608648],[114.26261901855469,22.369364513448446],[114.26267572620065,22.369521834442217]]],[[[114.26272788985018,22.369263834640588],[114.26291797,22.36912719],[114.26291512039391,22.369090693062255],[114.26272788985018,22.369263834640588]]],[[[114.2628770128692,22.368415763048905],[114.26309887,22.36829881],[114.26308404747428,22.36828410002345],[114.2628770128692,22.368415763048905]]],[[[114.26295713195162,22.367844395113845],[114.26286347,22.36750944],[114.26281062443182,22.36750568449869],[114.26295713195162,22.367844395113845]]],[[[114.26270689958999,22.367498313231938],[114.26261159,22.36749154],[114.262069530533,22.36776908944476],[114.26210403442383,22.36777706640555],[114.26270689958999,22.367498313231938]]],[[[114.26127635022054,22.367770485072977],[114.26123807,22.36776946],[114.26116020675485,22.367895790379443],[114.26127635022054,22.367770485072977]]],[[[114.2799262177151,22.319965017783073],[114.28247128,22.32136523],[114.28486985,22.32156382],[114.28608263021803,22.319981260233778],[114.28399085998535,22.32022464336545],[114.28476333618164,22.32141563656974],[114.2799262177151,22.319965017783073]]],[[[114.28630335790432,22.31997153688952],[114.28706163,22.32003432],[114.28727746261872,22.31992862629846],[114.28630335790432,22.31997153688952]]],[[[114.28757288648978,22.319915612489233],[114.28895366,22.32129369],[114.28964078,22.32102432],[114.28958252,22.31960951],[114.28757288648978,22.319915612489233]]],[[[114.29020588715069,22.314059472878775],[114.29220288,22.31328481],[114.29242174,22.31233743],[114.2920124246763,22.312184414534034],[114.29020588715069,22.314059472878775]]],[[[114.29475362812252,22.3069413626865],[114.29468783,22.30696441],[114.29470230325435,22.306985194102726],[114.29475362812252,22.3069413626865]]],[[[114.29483797063563,22.30718001723793],[114.29490373,22.30727445],[114.29515883428698,22.30739440897779],[114.29483797063563,22.30718001723793]]],[[[114.29903400901333,22.31026932401134],[114.29919569,22.31025881],[114.29919827916093,22.31024399513478],[114.29903400901333,22.31026932401134]]],[[[114.30325585602043,22.31054294582484],[114.30326433,22.31054904],[114.30326506760886,22.310541880574124],[114.30325585602043,22.31054294582484]]],[[[114.30327483433707,22.310447082136495],[114.30330137,22.31018952],[114.30316604157187,22.31009481158181],[114.30327483433707,22.310447082136495]]],[[[114.3046760559082,22.308926830793844],[114.30469221,22.30890556],[114.3046760559082,22.308798789855533],[114.3046760559082,22.308926830793844]]],[[[114.30462402847517,22.308454915584523],[114.30439274,22.30829731],[114.30431570375833,22.308347947598325],[114.30462402847517,22.308454915584523]]],[[[114.30481436456017,22.307217127715983],[114.30512975,22.30696648],[114.30518228369823,22.306763280528966],[114.30481436456017,22.307217127715983]]],[[[114.30526524456505,22.30666094403123],[114.3053827,22.30673143],[114.30543212861303,22.306718422175823],[114.30527687072754,22.306646602561614],[114.30526524456505,22.30666094403123]]],[[[114.30550822937526,22.306698395206137],[114.30573613,22.30663842],[114.3058225302059,22.30655300499187],[114.30550822937526,22.306698395206137]]],[[[114.30603136473738,22.306346551743072],[114.30610534,22.30627342],[114.30608519856662,22.306234489601998],[114.30603136473738,22.306346551743072]]],[[[114.30618445679583,22.306027870644368],[114.30633498,22.30596452],[114.3062918583081,22.305804300380345],[114.30618445679583,22.306027870644368]]],[[[114.30878604626159,22.303405139039363],[114.30880253704798,22.303403080101667],[114.30879592895508,22.30339085266884],[114.30878604626159,22.303405139039363]]],[[[114.31090916175745,22.301663288308177],[114.3109578,22.30160326],[114.31100175116195,22.301438421910234],[114.31090916175745,22.301663288308177]]],[[[114.31100773232977,22.300918149343882],[114.31098997,22.3008657],[114.31086936961455,22.30084134107197],[114.31100773232977,22.300918149343882]]],[[[114.31123912935278,22.30027537240879],[114.31154609,22.30017491],[114.31187336253831,22.299645254931917],[114.31154251098633,22.300135026886124],[114.31123912935278,22.30027537240879]]],[[[114.31199496831721,22.299133195145345],[114.31211829,22.29861391],[114.31212022,22.29818248],[114.31205437923411,22.298198738803478],[114.31199496831721,22.299133195145345]]],[[[114.31147741104301,22.298216818318366],[114.31110383693013,22.298105619438537],[114.31137084960938,22.298229142437336],[114.31147741104301,22.298216818318366]]],[[[114.31103583832363,22.298074162536146],[114.31160122,22.29802009],[114.31158488470008,22.29800585753921],[114.31103583832363,22.298074162536146]]],[[[114.3118401328569,22.297694396366378],[114.31185886,22.29764652],[114.31152859749515,22.297823497830212],[114.31154251098633,22.297832079904637],[114.3118401328569,22.297694396366378]]],[[[114.31118442440595,22.297611206103408],[114.31124658,22.29756583],[114.31110642846902,22.297563096902962],[114.31118442440595,22.297611206103408]]],[[[114.30994233383953,22.297463333634127],[114.30997743,22.29736178],[114.30979824192735,22.297330015911164],[114.30994233383953,22.297463333634127]]],[[[114.3096698953198,22.296622569524203],[114.30979471,22.29659972],[114.31056959,22.29621508],[114.31054763559248,22.29618944190875],[114.3096698953198,22.296622569524203]]],[[[114.31042049850215,22.2960409727542],[114.3103927,22.29600851],[114.3103755542542,22.296009784730167],[114.31042049850215,22.2960409727542]]],[[[114.31000721571692,22.29600259934637],[114.31033963,22.29568832],[114.31023517206374,22.29563916290486],[114.31000721571692,22.29600259934637]]],[[[114.31070651564814,22.2954052336301],[114.31075904,22.29538333],[114.31071801349287,22.295341403972603],[114.31070651564814,22.2954052336301]]],[[[114.31044833772968,22.29410229323512],[114.30994945,22.29356717],[114.31002207634387,22.293441632399396],[114.30991172790527,22.293543732651898],[114.31044833772968,22.29410229323512]]],[[[114.31013997503577,22.293237839696825],[114.3100274,22.29286706],[114.30990278810448,22.2928207236274],[114.30999755859375,22.29290841075506],[114.31013997503577,22.293237839696825]]],[[[114.30976138988095,22.292689893828246],[114.30976123,22.29258568],[114.30898387,22.29257442],[114.30889467194933,22.292400290650395],[114.30896759033203,22.29267016429911],[114.30976138988095,22.292689893828246]]],[[[114.30859964560399,22.292287244473236],[114.30855287,22.29227137],[114.3085682715539,22.292217876243],[114.30853843688965,22.29227308596998],[114.30859964560399,22.292287244473236]]],[[[114.30859408549091,22.29212821746682],[114.3075942993164,22.2924435677641],[114.3075942993164,22.292564276834927],[114.30762863158594,22.292574865579542],[114.30859408549091,22.29212821746682]]],[[[114.3075942993164,22.292367187604032],[114.30765654,22.29227533],[114.3075942993164,22.292200279938644],[114.3075942993164,22.292367187604032]]],[[[114.30758980337649,22.292194858716584],[114.30755902,22.29215774],[114.30731432456048,22.29226768436591],[114.30758980337649,22.292194858716584]]],[[[114.30719114813432,22.292300247317023],[114.30677788771168,22.292286007264227],[114.30699348449707,22.292352501726057],[114.30719114813432,22.292300247317023]]],[[[114.30597271193477,22.29136405575404],[114.30573346,22.29121431],[114.30547694622994,22.291367851979615],[114.30570602416992,22.29124067703428],[114.30597271193477,22.29136405575404]]],[[[114.30532962048996,22.29144964136069],[114.30526041458783,22.291418020622373],[114.30527687072754,22.291478925927123],[114.30532962048996,22.29144964136069]]],[[[114.305206099219,22.29121699570702],[114.3052537,22.29115964],[114.30516010196892,22.291148048617522],[114.30519104003906,22.291161260646433],[114.305206099219,22.29121699570702]]],[[[114.3047832602866,22.290987119277766],[114.30472773,22.29088659],[114.3045992820699,22.29090855182005],[114.3047832602866,22.290987119277766]]],[[[114.3045087208186,22.29086987785413],[114.30460205,22.29077341],[114.30409519941063,22.290693284525197],[114.3045087208186,22.29086987785413]]],[[[114.30398146571063,22.290482302657107],[114.30411863,22.29044695],[114.30395904968783,22.290433907020144],[114.30398146571063,22.290482302657107]]],[[[114.30349473913626,22.289542612262583],[114.30350859,22.2895254],[114.30304479132687,22.289334002984603],[114.30304527282715,22.289334671270993],[114.30349473913626,22.289542612262583]]],[[[114.30298890098196,22.28925643136447],[114.30293854,22.28905239],[114.3027366023065,22.288906259665804],[114.30298890098196,22.28925643136447]]],[[[114.30242779267756,22.288188126977794],[114.30244164,22.28817168],[114.30241722571952,22.288166127599972],[114.30242779267756,22.288188126977794]]],[[[114.30205661769953,22.287477164182064],[114.30201576,22.28736626],[114.30187602615239,22.287351839081982],[114.30205661769953,22.287477164182064]]],[[[114.30138024408355,22.287409547001463],[114.3012310547596,22.287248014173155],[114.30132865905762,22.287428639516705],[114.30138024408355,22.287409547001463]]],[[[114.30110447820488,22.28711096503089],[114.30103091,22.28703131],[114.30079322854532,22.28711096503089],[114.30110447820488,22.28711096503089]]],[[[114.29981806774573,22.2871256187292],[114.29873306,22.28737548],[114.29853761525146,22.287561957518182],[114.29875373840332,22.287428639516705],[114.29981806774573,22.2871256187292]]],[[[114.29824155583056,22.287751497780977],[114.29792353,22.28812664],[114.29753686447224,22.288233063984485],[114.2977237701416,22.288302240630273],[114.29832948950236,22.28791422585509],[114.29824155583056,22.287751497780977]]],[[[114.29731388760477,22.288150536836795],[114.29715871,22.28778754],[114.29458143,22.28830238],[114.2939444,22.2891149],[114.29414189,22.29083512],[114.29067073755998,22.29097414564735],[114.29102897644043,22.29203483843095],[114.29274559020996,22.290923011212072],[114.2948055267334,22.292114254322414],[114.29549217224121,22.28989059230352],[114.29403305053711,22.289096418723048],[114.29731388760477,22.288150536836795]]],[[[114.29064855152747,22.290908456059032],[114.29061702,22.29067424],[114.29025650024414,22.290375114184762],[114.29025650024414,22.29124067703428],[114.29064855152747,22.290908456059032]]],[[[114.29022499835156,22.290254885949373],[114.2895892,22.28953781],[114.28925427082237,22.289525890966427],[114.28956985473633,22.28957292341282],[114.29022499835156,22.290254885949373]]],[[[114.28916769036897,22.289455793514964],[114.28898123,22.28909345],[114.28826307935637,22.28872340041628],[114.28916769036897,22.289455793514964]]],[[[114.28688785074594,22.270731825021624],[114.28526934,22.27061939],[114.2840899,22.27075772],[114.28405153815592,22.270809213413173],[114.28688785074594,22.270731825021624]]],[[[114.28347658945418,22.271117246860847],[114.28297585,22.27122782],[114.2825973947155,22.27158828259972],[114.28347658945418,22.271117246860847]]],[[[114.2821071106149,22.271702048425798],[114.28202379164202,22.27160913797168],[114.28210258483887,22.27170288605396],[114.2821071106149,22.271702048425798]]],[[[114.28177030449136,22.270270136327937],[114.28223182,22.26953535],[114.28222240798243,22.26906148171011],[114.28177030449136,22.270270136327937]]],[[[114.2822175719802,22.268818002765478],[114.28221373,22.26862457],[114.28171501,22.26824462],[114.28145659586386,22.268250979119152],[114.2822175719802,22.268818002765478]]],[[[114.24501719788603,22.28885040072782],[114.2455523,22.2883608],[114.2452014,22.2881202],[114.24492054969375,22.288343647139953],[114.24501719788603,22.28885040072782]]],[[[114.24490074351043,22.288239797763982],[114.24496679,22.28770508],[114.24367277,22.2862158],[114.24318905196623,22.28658234350211],[114.24490074351043,22.288239797763982]]],[[[114.24314802096619,22.286591834985224],[114.24196664,22.28634524],[114.24296379089355,22.286634451948544],[114.24314802096619,22.286591834985224]]],[[[114.24186291596702,22.310068222582444],[114.2418972,22.31062015],[114.24348093097942,22.310777731662924],[114.2424488067627,22.310140493623848],[114.24186291596702,22.310068222582444]]],[[[114.24350003021985,22.310795401097426],[114.24351151,22.31100091],[114.24361007290771,22.311121256181643],[114.24365043640137,22.31093454758249],[114.24350003021985,22.310795401097426]]],[[[114.24357157846704,22.311299319140055],[114.24356025355816,22.311331572868397],[114.24356460571289,22.311331572868397],[114.24357157846704,22.311299319140055]]],[[[114.24179733977998,22.31622829875731],[114.24159033,22.31651273],[114.24253463745117,22.317525021140952],[114.24287796020508,22.31712801346862],[114.24179733977998,22.31622829875731]]],[[[114.24187223613046,22.32088226832933],[114.24066664,22.31960711],[114.23920202,22.31939098],[114.23641739,22.32220564],[114.23403695,22.32212853],[114.23019081289017,22.32974743431362],[114.23343658447266,22.330705034692443],[114.23721313476562,22.327846824223613],[114.24187223613046,22.32088226832933]]],[[[114.2301577861246,22.32981606425707],[114.23002893647102,22.330083815103546],[114.23008918762207,22.330069881871495],[114.2301577861246,22.32981606425707]]],[[[114.22244938123245,22.356904590924593],[114.22245591598308,22.356907801803008],[114.22245025634766,22.356902567590225],[114.22244938123245,22.356904590924593]]],[[[114.22247291812224,22.35692352592786],[114.2223013038939,22.357246957241657],[114.22229320578103,22.35728144533352],[114.22253608703613,22.3569819465701],[114.22247291812224,22.35692352592786]]],[[[114.22230199154278,22.357559115307474],[114.22233900772187,22.357686132963785],[114.2222917997302,22.357446007393428],[114.22230199154278,22.357559115307474]]],[[[114.22239900220967,22.357991297621137],[114.22236442565918,22.358252004096542],[114.22233749,22.35840942],[114.22245025634766,22.358252004096542],[114.22239900220967,22.357991297621137]]],[[[114.39538964,22.44822339],[114.39545639,22.44797851],[114.39536219,22.44771022],[114.39527508,22.44798214],[114.39538964,22.44822339]]],[[[114.39521095,22.44830964],[114.39532946,22.44820487],[114.3950708,22.44781407],[114.3949958,22.44802452],[114.39521095,22.44830964]]],[[[114.39566275,22.44835402],[114.39591157,22.44815553],[114.39585165,22.44795664],[114.39560343,22.44801516],[114.39566275,22.44835402]]],[[[114.39597201,22.44869311],[114.39608117,22.44857867],[114.39602112,22.44818061],[114.39575679,22.44830931],[114.39597201,22.44869311]]],[[[114.39500734,22.44914114],[114.39511451,22.44822034],[114.39456344,22.44805821],[114.39419815,22.44857855],[114.39500734,22.44914114]]],[[[114.25515174865723,22.34848813924303],[114.25558090209961,22.348408755424146],[114.25540924072266,22.348249987650718],[114.25515174865723,22.34848813924303]]],[[[114.25695419311523,22.34570967867839],[114.25712585449219,22.34547152233847],[114.2566967010498,22.345392136801408],[114.25686836242676,22.34555090783033],[114.25695419311523,22.34570967867839]]],[[[114.27034378051758,22.2773421222237],[114.27093799284387,22.278014171409517],[114.27085876464844,22.277818666974568],[114.27034378051758,22.2773421222237]]],[[[114.30158615112305,22.325623731150884],[114.30038452148438,22.32602071465473],[114.30072784423828,22.32594131804433],[114.30158615112305,22.325623731150884]]],[[[114.3017578125,22.324750363466507],[114.30158615112305,22.325623731150884],[114.3017578125,22.325226746517515],[114.3017578125,22.324750363466507]]],[[[114.3017578125,22.324750363466507],[114.3017578125,22.32459156875474],[114.3011810312515,22.32443912591644],[114.3017578125,22.324750363466507]]],[[[114.3006420135498,22.32387699031537],[114.30072784423828,22.324194581184656],[114.3011447357072,22.324419540438733],[114.3006420135498,22.32387699031537]]],[[[114.27523612976074,22.316572200830308],[114.27532196044922,22.31704861179864],[114.27583694458008,22.316969210083514],[114.27523612976074,22.316572200830308]]],[[[114.25137519836426,22.296084991355357],[114.24983024597168,22.29838796713443],[114.25017357516549,22.29886443100188],[114.2512035369873,22.2976732545756],[114.25137519836426,22.296084991355357]]],[[[114.28133010864258,22.29066310018661],[114.28133010864258,22.290764178030216],[114.2813858143804,22.29075681475717],[114.28133010864258,22.29066310018661]]],[[[114.2826604846432,22.29378197761855],[114.28193092346191,22.29378197761855],[114.2801284790039,22.295370267016196],[114.27719287660223,22.294560955376785],[114.27909851074219,22.29560850886878],[114.28038597106934,22.295370267016196],[114.2826604846432,22.29378197761855]]],[[[114.28739190134544,22.29105206306799],[114.28768157958984,22.291081844213437],[114.28738730326613,22.291047808607587],[114.28739190134544,22.29105206306799]]],[[[114.28567828566648,22.290259526390223],[114.2862798697935,22.29047599337032],[114.28622245788574,22.28957292341282],[114.28567828566648,22.290259526390223]]],[[[114.28072929382324,22.28989059230352],[114.28064346313477,22.28989059230352],[114.28050041209566,22.290155315576925],[114.28072929382324,22.28989059230352]]],[[[114.28045841526183,22.290203888870405],[114.27901268005371,22.28973175794843],[114.27862644195557,22.2894537973419],[114.27901268005371,22.289811175148543],[114.28045841526183,22.290203888870405]]],[[[114.296890980527,22.270927929436372],[114.29695129394531,22.2710674649107],[114.29695129394531,22.271090158349036],[114.29703712463379,22.270988037064882],[114.296890980527,22.270927929436372]]],[[[114.29687383718628,22.27307057989244],[114.29652214050293,22.27376798483715],[114.29686546325684,22.27313257307391],[114.29687383718628,22.27307057989244]]],[[[114.29742149689963,22.27481778924198],[114.29761341643508,22.27485725542679],[114.29755210876465,22.274800522796454],[114.29742149689963,22.27481778924198]]],[[[114.29819974469376,22.27604967788184],[114.29827308269729,22.276388999300387],[114.29823875427246,22.276150753242703],[114.29819974469376,22.27604967788184]]],[[[114.29892539838286,22.278930595103997],[114.29926872253418,22.27956598383527],[114.29971013987317,22.27983829240778],[114.29892539838286,22.278930595103997]]],[[[114.24588203430176,22.311569787498044],[114.24579620361328,22.30974346495114],[114.24236297607422,22.306646602561614],[114.24588203430176,22.312681450395786],[114.24588203430176,22.311569787498044]]],[[[114.2464828491211,22.316572200830308],[114.24665451049805,22.31681040651773],[114.24691200256348,22.316969210083514],[114.2464828491211,22.316572200830308]]],[[[114.24742698669434,22.31569877649862],[114.2484140335135,22.314904752284086],[114.24777030944824,22.315222360923343],[114.24742698669434,22.31569877649862]]],[[[114.2442512512207,22.305534891619118],[114.24476623535156,22.30537607504779],[114.24514388946733,22.30502667824414],[114.2442512512207,22.305534891619118]]],[[[114.24543142333823,22.304760658594823],[114.24562454223633,22.30458198948226],[114.24559364319761,22.304410466270664],[114.24543142333823,22.304760658594823]]],[[[114.3002986907959,22.399760630916035],[114.29986953735352,22.401347713040735],[114.29946184092175,22.402038750055656],[114.29995536804199,22.401506420256567],[114.3002986907959,22.399760630916035]]],[[[114.22245025634766,22.356902567590225],[114.22210693359375,22.356664430379226],[114.22202110290527,22.356664430379226],[114.22245025634766,22.356902567590225]]],[[[114.23489570617676,22.358728272683592],[114.23485483415082,22.358709373028013],[114.23485483415082,22.358709373028017],[114.23489570617676,22.358728272683592]]],[[[114.23489570617676,22.358728272683592],[114.23661231994629,22.35769635535354],[114.23566818237305,22.3588870285174],[114.23686981201172,22.359125161928873],[114.23953056335449,22.3569819465701],[114.2372989654541,22.356823188565116],[114.23489570617676,22.358728272683592]]],[[[114.29798126220703,22.404442471063078],[114.29780960083008,22.40507728470405],[114.29807445013877,22.406117919494864],[114.29789543151855,22.40523598766123],[114.29798126220703,22.404442471063078]]],[[[114.29866790771484,22.403648949934237],[114.29798126220703,22.40436311915407],[114.29798126220703,22.404442471063078],[114.29866790771484,22.403728302250983],[114.29866790771484,22.403648949934237]]],[[[114.29866790771484,22.403648949934237],[114.2988395690918,22.402776071459712],[114.2986613050996,22.40301616453054],[114.29866790771484,22.403648949934237]]],[[[114.25764083862305,22.392459819775453],[114.25722648675523,22.39257475212268],[114.25722648675523,22.392574752122684],[114.25764083862305,22.392459819775453]]],[[[114.22226080617953,22.355194880336455],[114.22225939955872,22.355210491158676],[114.2223964018386,22.355215364454864],[114.22238934428931,22.35520231019059],[114.22226080617953,22.355194880336455]]],[[[114.2316405591566,22.367505525236915],[114.2316405591566,22.36750552523692],[114.23240661621094,22.368253302418907],[114.2316405591566,22.367505525236915]]],[[[114.32384312140613,22.400246676685374],[114.32347297668457,22.40103029806542],[114.32373046875,22.400078048790576],[114.32055473327637,22.398014819650584],[114.3211555480957,22.399998694389907],[114.32235717773438,22.399443212316697],[114.32144014463658,22.40242733608648],[114.32209968566895,22.403093482448355],[114.32330131530762,22.402855424274833],[114.32384312140613,22.400246676685374]]],[[[114.32306098913291,22.402117440446712],[114.32321548461914,22.402617365693573],[114.32326658216603,22.402545113994787],[114.32306098913291,22.402117440446712]]],[[[114.32422204425454,22.403713872373988],[114.3246090889626,22.40429769781751],[114.32476043701172,22.40420441520014],[114.3248462677002,22.403648949934237],[114.32422204425454,22.403713872373988]]],[[[114.3248462677002,22.404655462641028],[114.32553291320801,22.40452182292678],[114.32536125183105,22.404045711064995],[114.32501792907715,22.404125063155206],[114.3248462677002,22.404655462641028]]],[[[114.32570212227958,22.405972820317835],[114.32570457458496,22.40602949972856],[114.32554586887511,22.40741738487901],[114.32570457458496,22.40706105864234],[114.32579040527344,22.406108850686095],[114.32570212227958,22.405972820317835]]],[[[114.32535237217259,22.407851823891193],[114.32433128356934,22.4065849554798],[114.32373046875,22.406267552465238],[114.32349500705861,22.40642879995656],[114.32535237217259,22.407851823891193]]],[[[114.37568965728039,22.41090323500241],[114.37630815747605,22.411079169317837],[114.3760871887207,22.4109491734106],[114.37568965728039,22.41090323500241]]],[[[114.37774249601621,22.413635650344016],[114.37823295593262,22.414995871181688],[114.37915122339561,22.41597535001221],[114.37857627868652,22.41459914131802],[114.37774249601621,22.413635650344016]]],[[[114.32162861533013,22.407706931368374],[114.32158470153809,22.405632744261254],[114.3208122253418,22.405632744261254],[114.32055473327637,22.409520898995595],[114.32424545288086,22.40825130941211],[114.32381629943848,22.40682300726496],[114.32347297668457,22.40674365671522],[114.32162861533013,22.407706931368374]]],[[[114.30187295118121,22.40668656243721],[114.30338859558105,22.405950148725722],[114.30253028869629,22.407219759334026],[114.30381774902344,22.40706105864234],[114.30398941040039,22.405632744261254],[114.30356025695801,22.404680526518263],[114.30187295118121,22.40668656243721]]]]}},{"type":"Feature","properties":{"divisionCode":"YTM","area":"Kowloon"},"geometry":{"type":"MultiPolygon","coordinates":[[[[114.17447434,22.32664808],[114.17276313,22.32110544],[114.17560356,22.31393618],[114.18133735656738,22.307202454714286],[114.18082237243652,22.299737969770078],[114.1834831237793,22.300373260614094],[114.18460825,22.30402805],[114.18685815,22.29981179],[114.18303323,22.29952552],[114.18304446,22.29768083],[114.18223315,22.29724612],[114.18257018,22.2994129],[114.18054078,22.2990169],[114.17481514,22.29302773],[114.16846221,22.29295149],[114.16829109191895,22.299896792751923],[114.16738607982853,22.29919611232204],[114.16475399,22.29878909],[114.16687898,22.29933661],[114.16700221,22.30090191],[114.1602245,22.30021379],[114.15797067,22.29859857],[114.15429668,22.29954431],[114.15414476,22.304813],[114.15719412,22.30339713],[114.15996551513672,22.306249563955163],[114.16048049926758,22.314110718258036],[114.15937641,22.31683332],[114.15503808,22.31683364],[114.15489945,22.3157582],[114.15493619,22.32103659],[114.15366927,22.32267293],[114.15208008,22.321924],[114.15497308,22.32505634],[114.15767457,22.3218321],[114.15901245,22.32278588],[114.15836711,22.32475646],[114.1619232,22.32461547],[114.16058711,22.32620969],[114.17447434,22.32664808]],[[114.17215347290039,22.310061087979605],[114.17498588562012,22.311252167901543],[114.17361259460449,22.31371370087517],[114.17584419250488,22.31196681097761],[114.17438507080078,22.31426952489504],[114.17155265808105,22.31307847071416],[114.17215347290039,22.310537521167632],[114.17155265808105,22.30950524720565],[114.17181015014648,22.308949404219078],[114.17215347290039,22.310061087979605]],[[114.17387008666992,22.305614299837046],[114.17704582214355,22.303152624087218],[114.17816162109375,22.30569370800984],[114.17532920837402,22.30537607504779],[114.17447090148926,22.306726010147443],[114.17387008666992,22.305614299837046]],[[114.17078018188477,22.298189436229194],[114.17198181152344,22.29854679165102],[114.17163848876953,22.302279115811714],[114.169921875,22.303073214469705],[114.16829109191895,22.301008548569072],[114.17078018188477,22.298189436229194]]],[[[114.18130629157541,22.307494923133415],[114.18155048151051,22.307240737921727],[114.18195993613854,22.306505369104173],[114.18130629157541,22.307494923133415]]],[[[114.16554250233153,22.29437727849152],[114.16475813,22.29422393],[114.16459105,22.29486608],[114.1647720336914,22.29425846633336],[114.16554250233153,22.29437727849152]]],[[[114.1679672601131,22.29559469831056],[114.16785488,22.29563012],[114.16783797238564,22.295729176882556],[114.16803359985352,22.29560850886878],[114.1679672601131,22.29559469831056]]],[[[114.16806380744998,22.295818801099973],[114.16811004288316,22.29582234641782],[114.16811943054199,22.295767336544856],[114.16806380744998,22.295818801099973]]],[[[114.16797798159212,22.29659620015239],[114.16782811,22.29726263],[114.16607197,22.29703165],[114.16786193847656,22.297276190463123],[114.16797798159212,22.29659620015239]]],[[[114.16747672518514,22.29734648377352],[114.16744415316825,22.29749339286356],[114.16751861572266,22.29735560337589],[114.16747672518514,22.29734648377352]]],[[[114.1674391620753,22.29751590411694],[114.16774976,22.29761054],[114.16769066380394,22.297870533674015],[114.16777610778809,22.297593841843366],[114.1674391620753,22.29751590411694]]],[[[114.16705255619335,22.298043350504162],[114.1655505,22.29775],[114.16554968851118,22.297753665467482],[114.16705255619335,22.298043350504162]]],[[[114.16757247740308,22.298382051450382],[114.1674011325306,22.29914040430761],[114.16760444641113,22.29838796713443],[114.16757247740308,22.298382051450382]]]]}},{"type":"Feature","properties":{"divisionCode":"KT","area":"Kowloon"},"geometry":{"type":"MultiPolygon","coordinates":[[[[114.21727498,22.30498421],[114.2172805,22.30497705],[114.21712347,22.30512757],[114.21722027,22.30504084],[114.21727498,22.30498421]]],[[[114.21532218,22.30686539],[114.21532608,22.30688101],[114.21541591,22.30738854],[114.21532178,22.30685446],[114.21532218,22.30686539]]],[[[114.21545585,22.30761417],[114.21541941,22.30740827],[114.2154488,22.3078033],[114.21545585,22.30761417]]],[[[114.21310887,22.30962571],[114.21285027,22.3093794],[114.21284818,22.30938001],[114.21285026,22.30937945],[114.21310887,22.30962571]]],[[[114.21316836,22.30995557],[114.21297032,22.30976997],[114.21296981,22.30977042],[114.21316437,22.30995914],[114.21316836,22.30995557]]],[[[114.20526798,22.33447134],[114.20717689,22.3329025],[114.21128631,22.3344047],[114.21439623,22.33229198],[114.21814508,22.33386745],[114.22850426,22.33440603],[114.2339284,22.32221831],[114.23641739,22.32220564],[114.23920202,22.31939098],[114.24283584,22.32165143],[114.24081802368164,22.31887483878033],[114.23721313476562,22.31808082998515],[114.24030303955078,22.31808082998515],[114.23815727233887,22.316333994736397],[114.24004554748535,22.316651602771287],[114.23918724060059,22.315857581329055],[114.24210682714262,22.31721720301718],[114.24030303955078,22.31490474963654],[114.2416763305664,22.31395191144037],[114.23807144165039,22.311887406372023],[114.23867225646973,22.310616926540916],[114.24113610182694,22.312032202998086],[114.2420922086493,22.31051624003899],[114.24013137817383,22.30926702905377],[114.2387580871582,22.305137849852187],[114.24176216125488,22.302676165705023],[114.24193382263184,22.300532082873687],[114.2424488067627,22.302517345883118],[114.24384932500452,22.301960015514492],[114.24236297607422,22.30172324406506],[114.24330711364746,22.300690904952702],[114.24176216125488,22.299658558211448],[114.24339294433594,22.297990905053126],[114.24193382263184,22.29640264544372],[114.24356460571289,22.297276190463123],[114.2442512512207,22.29616440494516],[114.24107551574707,22.294893782092444],[114.23764228820801,22.28869933024069],[114.24341027,22.28571914],[114.23669312,22.28807906],[114.23856644,22.29158402],[114.2364668,22.29111746],[114.23705978,22.29014501],[114.23269316,22.29530985],[114.23610732,22.29696593],[114.23534239,22.29861825],[114.22913111,22.29868053],[114.22068472,22.30792834],[114.21874323,22.30677934],[114.2205119,22.30815371],[114.21429003,22.31475464],[114.21343146,22.31552184],[114.21097796,22.31315022],[114.20982773,22.31451733],[114.21086389,22.31602947],[114.2021509,22.32290228],[114.20175469,22.32447941],[114.20511634,22.32789048],[114.20526798,22.33447134]],[[114.23669815063477,22.303549671497535],[114.23798561096191,22.301405602073828],[114.2416763305664,22.301087959360316],[114.2384147644043,22.302517345883118],[114.2372989654541,22.305296666694403],[114.23669815063477,22.303549671497535]],[[114.21455383300781,22.31927184148404],[114.21378135681152,22.32602071465473],[114.21232223510742,22.328402591956774],[114.21180725097656,22.32109803937574],[114.21369552612305,22.32109803937574],[114.2149829864502,22.317683823893702],[114.21455383300781,22.31927184148404]],[[114.23129081726074,22.303152624087218],[114.23480987548828,22.30299380480706],[114.23515319824219,22.303708490145638],[114.23377990722656,22.305534891619118],[114.23480987548828,22.30331144318677],[114.23189163208008,22.303867308613164],[114.23214912414551,22.305296666694403],[114.23395156860352,22.30474080695656],[114.23060417175293,22.306249563955163],[114.23129081726074,22.303152624087218]],[[114.21996116638184,22.32387699031537],[114.22253608703613,22.32109803937574],[114.22536849975586,22.32284481499802],[114.22313690185547,22.32252722105666],[114.22167778015137,22.326497093368346],[114.21996116638184,22.32387699031537]],[[114.22348022460938,22.32641769702903],[114.22382354736328,22.328402591956774],[114.22004699707031,22.332848654110876],[114.21833038330078,22.332848654110876],[114.21918869018555,22.33134018462131],[114.21721458435059,22.330625640747996],[114.21833038330078,22.327529241667747],[114.21976219481859,22.328929486085677],[114.22348022460938,22.32641769702903]]],[[[114.24428327845573,22.315272134910746],[114.2443858,22.3152161],[114.24443770398044,22.31512927428467],[114.24428327845573,22.315272134910746]]],[[[114.2435463534586,22.311331572868397],[114.24361007290771,22.311121256181643],[114.24347861096498,22.310776951370624],[114.24340367315064,22.311331572868397],[114.2435463534586,22.311331572868397]]],[[[114.24301942645599,22.31062251347942],[114.24298451,22.31061077],[114.24292545001754,22.310639901735453],[114.24301942645599,22.31062251347942]]],[[[114.24214614061175,22.31496743599684],[114.24201965332031,22.31514295816939],[114.24236297607422,22.315301763632135],[114.24214614061175,22.31496743599684]]],[[[114.2195491790449,22.329402968052886],[114.21944618225098,22.329593515357843],[114.21974045933386,22.329933777755056],[114.2195491790449,22.329402968052886]]],[[[114.21977233901178,22.330022245011357],[114.2197036743164,22.33014927613226],[114.22030448913574,22.330784428591727],[114.21987533569336,22.330308064518263],[114.21977233901178,22.330022245011357]]],[[[114.22056198120117,22.330784428591727],[114.22080230725203,22.331117882475205],[114.22064781188965,22.330784428591727],[114.22056198120117,22.330784428591727]]]]}},{"type":"Feature","properties":{"divisionCode":"YL","area":"New Territories"},"geometry":{"type":"MultiPolygon","coordinates":[[[[114.09001998126051,22.508393789099635],[114.0893111,22.50448261],[114.09136783,22.50485225],[114.09169706078976,22.501276952895047],[114.09078598022461,22.49939418490125],[114.08872604370117,22.501614498863148],[114.08675193786621,22.502010979748718],[114.08683776855469,22.500107861132918],[114.08503532409668,22.50256605107913],[114.08280372619629,22.500900830405058],[114.08486366271973,22.499076994283044],[114.08383369445801,22.49757032891428],[114.08409118652344,22.496063647136296],[114.08563613891602,22.496222245990907],[114.08572196960449,22.493922544804946],[114.08932685852051,22.494636249263564],[114.09167110925448,22.490681090714997],[114.09052848815918,22.490036755949447],[114.09260777473303,22.490698943860504],[114.09237131604354,22.4882930162946],[114.09052848815918,22.489640240747505],[114.08649444580078,22.49019536171211],[114.0849494934082,22.48678529775809],[114.08257018704091,22.48661931081742],[114.08254623413086,22.491940013104298],[114.08100128173828,22.49241582330295],[114.08100128173828,22.489323027767995],[114.07842636108398,22.48876790330435],[114.07971382141113,22.483375149789623],[114.07713890075684,22.485833637008596],[114.07713890075684,22.484088908641496],[114.07456398010254,22.484088908641496],[114.07482147216797,22.482820001471737],[114.06975746154785,22.480440769181115],[114.06538009643555,22.480520077582852],[114.06460762023926,22.47734770608085],[114.07147407531738,22.47734770608085],[114.07344818115234,22.47925113770374],[114.07430648803711,22.477506326382084],[114.0768814086914,22.47917182857519],[114.07610893249512,22.480361460733945],[114.07241821289062,22.47972699152122],[114.07525062561035,22.480758002515515],[114.07344818115234,22.481868313461902],[114.07464981079102,22.482582080082594],[114.07713890075684,22.480520077582852],[114.08031463623047,22.48131315910173],[114.0791130065918,22.47917182857519],[114.07748222351074,22.480123535119887],[114.07756805419922,22.477902876340252],[114.08246040344238,22.47766494650162],[114.08443450927734,22.475840804157414],[114.0779972076416,22.474651133161927],[114.07748222351074,22.473064889271555],[114.07413482666016,22.472589012561954],[114.07430648803711,22.470923431203275],[114.07267570495605,22.47187519443203],[114.07078742980957,22.470685489374304],[114.0713882446289,22.471399313635075],[114.07018661499023,22.47235107359404],[114.0684700012207,22.470050975832237],[114.06855583190918,22.46981303250469],[114.06949996948242,22.469654403392582],[114.07044410705566,22.468940570140333],[114.06160354614258,22.47013029018393],[114.05808448791504,22.46909920006982],[114.05791282653809,22.46671973205612],[114.05636787414551,22.467830155548185],[114.0549087524414,22.465767933408173],[114.05387878417969,22.46307113506677],[114.05533790588379,22.462357267897147],[114.05353546142578,22.462039992419164],[114.05284881591797,22.45791534510809],[114.05613277459986,22.459756969001077],[114.05559539794922,22.458708556046915],[114.05679702758789,22.45775670237562],[114.06031608581543,22.45854991422229],[114.06254768371582,22.456487553979514],[114.06477928161621,22.457280773088797],[114.06623840332031,22.454901102144177],[114.06615257263184,22.456804842167912],[114.06881332397461,22.455773652900334],[114.06804084777832,22.454266516326612],[114.06924247741699,22.45355260380984],[114.06460762023926,22.45379057505724],[114.06323432922363,22.451569494197102],[114.06690915427882,22.45095252095923],[114.06529426574707,22.451014218422685],[114.06563758850098,22.449665682284333],[114.06675338745117,22.448951746078194],[114.06615257263184,22.449507030111718],[114.06620759230152,22.44981213008117],[114.06795501708984,22.449427703957355],[114.06915664672852,22.450062311921712],[114.07010078430176,22.450934893130537],[114.07030175369906,22.450938762654392],[114.06949996948242,22.44847578656544],[114.06709671020508,22.44823780619646],[114.06898498535156,22.447999825419103],[114.06761169433594,22.447761844233355],[114.06821250915527,22.446968570664808],[114.07130241394043,22.448793093088796],[114.07095909118652,22.450855567793],[114.0769262456534,22.451066312569896],[114.0779972076416,22.449427703957355],[114.07739639282227,22.450458940424596],[114.0811151379401,22.451146966733404],[114.08263206481934,22.448951746078194],[114.08632278442383,22.44982433427542],[114.08537864685059,22.450696916981784],[114.08589363098145,22.451093543669458],[114.08658027648926,22.450062311921712],[114.08700942993164,22.447206553211814],[114.08572196960449,22.446651259966885],[114.08683776855469,22.445857980045943],[114.0849494934082,22.445382009915463],[114.0849494934082,22.443954089723803],[114.08821105957031,22.445144024237706],[114.0889835357666,22.449348377757616],[114.09070014953613,22.44911039888609],[114.09173011779785,22.451331519137497],[114.0941333770752,22.450855567793],[114.09342956531182,22.45277522809111],[114.09308068860993,22.454709792677594],[114.09344673156738,22.452997335977443],[114.09516334533691,22.45315598415648],[114.09578452702547,22.45587986248808],[114.09866291738707,22.458186895773235],[114.09919738769531,22.455852975424023],[114.09954071044922,22.457280773088797],[114.09988403320312,22.456011620335218],[114.10039901733398,22.45569433033127],[114.10185813903809,22.457677380941277],[114.10228729248047,22.45672552018891],[114.1036605834961,22.45981904373518],[114.10117149353027,22.457518737936468],[114.10097837652265,22.458926688615332],[114.10237452056606,22.461738838315267],[114.10383224487305,22.461326119937894],[114.10769462585449,22.465371348708487],[114.10623550415039,22.466640415751854],[114.1083812713623,22.467512892601448],[114.10827381978989,22.469277809266785],[114.11513223,22.47129838],[114.11612371980539,22.47015968285841],[114.11458300904887,22.468489110048804],[114.11284446716309,22.46909920006982],[114.11327841021131,22.46707274019472],[114.11069869995117,22.46711631289638],[114.11201679662548,22.465762316233537],[114.10884214315081,22.462464839075384],[114.10589218139648,22.46196067343618],[114.10494804382324,22.460215644324776],[114.10639797911574,22.459926113151198],[114.10117149353027,22.455535685056958],[114.09936904907227,22.451648819126206],[114.10099983215332,22.450617591508106],[114.0988540649414,22.449031072504823],[114.10031318664551,22.448872419606175],[114.09765243530273,22.446809915406604],[114.09876823425293,22.44577865180429],[114.09748077392578,22.44474738053401],[114.09653663635254,22.44498536689234],[114.09602165222168,22.4449060381516],[114.09584999084473,22.44466805165716],[114.09722328186035,22.443636772129366],[114.09859657287598,22.44530268140157],[114.10074234008789,22.44601663639311],[114.101293772728,22.44528855441396],[114.0999698638916,22.442843474967432],[114.10228729248047,22.440066899174212],[114.09893989562988,22.43974957268796],[114.10022735595703,22.4374489339569],[114.10700798034668,22.436338267123006],[114.10675048828125,22.43475158479596],[114.10863876342773,22.435544928227287],[114.11044120788574,22.43260953487679],[114.11275863647461,22.43473571787744],[114.11675036224939,22.433683216098014],[114.11404609680176,22.431974847069924],[114.11138534545898,22.43260953487679],[114.11327362060547,22.43268887064859],[114.11232948303223,22.433085548827194],[114.10992622375488,22.43245086319719],[114.11224365234375,22.432133519293757],[114.11147117614746,22.430467451896277],[114.11069869995117,22.432054183204514],[114.10932540893555,22.43165750207808],[114.10992622375488,22.42943606681864],[114.10872459411621,22.428960040351882],[114.1098403930664,22.425548469569833],[114.11361694335938,22.422930230484297],[114.11284446716309,22.420787998146253],[114.11378860473633,22.421105367985405],[114.11567687988281,22.421184710331858],[114.11653518676758,22.421026025593605],[114.1173585256296,22.421637254672653],[114.11765098571777,22.421502079264343],[114.1164493560791,22.4209466831565],[114.11370277404785,22.421026025593605],[114.1120719909668,22.41983588427685],[114.10975456237793,22.42213681495329],[114.11129951477051,22.42189878940995],[114.1120719909668,22.423009571788057],[114.1098403930664,22.424755069000298],[114.10846710205078,22.422771547740766],[114.10469055175781,22.4252311098861],[114.10417556762695,22.424120345280215],[114.10263061523438,22.425389789818652],[114.10160064697266,22.423723641481672],[114.10022735595703,22.425469129716916],[114.1014289855957,22.42467572869397],[114.10202980041504,22.42610384727078],[114.09945487976074,22.425548469569833],[114.09859657287598,22.427611289831034],[114.09430503845215,22.42634186560535],[114.09396171569824,22.423802982332063],[114.09215927124023,22.424279026482267],[114.09310340881348,22.420787998146253],[114.08932685852051,22.422374840088608],[114.0875244140625,22.41912179459095],[114.08366203308105,22.419756541159728],[114.08409118652344,22.417058848206835],[114.08288955688477,22.41626539913088],[114.08143043518066,22.418090325229173],[114.07971382141113,22.416186053974002],[114.07636642456055,22.416741469120367],[114.07872126571611,22.415756775671554],[114.07645225524902,22.414995871181688],[114.07181739807129,22.41547194552237],[114.07147407531738,22.411345913697943],[114.07173156738281,22.41293286351771],[114.07447814941406,22.414043717605367],[114.07533645629883,22.413805678191537],[114.07224655151367,22.41055243199031],[114.06744003295898,22.411980695801162],[114.06536936911588,22.408965454980205],[114.06120918934701,22.40744923171868],[114.06374931335449,22.415551291087183],[114.06641006469727,22.418010981114804],[114.06452178955078,22.420391284827303],[114.06314849853516,22.41459914131802],[114.05976794792016,22.407914271423838],[114.06237602233887,22.413726331629604],[114.06031608581543,22.41293286351771],[114.06237602233887,22.415313254256773],[114.06090334823499,22.418223957364525],[114.06271934509277,22.418725076512246],[114.06065940856934,22.421696827976067],[114.06392097473145,22.421581421384133],[114.06280517578125,22.431419492858012],[114.06083106994629,22.434592915565418],[114.06229019165039,22.43165750207808],[114.06014442443848,22.430308777767763],[114.06280517578125,22.42991209165291],[114.06332015991211,22.425389789818652],[114.05928611755371,22.42650054426835],[114.05705451965332,22.424199685903915],[114.05533790588379,22.42316825425955],[114.05540864537082,22.421027769392996],[114.05499458312988,22.4232475954273],[114.05765533447266,22.42570714913967],[114.06014442443848,22.427135257106684],[114.05645370483398,22.42816665927961],[114.05722618103027,22.42991209165291],[114.05413627624512,22.43451358088211],[114.0531063079834,22.432768206375016],[114.05250549316406,22.434196241695375],[114.05010223388672,22.433323555190128],[114.05070304870605,22.43665560141129],[114.04898643493652,22.43951157734695],[114.05156135559082,22.441415528643304],[114.04881477355957,22.44379543101732],[114.04581069946289,22.443874760393257],[114.04443740844727,22.44086021221439],[114.04684066772461,22.43974957268796],[114.04692649841309,22.440780881114506],[114.04898643493652,22.433085548827194],[114.04692649841309,22.434672250203363],[114.04606819152832,22.43245086319719],[114.04555320739746,22.434434246153458],[114.04435157775879,22.433799566691476],[114.04332160949707,22.433799566691476],[114.04297828674316,22.431498829310044],[114.04220581054688,22.42975341688954],[114.04113842884107,22.43036777201681],[114.04203414916992,22.429991428966588],[114.04263496398926,22.431974847069924],[114.04169082641602,22.430943473193423],[114.04126167297363,22.432371527289362],[114.0424633026123,22.432133519293757],[114.04332160949707,22.433878901782975],[114.0450382232666,22.434434246153458],[114.04280662536621,22.435703596369294],[114.04169082641602,22.434275576560083],[114.04306411743164,22.433640896372438],[114.04289245605469,22.433244219781173],[114.03988838195801,22.43189551089],[114.0406608581543,22.43173683839406],[114.04126167297363,22.430943473193423],[114.04111289975017,22.43046216253584],[114.03834342956543,22.4307847996091],[114.03945922851562,22.429277391511107],[114.03851509094238,22.4273732736729],[114.0421199798584,22.42412614717739],[114.03945922851562,22.42586582852813],[114.03757095336914,22.4252311098861],[114.03988838195801,22.42467572869397],[114.04417991638184,22.419994570375067],[114.04212611461791,22.424122136082275],[114.04460906982422,22.424913749476914],[114.0435791015625,22.423406277626782],[114.04478073120117,22.422771547740766],[114.04632568359375,22.42618318676098],[114.05190467834473,22.42816665927961],[114.05362129211426,22.42673856192279],[114.0516471862793,22.425072429772186],[114.0516471862793,22.42197813130305],[114.05327796936035,22.421264052632978],[114.04984474182129,22.42134339488878],[114.0514104120581,22.419606062612655],[114.05107498078135,22.419148239966333],[114.0476131439209,22.41920113807072],[114.05087471008301,22.41777294849973],[114.05096054077148,22.415075217018426],[114.0450382232666,22.41690015875426],[114.04332160949707,22.41229808576513],[114.03860092163086,22.410869825217176],[114.0340518951416,22.41444044905532],[114.03267860412598,22.414043717605367],[114.03353691101074,22.4116633051121],[114.03199195861816,22.411504609495665],[114.03482437133789,22.41047308357031],[114.0314636228937,22.410078104114014],[114.03250694274902,22.41063178036501],[114.03048133996288,22.41288525558601],[114.03267860412598,22.41451979520933],[114.03121948242188,22.415868672893183],[114.03345108032227,22.417217537478095],[114.03061866760254,22.417614259863043],[114.02924537658691,22.42213681495329],[114.02933120727539,22.42086734067405],[114.02649879455566,22.420073913356177],[114.0267562866211,22.418725076512246],[114.02812957763672,22.418407701233335],[114.02890205383301,22.420311942027524],[114.02993202209473,22.416186053974002],[114.02830123901367,22.416027363524236],[114.02864456176758,22.413250251306337],[114.02684211730957,22.414837179372185],[114.03010368347168,22.411028521558706],[114.02832615709515,22.40781104502535],[114.02349472045898,22.407457810031715],[114.02289390563965,22.411028521558706],[114.01963233947754,22.40864805740307],[114.01705741882324,22.411742652852354],[114.01268005371094,22.407775210327628],[114.01216627,22.41469001],[114.00694142,22.41477377],[114.00676908,22.42191381],[113.99734666,22.42236617],[113.99375697,22.42570415],[113.99645725,22.43271971],[113.99325143,22.43031894],[113.99200684,22.43199029],[113.98950009,22.42972415],[113.97487618819848,22.430464581565097],[113.9787769317627,22.43721093466948],[113.97058088775795,22.444231984321824],[113.97422790527344,22.445382009915463],[113.97233963012695,22.448079152390278],[113.97611618041992,22.448079152390278],[113.9762020111084,22.45014163771306],[113.97405624389648,22.451569494197102],[113.97199630737305,22.451648819126206],[113.97019386291504,22.448317133031495],[113.96907806396484,22.44998298608499],[113.96976470947266,22.447682517080693],[113.97285461425781,22.446809915406604],[113.96895335259153,22.445626194163523],[113.96178245544434,22.448079152390278],[113.95857878884608,22.445219586707474],[113.95783424377441,22.44617529255879],[113.95577430725098,22.442208833971378],[113.95405769348145,22.443557442617333],[113.95045280456543,22.441732851318932],[113.94993782043457,22.44022556214516],[113.95096778869629,22.440701549969262],[113.95251274108887,22.44022556214516],[113.95216941833496,22.440939543268897],[113.95319938659668,22.4419708428493],[113.95234107971191,22.440939543268897],[113.95448684692383,22.44054288754269],[113.95448684692383,22.442843474967432],[113.95614666631351,22.441985763585098],[113.95362050861476,22.43844335096594],[113.95191192626953,22.44022556214516],[113.9498519897461,22.43927358159769],[113.95088195800781,22.43665560141129],[113.95300586770874,22.437544429195608],[113.9505386352539,22.436020932109003],[113.94822120666504,22.436893601651235],[113.9463700482417,22.432547621552196],[113.94701243470641,22.439144737826783],[113.95088181331269,22.442139667412594],[113.95345687866211,22.443636772129366],[113.95362854003906,22.446571932178983],[113.9565518498908,22.44996893865022],[113.96070354,22.44977279],[113.96330763,22.45220109],[113.97223383345309,22.454587914103595],[113.97397041320801,22.452283416925283],[113.97253864293282,22.454692995104555],[113.97431373596191,22.45244206592122],[113.97439956665039,22.452521390351123],[113.97258124490962,22.45471693094896],[113.97824151,22.45941205],[113.98143239,22.46891364],[113.99335354,22.47746021],[113.99585899,22.48647662],[113.99879383,22.48929713],[114.00907516479492,22.48654738318413],[114.01317025865995,22.48723823053351],[114.00993347167969,22.484961275573852],[114.00838851928711,22.47885459160665],[114.00795936584473,22.475364936985557],[114.0106201171875,22.47116137262354],[114.01482582092285,22.46981303250469],[114.01559829711914,22.47314420189754],[114.02400409213318,22.476698742188404],[114.02787208557129,22.474730444879583],[114.02523655253857,22.47721991004469],[114.02770042419434,22.4799649178167],[114.02958869934082,22.47377870127039],[114.02913529596286,22.480973358427594],[114.03190612792969,22.471954507739227],[114.04083251953125,22.4799649178167],[114.04109001159668,22.485675026247563],[114.04417991638184,22.487736951964564],[114.0424633026123,22.48908511755623],[114.0476131439209,22.495508549713463],[114.04623985290527,22.498759802937528],[114.04752731323242,22.502407459497746],[114.04443264038527,22.50421979871305],[114.05039027,22.50236721],[114.05516279,22.50361487],[114.05888176,22.51234496],[114.06363164,22.51607863],[114.07195957,22.51809254],[114.0777138,22.51536114],[114.08411422,22.52048477],[114.07851219177246,22.515411365152985],[114.0761947631836,22.514935634062738],[114.07473564147949,22.51549065350885],[114.0768814086914,22.512081213137378],[114.07456398010254,22.513032693328284],[114.07447814941406,22.511446889371868],[114.07880717305983,22.512017416111885],[114.07782554626465,22.510812562695833],[114.08040046691895,22.51009894170639],[114.07954216003418,22.50772017847268],[114.08082962036133,22.50684795503311],[114.08108711242676,22.508513104097858],[114.08589363098145,22.506213607257706],[114.08803939819336,22.50922673327264],[114.09001998126051,22.508393789099635]],[[114.06546592712402,22.480520077582852],[114.06984329223633,22.483533763185847],[114.06907081604004,22.487023211923145],[114.07095909118652,22.488926510521168],[114.06984329223633,22.491226294738752],[114.07224655151367,22.491543503355658],[114.07276153564453,22.493367438791978],[114.06804084777832,22.49225722008518],[114.06949996948242,22.49019536171211],[114.06735420227051,22.48924372440952],[114.0658950805664,22.491384899138097],[114.06675338745117,22.49265372778875],[114.06289100646973,22.491543503355658],[114.06357765197754,22.489878150004984],[114.06632423400879,22.490750480450018],[114.06838417053223,22.487499039026375],[114.06314849853516,22.487419734622762],[114.06460761973347,22.48599224712053],[114.06134605407715,22.485675026247563],[114.0604019165039,22.484168214953414],[114.0615177154541,22.48297861550401],[114.05962944030762,22.481075235123058],[114.06460762023926,22.481709698157587],[114.06546592712402,22.480520077582852]],[[114.03053283691406,22.464895445570548],[114.03482437133789,22.45418719289519],[114.04048919677734,22.45823263002832],[114.04632568359375,22.456249587361626],[114.04366493225098,22.462991816673963],[114.04040336608887,22.465371348708487],[114.03164863586426,22.468861255107484],[114.02924537658691,22.466640415751854],[114.03053283691406,22.464895445570548]],[[114.00753021240234,22.43134015636062],[114.00589942932129,22.433799566691476],[114.00641441345215,22.436020932109003],[114.00272369384766,22.431816174664718],[114.00418281555176,22.430388114854694],[114.00504112243652,22.43189551089],[114.00718028729997,22.431563925850742],[114.00830268859863,22.428007982521038],[114.01165008544922,22.43007076623489],[114.00753021240234,22.43134015636062]],[[114.0871810913086,22.433085548827194],[114.08932685852051,22.433878901782975],[114.0886402130127,22.435703596369294],[114.0871810913086,22.43530692567414],[114.08546447753906,22.438083596727495],[114.08872604370117,22.435782930372255],[114.09035682678223,22.433482225871998],[114.09104347229004,22.433878901782975],[114.08546447753906,22.441336197860977],[114.07585144042969,22.44022556214516],[114.07593727111816,22.43927358159769],[114.0707015991211,22.439828904377563],[114.07447814941406,22.438004264039932],[114.07482147216797,22.43514825707858],[114.07791137695312,22.432926877691813],[114.0871810913086,22.433085548827194]],[[114.05224800109863,22.455852975424023],[114.05379295349121,22.45379057505724],[114.05756950378418,22.455535685056958],[114.0560245513916,22.45791534510809],[114.05259132385254,22.457677380941277],[114.05224800109863,22.455852975424023]],[[114.08872604370117,22.425310449875056],[114.08932685852051,22.424279026482267],[114.09198760986328,22.424596388342295],[114.09070014953613,22.42657988353183],[114.09507751464844,22.427611289831034],[114.09421920776367,22.429039378209694],[114.09112930297852,22.427690628459715],[114.09078598022461,22.429039378209694],[114.09035682678223,22.42721459600743],[114.08881187438965,22.427849305581063],[114.08872604370117,22.425310449875056]],[[114.10477638244629,22.430229440635486],[114.10374641418457,22.42872202650632],[114.10537719726562,22.426897240132377],[114.10795211791992,22.42705591816059],[114.10477638244629,22.430229440635486]],[[114.07113075256348,22.41563063660668],[114.06898498535156,22.42467572869397],[114.0666675567627,22.428245997590892],[114.0681266784668,22.418963107495458],[114.07113075256348,22.41563063660668]],[[114.03525352478027,22.45315598415648],[114.03980255126953,22.45347327996994],[114.04306411743164,22.451807468848273],[114.04340744018555,22.454266516326612],[114.04709815979004,22.454504486348597],[114.04632568359375,22.456170265064884],[114.04349327087402,22.456487553979514],[114.04417991638184,22.455218393963662],[114.04117584228516,22.453711251353496],[114.04048919677734,22.455615007716787],[114.04203414916992,22.456328909612978],[114.04074668884277,22.45807398765899],[114.03525352478027,22.45315598415648]],[[114.02624130249023,22.45545636235171],[114.02787208557129,22.45458380959849],[114.02632713317871,22.459977684107216],[114.02503967285156,22.456487553979514],[114.02624130249023,22.45545636235171]],[[114.0054702758789,22.456804842167912],[114.00341033935547,22.456487553979514],[114.00023460388184,22.459581082836706],[113.99920463562012,22.456884164101524],[114.0036678314209,22.453949222328575],[114.0054702758789,22.456804842167912]],[[114.04804229736328,22.462912498235767],[114.04898643493652,22.46188135440778],[114.05010223388672,22.464578175903853],[114.04658317565918,22.46632315008074],[114.0450382232666,22.463864316497762],[114.04804229736328,22.462912498235767]],[[114.01774406433105,22.46497476287371],[114.02143478393555,22.465212714510784],[114.02255058288574,22.463784998558978],[114.02383804321289,22.46854399452198],[114.01774406433105,22.46497476287371]],[[114.04993057250977,22.465054080131466],[114.0519905090332,22.46711631289638],[114.04881477355957,22.46909920006982],[114.04778480529785,22.466005883683124],[114.04993057250977,22.465054080131466]],[[113.98907661437988,22.459184480431347],[113.98675918579102,22.45442516305333],[113.98907661437988,22.453235308177923],[113.9912223815918,22.45720145138212],[113.98907661437988,22.459184480431347]],[[113.98941993713379,22.461088161626975],[113.98547172546387,22.462991816673963],[113.98590087890625,22.46497476287371],[113.98418426513672,22.463309089972768],[113.98838996887207,22.459184480431347],[113.98941993713379,22.461088161626975]],[[114.01362419128418,22.421105367985405],[114.01482582092285,22.417852292750084],[114.0135383605957,22.415868672893183],[114.01534080505371,22.412377433142822],[114.02023315429688,22.420708655573122],[114.0201473236084,22.424279026482267],[114.01585578918457,22.42253352328548],[114.01456832885742,22.423882323137107],[114.01405460811223,22.422371336274264],[114.01456832885742,22.424834409261265],[114.01259422302246,22.423723641481672],[114.01328086853027,22.425945168154357],[114.01602745056152,22.42657988353183],[114.0157699584961,22.428484012252667],[114.01405334472656,22.428325335856826],[114.01482582092285,22.430150103457876],[114.01070594787598,22.42602450773525],[114.01225090026855,22.423882323137107],[114.01139259338379,22.42316825425955],[114.01293754577637,22.42316825425955],[114.01147842407227,22.421502079264343],[114.01268005371094,22.422374840088608],[114.01362419128418,22.421105367985405]],[[114.04641151428223,22.422057473150844],[114.04769897460938,22.420787998146253],[114.04915809631348,22.424120345280215],[114.05147552490234,22.424834409261265],[114.04804229736328,22.425469129716916],[114.0450382232666,22.42221615671039],[114.04641151428223,22.422057473150844]],[[114.00881767272949,22.433323555190128],[114.01087760925293,22.43268887064859],[114.01010513305664,22.43713160148296],[114.00675773620605,22.434672250203363],[114.00881767272949,22.433323555190128]],[[114.02117729187012,22.42586582852813],[114.02186393737793,22.425072429772186],[114.02349472045898,22.4307847996091],[114.0204906463623,22.430467451896277],[114.01937484741211,22.42697657916915],[114.02117729187012,22.42586582852813]],[[114.0164566040039,22.42705591816059],[114.01937484741211,22.427690628459715],[114.0204906463623,22.434116906785306],[114.01911735534668,22.4305467888925],[114.0172290802002,22.429832754293898],[114.0164566040039,22.42705591816059]],[[114.03860092163086,22.452759363368514],[114.03568267822266,22.452283416925283],[114.03456687927246,22.448872419606175],[114.03739929199219,22.448793093088796],[114.0355110168457,22.45149016922261],[114.03748512268066,22.450300289159586],[114.03860092163086,22.452759363368514]],[[114.00692939758301,22.439035585440152],[114.00795936584473,22.439352913559475],[114.00735855102539,22.436972934973838],[114.01130676269531,22.438004264039932],[114.00873184204102,22.44022556214516],[114.00692939758301,22.439035585440152]],[[113.9926815032959,22.442129503642732],[113.99585723876953,22.44308146459238],[113.99517059326172,22.446095964498653],[113.99199485778809,22.444350735696034],[113.9926815032959,22.442129503642732]],[[114.01971817016602,22.450617591508106],[114.02280807495117,22.45220409235924],[114.02074813842773,22.454742455962105],[114.02263641357422,22.455615007716787],[114.02263641357422,22.45363192760435],[114.02409553527832,22.45347327996994],[114.02366638183594,22.456884164101524],[114.02100563049316,22.459898363943893],[114.01988983154297,22.459173148454166],[114.01817321777344,22.462674542648756],[114.0157699584961,22.461008842099204],[114.01104927062988,22.460929522526044],[114.01336669921875,22.45609094272274],[114.01079177856445,22.45347327996994],[114.01602745056152,22.44974500830257],[114.01748657226562,22.451648819126206],[114.01971817016602,22.450617591508106]],[[113.97869110107422,22.4394322454759],[113.9802360534668,22.437686932836073],[113.983154296875,22.44054288754269],[113.9834976196289,22.44308146459238],[113.98006439208984,22.44046355626135],[113.97723197937012,22.44046355626135],[113.97869110107422,22.4394322454759]],[[114.00795936584473,22.46465749338863],[114.01345252990723,22.46640246656662],[114.00907516479492,22.472826951121135],[114.00057792663574,22.472509699618058],[114.00469779968262,22.47187519443203],[114.00341033935547,22.468306048606053],[114.00692939758301,22.467988786749103],[114.00795936584473,22.46465749338863]],[[114.00212287902832,22.482185543525404],[113.99740219116211,22.479647682665203],[113.99697303771973,22.47917182857519],[113.99714469909668,22.478616663403272],[113.99757385253906,22.479647682665203],[113.99946212768555,22.478458044373923],[114.00014877319336,22.479647682665203],[113.99868965148926,22.479806300331802],[114.00203704833984,22.481392467003758],[114.00143623352051,22.47822011548918],[114.00418281555176,22.47806149600558],[114.00298118591309,22.48131315910173],[114.00469779968262,22.48297861550401],[114.00212287902832,22.482185543525404]],[[114.0615177154541,22.4938432440823],[114.06186103820801,22.491464201269594],[114.06829833984375,22.494001845482146],[114.06641006469727,22.49352604073721],[114.06692504882812,22.496063647136296],[114.06417846679688,22.493050234356133],[114.0615177154541,22.4938432440823]],[[114.06289100646973,22.497411731605112],[114.06469345092773,22.496142946586332],[114.06692504882812,22.49860120699202],[114.06392097473145,22.49915629200578],[114.06452178955078,22.497808224537124],[114.06289100646973,22.497411731605112]],[[114.0571403503418,22.498839100842076],[114.05988693237305,22.501138720300233],[114.0589427947998,22.50256605107913],[114.06057357788086,22.50280393811022],[114.06108856201172,22.504865608573],[114.06761169433594,22.502486755311168],[114.06778335571289,22.504389841194097],[114.07198905944824,22.508037349268406],[114.06804084777832,22.50978177563985],[114.0707015991211,22.512636244044614],[114.06924247741699,22.515569941819223],[114.06735420227051,22.51588709460586],[114.06752586364746,22.514142745273716],[114.06323432922363,22.514697767903584],[114.05988693237305,22.512081213137378],[114.05705451965332,22.503359006258194],[114.05370712280273,22.501852387530874],[114.05611038208008,22.498363312732835],[114.0571403503418,22.498839100842076]]],[[[113.93802497,22.42538655],[113.93863879,22.4231987],[113.93057085,22.424416],[113.93699938,22.42653462],[113.93802497,22.42538655]]],[[[114.09161912302861,22.51285086705143],[114.09233093261719,22.50986106722469],[114.08838272094727,22.51200192282586],[114.08958435058594,22.51334985193658],[114.09161912302861,22.51285086705143]]],[[[114.09228726170677,22.487935910404993],[114.09217894584536,22.48619298740591],[114.09147262573242,22.486388773240947],[114.09130096435547,22.487657647697276],[114.09228726170677,22.487935910404993]]],[[[114.09219687768592,22.485985707124662],[114.0921999231479,22.48595050358744],[114.09207344055176,22.485833637008596],[114.09219687768592,22.485985707124662]]],[[[114.08952367619058,22.477900293551137],[114.08944225,22.47696496],[114.08934047962723,22.476717015233916],[114.08949851989746,22.477902876340252],[114.08952367619058,22.477900293551137]]],[[[114.08937767928043,22.47625196852561],[114.08946673930889,22.47546774693985],[114.0889835357666,22.475523559557857],[114.08937767928043,22.47625196852561]]],[[[114.10531660205055,22.405747090490625],[114.1054125,22.40596338],[114.10538930536072,22.40616095764679],[114.10542591175474,22.40589867730056],[114.10531660205055,22.405747090490625]]],[[[114.10533008055414,22.40658529615893],[114.10528540597983,22.406619855665472],[114.1049909594248,22.40856870422523],[114.10526684450757,22.40703837471613],[114.10533008055414,22.40658529615893]]],[[[114.05581781231766,22.40860924351183],[114.05575468339818,22.408609357879882],[114.05550956726074,22.408965454980205],[114.05581781231766,22.40860924351183]]],[[[113.94975665046881,22.43279239905094],[113.94806153,22.42886338],[113.94521713256836,22.42705591816059],[113.94564628601074,22.42634186560535],[113.94109725952148,22.425310449875056],[113.94221305847168,22.424120345280215],[113.93931213859176,22.42081978365505],[113.9398414,22.42532622],[113.93813945,22.42707168],[113.94565553654833,22.431595266833433],[113.94667625427246,22.429118716022188],[113.94830703735352,22.430150103457876],[113.94710540771484,22.431816174664718],[113.95100357428655,22.434616044296057],[113.94975665046881,22.43279239905094]]],[[[113.94597689419491,22.425404809104627],[113.94598594,22.42495071],[113.94510126,22.42433528],[113.94289970397949,22.424437707502975],[113.94597689419491,22.425404809104627]]],[[[113.9439160345562,22.424304979528607],[113.94443467533674,22.423035666648687],[113.94406152,22.42286266],[113.94271769,22.42316162],[113.94247055053711,22.422850889135205],[113.94281387329102,22.4233269365497],[113.9443588256836,22.42308891304647],[113.9439160345562,22.424304979528607]]],[[[113.94140654570545,22.42199755579872],[113.94111220742985,22.4217401054877],[113.94092559814453,22.4217401054877],[113.94169807434082,22.422374840088608],[113.94140654570545,22.42199755579872]]],[[[113.94006372569422,22.41970144832789],[113.93990946239752,22.419518511536424],[113.93893197,22.41964152],[113.93896996514404,22.419740471201003],[113.94006372569422,22.41970144832789]]],[[[114.01320475206107,22.48724227681704],[114.0140115644612,22.48733692076691],[114.01403795914302,22.487339137834592],[114.01322028203208,22.487212143434707],[114.01320475206107,22.48724227681704]]],[[[114.04398604381053,22.50425121462447],[114.04404325,22.50428119],[114.04435999677715,22.504231251704084],[114.04409408569336,22.504231251704084],[114.04398604381053,22.50425121462447]]],[[[114.0846828400635,22.520251256690646],[114.08472311,22.52018616],[114.08476588917915,22.520056668214337],[114.08464209965186,22.5202663101702],[114.0846828400635,22.520251256690646]]],[[[114.08511772461526,22.51946082242205],[114.08511822748693,22.519460421472896],[114.08512115478516,22.519455013307635],[114.08511772461526,22.51946082242205]]],[[[114.08835641467854,22.521218448224058],[114.08924102783203,22.522626419266118],[114.09001350402832,22.518107143735094],[114.08726692199707,22.519455013307635],[114.08563613891602,22.518582863908875],[114.08821105957031,22.515252788304835],[114.09027099609375,22.515569941819223],[114.0889835357666,22.514539190236746],[114.08486366271973,22.517552134796006],[114.08297538757324,22.515807806477426],[114.08709526062012,22.514142745273716],[114.0864086151123,22.51200192282586],[114.0849494934082,22.51438061238798],[114.08503532409668,22.512556954051448],[114.08185958862305,22.51477705666879],[114.08005714416504,22.512953403562506],[114.07888412476915,22.512750773433897],[114.07988548278809,22.515094211274757],[114.08151626586914,22.5144599013351],[114.08134460449219,22.51549065350885],[114.08835641467854,22.521218448224058]]],[[[114.0707015991211,22.470923431203275],[114.07061576843262,22.470606175340492],[114.07061576843262,22.470923431203275],[114.0707015991211,22.470923431203275]]],[[[114.08040046691895,22.480599385939186],[114.08108711242676,22.480599385939186],[114.08203125,22.480758002515515],[114.08134460449219,22.480520077582852],[114.08040046691895,22.480599385939186]]],[[[114.09052848815918,22.489640240747505],[114.09164428710938,22.48852999213831],[114.09112930297852,22.48781625618642],[114.09139863231071,22.486003186655054],[114.08984184265137,22.487340430173717],[114.09052848815918,22.489640240747505]]],[[[114.10168647766113,22.46061224377945],[114.10158014774223,22.460688671170413],[114.10159887966142,22.46071343491549],[114.10168647766113,22.46061224377945]]],[[[114.10168647766113,22.46061224377945],[114.10143413755695,22.460495644552697],[114.10143413755695,22.4604956445527],[114.10168647766113,22.46061224377945]]],[[[114.05945777893066,22.465688616559035],[114.0597152709961,22.465450665739226],[114.05976934461822,22.465352708622923],[114.05945777893066,22.465688616559035]]],[[[114.05885696411133,22.465450665739226],[114.05885696411133,22.465529982724576],[114.05945777893066,22.465688616559035],[114.05885696411133,22.465450665739226]]],[[[114.05885696411133,22.465450665739226],[114.05945777893066,22.465054080131466],[114.05945777893066,22.46494501882827],[114.05885696411133,22.46529203163233],[114.05885696411133,22.465450665739226]]],[[[114.07857656450085,22.471290256941817],[114.07859802246094,22.471320000009996],[114.07862027524273,22.471318531213168],[114.07857656450085,22.471290256941817]]],[[[114.07910674155816,22.471633201704073],[114.07902717590332,22.472589012561954],[114.0791130065918,22.47264849720175],[114.0791130065918,22.47163725423792],[114.07910674155816,22.471633201704073]]],[[[114.08695502995924,22.4749236971567],[114.08623695373535,22.475285625631273],[114.0872127127681,22.4749475082567],[114.08695502995924,22.4749236971567]]],[[[114.08884667070807,22.475167730126554],[114.0887000949918,22.475219225377728],[114.08917001810835,22.475251390572353],[114.08884667070807,22.475167730126554]]],[[[114.10666465759277,22.46497476287371],[114.1052049041283,22.46548062773104],[114.1052049041283,22.465480627731043],[114.10666465759277,22.46497476287371]]],[[[114.10439772755744,22.464413533931538],[114.10469055175781,22.464181587798947],[114.10436312610085,22.464367790532734],[114.10439772755744,22.464413533931538]]],[[[114.10426139831543,22.463864316497762],[114.10396953435925,22.463847459142855],[114.10396953435925,22.46384745914286],[114.10426139831543,22.463864316497762]]],[[[114.10111763647528,22.46007722762389],[114.10117149353027,22.459977684107216],[114.10111763647528,22.460077227623888],[114.10111763647528,22.46007722762389]]],[[[114.10065650939941,22.45862923245644],[114.10065650939941,22.458311951144907],[114.10037561177933,22.458369638602075],[114.10065650939941,22.45862923245644]]],[[[114.05675935736852,22.458244087515453],[114.0560245513916,22.458629235157304],[114.05653953552246,22.459501762446422],[114.05685475469397,22.458970384675986],[114.05675935736852,22.458244087515453]]],[[[114.05653953552246,22.464022952239162],[114.05636787414551,22.464578175903853],[114.05653953552246,22.46481612801766],[114.05653953552246,22.464022952239162]]],[[[114.05671119689941,22.465054080131466],[114.05662536621094,22.465688616559035],[114.05675730420575,22.46501802679834],[114.05671119689941,22.465054080131466]]],[[[114.0640926361084,22.467354260855643],[114.0640926361084,22.467988786749103],[114.06426429748535,22.468147417768407],[114.0640926361084,22.467354260855643]]],[[[114.06256706471713,22.456996750000894],[114.06257409299451,22.456996028301095],[114.06271934509277,22.456884164101524],[114.06256706471713,22.456996750000894]]],[[[114.06611218149783,22.457640052902395],[114.06611218149783,22.45764005290239],[114.0658950805664,22.457439416365958],[114.06611218149783,22.457640052902395]]],[[[114.06804084777832,22.452283416925283],[114.06739114032334,22.45214484951205],[114.06727046271668,22.45219441834088],[114.06804084777832,22.452283416925283]]],[[[114.06512260402796,22.45307665921126],[114.0651117244016,22.453048728815745],[114.0650367752203,22.45312954089979],[114.06512260402796,22.45307665921126]]],[[[114.06473636571953,22.453314632153976],[114.0644359588623,22.453314632153976],[114.06460762023926,22.453393956084653],[114.06473636571953,22.453314632153976]]],[[[114.0644359588623,22.45244206592122],[114.06477928161621,22.452283416925283],[114.06475908716632,22.4521434314163],[114.0644359588623,22.45244206592122]]],[[[114.0644359588623,22.45149016922261],[114.0644887783577,22.45144948920876],[114.0644887783577,22.451449489208755],[114.0644359588623,22.45149016922261]]],[[[114.0556812286377,22.460374284242818],[114.05499458312988,22.460374284242818],[114.05508041381836,22.46140543928408],[114.05619621276855,22.460929522526044],[114.0556812286377,22.460374284242818]]],[[[114.05439376831055,22.461603737309026],[114.05473709106445,22.46124680054632],[114.05447959899902,22.461088161626975],[114.05465126037598,22.46124680054632],[114.05439376831055,22.461603737309026]]],[[[114.05877113342285,22.46687836452844],[114.05988693237305,22.46743357675126],[114.06021799378055,22.46746756927702],[114.05928611755371,22.467036996819132],[114.05877113342285,22.46687836452844]]],[[[114.05945777893066,22.464879582096295],[114.05945777893066,22.46481612822197],[114.05868530273438,22.464736810828],[114.05945777893066,22.464879582096295]]],[[[114.08649444580078,22.475602870775873],[114.08486366271973,22.476316669694143],[114.08520698547363,22.476237358884916],[114.08649444580078,22.475602870775873]]],[[[114.07924059280877,22.472736920355455],[114.07937049865723,22.472826951121135],[114.07963752706537,22.472703575650982],[114.07924059280877,22.472736920355455]]],[[[114.07147407506122,22.479330446937535],[114.07147407531738,22.479330446786904],[114.07147407575984,22.47933044596922],[114.07147407506122,22.479330446937535]]],[[[114.08658467805566,22.494593548949478],[114.0864086151123,22.49471554953172],[114.08666610717773,22.495270650136177],[114.08658467805566,22.494593548949478]]],[[[114.08531427361898,22.496856639591186],[114.08443450927734,22.49677734055024],[114.08443450927734,22.497966821391756],[114.08537864685059,22.498680504987504],[114.08531427361898,22.496856639591186]]],[[[114.08821105957031,22.49749103028242],[114.08875056684339,22.49753634379376],[114.08855438232422,22.49749103028242],[114.08821105957031,22.49749103028242]]],[[[114.08901214603254,22.497596761769678],[114.08872604370117,22.497649627500678],[114.08924102783203,22.497649627500678],[114.08901214603254,22.497596761769678]]],[[[114.08881187438965,22.50050434633725],[114.0881252285374,22.50135017774238],[114.08829689025879,22.501297313336394],[114.08881187438965,22.50050434633725]]],[[[114.09161342685559,22.48470999157809],[114.09192630305961,22.485312484791116],[114.09224510192871,22.485278498549846],[114.0919017791748,22.48480266381324],[114.09161342685559,22.48470999157809]]],[[[114.08769607543945,22.485199192874006],[114.08589363098145,22.48654738318413],[114.0871810913086,22.486071552809378],[114.0880393980704,22.487736951055776],[114.0886402130127,22.48480266381324],[114.08769607543945,22.485199192874006]]],[[[114.08443450927734,22.483121366402084],[114.08459907720164,22.482604364664247],[114.08443450927734,22.482661387257735],[114.08443450927734,22.483121366402084]]],[[[114.0846633907855,22.482582080082594],[114.08503532409668,22.482582080082594],[114.08580780029297,22.482185543525404],[114.0846633907855,22.482582080082594]]],[[[114.08889770507812,22.483375149789623],[114.08924102783203,22.482899308510582],[114.08803939819336,22.482264850927706],[114.08795356750488,22.482502772862006],[114.08889770507812,22.483375149789623]]],[[[114.08992767333984,22.484168214953414],[114.09087181091309,22.48448543974679],[114.09091472738825,22.48448543974679],[114.08992767333984,22.484168214953414]]],[[[114.09184047204911,22.49070516477194],[114.09239959530875,22.490877363351448],[114.09215927124023,22.490750480450018],[114.09184047204911,22.49070516477194]]],[[[114.03053283691406,22.464895445570548],[114.03053283691406,22.46529203163233],[114.03070449829102,22.46497476287371],[114.03053283691406,22.464895445570548]]],[[[114.00753021240234,22.43134015636062],[114.00735855102539,22.43134015636062],[114.00719547271287,22.431566265255046],[114.00727272033691,22.43157816571673],[114.00753021240234,22.43134015636062]]],[[[114.08254623413086,22.51358772041526],[114.08185958862305,22.51311198304856],[114.08183097818936,22.51416917500023],[114.08228874206543,22.51406345614467],[114.08254623413086,22.51358772041526]]],[[[114.08254623413086,22.51358772041526],[114.08271789550781,22.51358772041526],[114.08300399780273,22.513217702357277],[114.08254623413086,22.51358772041526]]],[[[114.09052848815918,22.510178233109343],[114.09061431884766,22.509543900612456],[114.0900993347168,22.50962319233372],[114.09052848815918,22.50962319233372],[114.09052848815918,22.510178233109343]]],[[[114.0827424185074,22.5122171392799],[114.08366203308105,22.51223979362399],[114.08452033996582,22.5118433420664],[114.08340454101562,22.510812562695833],[114.0827424185074,22.5122171392799]]],[[[114.0813578092232,22.510714973456928],[114.08143043518066,22.510178233109343],[114.08122198955044,22.510130091976045],[114.08117294311523,22.510416107045344],[114.0813578092232,22.510714973456928]]],[[[114.08091545116055,22.509200302611728],[114.08149285749955,22.509378108612523],[114.08143043518066,22.509147441324004],[114.08091545116055,22.509200302611728]]],[[[114.0817185811007,22.50944761773997],[114.08177375793457,22.509464608845718],[114.08190250369039,22.50943217130943],[114.0817185811007,22.50944761773997]]],[[[114.08255604346843,22.509267511743527],[114.08313095527787,22.509122662520642],[114.08271789550781,22.509068149329877],[114.08255604346843,22.509267511743527]]],[[[114.08342599866236,22.509048326241125],[114.08383369445801,22.508830273074707],[114.08397506305852,22.508867587115407],[114.08374786376953,22.50875098089871],[114.08342599866236,22.509048326241125]]],[[[114.09130096435547,22.51334985193658],[114.09095764160156,22.513825588484636],[114.09078598022461,22.51438061238798],[114.09112930297852,22.51438061238798],[114.09130096435547,22.51334985193658]]],[[[114.0831470489502,22.440984875001938],[114.08366203308105,22.440304893562583],[114.08477783203125,22.43974957268796],[114.08366203308105,22.44022556214516],[114.0831470489502,22.440984875001938]]],[[[114.01988983154297,22.458671228494683],[114.02083396911621,22.45609094272274],[114.01975005067668,22.45547449352694],[114.01851654052734,22.45807398765899],[114.01988983154297,22.458671228494683]]],[[[114.0196813853888,22.45537137313917],[114.01963233947754,22.4552580552482],[114.01963233947754,22.455297716805063],[114.0196813853888,22.45537137313917]]],[[[114.02005924317197,22.45424538587638],[114.02023315429688,22.45434583971266],[114.02023315429688,22.4540752050162],[114.02005924317197,22.45424538587638]]],[[[114.03141896379076,22.480908413512697],[114.03200688533306,22.481227968563143],[114.03240130495095,22.48056888271178],[114.03182029724121,22.480599385939186],[114.03141896379076,22.480908413512697]]],[[[114.03285026558488,22.48036146062795],[114.03392314717316,22.480163189655777],[114.03302192687988,22.480282152241358],[114.03285026558488,22.48036146062795]]],[[[114.0342879291293,22.480095777115686],[114.03456687927246,22.480044226491017],[114.03622133454434,22.479262076648954],[114.0342879291293,22.480095777115686]]],[[[114.0652379393398,22.486919124472564],[114.0652084350586,22.486943907246896],[114.06524276733792,22.486928046291656],[114.0652379393398,22.486919124472564]]],[[[113.95646095275879,22.44331945380901],[113.95663261413574,22.44339878345714],[113.95654678344727,22.44308146459238],[113.95646095275879,22.44331945380901]]],[[[113.95332466471432,22.43801067471527],[113.95328521728516,22.438083596727495],[113.95347389219046,22.438228922192327],[113.95332466471432,22.43801067471527]]],[[[113.94716262827973,22.428426712475034],[113.94710540771484,22.428404674077427],[113.9471671738049,22.428435816161045],[113.94716262827973,22.428426712475034]]],[[[114.10031318664551,22.448872419606175],[114.0999698638916,22.44911039888609],[114.10065650939941,22.448793093088796],[114.10031318664551,22.448872419606175]]],[[[114.10228729248047,22.44998298608499],[114.10168647766113,22.449427703957355],[114.10202980041504,22.44982433427542],[114.10228729248047,22.44998298608499]]],[[[114.10202980041504,22.450617591508106],[114.10185813903809,22.450855567793],[114.10185813903809,22.451061812508836],[114.10202980041504,22.450617591508106]]],[[[114.11705017089844,22.420391284827303],[114.11765098571777,22.421184710331858],[114.11765098571777,22.421502079264343],[114.11773681640625,22.421264052632978],[114.11705017089844,22.420391284827303]]],[[[114.11705017089844,22.420391284827303],[114.11567687988281,22.420311942027524],[114.11592381900081,22.419322754453034],[114.11550521850586,22.417852292750084],[114.11430358886719,22.417376226568052],[114.11344528198242,22.417614259863043],[114.11310195922852,22.415948017868768],[114.11344528198242,22.417693604204047],[114.11550521850586,22.418010981114804],[114.11559104919434,22.420391284827303],[114.11705017089844,22.420391284827303]]],[[[114.11310195922852,22.415392599912238],[114.11310195922852,22.415313254256773],[114.11285734320205,22.415237876261894],[114.11301612854004,22.415313254256773],[114.11310195922852,22.415392599912238]]],[[[114.11310195922852,22.415392599912238],[114.1130958284553,22.415460610329763],[114.11310195922852,22.41547194543172],[114.11310195922852,22.415392599912238]]],[[[114.06031608581543,22.411742652852354],[114.06031608581543,22.41213939087379],[114.06023025488184,22.41227163669211],[114.0604019165039,22.41213939087379],[114.06031608581543,22.411742652852354]]],[[[114.06031608581543,22.411742652852354],[114.05928611755371,22.411345913697943],[114.0591505953916,22.410886529344296],[114.05920028686523,22.411345913697943],[114.06031608581543,22.411742652852354]]],[[[114.1049627576402,22.408881571112342],[114.10503387451172,22.409679596877865],[114.10726547241211,22.410790476978434],[114.10760879516602,22.411901348196892],[114.11217887314052,22.4148087328158],[114.1049627576402,22.408881571112342]]],[[[114.05988693237305,22.41293286351771],[114.05988693237305,22.412800618077057],[114.05980110168457,22.41293286351771],[114.05988693237305,22.41293286351771]]],[[[114.05903904422902,22.410508400351027],[114.05765533447266,22.409679596877865],[114.05739784240723,22.408965454980205],[114.0574836730957,22.40960024795939],[114.05903904422902,22.410508400351027]]],[[[114.06236915584991,22.40741654791564],[114.06289100646973,22.40753716017366],[114.06289100646973,22.407451932156164],[114.06236915584991,22.40741654791564]]],[[[114.0300178527832,22.409393939901285],[114.0300178527832,22.40991764336141],[114.03025721165272,22.40988076293394],[114.0300178527832,22.409393939901285]]],[[[114.034300629085,22.411906206144707],[114.03388023376465,22.4116633051121],[114.03379440307617,22.412060043360142],[114.03388023367273,22.412139390720842],[114.034300629085,22.411906206144707]]],[[[114.07567977934688,22.413488291128065],[114.07593727111816,22.413250251306337],[114.07610893249512,22.412694822200407],[114.07567977934688,22.413488291128065]]]]}},{"type":"Feature","properties":{"divisionCode":"NTH","area":"New Territories"},"geometry":{"type":"MultiPolygon","coordinates":[[[[114.30511329,22.50171496],[114.30469634,22.50109207],[114.30372354,22.50094413],[114.30422313,22.50149087],[114.30511329,22.50171496]]],[[[114.30926394,22.52622547],[114.30933646916722,22.5261823607259],[114.30925243302143,22.526221173041606],[114.30926394,22.52622547]]],[[[114.3098942186691,22.52592476264653],[114.3102885804857,22.52603832599675],[114.30999755859375,22.525877034829605],[114.3098942186691,22.52592476264653]]],[[[114.3105316586878,22.525824062000577],[114.31060797,22.52567872],[114.31073584029404,22.525670932315684],[114.31059837341309,22.525639187503714],[114.3105316586878,22.525824062000577]]],[[[114.31097532299184,22.525656347101318],[114.3109825,22.52565591],[114.31098836350368,22.525632255790736],[114.31097532299184,22.525656347101318]]],[[[114.31134081092902,22.5249811371468],[114.31142144148286,22.52493899516696],[114.31137084960938,22.524925643069068],[114.31134081092902,22.5249811371468]]],[[[114.31284899679495,22.52465693961649],[114.31295362,22.52471511],[114.31310463987371,22.52454824811253],[114.31291580200195,22.52468779410522],[114.31284899679495,22.52465693961649]]],[[[114.31380056427517,22.52432857615692],[114.31407612,22.52432484],[114.31407595056395,22.524303138258915],[114.31380056427517,22.52432857615692]]],[[[114.31456805907597,22.523785274178184],[114.31467131,22.52377026],[114.31523865275179,22.52333101649663],[114.31456805907597,22.523785274178184]]],[[[114.31628060250279,22.521736385024095],[114.3163639,22.52169699],[114.31634480160821,22.521611849383522],[114.31628060250279,22.521736385024095]]],[[[114.3172811531344,22.520599556100688],[114.31741637,22.52051274],[114.3173983725538,22.52048354149651],[114.3172811531344,22.520599556100688]]],[[[114.30834232939654,22.508603439498714],[114.3082375,22.50852094],[114.30833836049793,22.508618105715833],[114.30834232939654,22.508603439498714]]],[[[114.30829989805657,22.50876023545273],[114.30763589,22.50908393],[114.3075485257856,22.509210872954252],[114.30828094482422,22.508830273074707],[114.30829989805657,22.50876023545273]]],[[[114.30544261579583,22.509597414073944],[114.30536094,22.50951151],[114.30521327725921,22.509476347399954],[114.30544261579583,22.509597414073944]]],[[[114.30314356217966,22.505922329226582],[114.30314321,22.50591946],[114.3031422180826,22.50591953534664],[114.30314356217966,22.505922329226582]]],[[[114.30205335395577,22.50575542010155],[114.30196871,22.50567222],[114.30188311676312,22.50567678396738],[114.30205335395577,22.50575542010155]]],[[[114.30100888039632,22.505364180515652],[114.30100511,22.50536151],[114.30099462163905,22.505366375992566],[114.30100888039632,22.505364180515652]]],[[[114.30514664642094,22.512706873927158],[114.30527860278475,22.5126508211984],[114.30548292296159,22.512422110773162],[114.30514664642094,22.512706873927158]]],[[[114.30676444711901,22.514560391321652],[114.30676661,22.51456104],[114.3067733701827,22.514557094133995],[114.30676444711901,22.514560391321652]]],[[[114.30910041843714,22.521425043036498],[114.30909789,22.52142937],[114.30910644244823,22.521453978778148],[114.30910041843714,22.521425043036498]]],[[[114.30945152230166,22.52311153573667],[114.30944775102323,22.52311272139513],[114.30945366256756,22.523121816292367],[114.30945152230166,22.52311153573667]]],[[[114.30857069038444,22.52469099434462],[114.30853392246699,22.52475455373144],[114.30862426757812,22.52460851102626],[114.30857069038444,22.52469099434462]]],[[[114.3086015103262,22.525390395247037],[114.30880888,22.52555511],[114.30909041644786,22.526160672496513],[114.30879592895508,22.525480622392294],[114.3086015103262,22.525390395247037]]],[[[114.20924482,22.52783283],[114.20920573,22.52794328],[114.2092645,22.52799636],[114.20933295,22.52790579],[114.20924482,22.52783283]]],[[[114.21091183,22.52826952],[114.21140584,22.52768002],[114.21125553,22.5272165],[114.2102782,22.52773815],[114.21091183,22.52826952]]],[[[114.22748457,22.53233682],[114.22747418,22.53181196],[114.22686133,22.53152293],[114.22715382,22.53221705],[114.22748457,22.53233682]]],[[[114.28875688,22.53288642],[114.28854169,22.53269194],[114.28804296,22.53274266],[114.28815186,22.53291813],[114.28875688,22.53288642]]],[[[114.28088858,22.53235281],[114.28003264,22.53227927],[114.27991816,22.53279221],[114.28062735,22.53291946],[114.28088858,22.53235281]]],[[[114.27289203,22.5333386],[114.27301055,22.53263781],[114.27256482,22.53243073],[114.27252622,22.53331511],[114.27289203,22.5333386]]],[[[114.2750721,22.53463832],[114.2772435,22.53348445],[114.27596635,22.53203356],[114.27516515,22.53204286],[114.2750721,22.53463832]]],[[[114.32022867804555,22.536847123810084],[114.3202628,22.53671575],[114.3202362363995,22.53668655679737],[114.32022867804555,22.536847123810084]]],[[[114.32027389875788,22.53588647090318],[114.32028675,22.5358398],[114.32027907059,22.535776602320745],[114.32027389875788,22.53588647090318]]],[[[114.32075422076691,22.535385584096797],[114.32084057,22.53551671],[114.32093488188116,22.535524639365068],[114.32075422076691,22.535385584096797]]],[[[114.32148375997193,22.534098704638055],[114.32160737,22.53374403],[114.32147077,22.53276397],[114.32118880819631,22.532291161688505],[114.32148375997193,22.534098704638055]]],[[[114.3205833367549,22.53218172283084],[114.32007676,22.53184095],[114.32008548170208,22.531696359834037],[114.32003974914551,22.531823084881296],[114.3205833367549,22.53218172283084]]],[[[114.32009218399821,22.531585247793885],[114.32009236,22.53158233],[114.32007821048462,22.531585247793885],[114.32009218399821,22.531585247793885]]],[[[114.31977543736575,22.531285723309228],[114.31990402,22.53109804],[114.31971823357993,22.53110079227877],[114.31977543736575,22.531285723309228]]],[[[114.31969815100211,22.531035868397286],[114.31988021,22.53072468],[114.31982422,22.53045702],[114.31986808776855,22.530713174969165],[114.31969815100211,22.531035868397286]]],[[[114.31978529990647,22.530254360073645],[114.31998217,22.52990852],[114.31993644452183,22.529561000427517],[114.31978225708008,22.530237496562066],[114.31978529990647,22.530254360073645]]],[[[114.32007704621059,22.528944111672683],[114.3201434,22.52879772],[114.32018406,22.52775429],[114.32006361169209,22.52770085989082],[114.32007704621059,22.528944111672683]]],[[[114.32005017375401,22.52747743453451],[114.32006776,22.52745897],[114.32005765655629,22.527188322793876],[114.32003974914551,22.527304110185412],[114.32005017375401,22.52747743453451]]],[[[114.320111976693,22.526837094633827],[114.32034064614419,22.526517371319276],[114.32012557983398,22.526749138187725],[114.320111976693,22.526837094633827]]],[[[114.32064056396484,22.52582846198916],[114.32069402,22.5247022],[114.32064056396484,22.524614519702535],[114.32064056396484,22.52582846198916]]],[[[114.32063217800025,22.524600764775375],[114.32056124,22.52448441],[114.32049357882288,22.52447273847754],[114.32063217800025,22.524600764775375]]],[[[114.32030573810023,22.52429922696932],[114.32029016530244,22.524232552857786],[114.32029724121094,22.524291378255498],[114.32030573810023,22.52429922696932]]],[[[114.31900620490732,22.52302504203921],[114.31898866,22.52301078],[114.31881767211239,22.523141143696208],[114.31900620490732,22.52302504203921]]],[[[114.3187442182738,22.523197145989883],[114.31856759,22.52333181],[114.31855809324935,22.523560103689476],[114.3187442182738,22.523197145989883]]],[[[114.31801385118605,22.524621416363072],[114.31794783711912,22.524685948089846],[114.31797981262207,22.52468779410522],[114.31801385118605,22.524621416363072]]],[[[114.3166695301283,22.524612148645346],[114.31622552,22.52452731],[114.31618526767961,22.524691893513086],[114.31660652160645,22.52460851102626],[114.3166695301283,22.524612148645346]]],[[[114.3158945274845,22.524749442271556],[114.31575837,22.52474358],[114.31563297269759,22.524801214106038],[114.3158945274845,22.524749442271556]]],[[[114.31172387207681,22.527581280799637],[114.31171313,22.52758451],[114.31170490928741,22.52759536975495],[114.31172387207681,22.527581280799637]]],[[[114.31114483368992,22.527897972840503],[114.31101359,22.5278756],[114.3106793223063,22.52807437819103],[114.31114483368992,22.527897972840503]]],[[[114.31051448115427,22.52813684467891],[114.30944999,22.52840713],[114.3090807669143,22.528680150110212],[114.31051448115427,22.52813684467891]]],[[[114.3083375181988,22.528961803910313],[114.30809478,22.52901469],[114.3081089728355,22.529052979467902],[114.3083375181988,22.528961803910313]]],[[[114.30805300709538,22.529897314963616],[114.30800104,22.53002343],[114.30800673079793,22.53059546923567],[114.30805300709538,22.529897314963616]]],[[[114.30795954255973,22.5313073816379],[114.30775018,22.53244926],[114.30785681390074,22.532857212892047],[114.30795954255973,22.5313073816379]]],[[[114.30789071688996,22.53298691669543],[114.30797409,22.53330588],[114.30849942332507,22.533791476042804],[114.30802345275879,22.533170820640024],[114.30789071688996,22.53298691669543]]],[[[114.30910698063393,22.534583717733668],[114.30936278,22.53503867],[114.30947312972155,22.535061168285342],[114.30910698063393,22.534583717733668]]],[[[114.3096906231396,22.535105511206293],[114.31005372,22.53517954],[114.31014145962928,22.535060299170095],[114.30999755859375,22.535152761097464],[114.3096906231396,22.535105511206293]]],[[[114.31183484519848,22.53397223407783],[114.31197,22.53391501],[114.31197161621327,22.533884353461893],[114.31183484519848,22.53397223407783]]],[[[114.31244198017117,22.532409859804787],[114.31270327,22.53210536],[114.31268211752898,22.531930500688514],[114.31248910137174,22.532264779169694],[114.31244198017117,22.532409859804787]]],[[[114.31284091128205,22.531772008338606],[114.31317689,22.53173396],[114.31338442,22.53155445],[114.31345792017386,22.531310326554383],[114.31284091128205,22.531772008338606]]],[[[114.31405493543821,22.530122793673396],[114.31413302,22.52987717],[114.3141276522508,22.52951828898057],[114.31405493543821,22.530122793673396]]],[[[114.31742979509642,22.529776916063938],[114.31744507,22.52987187],[114.31796278613665,22.53035128082229],[114.31742979509642,22.529776916063938]]],[[[114.31872519106237,22.532848335438054],[114.31839994,22.53315276],[114.31842706650278,22.53327922029514],[114.31849479675293,22.53309154243007],[114.31872519106237,22.532848335438054]]],[[[114.31802275674879,22.534667287449185],[114.31828872,22.53575007],[114.31827031645577,22.53648826714748],[114.31832313537598,22.535707699328],[114.31802275674879,22.534667287449185]]],[[[114.3182373046875,22.53667008616021],[114.31822468,22.53689599],[114.3182373046875,22.536913963226816],[114.3182373046875,22.53667008616021]]],[[[114.31909326911686,22.537490641407025],[114.31981917,22.53775168],[114.31995218090316,22.537630547875075],[114.3196964263916,22.537689603373494],[114.31909326911686,22.537490641407025]]],[[[114.26711963,22.53884828],[114.2676609,22.53843764],[114.26760886,22.53804566],[114.26717458,22.53824275],[114.26711963,22.53884828]]],[[[114.30758757,22.5420093],[114.30767576910185,22.541970419018114],[114.30692405183069,22.541663421866488],[114.30731155,22.54199047],[114.30758757,22.5420093]]],[[[114.30829694918995,22.54196302820185],[114.30832716,22.54196757],[114.30839562268844,22.54191746077919],[114.30829694918995,22.54196302820185]]],[[[114.30891210293672,22.54167895019499],[114.30892454,22.54168308],[114.30893479169922,22.541668472524226],[114.30891210293672,22.54167895019499]]],[[[114.30782492499014,22.53843676944082],[114.30784165,22.53841491],[114.30742244597565,22.53813698068414],[114.30782492499014,22.53843676944082]]],[[[114.30578671220952,22.53721394899705],[114.30576876,22.53718652],[114.30564247698894,22.53721394899705],[114.30578671220952,22.53721394899705]]],[[[114.30534484380284,22.537367890277707],[114.30529019,22.53741286],[114.30532611158097,22.537529371109255],[114.30534484380284,22.537367890277707]]],[[[114.30565451262048,22.540881721545198],[114.30604015,22.54126003],[114.30664164171243,22.54148953193981],[114.30565451262048,22.540881721545198]]],[[[114.21945601,22.54121858],[114.21903412,22.54118615],[114.22015198,22.54223581],[114.22006056,22.54173473],[114.21945601,22.54121858]]],[[[114.31164941,22.54218205],[114.31199902,22.54204347],[114.31176744,22.54171736],[114.31135577,22.5418979],[114.31164941,22.54218205]]],[[[114.26586027,22.54249627],[114.26585987,22.54166503],[114.26503261,22.54230258],[114.26586027,22.54249627]]],[[[114.33021507,22.54243102],[114.33129216,22.54187083],[114.33109323,22.53962873],[114.32909798,22.54175566],[114.33021507,22.54243102]]],[[[114.22298843,22.54351489],[114.2219379,22.54292557],[114.22160541,22.54313823],[114.22302354,22.54399324],[114.22298843,22.54351489]]],[[[114.224391,22.54358425],[114.22464084,22.54362295],[114.22382366,22.54428393],[114.224391,22.54358425]]],[[[114.26164679,22.54673133],[114.26134835,22.54513327],[114.25944556,22.54467246],[114.2586316,22.54501453],[114.26164679,22.54673133]]],[[[114.26256186,22.55198229],[114.26259389,22.55139678],[114.26053271,22.55158818],[114.26077961,22.55178691],[114.26256186,22.55198229]]],[[[114.26497427,22.55267445],[114.26510252,22.55233964],[114.2646112,22.55241265],[114.26467765,22.55260211],[114.26497427,22.55267445]]],[[[114.26797748,22.55366798],[114.27105237,22.55097239],[114.27070843,22.54981175],[114.26861018,22.55156599],[114.26797748,22.55366798]]],[[[114.29184804,22.55520439],[114.29265529181791,22.55488892827074],[114.29059949395936,22.55509529126958],[114.29156556,22.55532767],[114.29184804,22.55520439]]],[[[114.29266705059838,22.554889090629775],[114.29298857,22.55489353],[114.29358142,22.5543962],[114.29372085,22.55107201],[114.29864744498761,22.55065134220151],[114.29833274047856,22.548834815242667],[114.29719074,22.54826503],[114.29556195,22.54847878],[114.29763793945312,22.548787740233607],[114.29609298706055,22.550056041909315],[114.2918872833252,22.548549932371614],[114.2922306060791,22.54577547703468],[114.29085731506348,22.54577547703468],[114.29248619073783,22.542620457634357],[114.2863539,22.54704237],[114.29008954,22.54802936],[114.29036304,22.54565139],[114.29181674,22.54947247],[114.28990851,22.55009102],[114.28832584,22.55303361],[114.28975772394074,22.5541513371896],[114.29017066955566,22.551007260515718],[114.29317474365234,22.5514035996663],[114.29266705059838,22.554889090629775]]],[[[114.29945639726527,22.550688545085972],[114.30087705,22.55059431],[114.30127991836974,22.550501423224315],[114.29945639726527,22.550688545085972]]],[[[114.30246576189592,22.55058314794544],[114.30253817,22.55067523],[114.30259550377643,22.550607112351983],[114.30246576189592,22.55058314794544]]],[[[114.30475259458215,22.55060734457248],[114.30508225,22.55138964],[114.30542738,22.55144756],[114.30559876047212,22.55123018790171],[114.30475259458215,22.55060734457248]]],[[[114.30759751756075,22.550610920226646],[114.30765098,22.55064549],[114.30770476060077,22.550610920226646],[114.30759751756075,22.550610920226646]]],[[[114.30906226921525,22.55043755756433],[114.30923100500867,22.550375018036103],[114.30922508239746,22.55037311550673],[114.30906226921525,22.55043755756433]]],[[[114.30979625846872,22.55055659526168],[114.30991852,22.5507304],[114.31110365108874,22.55097657097427],[114.30979625846872,22.55055659526168]]],[[[114.31122022335377,22.551000784926913],[114.31125881,22.5510088],[114.31134860559845,22.550961262900266],[114.31122022335377,22.551000784926913]]],[[[114.31425337249296,22.550272210070915],[114.31427934,22.55029984],[114.31495151801055,22.550522953093463],[114.31425337249296,22.550272210070915]]],[[[114.31497975982633,22.55053232727528],[114.31500628,22.55054113],[114.31502821882036,22.550540464343367],[114.31497975982633,22.55053232727528]]],[[[114.31586121886636,22.550680338854264],[114.31589137,22.55069673],[114.31590874662733,22.550688319552886],[114.31586121886636,22.550680338854264]]],[[[114.31602335497536,22.55063284806054],[114.31638384,22.55045837],[114.31640445810794,22.5504216689836],[114.31602335497536,22.55063284806054]]],[[[114.31696163031658,22.55011292548961],[114.31713108,22.55006464],[114.31714119923636,22.550013421718884],[114.31696163031658,22.55011292548961]]],[[[114.31715336393961,22.549951850354454],[114.31715857,22.5499255],[114.31676882115437,22.549774278844698],[114.31715336393961,22.549951850354454]]],[[[114.31557999588358,22.549959105978708],[114.31510296680567,22.549738032901242],[114.31549072265625,22.54997677339611],[114.31557999588358,22.549959105978708]]],[[[114.31480778997945,22.549556293124898],[114.31471037101079,22.549475704550208],[114.31471824645996,22.54950116136061],[114.31480778997945,22.549556293124898]]],[[[114.31453235719465,22.548941022498067],[114.31452916,22.54890042],[114.31445070979227,22.54891086022292],[114.31453235719465,22.548941022498067]]],[[[114.31416358227985,22.54880478925461],[114.31421379457132,22.548609747416116],[114.31411743164062,22.548787740233607],[114.31416358227985,22.54880478925461]]],[[[114.3134878957725,22.548318755475883],[114.3133265,22.54828078],[114.31321931289038,22.548380768326282],[114.3134878957725,22.548318755475883]]],[[[114.31307627018369,22.54825698296962],[114.3130746,22.54823925],[114.3130552921261,22.548227921328362],[114.31307627018369,22.54825698296962]]],[[[114.31286000351034,22.54811333799233],[114.31276061,22.54805502],[114.31249365244285,22.548009231316755],[114.31286000351034,22.54811333799233]]],[[[114.31156603940813,22.54759038167372],[114.31157933,22.54744713],[114.31140817431539,22.547468883300322],[114.31156603940813,22.54759038167372]]],[[[114.31138135355113,22.54740135270482],[114.31150547,22.54731021],[114.31149943,22.54713556],[114.3114451814568,22.54716555622938],[114.31138135355113,22.54740135270482]]],[[[114.31070889507502,22.54735328568559],[114.31067446,22.54734291],[114.3106174560076,22.54748417875617],[114.31068420410156,22.547360886914404],[114.31070889507502,22.54735328568559]]],[[[114.30803956501354,22.54816818406609],[114.30808136,22.54811673],[114.30804815196261,22.54804922562953],[114.30803956501354,22.54816818406609]]],[[[114.30808264393647,22.547571394533467],[114.30824913,22.5472807],[114.30810115341842,22.547314975284213],[114.30808264393647,22.547571394533467]]],[[[114.30803721183698,22.54720234674602],[114.30800455,22.54713646],[114.30759483003801,22.54720234674602],[114.30803721183698,22.54720234674602]]],[[[114.30546461873826,22.546248605864267],[114.30550924,22.54615599],[114.30519091695064,22.54561664856627],[114.30546461873826,22.546248605864267]]],[[[114.30507228789521,22.545342742801992],[114.30507932,22.54532095],[114.30506101226825,22.5453167082086],[114.30507228789521,22.545342742801992]]],[[[114.30374380249216,22.544890712547495],[114.30373252,22.54487147],[114.30371272169543,22.544882674986965],[114.30374380249216,22.544890712547495]]],[[[114.30075507449614,22.546883672270596],[114.30065111,22.54693079],[114.30055399104567,22.5470018537792],[114.30075507449614,22.546883672270596]]],[[[114.2954453364341,22.54843843686396],[114.29484787,22.54778026],[114.29436295,22.54611032],[114.29437637329102,22.547915776069402],[114.2954453364341,22.54843843686396]]],[[[114.294148384792,22.547066808585967],[114.29365103,22.54661885],[114.29353242766636,22.54391907243102],[114.29343223571777,22.54648891373442],[114.294148384792,22.547066808585967]]],[[[114.29360828058107,22.543743931014195],[114.29400595,22.54405264],[114.2940271157008,22.544027394132915],[114.29363822933314,22.543674780515612],[114.29360828058107,22.543743931014195]]],[[[114.296491456445,22.543490770007878],[114.29717565,22.54321674],[114.29720476215286,22.54316136911327],[114.296491456445,22.543490770007878]]],[[[114.2972103782526,22.54315068737414],[114.29737562,22.5428364],[114.29728357776256,22.54274504612509],[114.2972103782526,22.54315068737414]]],[[[114.29745379863068,22.541801752849054],[114.29757076,22.54162662],[114.29755094131065,22.541263428507005],[114.29745379863068,22.541801752849054]]],[[[114.29754694418307,22.54119017831818],[114.29753186,22.54091375],[114.29752439909225,22.54089865892542],[114.29754694418307,22.54119017831818]]],[[[114.29746782342404,22.54016710700679],[114.29801774,22.53992892],[114.29800818563152,22.539896868443808],[114.29746627807617,22.54014712487958],[114.29746782342404,22.54016710700679]]],[[[114.29865389263203,22.539598676748735],[114.29865582,22.53959884],[114.29865607605319,22.53959766843063],[114.29865389263203,22.539598676748735]]],[[[114.2991130230781,22.538742228812577],[114.29958577,22.53852775],[114.29959143215933,22.538473264430817],[114.2991130230781,22.538742228812577]]],[[[114.29985912506152,22.538322765916543],[114.30054954,22.53816146],[114.30047699685058,22.53797539478529],[114.29985912506152,22.538322765916543]]],[[[114.30102392927331,22.537440084148674],[114.30116714,22.53709223],[114.3016885070315,22.53679255576447],[114.30107116699219,22.537134673108326],[114.30102392927331,22.537440084148674]]],[[[114.30197706841088,22.536571096661184],[114.30218515,22.5364826],[114.3021490527175,22.536253394472862],[114.30197706841088,22.536571096661184]]],[[[114.30229246118229,22.535988479702535],[114.3024336452469,22.535869581642466],[114.3023414611639,22.53589796329616],[114.30229246118229,22.535988479702535]]],[[[114.30247706891276,22.53585621235563],[114.30256481463094,22.53583695378835],[114.30251802658104,22.535843602300623],[114.30247706891276,22.53585621235563]]],[[[114.30347509891371,22.535709407847136],[114.30345752,22.53576694],[114.3034817485349,22.535726297913833],[114.30347509891371,22.535709407847136]]],[[[114.3039140406963,22.536579740612822],[114.30392161,22.53659889],[114.30403311851147,22.536579740612822],[114.3039140406963,22.536579740612822]]],[[[114.30471422150353,22.536799943568113],[114.30473286,22.5368296],[114.30530646591015,22.536526434886483],[114.30471422150353,22.536799943568113]]],[[[114.30562192368029,22.53566246684198],[114.30569831,22.53551958],[114.30568903940947,22.53544549931171],[114.30562192368029,22.53566246684198]]],[[[114.30566596017069,22.5352610746096],[114.30565308,22.53515815],[114.30562123103114,22.535116475883463],[114.30566596017069,22.5352610746096]]],[[[114.30464649714469,22.532244152902653],[114.30464845,22.53221846],[114.30461373795882,22.532183635928888],[114.30464649714469,22.532244152902653]]],[[[114.30439163027032,22.53196081140823],[114.30432621,22.53189518],[114.3042111743487,22.531927475206725],[114.30439163027032,22.53196081140823]]],[[[114.30390227988259,22.532014194502228],[114.30379223,22.53204509],[114.30362720535311,22.53219204809797],[114.30390227988259,22.532014194502228]]],[[[114.30010548159815,22.5343044607321],[114.30068275,22.53460457],[114.30085394711526,22.53458098860528],[114.30010548159815,22.5343044607321]]],[[[114.3009289079374,22.53457066319336],[114.30136527,22.5341697],[114.30135628530606,22.53411212351291],[114.30132865905762,22.53420143322792],[114.3009289079374,22.53457066319336]]],[[[114.30201275390648,22.533978513354143],[114.30219034590155,22.53407097502748],[114.30218696594238,22.534042877945794],[114.30201275390648,22.533978513354143]]],[[[114.30220547706804,22.53419675809143],[114.30214712,22.53427153],[114.30225226626735,22.534585709521718],[114.30220547706804,22.53419675809143]]],[[[114.30226779046885,22.534714759825427],[114.30205967,22.53481637],[114.30202859330426,22.534906746925078],[114.30227279663086,22.53475637528163],[114.30226779046885,22.534714759825427]]],[[[114.30182999289447,22.535025327292903],[114.30180178,22.53501277],[114.30146886436776,22.535085973547968],[114.30182999289447,22.535025327292903]]],[[[114.30004784787616,22.535482151754973],[114.30004141,22.53549619],[114.30009089599233,22.53556167361592],[114.30004784787616,22.535482151754973]]],[[[114.29938687733433,22.537046456643836],[114.29921654,22.53711397],[114.29919111226941,22.53715113907436],[114.29938687733433,22.537046456643836]]],[[[114.29875373840332,22.536797104955287],[114.29880366,22.53647838],[114.29875373840332,22.536441886525317],[114.29875373840332,22.536797104955287]]],[[[114.2984051483923,22.535732024562453],[114.29841211,22.53571954],[114.29840809879526,22.535718399018435],[114.2984051483923,22.535732024562453]]],[[[114.29823440373315,22.53566899170163],[114.29782794,22.53540932],[114.29723301994328,22.535448772580025],[114.29823440373315,22.53566899170163]]],[[[114.296577801272,22.535329892584027],[114.29653731,22.53531082],[114.2963727716216,22.535456141976322],[114.296577801272,22.535329892584027]]],[[[114.29600023352074,22.53530715491001],[114.29595496,22.53479104],[114.29577296625396,22.53451997606842],[114.29600023352074,22.53530715491001]]],[[[114.29397934427057,22.53401700934464],[114.29396497,22.53404329],[114.29437637329102,22.53467709798194],[114.29397934427057,22.53401700934464]]],[[[114.29344654597644,22.534760443964554],[114.29342669,22.53471162],[114.29333560294053,22.534681619084132],[114.29344654597644,22.534760443964554]]],[[[114.29019829179224,22.53368882053844],[114.28980417,22.53374786],[114.28966109348151,22.53384669749424],[114.29019829179224,22.53368882053844]]],[[[114.28605611017817,22.53312045695921],[114.28583928,22.53367077],[114.2858424353394,22.533870433574933],[114.28605611017817,22.53312045695921]]],[[[114.28770388050422,22.536600783058493],[114.28784213,22.53683618],[114.28783483310536,22.53693091588931],[114.2878532409668,22.53681756909829],[114.28770388050422,22.536600783058493]]],[[[114.28770397314774,22.537736688809705],[114.28751607,22.53810313],[114.28757749,22.53845587],[114.28776356200952,22.53846950861582],[114.28770397314774,22.537736688809705]]],[[[114.28908446329179,22.538799184941844],[114.28918001,22.53879182],[114.28922014615496,22.538761589102066],[114.28908446329179,22.538799184941844]]],[[[114.29182970694526,22.540286101161588],[114.2919054,22.54032673],[114.29212780249479,22.54007960793873],[114.29182970694526,22.540286101161588]]],[[[114.29211600384212,22.539993443908113],[114.2918702,22.5390738],[114.29172965513756,22.5389942985881],[114.29211600384212,22.539993443908113]]],[[[114.29176906293739,22.538661851807863],[114.29183665896544,22.538478743986104],[114.29180145263672,22.538482357026055],[114.29176906293739,22.538661851807863]]],[[[114.29235611838462,22.538425434603898],[114.29386820989318,22.538744632000817],[114.29257392883301,22.538403081865624],[114.29235611838462,22.538425434603898]]],[[[114.29479606817749,22.538801204434645],[114.29480154,22.53881786],[114.29459472200904,22.539275250901607],[114.2948055267334,22.53903728187443],[114.2948055267334,22.538799457212534],[114.29479606817749,22.538801204434645]]],[[[114.29428416039003,22.539625831499734],[114.29423324,22.53964364],[114.29384560032307,22.5401209044295],[114.29428416039003,22.539625831499734]]],[[[114.29023998834077,22.55477486669477],[114.29038015,22.55504253],[114.29046229285257,22.555062288744217],[114.29023998834077,22.55477486669477]]],[[[114.16387644,22.55917972],[114.16755134,22.56121539],[114.17100811,22.55960942],[114.1770277,22.55974549],[114.17772201,22.5556762],[114.18099633,22.55414684],[114.18168904,22.5554536],[114.18660148,22.55460447],[114.18774098,22.55569006],[114.18960112,22.55417816],[114.1922378540039,22.55544619396801],[114.1893196105957,22.554019409505656],[114.18777465820312,22.555208397582405],[114.18721794665689,22.55183536973882],[114.18245315551758,22.553623077869517],[114.18485641479492,22.55354381140566],[114.18468475341797,22.55481206936213],[114.18185234069824,22.55433647399478],[114.18305397033691,22.55267187729733],[114.18116569519043,22.551324331927262],[114.18322563171387,22.55076945647889],[114.18408393859863,22.546092560467656],[114.1871714114646,22.54474508296822],[114.17962074279785,22.546013289677703],[114.18013572692871,22.547915776069402],[114.17841911315918,22.548946278580573],[114.17524337768555,22.547836506326718],[114.17962074279785,22.55037311550673],[114.17756080627441,22.550056041909315],[114.18013572692871,22.55378161066062],[114.17498588562012,22.55433647399478],[114.17738914489746,22.55671443443474],[114.17352676391602,22.557269285972325],[114.1713809967041,22.555683989943702],[114.16854858398438,22.557348550295487],[114.16597366333008,22.55433647399478],[114.16889190673828,22.554970600786874],[114.16803359985352,22.55338527834131],[114.17146682739258,22.552275541790024],[114.1710376739502,22.550927992548978],[114.16683197021484,22.552830411181446],[114.16348457336426,22.551879205144175],[114.16374206542969,22.54680599552823],[114.17163848876953,22.549659698887936],[114.16726112365723,22.5514035996663],[114.17120933532715,22.55057128567404],[114.17387008666992,22.549104816745412],[114.17455673217773,22.54577547703468],[114.17816162109375,22.543714416963454],[114.17790412902832,22.542525329845404],[114.18033957507265,22.544388229047488],[114.17850494384766,22.54204969213002],[114.18425559997559,22.538640907210322],[114.18176651000977,22.537689603373494],[114.18288230895996,22.5370553971741],[114.17678833007812,22.535866252698526],[114.17421340942383,22.53919583142141],[114.17584419250488,22.53832380665969],[114.17678833007812,22.539116556670677],[114.17361259460449,22.5400678506751],[114.17181015014648,22.538006705380738],[114.17335510253906,22.53776887894358],[114.1739559173584,22.53681756909829],[114.17146682739258,22.53721394899705],[114.17069435119629,22.53475637528163],[114.17421340942383,22.534439265809723],[114.17035102844238,22.533884322481626],[114.17223930358887,22.52793836116693],[114.1695785522461,22.53007893672897],[114.16743278503418,22.529444695576387],[114.16923522949219,22.529365415227545],[114.16923522949219,22.52770051739013],[114.16434288024902,22.529048293377087],[114.16254043579102,22.527383391717365],[114.16254043579102,22.526352728252903],[114.1644287109375,22.5278590799535],[114.1670036315918,22.525639187503714],[114.1647720336914,22.524212094949064],[114.16193962097168,22.52508420881749],[114.16133880615234,22.52373639415501],[114.16271209716797,22.52167500512131],[114.16563034057617,22.522626419266118],[114.16468620300293,22.520485728227968],[114.16751861572266,22.52175428988359],[114.1670036315918,22.519455013307635],[114.16829109191895,22.518582863908875],[114.17078018188477,22.51969287127929],[114.169921875,22.520723584425482],[114.17146682739258,22.51961358533424],[114.17206764221191,22.52001001460465],[114.17078018188477,22.521040725385305],[114.17232513427734,22.523102123881813],[114.17292594909668,22.520485728227968],[114.17447090148926,22.520168585994384],[114.17361259460449,22.522784987653324],[114.17524337768555,22.522071428477787],[114.17610168457031,22.52579775243315],[114.17773246765137,22.524529227901823],[114.17987823486328,22.524767077138662],[114.17982102688366,22.527039821622044],[114.1823673248291,22.52643201033088],[114.1820240020752,22.528889732178826],[114.17910575866699,22.528176204534205],[114.17970657348633,22.52928613483317],[114.18331146240234,22.529902758813048],[114.18365478515625,22.528414047491935],[114.18554306030273,22.528651890040138],[114.18442726135254,22.52801764233486],[114.18588638305664,22.526511292363338],[114.19120788574219,22.529761816516725],[114.19206619262695,22.52920685439331],[114.18923377990723,22.528414047491935],[114.18923377990723,22.526907701843143],[114.19172286987305,22.52857260923625],[114.19120788574219,22.526828420038186],[114.19258117675781,22.525639187503714],[114.19326782226562,22.525480622392294],[114.19395446777344,22.525639187503714],[114.19489860534668,22.527621236040204],[114.19575691223145,22.528334766551538],[114.19464111328125,22.52857260923625],[114.19515609741211,22.531030292997073],[114.19361650945105,22.53116572858709],[114.19541358947754,22.531505968673727],[114.19365544559822,22.532480331685267],[114.19429076541219,22.533414216808485],[114.1970443725586,22.53277442913513],[114.19661521911621,22.531109572390278],[114.19790267944336,22.53079245454441],[114.20039176940918,22.532457315112012],[114.2003059387207,22.534597820636705],[114.202880859375,22.53277442913513],[114.20673179626081,22.53896328897017],[114.20674324035645,22.534994206907683],[114.20974731445312,22.538006705380738],[114.2109489440918,22.536738292981966],[114.21249389648438,22.53832380665969],[114.20888900756836,22.53983002778854],[114.21103477478027,22.54022639903853],[114.21009063720703,22.541574052775715],[114.21309471130371,22.544110777059757],[114.2112922668457,22.544348592571183],[114.21051979064941,22.544824222364767],[114.21326637268066,22.544190048942426],[114.21300888061523,22.54189114586069],[114.21438217163086,22.544348592571183],[114.21669960021973,22.54395223315781],[114.21549797058105,22.54712307659352],[114.21515464782715,22.54553766398186],[114.21360969543457,22.54514130798323],[114.21524047851562,22.54720234674602],[114.21383991788571,22.550191459208026],[114.21944618225098,22.548867009429856],[114.22145205166935,22.551691335418603],[114.22419983,22.55090868],[114.22690387,22.54800808],[114.22539933,22.54526523],[114.22769476,22.54138515],[114.22420915,22.54463003],[114.21861061,22.54437052],[114.21946597,22.54351466],[114.21489349,22.54003414],[114.21562659,22.53891983],[114.21103477478027,22.536738292981966],[114.21060562133789,22.535232038124093],[114.21180725097656,22.535232038124093],[114.21245225342946,22.534364262060336],[114.20903294,22.53510037],[114.20843023,22.53230254],[114.20965154,22.53158101],[114.20836953,22.52939576],[114.20851854,22.52678847],[114.20798452598545,22.526121906430173],[114.2083740234375,22.529682536349895],[114.20562744140625,22.532536593686046],[114.20236587524414,22.529682536349895],[114.20356750488281,22.529523975879727],[114.19644355773926,22.528651890040138],[114.19635772705078,22.52659057435031],[114.19524192810059,22.52770051739013],[114.19404029846191,22.525480622392294],[114.19309616088867,22.52532205709886],[114.19052124023438,22.525480622392294],[114.18880462646484,22.522626419266118],[114.18949127197266,22.5240535281997],[114.18803215026855,22.524212094949064],[114.18717384338379,22.520882154996386],[114.18356895446777,22.51913786870857],[114.18399810791016,22.517076411074243],[114.1834831237793,22.518186430544446],[114.18176651000977,22.5163628224213],[114.18150901794434,22.51897929613611],[114.17756080627441,22.521357865617233],[114.17644500732422,22.519772157178863],[114.17773246765137,22.517314273139817],[114.17532920837402,22.518107143735094],[114.17524337768555,22.517552134796006],[114.17953491210938,22.512636244044614],[114.182153231629,22.5149053424198],[114.180908203125,22.513032693328284],[114.18219566345215,22.513825588484636],[114.18271064758301,22.512636244044614],[114.18107986450195,22.510416107045344],[114.18310546951787,22.50922673327264],[114.17953491210938,22.50859239641028],[114.18047904968262,22.50684795503311],[114.18271064758301,22.50676866172033],[114.18065071105957,22.50613431358117],[114.18084111338048,22.50449752968447],[114.17884826660156,22.504865608573],[114.17841911315918,22.502248867734536],[114.17962074279785,22.503517596748452],[114.17953491210938,22.502407459497746],[114.17807579040527,22.499711374792128],[114.17764663696289,22.499869969464825],[114.17622285672718,22.49897250578988],[114.17713165283203,22.500900830405058],[114.17610168457031,22.502645346801614],[114.17172431945801,22.499711374792128],[114.17318344116211,22.502248867734536],[114.17352676391602,22.505024197335544],[114.17764663696289,22.50859239641028],[114.17756080627441,22.510653980572073],[114.17550086975098,22.510336815778814],[114.17035102844238,22.50700654152226],[114.17086601257324,22.50605501985916],[114.17078018188477,22.505262080138394],[114.16906356811523,22.505658550567134],[114.17032699590253,22.503219445791988],[114.16949272155762,22.501852387530874],[114.169921875,22.501218016841037],[114.17052537147964,22.50115606647486],[114.17069435119629,22.500821533682426],[114.17078018188477,22.50018715826471],[114.17045900894396,22.49966788898921],[114.17060852050781,22.500900830405058],[114.16889190673828,22.49931488731488],[114.16623115539551,22.500266455351024],[114.16708946228027,22.502090275789456],[114.16563034057617,22.503041824732136],[114.16597366333008,22.501218016841037],[114.1640853881836,22.502486755311168],[114.16494369506836,22.50050434633725],[114.16176795959473,22.49915629200578],[114.16176795959473,22.501614498863148],[114.16030883789062,22.500583643241725],[114.1615104675293,22.49939418490125],[114.15618896484375,22.495270650136177],[114.15181159973145,22.49566714920438],[114.15206909179688,22.4938432440823],[114.15138244628906,22.49566714920438],[114.14915084838867,22.49566714920438],[114.14992332458496,22.493605341641654],[114.14794921875,22.495508549713463],[114.14777755737305,22.492891631865533],[114.15138244628906,22.49170210739146],[114.15112495422363,22.488292080563298],[114.15327072143555,22.489878150004984],[114.15474850204355,22.48903684582285],[114.15144286,22.48822546],[114.15232655,22.48631885],[114.15119117,22.48553183],[114.15331673,22.48398975],[114.15306033773456,22.48181266149758],[114.1519832611084,22.48448543974679],[114.14743423461914,22.484961275573852],[114.1476058959961,22.482820001471737],[114.14614677429199,22.483930295881322],[114.14451599121094,22.481709698157587],[114.14340019226074,22.48305792245199],[114.14365768432617,22.481665087539355],[114.14194107055664,22.482899308510582],[114.14182349498346,22.480462497372486],[114.13970947265625,22.482344158284576],[114.13507461547852,22.48020284370334],[114.1380786895752,22.484247521219928],[114.1355037689209,22.485040581386002],[114.13790702819824,22.486943907246896],[114.13687705993652,22.486626688087554],[114.13825035095215,22.488847206935475],[114.13799285888672,22.48924372440952],[114.13567543029785,22.488292080563298],[114.13670539855957,22.491226294738752],[114.1314697265625,22.48908511755623],[114.13095474243164,22.48789556036283],[114.12940979003906,22.48876790330435],[114.12738679336056,22.484554707095064],[114.12760734558105,22.486309468201227],[114.12425994873047,22.485833637008596],[114.12400245666504,22.479806300331802],[114.12271499633789,22.47972699152122],[114.12220001220703,22.482185543525404],[114.12117004394531,22.480599385939186],[114.12108421325684,22.482661387257735],[114.11885261535645,22.480044226491017],[114.11876678466797,22.48575433165081],[114.11705017089844,22.486388773240947],[114.11567687988281,22.484723357864794],[114.11833763122559,22.487974864493808],[114.11779935027472,22.489971613925242],[114.12031173706055,22.490750480450018],[114.12348747253418,22.492891631865533],[114.12271499633789,22.498521908951076],[114.11541938781738,22.501614498863148],[114.11550521850586,22.497253134114104],[114.11258697509766,22.49669804146383],[114.11190032958984,22.494398348186408],[114.1094970703125,22.493605341641654],[114.10443305969238,22.495349950040705],[114.10417556762695,22.494319047736454],[114.10683631896973,22.489323027767995],[114.11009788513184,22.487736951964564],[114.1153335571289,22.48908511755623],[114.11541938781738,22.487419734622762],[114.10460472106934,22.48654738318413],[114.11147117614746,22.484961275573852],[114.11087036132812,22.483375149789623],[114.11318778991699,22.481789005832454],[114.1161060333252,22.483454456510458],[114.11619186401367,22.481471774860353],[114.1153335571289,22.482423465596014],[114.11293029785156,22.48020284370334],[114.11722183227539,22.479885609096968],[114.11747932434082,22.478616663403272],[114.11327362060547,22.475761493075666],[114.11960250478269,22.472810253860807],[114.11962509155273,22.472113134217395],[114.11593437194824,22.473461451947287],[114.11447525024414,22.47314420189754],[114.1153335571289,22.472509699618058],[114.11507606506348,22.472192447388366],[114.11224365234375,22.47393732565942],[114.11250114440918,22.472271760513905],[114.11121368408203,22.472192447388366],[114.1096074241812,22.474413197736524],[114.11026954650879,22.476237358884916],[114.1091537475586,22.474651133161927],[114.10932540893555,22.476633912476885],[114.10786628723145,22.47734770608085],[114.10683631896973,22.476792533595713],[114.10889625549316,22.472985576600166],[114.10829544067383,22.472113134217395],[114.1080379486084,22.471002745055443],[114.10920994529401,22.469484820767626],[114.10827381978989,22.469277809266785],[114.10589218139648,22.473382139502988],[114.10391807556152,22.47163725423792],[114.10383224487305,22.47377870127039],[114.10160064697266,22.473064889271555],[114.09876823425293,22.475364936985557],[114.10151481628418,22.475364936985557],[114.10168647766113,22.47734770608085],[114.10039901733398,22.477030464933307],[114.09936904907227,22.477109775288326],[114.10160064697266,22.477506326382084],[114.10160064697266,22.479806300331802],[114.1010856628418,22.477427016254182],[114.0985107421875,22.477982186195618],[114.09919738769531,22.475761493075666],[114.09756660461426,22.477109775288326],[114.09387588500977,22.47599942618467],[114.09567832946777,22.47695115453287],[114.09430503845215,22.477268395862097],[114.09387588500977,22.478378734791107],[114.09722328186035,22.47853735391132],[114.09945487976074,22.48099592703933],[114.09765243530273,22.482185543525404],[114.09919738769531,22.483137229354554],[114.0973949432373,22.485992247587873],[114.0944766998291,22.48488196971627],[114.0959358215332,22.486309468201227],[114.09361839294434,22.48860929590576],[114.09464836120605,22.491067690157607],[114.09323828960277,22.491135664117124],[114.09722328186035,22.493050234356133],[114.09765243530273,22.495429249899814],[114.10237312316895,22.498521908951076],[114.1028881072998,22.500107861132918],[114.10177230834961,22.498284014555537],[114.0985107421875,22.498680504987504],[114.09679412841797,22.496856639591186],[114.09318923950195,22.497649627500678],[114.09138679504395,22.495032750149818],[114.09087181091309,22.498204716332765],[114.09936904907227,22.499949266732983],[114.09936904907227,22.502010979748718],[114.09482002258301,22.500583643241725],[114.09482002258301,22.502328163638865],[114.09241676330566,22.500107861132918],[114.09136783,22.50485225],[114.0893111,22.50448261],[114.08966424,22.50835776],[114.09173011779785,22.50700654152226],[114.09361839294434,22.507799471239835],[114.09430503845215,22.510812562695833],[114.093017578125,22.512319083799056],[114.09507751464844,22.511526180001724],[114.0959358215332,22.512953403562506],[114.09421920776367,22.513984166970133],[114.09696578979492,22.51549065350885],[114.09842491149902,22.514697767903584],[114.09670829772949,22.51620424666477],[114.09584999084473,22.515569941819223],[114.09499168395996,22.515569941819223],[114.09756660461426,22.516838548599296],[114.09700711571034,22.518806040404275],[114.09782409667969,22.51771070900604],[114.09859657287598,22.517631421923767],[114.0999698638916,22.518503577326968],[114.0985107421875,22.516997123628073],[114.09928321838379,22.515411365152985],[114.10374641418457,22.52127858062751],[114.10357475280762,22.518900009781632],[114.10408973693848,22.52001001460465],[114.10572052001953,22.521199295592254],[114.1036605834961,22.518582863908875],[114.10614967346191,22.519296441099087],[114.10417556762695,22.517472847622756],[114.10700798034668,22.517472847622756],[114.10460472106934,22.516838548599296],[114.10597801208496,22.516679973388563],[114.10469055175781,22.514539190236746],[114.10683631896973,22.51334985193658],[114.10820960998535,22.51477705666879],[114.10683631896973,22.515966382688816],[114.10975456237793,22.515569941819223],[114.11069869995117,22.516283534565773],[114.11026954650879,22.51842429069957],[114.11164283752441,22.517552134796006],[114.11318778991699,22.51921715492658],[114.11087036132812,22.51969287127929],[114.11267280578613,22.52008930032227],[114.11138534545898,22.520644299071805],[114.11224365234375,22.52167500512131],[114.10901168314426,22.52305564720599],[114.11087036132812,22.524212094949064],[114.10932540893555,22.5240535281997],[114.1098403930664,22.5278590799535],[114.10443305969238,22.527304110185412],[114.10451889038086,22.526352728252903],[114.10237312316895,22.52555990497075],[114.09945487976074,22.52222999750191],[114.10177230834961,22.51969287127929],[114.09765243530273,22.52008930032227],[114.09790992736816,22.518662150445294],[114.09687995910645,22.520168585994384],[114.09936904907227,22.520327157202146],[114.09627914428711,22.524132811597127],[114.09490585327148,22.5240535281997],[114.09533500671387,22.52579775243315],[114.09936904907227,22.529841096638037],[114.10228729248047,22.529841096638037],[114.10237312316895,22.531585247793885],[114.10245895385742,22.530475335970394],[114.10722255706787,22.531426689303252],[114.10632133483887,22.53079245454441],[114.10923957824707,22.528889732178826],[114.10786628723145,22.532615872214592],[114.10465749,22.53460231],[114.10789655,22.53345082],[114.11002281,22.53030388],[114.11256529,22.52964175],[114.1155526,22.53101959],[114.11687304,22.53421698],[114.12233796,22.53538809],[114.12145685,22.53696742],[114.12284229,22.5383892],[114.12725914,22.53928419],[114.13042372,22.54190819],[114.13429508,22.54111676],[114.13817786,22.54355923],[114.14427303,22.5421342],[114.14451664,22.5408961],[114.14857718,22.54191007],[114.14867726,22.54423297],[114.15199345,22.54701244],[114.15129018,22.54817211],[114.14983964,22.54715222],[114.14952669,22.54879409],[114.15198907,22.55489784],[114.15616394,22.55450743],[114.16109721,22.56189154],[114.16387644,22.55917972]],[[114.1670036315918,22.53784815446815],[114.16743278503418,22.53832380665969],[114.17052268981934,22.537610327757875],[114.17060852050781,22.53903728187443],[114.16571617126465,22.540939864420594],[114.1644287109375,22.54625110191094],[114.1640853881836,22.54363514480761],[114.15833473205566,22.542921693356277],[114.16048049926758,22.54204969213002],[114.15936470031738,22.541177685395198],[114.15816307067871,22.54189114586069],[114.15550231933594,22.541098411782528],[114.15962219238281,22.540305673151977],[114.16468620300293,22.542842420745146],[114.1644287109375,22.54046422124226],[114.1618537902832,22.53935438078632],[114.1670036315918,22.53784815446815]],[[114.1670036315918,22.53784815446815],[114.16657447814941,22.5374517763901],[114.16743278503418,22.535866252698526],[114.16691780090332,22.537134673108326],[114.16820526123047,22.537134673108326],[114.1670036315918,22.53784815446815]],[[114.13507461547852,22.53277442913513],[114.13722038269043,22.531426689508052],[114.13799285888672,22.529999656744167],[114.13962364196777,22.530475335970394],[114.14322853088379,22.53531131510519],[114.14125442504883,22.535866252698526],[114.14434432983398,22.536183358893382],[114.14468765258789,22.536976121194343],[114.1464900970459,22.536896845169082],[114.1464900970459,22.53784815446815],[114.14228439331055,22.539671478969893],[114.14202690124512,22.541177685395198],[114.13979530334473,22.540939864420594],[114.14159774780273,22.541574052775715],[114.14142608642578,22.542208238217256],[114.13945198059082,22.54204969213002],[114.13893699645996,22.539671478969893],[114.13756370544434,22.54014712487958],[114.13859367370605,22.53776887894358],[114.13679122924805,22.53832380665969],[114.13928031921387,22.53650046435996],[114.13498878479004,22.53554914577542],[114.13679122924805,22.53412215560961],[114.13507461547852,22.534359988327964],[114.13507461547852,22.53277442913513]],[[114.13507461547852,22.53277442913513],[114.13370132446289,22.534835652535833],[114.13275718688965,22.532615872214592],[114.12880897521973,22.530713174969165],[114.1325855255127,22.528493328386844],[114.13121223449707,22.525877034829605],[114.13189888000488,22.52389496126834],[114.13086891174316,22.523815677734433],[114.1285514831543,22.525956317180572],[114.12795066833496,22.526194163960483],[114.12880897521973,22.523974244756772],[114.12777900695801,22.526194163960483],[114.12237167358398,22.521992143897464],[114.12400245666504,22.520327157202146],[114.12520408630371,22.52302283989293],[114.1285514831543,22.522467850696913],[114.12571907043457,22.52357782685968],[114.12752151489258,22.52373639415501],[114.12734985351562,22.525401339768322],[114.12932395935059,22.52294355585856],[114.13610458374023,22.52373639415501],[114.13593292236328,22.524925643069068],[114.13172721862793,22.524767077138662],[114.13413047790527,22.52770051739013],[114.13301467895508,22.530158216668283],[114.13722038269043,22.53079245454441],[114.13507461547852,22.53277442913513]],[[114.10606384277344,22.51168476112501],[114.10760879516602,22.509306025175803],[114.1083812713623,22.513825588484636],[114.1065788269043,22.512953403562506],[114.10563468933105,22.51311198304856],[114.10606384277344,22.51168476112501]],[[114.10194396972656,22.528255485565623],[114.10185813903809,22.526194163960483],[114.1043472290039,22.528255485565623],[114.10580635070801,22.52754195464476],[114.10443305969238,22.53039605621312],[114.10245895385742,22.53039605621312],[114.10194396972656,22.528255485565623]],[[114.10022735595703,22.48480266381324],[114.1014289855957,22.48757834338454],[114.09911155700684,22.48654738318413],[114.10022735595703,22.48781625618642],[114.0981674194336,22.489164421005583],[114.09790992736816,22.491940013104298],[114.09584999084473,22.490353967293018],[114.09928321838379,22.487974864493808],[114.09773826599121,22.48654738318413],[114.09842491149902,22.484961275573852],[114.10022735595703,22.48480266381324]],[[114.15215492248535,22.54189114586069],[114.14889335632324,22.539909302129587],[114.15575981140137,22.53983002778854],[114.1519832611084,22.540305673151977],[114.15369987487793,22.541653326115238],[114.15215492248535,22.54189114586069]],[[114.15593147277832,22.547836506326718],[114.1560173034668,22.550610920226646],[114.15275573730469,22.548391393569275],[114.15550231933594,22.546013289677703],[114.1574764251709,22.547995045766555],[114.15593147277832,22.547836506326718]],[[114.15936470031738,22.5456962060626],[114.15936470031738,22.543872961138547],[114.1615104675293,22.54347660035934],[114.1629695892334,22.545854747961215],[114.16228294372559,22.548549932371614],[114.158935546875,22.547519426900635],[114.15936470031738,22.5456962060626]],[[114.16159629821777,22.557110757189335],[114.16125297546387,22.558061927154256],[114.1640853881836,22.558220454844033],[114.16202545166016,22.560281298230265],[114.15970802307129,22.55940940670959],[114.15610313415527,22.554177941841317],[114.158935546875,22.55615958066531],[114.15807723999023,22.554495005966075],[114.15979385375977,22.55338527834131],[114.16159629821777,22.557110757189335]],[[114.11979675292969,22.53396360023646],[114.11799430847168,22.533408654996848],[114.11911010742188,22.532060921559136],[114.1182487351435,22.527839259527852],[114.114990234375,22.52754195464476],[114.11447525024414,22.526352728252903],[114.11833763122559,22.525639187503714],[114.11996841430664,22.528096923457284],[114.12752151489258,22.531505968673727],[114.1263198852539,22.5330122641746],[114.11979675292969,22.53396360023646]],[[114.15962219238281,22.501138720300233],[114.16236877441406,22.502486755311168],[114.15945053100586,22.502645346801614],[114.15867805480957,22.504231251704084],[114.15618896484375,22.502090275789456],[114.15653228759766,22.500821533682426],[114.15962219238281,22.501138720300233]],[[114.16374206542969,22.505103491648626],[114.16674613952637,22.50605501985916],[114.1615104675293,22.50629290088878],[114.15902137756348,22.50446913587092],[114.1618537902832,22.503200415586093],[114.16374206542969,22.505103491648626]],[[114.14983749389648,22.507085834698643],[114.15275573730469,22.50613431358117],[114.15627479553223,22.508671688677225],[114.14975166320801,22.50962319233372],[114.14983749389648,22.507085834698643]],[[114.16022300720215,22.51390487775012],[114.15790557861328,22.5163628224213],[114.15575981140137,22.512160503403422],[114.15902137756348,22.51105043554041],[114.16022300720215,22.51390487775012]],[[114.15824890136719,22.519455013307635],[114.15103912353516,22.51882072338168],[114.15146827697754,22.516442110231353],[114.15102839464602,22.515624452279244],[114.14949417114258,22.51897929613611],[114.1494083404541,22.516679973388563],[114.14777755737305,22.517155698474923],[114.14889335632324,22.52183357460038],[114.14743423461914,22.52222999750191],[114.14932250976562,22.522864271778687],[114.14674758911133,22.524529227901823],[114.14949417114258,22.524846360126617],[114.14983749389648,22.525877034829605],[114.14777755737305,22.525242774383898],[114.14769172668457,22.525877034829605],[114.14691925048828,22.525956317180572],[114.14666175783174,22.52647958009637],[114.15060997009277,22.52992037671386],[114.14794921875,22.53277442913513],[114.14743423461914,22.5274626732038],[114.14597511291504,22.5278590799535],[114.14485931396484,22.52611488174601],[114.14443016052246,22.52793836116693],[114.14091110229492,22.523102123881813],[114.13825035095215,22.522626419266118],[114.13970947265625,22.52024787162101],[114.13893699645996,22.517631421923767],[114.13704872131348,22.52270570348246],[114.13670539855957,22.51913786870857],[114.13567543029785,22.51874143693624],[114.13610458374023,22.521357865617233],[114.13121223449707,22.522388566344077],[114.12726402282715,22.52183357460038],[114.12580490112305,22.51969287127929],[114.12975311279297,22.52040644273781],[114.12863731384277,22.518503577326968],[114.13026809692383,22.51937572722612],[114.13164138793945,22.516997123628073],[114.13576126098633,22.517234985830115],[114.13413047790527,22.511446889371868],[114.14039611816406,22.51105043554041],[114.1384220123291,22.50986106722469],[114.13867950439453,22.50756159280199],[114.14194107055664,22.50811664185366],[114.1413402557373,22.509068149329877],[114.14494514465332,22.511764051618428],[114.14322853088379,22.510971144637708],[114.14142608642578,22.51588709460586],[114.14511680603027,22.5144599013351],[114.14271354675293,22.51406345614467],[114.14511680603027,22.513032693328284],[114.1450309753418,22.51112972639767],[114.14777755737305,22.51279482389451],[114.1468334197998,22.5104953982664],[114.15275573730469,22.50978177563985],[114.15421485900879,22.511446889371868],[114.15311813330058,22.513194209338707],[114.15412902832031,22.5163628224213],[114.1563606262207,22.515569941819223],[114.15807723999023,22.516917836136443],[114.15987968444824,22.515807806477426],[114.1603946685791,22.517789996042836],[114.16211128234863,22.5163628224213],[114.16399955749512,22.517076411074243],[114.16391372680664,22.515807806477426],[114.1640853881836,22.517234985830115],[114.16605949401855,22.516759261016674],[114.16314125061035,22.51882072338168],[114.16563034057617,22.518107143735094],[114.15979385375977,22.523974244756772],[114.1592788696289,22.52611488174601],[114.1592788696289,22.523657110530095],[114.16168212890625,22.521912859271666],[114.16065216064453,22.52080286973367],[114.1592788696289,22.522467850696913],[114.15653228759766,22.521437150561496],[114.1600513458252,22.520723584425482],[114.16125297546387,22.519296441099087],[114.15987968444824,22.52040644273781],[114.15824890136719,22.519455013307635]],[[114.1560173034668,22.500266455351024],[114.15421485900879,22.499552779937602],[114.1549015045166,22.49757032891428],[114.15369987487793,22.496856639591186],[114.15756225585938,22.497015237536715],[114.15816307067871,22.498680504987504],[114.1560173034668,22.500266455351024]],[[114.12546157836914,22.49170210739146],[114.12640571594238,22.488847206935475],[114.12400245666504,22.489719543878778],[114.12400245666504,22.48805416857934],[114.12795066833496,22.486943907246896],[114.12820816040039,22.49051257269214],[114.12443161010742,22.492495124843657],[114.12546157836914,22.49170210739146]],[[114.12752151489258,22.518503577326968],[114.12666320800781,22.519455013307635],[114.12520408630371,22.518345004026685],[114.12674903869629,22.516442110231353],[114.13043975830078,22.516838548599296],[114.12752151489258,22.518503577326968]],[[114.11567687988281,22.525480622392294],[114.11473274230957,22.524767077138662],[114.11713600158691,22.518900009781632],[114.1215991973877,22.524529227901823],[114.11567687988281,22.525480622392294]],[[114.13018226623535,22.511764051618428],[114.13249969482422,22.512160503403422],[114.13172721862793,22.51358772041526],[114.12666320800781,22.515411365152985],[114.12640571594238,22.513667009817198],[114.13018226623535,22.511764051618428]],[[114.1311264038086,22.52389496126834],[114.13061141967773,22.527779798694567],[114.12786483764648,22.528889732178826],[114.12812232971191,22.526986983602598],[114.1311264038086,22.52389496126834]],[[114.14031028747559,22.52333997557548],[114.14031028747559,22.52793836116693],[114.14142608642578,22.52920685439331],[114.1380786895752,22.52754195464476],[114.14031028747559,22.52333997557548]],[[114.11267280578613,22.505579256572318],[114.11318778991699,22.50764088566008],[114.11730766296387,22.508433811739962],[114.11516189575195,22.512319083799056],[114.11155700683594,22.510574689441967],[114.10855293273926,22.505579256572318],[114.11026954650879,22.504389841194097],[114.11267280578613,22.505579256572318]],[[114.14528846740723,22.531109572390278],[114.14674758911133,22.533805044681273],[114.14640426635742,22.53546986893086],[114.14194107055664,22.533487933024745],[114.14176940917969,22.532060921559136],[114.14297103881836,22.5330122641746],[114.14528846740723,22.531109572390278]],[[114.12374496459961,22.533725766835403],[114.1263198852539,22.533567211007153],[114.1248607635498,22.536896845169082],[114.12280082702637,22.535073484025332],[114.12374496459961,22.533725766835403]],[[114.12640571594238,22.5362626353283],[114.12752151489258,22.53412215560961],[114.13104057312012,22.535707699328],[114.12786483764648,22.537689603373494],[114.12640571594238,22.5362626353283]],[[114.16090965270996,22.531268131040193],[114.16314125061035,22.529127573907942],[114.16279792785645,22.530237496562066],[114.16545867919922,22.530633895348416],[114.1640853881836,22.53277442913513],[114.16683197021484,22.535628422574476],[114.16374206542969,22.53467709798194],[114.16090965270996,22.531268131040193]],[[114.1574764251709,22.535152761097464],[114.15696144104004,22.53293298587363],[114.15876388549805,22.534042877945794],[114.15807723999023,22.532536593686046],[114.1600513458252,22.532457315112012],[114.15876388549805,22.536738292981966],[114.15803164266694,22.536686268017124],[114.15756225585938,22.538006705380738],[114.15610313415527,22.537927429947203],[114.15739059448242,22.53951292996915],[114.15833473205566,22.536738292981966],[114.16090965270996,22.5374517763901],[114.15739059448242,22.539671478969893],[114.15421485900879,22.536738292981966],[114.15610313415527,22.535073484025332],[114.15678977966309,22.535390592040784],[114.15696144104004,22.5362626353283],[114.15741205217608,22.53644100695695],[114.1574764251709,22.535152761097464]]],[[[114.19197394926604,22.555940121249566],[114.19214465,22.55608801],[114.19266591710131,22.555763255177837],[114.1922378540039,22.556001050606966],[114.19197394926604,22.555940121249566]]],[[[114.19266700744629,22.55576257588158],[114.19292037596003,22.555604724664008],[114.19266700744629,22.555683989943702],[114.19266700744629,22.55576257588158]]],[[[114.19319924332571,22.55550952720226],[114.19601440429688,22.556345738805057],[114.19635772705078,22.555842520366426],[114.1922378540039,22.554415740003208],[114.19319924332571,22.55550952720226]]],[[[114.1962160627367,22.556919315332067],[114.1963005,22.55715948],[114.19728569429036,22.556635169747196],[114.19721603393555,22.556635169747196],[114.1962160627367,22.556919315332067]]],[[[114.19732385653515,22.55661486019363],[114.19743463504072,22.556555905014093],[114.1973876953125,22.556555905014093],[114.19732385653515,22.55661486019363]]],[[[114.19762387318437,22.556555905014093],[114.19798851013184,22.556661570240028],[114.19781684875488,22.556555905014093],[114.19762387318437,22.556555905014093]]],[[[114.19838610640777,22.556682087856068],[114.1989511272199,22.556635169747196],[114.19858932495117,22.556635169747196],[114.19838610640777,22.556682087856068]]],[[[114.19902154117204,22.556635169747196],[114.19946162961608,22.55680662601951],[114.19919013977051,22.556635169747196],[114.19902154117204,22.556635169747196]]],[[[114.19979995039128,22.55708474398583],[114.20065818,22.55754634],[114.20102016100162,22.557269285972325],[114.20064926147461,22.557507078805173],[114.19979995039128,22.55708474398583]]],[[[114.20107841491699,22.557224699428254],[114.20107878,22.55722442],[114.20112215742219,22.556674038207365],[114.20107841491699,22.55671443443474],[114.20107841491699,22.557224699428254]]],[[[114.20116424560547,22.5565819142589],[114.20137032494385,22.55631811054147],[114.20116424560547,22.556476640235417],[114.20116424560547,22.5565819142589]]],[[[114.20153783181367,22.556103683732374],[114.20154949,22.55608876],[114.20177278664333,22.55610753012724],[114.20154822496562,22.5560844874977],[114.20153783181367,22.556103683732374]]],[[[114.20239199983712,22.55615958066531],[114.2033044591886,22.55623628122771],[114.202880859375,22.556080315658917],[114.20239199983712,22.55615958066531]]],[[[114.20333496625747,22.556238845626154],[114.20403899123109,22.556298025370804],[114.20391082763672,22.556238845626154],[114.20333496625747,22.556238845626154]]],[[[114.20427793213615,22.55631811054147],[114.20519602392086,22.55639528456145],[114.20511245727539,22.55631811054147],[114.20427793213615,22.55631811054147]]],[[[114.20522089747267,22.55639737541121],[114.2057991027832,22.556445978861248],[114.2057991027832,22.55639737541121],[114.20522089747267,22.55639737541121]]],[[[114.20687099203708,22.556555905014093],[114.20717239379883,22.55662612086967],[114.20717239379883,22.556555905014093],[114.20687099203708,22.556555905014093]]],[[[114.20889887991059,22.556649435086058],[114.20910275,22.5565062],[114.20936816919918,22.55639737541121],[114.20923233032227,22.55639737541121],[114.20889887991059,22.556649435086058]]],[[[114.2098766627996,22.55618888782953],[114.20994814190323,22.55615958066531],[114.20991897583008,22.55615958066531],[114.2098766627996,22.55618888782953]]],[[[114.21009063720703,22.556101156132005],[114.21014146636007,22.556080315658917],[114.21009063720703,22.556080315658917],[114.21009063720703,22.556101156132005]]],[[[114.2103587795356,22.555991215032293],[114.21052811560709,22.55592178550947],[114.21043395996094,22.55592178550947],[114.2103587795356,22.555991215032293]]],[[[114.21056155691969,22.55592178550947],[114.2109812776157,22.556189440781004],[114.21069145202637,22.55592178550947],[114.21056155691969,22.55592178550947]]],[[[114.21141044731006,22.556326572426148],[114.21153409,22.55631865],[114.2126485223359,22.55514093137907],[114.21197891235352,22.555604724664008],[114.21141044731006,22.556326572426148]]],[[[114.21276028952035,22.555041646280593],[114.21341360924848,22.55481206936213],[114.21318054199219,22.55481206936213],[114.21276028952035,22.555041646280593]]],[[[114.21343186915614,22.55481206936213],[114.21392017280897,22.554854802143304],[114.21378135681152,22.55481206936213],[114.21343186915614,22.55481206936213]]],[[[114.21433763159303,22.554891335097267],[114.21584693,22.55539802],[114.21605858775672,22.55521767831485],[114.2149829864502,22.5546535377552],[114.21433763159303,22.554891335097267]]],[[[114.21609329289488,22.5551881080161],[114.21833525,22.55563882],[114.22043388,22.55368088],[114.22123999664655,22.55180790782507],[114.21609329289488,22.5551881080161]]],[[[114.22132476735149,22.551729619248558],[114.22135452084635,22.55172067016703],[114.22133445739746,22.55172067016703],[114.22132476735149,22.551729619248558]]],[[[114.2149690055693,22.53681756909829],[114.21466558,22.53620958],[114.2136199247355,22.535585786721025],[114.21395301818848,22.5362626353283],[114.2149690055693,22.53681756909829]]],[[[114.21298386083518,22.53485025496807],[114.21270848,22.53453181],[114.2125847626542,22.534450910558753],[114.21298386083518,22.53485025496807]]],[[[114.20792751019482,22.5260466697431],[114.20790313836022,22.52579337836506],[114.20785903930664,22.525956317180572],[114.20792751019482,22.5260466697431]]],[[[114.20808626203866,22.52499560591014],[114.20874590052259,22.5246198592638],[114.20777320861816,22.52389496126834],[114.20785903930664,22.524925643069068],[114.20808626203866,22.52499560591014]]],[[[114.20897483825684,22.524370950160613],[114.2103953,22.52425069],[114.20987621,22.52517433],[114.21041932,22.52571748],[114.21517608,22.52573423],[114.21633345,22.52737758],[114.21564159,22.52400292],[114.21923876624057,22.525427796714656],[114.22004699707031,22.52373639415501],[114.22150611877441,22.52460851102626],[114.21833038330078,22.521912859271666],[114.21695709228516,22.52357782685968],[114.21541213989258,22.520327157202146],[114.21833038330078,22.518900009781632],[114.21712875366211,22.518265717308324],[114.21446800231934,22.52008930032227],[114.21584129333496,22.521912859271666],[114.2153263092041,22.524291378255498],[114.21584129333496,22.52500492596603],[114.21549797058105,22.525639187503714],[114.21026229858398,22.525401339768322],[114.21137809753418,22.522626419266118],[114.21009063720703,22.52183357460038],[114.21249389648438,22.51842429069957],[114.20742988586426,22.51485634538851],[114.20751571655273,22.518186430544446],[114.20210838317871,22.518265717308324],[114.20477707625818,22.52027693350537],[114.20648574829102,22.51937572722612],[114.20631408691406,22.52175428988359],[114.20897483825684,22.524370950160613]]],[[[114.22013505547956,22.527383391717365],[114.22020851,22.52750177],[114.22020917681982,22.527523980070082],[114.22021865844727,22.5274626732038],[114.22013505547956,22.527383391717365]]],[[[114.22167619428872,22.528339160675447],[114.22148254,22.52880943],[114.22158072178281,22.52961881231448],[114.22150611877441,22.528810451511447],[114.22167619428872,22.528339160675447]]],[[[114.22388042918233,22.528932421136936],[114.2246245844469,22.52864131015093],[114.22416687011719,22.528096923457284],[114.22382354736328,22.528255485565623],[114.22388042918233,22.528932421136936]]],[[[114.22471548035789,22.528616947409635],[114.22589901,22.52922527],[114.22652958298005,22.53006239710297],[114.22605514526367,22.5278590799535],[114.22471548035789,22.528616947409635]]],[[[114.2270330595444,22.530713174969165],[114.22704538,22.5307291],[114.22739614,22.53072585],[114.22739549584982,22.530713174969165],[114.2270330595444,22.530713174969165]]],[[[114.22761896552166,22.529982228851946],[114.22795003973697,22.52992037671386],[114.22768592834473,22.52992037671386],[114.22761896552166,22.529982228851946]]],[[[114.22817311556527,22.530026684326284],[114.22850629877772,22.53030385462994],[114.22845840454102,22.530237496562066],[114.22817311556527,22.530026684326284]]],[[[114.22913252103886,22.533523246547567],[114.22904111,22.5336753],[114.22916079,22.53385354],[114.22948719533977,22.533883778652324],[114.22913252103886,22.533523246547567]]],[[[114.23055384889594,22.533582565325297],[114.23081053,22.5335785],[114.23148651961675,22.532743975815322],[114.23077583312988,22.533487933024745],[114.23055384889594,22.533582565325297]]],[[[114.2319082251202,22.532302528207502],[114.2333319,22.53176695],[114.23636284848328,22.534503129713894],[114.23789978027344,22.53221947911682],[114.23609733581543,22.533567211007153],[114.23352241516113,22.530792454430635],[114.2319082251202,22.532302528207502]]],[[[114.23672995141928,22.535023579259892],[114.23679421,22.53511468],[114.23704943053558,22.535318663987464],[114.23672995141928,22.535023579259892]]],[[[114.2377257210876,22.536255991200782],[114.23772298702902,22.536269745297307],[114.23772811889648,22.5362626353283],[114.2377257210876,22.536255991200782]]],[[[114.23764605266128,22.5366567753076],[114.23764144,22.53667998],[114.23774108126503,22.536822565670967],[114.23764605266128,22.5366567753076]]],[[[114.23844884013096,22.538711985024868],[114.23833849,22.538947],[114.23834776487239,22.538993799796582],[114.23845393060344,22.538748657838994],[114.23844884013096,22.538711985024868]]],[[[114.23865267952526,22.540532359374577],[114.23876012,22.54107449],[114.24051896842812,22.543311615952504],[114.2387580871582,22.541019138124327],[114.23865267952526,22.540532359374577]]],[[[114.240676430299,22.543523703183986],[114.24059641,22.54366576],[114.24074154687113,22.5436114094549],[114.240676430299,22.543523703183986]]],[[[114.24096395513752,22.544590486540226],[114.24097649,22.5447517],[114.24092775219451,22.544859350607407],[114.2409896850586,22.544744950846322],[114.24096395513752,22.544590486540226]]],[[[114.24074357884497,22.545266147194745],[114.24085527,22.54601211],[114.24101442,22.54632911],[114.24110512472467,22.5463790416692],[114.24074357884497,22.545266147194745]]],[[[114.24182215671557,22.547898841729403],[114.24185707,22.54801028],[114.24238241884038,22.548480955188612],[114.24182215671557,22.547898841729403]]],[[[114.24269121383986,22.548549932371614],[114.24278873207021,22.548568758644485],[114.2427921295166,22.548549932371614],[114.24269121383986,22.548549932371614]]],[[[114.24268575985619,22.549139358670992],[114.24250628,22.54997171],[114.24266493,22.55035505],[114.24253463745117,22.54997677339611],[114.24268575985619,22.549139358670992]]],[[[114.24295748897767,22.550295787205773],[114.24298359,22.5502905],[114.24309051,22.54992891],[114.24301010527363,22.549605543165665],[114.24295748897767,22.550295787205773]]],[[[114.24296976076856,22.549235787253938],[114.24307532,22.5491283],[114.24308846507591,22.548687638771096],[114.24296976076856,22.549235787253938]]],[[[114.2435428871308,22.54829206575011],[114.24341881,22.54815222],[114.24345332631715,22.54807551213589],[114.24339294433594,22.548153585024238],[114.2435428871308,22.54829206575011]]],[[[114.2442017745181,22.548357818598827],[114.24413513,22.54836598],[114.24421723517493,22.54847646646504],[114.24416542053223,22.548391393569275],[114.2442017745181,22.548357818598827]]],[[[114.24713203839858,22.548726341548768],[114.24708366394043,22.548672067265215],[114.24708366394043,22.548708470991812],[114.24713203839858,22.548726341548768]]],[[[114.24695610892881,22.54650168693811],[114.24930127,22.5446064],[114.2507315274179,22.545277873006324],[114.24708366394043,22.542366784122393],[114.2457103729248,22.542366784122393],[114.24695610892881,22.54650168693811]]],[[[114.25060272216797,22.54574863126641],[114.25060086,22.54574839],[114.25060272216797,22.545758486609007],[114.25060272216797,22.54574863126641]]],[[[114.25056903651978,22.546361483584388],[114.25027373,22.54655405],[114.25034523010254,22.547421951505953],[114.25034523010254,22.54656818425117],[114.25056903651978,22.546361483584388]]],[[[114.25118900176035,22.547902351866586],[114.25132475,22.54808745],[114.25136923846836,22.548068811036472],[114.25118900176035,22.547902351866586]]],[[[114.25282063888446,22.547707071984117],[114.25285831,22.54779521],[114.25292661875648,22.547788637670642],[114.25282063888446,22.547707071984117]]],[[[114.25360201705455,22.546333683011987],[114.25456329,22.54645357],[114.25522862960025,22.547471152976843],[114.25420761108398,22.545379121718994],[114.25214767456055,22.54506203664691],[114.25360201705455,22.546333683011987]]],[[[114.25526490812442,22.549389474869194],[114.2553821,22.55069981],[114.25597588,22.55155413],[114.2566770498544,22.549356094992273],[114.25526490812442,22.549389474869194]]],[[[114.25800336661692,22.548186212412446],[114.25813449,22.54811981],[114.25817422944147,22.548073496910444],[114.25800336661692,22.548186212412446]]],[[[114.25932417401827,22.54806872732173],[114.25946913,22.54846345],[114.2595651978908,22.548521999613044],[114.25935745239258,22.548074315418148],[114.25932417401827,22.54806872732173]]],[[[114.25888473568827,22.543931517353418],[114.2586935,22.5436487],[114.25867596764083,22.543642294412454],[114.25888473568827,22.543931517353418]]],[[[114.2586459089756,22.543631312238894],[114.25831067,22.54350883],[114.25820469922982,22.54356339622805],[114.2586459089756,22.543631312238894]]],[[[114.25814986138296,22.543546696171788],[114.25816243,22.54342951],[114.25801016937521,22.543331666010957],[114.25814986138296,22.543546696171788]]],[[[114.25794573947101,22.543232488020138],[114.2579321676353,22.543028253826215],[114.25789833068848,22.543159510916468],[114.25794573947101,22.543232488020138]]],[[[114.25767374141547,22.54098996997585],[114.2574834,22.54072103],[114.25673115435093,22.540251148993892],[114.2574691772461,22.54078131687659],[114.25767374141547,22.54098996997585]]],[[[114.25671143590422,22.540236984003606],[114.25690248,22.53997083],[114.2566967010498,22.54022639903853],[114.25671143590422,22.540236984003606]]],[[[114.25656959806145,22.540089439480372],[114.25656615194819,22.540085170921284],[114.2565679552943,22.540087669320084],[114.25656959806145,22.540089439480372]]],[[[114.25609836353382,22.539437085672155],[114.25726172251396,22.537899590094007],[114.25369262695312,22.536579740612822],[114.25154685974121,22.53396360023646],[114.25159835705055,22.532901274780798],[114.24914360046387,22.532536593686046],[114.25609836353382,22.539437085672155]]],[[[114.26009811304277,22.53943900902996],[114.26034353,22.54006263],[114.26040465987509,22.540077983056644],[114.2602402819193,22.539592203024203],[114.26009811304277,22.53943900902996]]],[[[114.26128204975836,22.54059367046294],[114.26131935,22.54062319],[114.2623722,22.5405994],[114.26241402432655,22.540545863411147],[114.26128204975836,22.54059367046294]]],[[[114.26282976300304,22.54001370348326],[114.26317935,22.53956622],[114.26325902786193,22.53887353838032],[114.26313400268555,22.53959220449228],[114.26282976300304,22.54001370348326]]],[[[114.26293947872972,22.53510671837913],[114.26295218,22.5351435],[114.26306030415482,22.535170489627003],[114.26293947872972,22.53510671837913]]],[[[114.26526555041613,22.536796984359114],[114.26533459,22.53684309],[114.26545957283604,22.53682333811537],[114.26526555041613,22.536796984359114]]],[[[114.26229768154919,22.527781749748534],[114.26133155822754,22.52532205709886],[114.26279067993164,22.524767077138662],[114.25978660583496,22.524529227901823],[114.25832748413086,22.51921715492658],[114.25618171691895,22.518107143735094],[114.25944328308105,22.52508420881749],[114.25463676452637,22.52368882378898],[114.25326347351074,22.52508420881749],[114.25336647062852,22.52605145617099],[114.25652503967285,22.52508420881749],[114.25858497619629,22.527621236040204],[114.26158905029297,22.527779798694567],[114.25868535449683,22.528806420272513],[114.26036960673156,22.52955090096965],[114.26229768154919,22.527781749748534]]],[[[114.26245237492515,22.525195804442536],[114.26266640983117,22.52506981855509],[114.26304817199707,22.52468779410522],[114.26245237492515,22.525195804442536]]],[[[114.26416397094727,22.525502761106914],[114.26640136684927,22.526374150036002],[114.26680463405832,22.52245013825803],[114.26536560058594,22.521595720313528],[114.26425081527167,22.521716869239967],[114.26416397094727,22.525502761106914]]],[[[114.26642631328309,22.526466322355443],[114.2664038193908,22.526534155072746],[114.26653058771836,22.526851596524278],[114.26642631328309,22.526466322355443]]],[[[114.27434102499045,22.529659890992335],[114.27447863216535,22.529613577978093],[114.2744993024395,22.529586791980826],[114.27434102499045,22.529659890992335]]],[[[114.27661199959825,22.528414172861954],[114.27758348,22.52851916],[114.27794635109288,22.528479042667048],[114.27661199959825,22.528414172861954]]],[[[114.27865260555772,22.528731170798537],[114.27870778,22.52877259],[114.27922660897153,22.528731170798537],[114.27865260555772,22.528731170798537]]],[[[114.28035155342484,22.529033452893923],[114.2804029,22.52906413],[114.28153779987635,22.528691040363388],[114.28035155342484,22.529033452893923]]],[[[114.27766172426115,22.52287205745852],[114.27767983,22.5228675],[114.27768772664126,22.522858046308308],[114.27766172426115,22.52287205745852]]],[[[114.2788538324556,22.52262094735813],[114.27885898,22.52262505],[114.27882071,22.52274667],[114.2789159512155,22.52264246518634],[114.2788538324556,22.52262094735813]]],[[[114.28468377380693,22.524738125923218],[114.28436772,22.52477084],[114.28466812059723,22.524810421369907],[114.28468377380693,22.524738125923218]]],[[[114.28473026760571,22.52526590730325],[114.28406393,22.525903],[114.28410792,22.5262499],[114.28457573,22.52609672],[114.28473026760571,22.52526590730325]]],[[[114.28499018533977,22.52545797825667],[114.28502417,22.52548912],[114.28514524876265,22.52551345905391],[114.28502082824707,22.525480622392294],[114.28499018533977,22.52545797825667]]],[[[114.28590036293525,22.525001657900763],[114.28589858,22.52499841],[114.28622272346811,22.524952029814422],[114.28583231845128,22.52472383144272],[114.28587913513184,22.52500492596603],[114.28590036293525,22.525001657900763]]],[[[114.28563050947801,22.523853897978285],[114.28558300601236,22.523806755273256],[114.2852783203125,22.52373639415501],[114.28565119145057,22.523943051298616],[114.28563050947801,22.523853897978285]]],[[[114.27614392850754,22.51571780898153],[114.27622492574679,22.515939467250053],[114.27635539589195,22.516010830894036],[114.27614392850754,22.51571780898153]]],[[[114.27465123609984,22.51645215729437],[114.27437528754008,22.51680475952978],[114.27414845481333,22.517344847840526],[114.27467446513253,22.51643376447581],[114.27465123609984,22.51645215729437]]],[[[114.27395910150452,22.51740651150256],[114.2738425270823,22.51739356040403],[114.27354403923498,22.51739356040403],[114.27360199038799,22.517435197238232],[114.27395910150452,22.51740651150256]]],[[[114.27317704129196,22.51739356040403],[114.27290695488726,22.51749102749311],[114.27332639672672,22.51739356040403],[114.27317704129196,22.51739356040403]]],[[[114.27279284239121,22.517500193830276],[114.27200956,22.51628782],[114.27369117736816,22.515332076751662],[114.27091240887489,22.51406345614467],[114.26957130432129,22.515014922691492],[114.27077293395996,22.516997123628073],[114.26828384399414,22.517472847622756],[114.26897048950195,22.519058582445084],[114.27085876464844,22.516997123628073],[114.27279284239121,22.517500193830276]]],[[[114.27222184470462,22.51383502123248],[114.27220620535162,22.513830364519258],[114.27208900453712,22.513852018228427],[114.27214622496328,22.513904877738753],[114.27222184470462,22.51383502123248]]],[[[114.2722863000145,22.513278810210597],[114.27230551226515,22.513261036448235],[114.27229549573369,22.51325332545356],[114.2722863000145,22.513278810210597]]],[[[114.2751388749368,22.51342703077374],[114.27516674749897,22.513313292128295],[114.27501825185922,22.51340474468691],[114.2751388749368,22.51342703077374]]],[[[114.27519557881584,22.513195641124188],[114.27519808478036,22.513185415117412],[114.27518931303379,22.513184064573014],[114.27519557881584,22.513195641124188]]],[[[114.28719029106554,22.506231727592944],[114.2873258079904,22.506360693757475],[114.2882500055355,22.50659885418414],[114.28719029106554,22.506231727592944]]],[[[114.28984202985382,22.50786519907463],[114.28980286,22.50789351],[114.28979962648336,22.507904372493872],[114.28984202985382,22.50786519907463]]],[[[114.2897320440201,22.508131405218577],[114.28972789,22.50814536],[114.28976076235806,22.508166779501643],[114.2897320440201,22.508131405218577]]],[[[114.29022667239245,22.508470364681827],[114.29060156,22.50871464],[114.29118886164305,22.508825921168178],[114.29022667239245,22.508470364681827]]],[[[114.29355615843477,22.508160743871798],[114.29363586159712,22.508107345518884],[114.29364681244512,22.508076995498506],[114.29355615843477,22.508160743871798]]],[[[114.29368814132631,22.507948530132555],[114.29368442486602,22.50794213491042],[114.2936897277832,22.507958056637676],[114.29368814132631,22.507948530132555]]],[[[114.29661736911788,22.50189025732785],[114.29696050935264,22.501676433394813],[114.2967599137325,22.501126398487784],[114.29686546325684,22.50169379513119],[114.29661736911788,22.50189025732785]]],[[[114.29682731235472,22.501032996918553],[114.2970460807114,22.5009384101496],[114.29686546325684,22.500980127082244],[114.29682731235472,22.501032996918553]]],[[[114.29739941605185,22.50085680083541],[114.29773019,22.50086724],[114.29802545,22.50064599],[114.29807393361237,22.500544340318683],[114.29739941605185,22.50085680083541]]],[[[114.29831052691559,22.50028204082264],[114.29848283474792,22.50044983064126],[114.29849624633789,22.50042504938729],[114.29831052691559,22.50028204082264]]],[[[114.29815014633996,22.500967346607926],[114.29808700778544,22.50108150225794],[114.29824352673288,22.50118498223658],[114.29828166943217,22.500821533682423],[114.29815014633996,22.500967346607926]]],[[[114.29827131545022,22.502343204638766],[114.29825730113426,22.502407459497746],[114.29841041574782,22.502407459497746],[114.29827131545022,22.502343204638766]]],[[[114.29877421438883,22.502407459497746],[114.2988913777218,22.502362572944072],[114.2986249923583,22.502407459497746],[114.29877421438883,22.502407459497746]]],[[[114.30045167324303,22.50183513057528],[114.30041425,22.50177399],[114.30032708990292,22.501720032019723],[114.30045167324303,22.50183513057528]]],[[[114.30128614723898,22.501289309125728],[114.30128885,22.50129037],[114.30131774360355,22.501283470931906],[114.30128614723898,22.501289309125728]]],[[[114.30171994692552,22.500996448539087],[114.30199869229816,22.500643498995192],[114.3017578125,22.500821533682426],[114.30171994692552,22.500996448539087]]],[[[114.30437870516785,22.499271994909392],[114.30437976,22.49930373],[114.30495190387194,22.49975094495238],[114.30493354797363,22.499711374792128],[114.30437870516785,22.499271994909392]]],[[[114.30511832883838,22.500109710428227],[114.30511935,22.50011432],[114.30512056869796,22.50011453893628],[114.30511832883838,22.500109710428227]]],[[[114.30822453641906,22.50150308954538],[114.30850664,22.50155179],[114.30852227347853,22.50152700870016],[114.30822453641906,22.50150308954538]]],[[[114.30927808614018,22.501951052303145],[114.30940607,22.50209191],[114.30961191997355,22.502188296327258],[114.30927808614018,22.501951052303145]]],[[[114.31194390531618,22.50268733187466],[114.31198662,22.50282917],[114.31226683914119,22.502857815345607],[114.31194390531618,22.50268733187466]]],[[[114.31356568525487,22.5034864576439],[114.31364304,22.50363867],[114.31375342980273,22.503594863041084],[114.31356568525487,22.5034864576439]]],[[[114.31386234061671,22.503657749128497],[114.31400535,22.50383245],[114.31452334498893,22.50403941902161],[114.31386234061671,22.503657749128497]]],[[[114.31535759887244,22.504188873560057],[114.31536444,22.50419101],[114.31536584812362,22.504189349877766],[114.31535759887244,22.504188873560057]]],[[[114.31717818939386,22.50434570591641],[114.31742035,22.50442754],[114.31737652746273,22.50437624503625],[114.31717818939386,22.50434570591641]]],[[[114.32025056076844,22.5040146990414],[114.32009784,22.50427839],[114.32011231666681,22.50431270543389],[114.32025056076844,22.5040146990414]]],[[[114.32022695053377,22.504584433099897],[114.32022762,22.50458602],[114.32022916980678,22.50458579994888],[114.32022695053377,22.504584433099897]]],[[[114.32112503262786,22.504755183971625],[114.32126877,22.50484531],[114.32129822618398,22.504781851386674],[114.32112503262786,22.504755183971625]]],[[[114.32691458076381,22.506270263996935],[114.32691441,22.50627053],[114.32691492081682,22.50627067054695],[114.32691458076381,22.506270263996935]]],[[[114.32723421846005,22.506652406500173],[114.32723165,22.50668771],[114.32729378983974,22.506723626998944],[114.32723421846005,22.506652406500173]]],[[[114.32747236863851,22.506937126689337],[114.32744742,22.50705999],[114.32764807674671,22.50714719432872],[114.32747236863851,22.506937126689337]]],[[[114.32786997785321,22.507412487957435],[114.32826797,22.50791316],[114.32901720556342,22.508360065667762],[114.32819366455078,22.507799471239835],[114.32786997785321,22.507412487957435]]],[[[114.3328797663929,22.510849252254857],[114.33287297,22.51085901],[114.33290063372485,22.510874955431486],[114.3328797663929,22.510849252254857]]],[[[114.33362566606839,22.511292865659513],[114.33373466,22.51135569],[114.33375878063745,22.511317460016954],[114.33362566606839,22.511292865659513]]],[[[114.33557594846043,22.510142688831912],[114.33570991,22.51014892],[114.33576869284673,22.51007344353516],[114.33557594846043,22.510142688831912]]],[[[114.16972721585073,22.485800118265914],[114.16972403983671,22.485805950169862],[114.16979805315083,22.485821935568318],[114.16972721585073,22.485800118265914]]],[[[114.16082401066845,22.48876703179576],[114.16082382202148,22.488766962686732],[114.16082382202148,22.48876790330435],[114.16082401066845,22.48876703179576]]],[[[114.153173637456,22.481201976484126],[114.15331797,22.48079862],[114.15326544607892,22.48070712839969],[114.153173637456,22.481201976484126]]],[[[114.15320661532081,22.480604650898083],[114.1529551733871,22.48016666332165],[114.15292739868164,22.480282152241358],[114.15320661532081,22.480604650898083]]],[[[114.13918205241065,22.47166605464278],[114.13914722991484,22.47165970042069],[114.13925922869336,22.471713911387887],[114.13918205241065,22.47166605464278]]],[[[114.13852540021001,22.47130437638729],[114.13544839437154,22.46840839076925],[114.13275718688965,22.468702624905546],[114.13533210754395,22.469337144623466],[114.13852540021001,22.47130437638729]]],[[[114.11612371980539,22.47015968285841],[114.11513223,22.47129838],[114.1146044661764,22.471280777202505],[114.11507606506348,22.471399313635075],[114.11612371980539,22.47015968285841]]],[[[114.11455109004748,22.471231453842886],[114.11438582,22.47094887],[114.1129479507414,22.471279703910497],[114.11396026611328,22.472271760513905],[114.11455109004748,22.471231453842886]]],[[[114.11228426129813,22.471168195455807],[114.11206525768247,22.47099652287058],[114.11224365234375,22.47116137262354],[114.11228426129813,22.471168195455807]]],[[[114.11179706087682,22.47078628872062],[114.11044855385893,22.470539080060803],[114.10992622375488,22.471082058862194],[114.11121368408203,22.472192447388366],[114.11179706087682,22.47078628872062]]],[[[114.11037168980452,22.470510801249876],[114.10982258,22.47030878],[114.10962071881787,22.470141482288504],[114.10975456237793,22.470368232966564],[114.11037168980452,22.470510801249876]]],[[[114.08949095344643,22.475464950076226],[114.08949851989746,22.477902876340252],[114.09327507019043,22.47853735391132],[114.09370422363281,22.477427016254182],[114.08949095344643,22.475464950076226]]],[[[114.0921999231479,22.48595050358744],[114.0920978,22.48713098],[114.09228726170677,22.487935910404993],[114.09288306731563,22.486434935672914],[114.0921999231479,22.48595050358744]]],[[[114.09237131604354,22.4882930162946],[114.09260777473303,22.490698943860504],[114.09310340881348,22.49082978294507],[114.09361839294434,22.49051257269214],[114.09237131604354,22.4882930162946]]],[[[114.09193543645343,22.511858888293148],[114.09189641953091,22.51192098201107],[114.09241676330566,22.512081213137378],[114.09193543645343,22.511858888293148]]],[[[114.09187751392278,22.511951069455755],[114.09161912302861,22.51285086705143],[114.09310340881348,22.513984166970133],[114.09258842468262,22.5144599013351],[114.09327507019043,22.514142745273716],[114.0933609008789,22.513667009817198],[114.09187751392278,22.511951069455755]]],[[[114.08992767333984,22.52093224566303],[114.0897568176317,22.520945035094584],[114.09087181091309,22.52175428988359],[114.08992767333984,22.521040725385305],[114.08992767333984,22.52093224566303]]],[[[114.0896807859284,22.520950726459983],[114.08966591,22.52095184],[114.08974313916158,22.521452439045337],[114.08975601196289,22.521437150561496],[114.0896807859284,22.520950726459983]]],[[[114.08864832782797,22.52207892437765],[114.08860309,22.52176821],[114.08834779494033,22.521146786939305],[114.08846855163574,22.522150713012593],[114.08864832782797,22.52207892437765]]],[[[114.08470908102996,22.52015287483025],[114.0846701041693,22.52025596257149],[114.08512115478516,22.519455013307635],[114.08470908102996,22.52015287483025]]],[[[114.08427712711733,22.52042811242141],[114.08512269,22.52380794],[114.07967719,22.52730148],[114.07850541057687,22.528779848790546],[114.08503532409668,22.52437066151643],[114.08546447753906,22.52222999750191],[114.08427712711733,22.52042811242141]]],[[[114.0784942732356,22.5287939001533],[114.07955958,22.53069971],[114.08524724,22.53237937],[114.08960755,22.53671231],[114.09272171,22.53689102],[114.09667884,22.53418443],[114.10327887,22.53516412],[114.09756660461426,22.533487933024745],[114.09233093261719,22.5362626353283],[114.08984184265137,22.536024805886967],[114.08649444580078,22.532457315112012],[114.0784942732356,22.5287939001533]]],[[[114.09802436824518,22.475801148196396],[114.09799575805664,22.47568218194847],[114.0978486199141,22.47555754990189],[114.09802436824518,22.475801148196396]]],[[[114.09748077503174,22.47524597018692],[114.09712998835286,22.474948839470514],[114.09730911254883,22.475206314231585],[114.09748077503174,22.47524597018692]]],[[[114.09685471369954,22.474553157160777],[114.09679412841797,22.474413197736524],[114.09662246692629,22.47421932352022],[114.09685471369954,22.474553157160777]]],[[[114.09649702314927,22.474077647517486],[114.09614320975338,22.473678051229594],[114.09619331359863,22.47393732565942],[114.09649702314927,22.474077647517486]]],[[[114.10314559936523,22.47235107359404],[114.10280227661133,22.472192447388366],[114.10237312316895,22.472826951121135],[114.1025018689897,22.47326316934631],[114.10314559936523,22.47235107359404]]],[[[114.10099983215332,22.523815677734433],[114.10099983215332,22.523253483103392],[114.10091400146484,22.52341925938238],[114.10099983215332,22.523815677734433]]],[[[114.09911155700684,22.518027856880266],[114.09808158874512,22.517948569979936],[114.0981674194336,22.518900009781632],[114.0996265411377,22.518900009781632],[114.09911155700684,22.518027856880266]]],[[[114.10348892211914,22.5240535281997],[114.10451889038086,22.522626419266118],[114.10447769148868,22.522607390968584],[114.10348892211914,22.5240535281997]]],[[[114.10348892211914,22.5240535281997],[114.10417556762695,22.524476372136714],[114.10417556762695,22.52437066151643],[114.10348892211914,22.5240535281997]]],[[[114.0933609008789,22.519058582445084],[114.09321761313588,22.5205807396115],[114.09370422363281,22.52127858062751],[114.09370422363281,22.519455013307635],[114.0933609008789,22.519058582445084]]],[[[114.0933609008789,22.519058582445084],[114.09310340881348,22.51882072338168],[114.09164428710938,22.51842429069957],[114.0933609008789,22.519058582445084]]],[[[114.09473419189453,22.520565013672623],[114.09404484306518,22.520373979344008],[114.09404754638672,22.52040644273781],[114.09473419189453,22.520565013672623]]],[[[114.09473419189453,22.520565013672623],[114.09542083740234,22.52024787162101],[114.09584999084473,22.519296441099087],[114.09542083740234,22.520168585994384],[114.09473419189453,22.520565013672623]]],[[[114.08969764701695,22.523041868060528],[114.08984184265137,22.52302283989293],[114.08988475790326,22.522844450789997],[114.08984184265137,22.522864271778687],[114.08969764701695,22.523041868060528]]],[[[114.0900993347168,22.521992143897464],[114.09352209500906,22.523970377233073],[114.09439086914062,22.522309281945752],[114.09250259399414,22.522784987653324],[114.0900993347168,22.521992143897464]]],[[[114.09370422363281,22.524529227901823],[114.0941333770752,22.52437066151643],[114.09421920761591,22.524212095040063],[114.09370422363281,22.524529227901823]]],[[[114.09421920815772,22.524212094039076],[114.09439086914062,22.52389496126834],[114.09456253061606,22.52389496126834],[114.09439086914062,22.523815677734433],[114.09421920815772,22.524212094039076]]],[[[114.10297393798828,22.524449944731884],[114.104472073417,22.522604796181835],[114.1043472290039,22.52254713500426],[114.10297393798828,22.524449944731884]]],[[[114.10503387451172,22.522309281945752],[114.10601102392552,22.522760592506064],[114.10597801208496,22.52254713500426],[114.10503387451172,22.522309281945752]]],[[[114.10602611498079,22.522858172613773],[114.10537719580776,22.524116956144162],[114.10606384277344,22.523102123881813],[114.10602611498079,22.522858172613773]]],[[[114.1052467346286,22.52536962665686],[114.10520553588867,22.525401339768322],[114.10533758325326,22.5254745237709],[114.1052467346286,22.52536962665686]]],[[[114.09606846799362,22.52333997393752],[114.09533500651685,22.522309281945752],[114.09507751464844,22.522309281945752],[114.09507751464844,22.52270570348246],[114.09606846799362,22.52333997393752]]],[[[114.09554958345355,22.52211107058025],[114.09567832946777,22.521992143897464],[114.0959358210786,22.521516435208298],[114.09550666809082,22.52127858062751],[114.09554958345355,22.52211107058025]]],[[[114.0959358215332,22.52151643436843],[114.09619331333,22.521040725335677],[114.09576416015625,22.520961440213583],[114.09567832946777,22.521120010511524],[114.0959358215332,22.52151643436843]]],[[[114.09619331371682,22.521040724621034],[114.09627914428711,22.520882154996386],[114.09622550007411,22.520832601662768],[114.09619331371682,22.521040724621034]]],[[[114.09627914428711,22.520485728227968],[114.0958694978148,22.52018300154707],[114.09567832946777,22.520565013672623],[114.09627914428711,22.520485728227968]]],[[[114.0958853328643,22.520173249850995],[114.09633064271398,22.520232014497505],[114.09602165222168,22.52008930032227],[114.0958853328643,22.520173249850995]]],[[[114.09634477955525,22.52023388004456],[114.09616879060106,22.519715524386957],[114.09567832946777,22.519772157178863],[114.09634477955525,22.52023388004456]]],[[[114.09638243203625,22.519655244047836],[114.09670829772949,22.51969287127929],[114.0970516204834,22.519455013307635],[114.09662246704102,22.51913786870857],[114.09638243203625,22.519655244047836]]],[[[114.09247040750327,22.5182161630507],[114.09250259399414,22.518265717308324],[114.09258842468262,22.518107143735094],[114.09247040750327,22.5182161630507]]],[[[114.09419059753418,22.51927001235976],[114.09396171569824,22.51937572722612],[114.09421920776367,22.519296441099087],[114.09419059753418,22.51927001235976]]],[[[114.09404754638672,22.515966382688816],[114.09396171569824,22.515569941819223],[114.09382966852016,22.515630932776055],[114.09404754638672,22.515966382688816]]],[[[114.09380124960363,22.515587178340507],[114.09396171569824,22.514697767903584],[114.09379005432129,22.515569941819223],[114.09380124960363,22.515587178340507]]],[[[114.09258842468262,22.515411365152985],[114.09224510192871,22.515538226485976],[114.09224510192871,22.515569941819223],[114.09258842468262,22.515411365152985]]],[[[114.10898208618164,22.517789996042836],[114.10760879516602,22.51771070900604],[114.10718760537993,22.518603298581993],[114.10898208618164,22.51937572722612],[114.10898208618164,22.517789996042836]]],[[[114.1101455688428,22.516327583329474],[114.1098403930664,22.516679973388563],[114.11018371582031,22.5163628224213],[114.1101455688428,22.516327583329474]]],[[[114.1018104554378,22.519631204476394],[114.1014289855957,22.51913786870857],[114.10177230834961,22.51961358533424],[114.1018104554378,22.519631204476394]]],[[[114.10022735595703,22.533250098804473],[114.10025187898071,22.5331934715488],[114.10027027123968,22.53309154256661],[114.10022735595703,22.533250098804473]]],[[[114.10248873192926,22.532562478130966],[114.10237312316895,22.531743805897662],[114.10249328638113,22.531521823966198],[114.10228729248047,22.531743805897662],[114.10248873192926,22.532562478130966]]],[[[114.10257339457831,22.531435498243557],[114.10260420562122,22.53144498464762],[114.10280227661133,22.531188851737994],[114.10257339457831,22.531435498243557]]],[[[114.10348892211914,22.531188851737994],[114.10391807526588,22.53162929086459],[114.10383224487305,22.531505968673727],[114.10348892211914,22.531188851737994]]],[[[114.10449028231939,22.532451445175422],[114.10470281111273,22.532887677279593],[114.10460472106934,22.532615872214592],[114.10449028231939,22.532451445175422]]],[[[114.10645007846958,22.532457316386328],[114.10659228824896,22.532315858389232],[114.10676541586602,22.53209883594425],[114.10645007846958,22.532457316386328]]],[[[114.10693532341753,22.53190568240501],[114.10693852179158,22.531906488103505],[114.10700798034668,22.531823084881296],[114.10693532341753,22.53190568240501]]],[[[114.09979368660231,22.532353001828362],[114.09948789127537,22.532121904645958],[114.09954071044922,22.53221947911682],[114.09979368660231,22.532353001828362]]],[[[114.09956702351637,22.5308346983094],[114.09954071044922,22.530713174969165],[114.09938049336726,22.530787169124306],[114.09956702351637,22.5308346983094]]],[[[114.09856355985532,22.530579008758366],[114.09833908081055,22.530475335970394],[114.09796079231006,22.5304254193769],[114.09856355985532,22.530579008758366]]],[[[114.09719808376444,22.530324777109488],[114.09713745117188,22.53031677641036],[114.09706482526593,22.53078635463277],[114.09719808376444,22.530324777109488]]],[[[114.09521239121837,22.532026944915952],[114.09576416015625,22.531823084881296],[114.09602165222168,22.530554615682163],[114.09576416015625,22.531743805897662],[114.09521239121837,22.532026944915952]]],[[[114.09399292682512,22.530251911060756],[114.09405980777288,22.530214845196348],[114.09396171569824,22.530237496562066],[114.09399292682512,22.530251911060756]]],[[[114.09429609777436,22.530083891711847],[114.09430503845215,22.53007893672897],[114.09428943290825,22.530028485858498],[114.09429609777436,22.530083891711847]]],[[[114.0948388636037,22.529866234241243],[114.09490585327148,22.52992037671386],[114.09500885007697,22.5298886646808],[114.0948388636037,22.529866234241243]]],[[[114.0953636166806,22.529779434397305],[114.09542083740234,22.529761816516725],[114.09541102814099,22.529721043600393],[114.0953636166806,22.529779434397305]]],[[[114.08725371726615,22.524071824355417],[114.0871810913086,22.5240535281997],[114.08705234536824,22.524350840385562],[114.08725371726615,22.524071824355417]]],[[[114.0886592863774,22.524784695584355],[114.0888838614187,22.524618741092155],[114.08881187438965,22.52460851102626],[114.0886592863774,22.524784695584355]]],[[[114.08992767326596,22.522666061226428],[114.0899889809202,22.522411219020963],[114.08984184265137,22.52254713500426],[114.08992767326596,22.522666061226428]]],[[[114.09008860587535,22.52231919249483],[114.09011864666243,22.522323156720834],[114.0900993347168,22.522309281945752],[114.09008860587535,22.52231919249483]]],[[[114.10701479232141,22.523726326350243],[114.10700798034668,22.52373639415501],[114.10709381103516,22.524529227901823],[114.10701479232141,22.523726326350243]]],[[[114.10839200019146,22.472083391763377],[114.10966873168945,22.473223514478107],[114.1094970703125,22.47417526190236],[114.10975456237793,22.472985576600166],[114.10839200019146,22.472083391763377]]],[[[114.30802345275879,22.533170820640024],[114.30802049272255,22.533154416247886],[114.30802049272253,22.533154416247875],[114.30802345275879,22.533170820640024]]],[[[114.15910154968857,22.556790650756227],[114.1591286636968,22.556843234036936],[114.15910720825195,22.556793699076778],[114.15910154968857,22.556790650756227]]],[[[114.16058540354165,22.558334946602464],[114.16056632995605,22.558378982351627],[114.16076660206124,22.558669615753644],[114.16058540354165,22.558334946602464]]],[[[114.16106414824418,22.559101412579885],[114.16116714477539,22.559250880386358],[114.16168212890625,22.559250880386358],[114.16154167883427,22.55916441142329],[114.16106414824418,22.559101412579885]]],[[[114.16116714477539,22.558933827193272],[114.16133880615234,22.55869603682015],[114.16168212890625,22.55877530032342],[114.16193962097168,22.55861677327134],[114.16108131408691,22.558299718620603],[114.16116714477539,22.558933827193272]]],[[[114.1783332824707,22.517314273139817],[114.17927742004395,22.516521397995902],[114.17773246765137,22.517314273139817],[114.1783332824707,22.517314273139817]]],[[[114.1783332824707,22.517314273139817],[114.17824172918482,22.51775828194682],[114.1783332824707,22.517631421923767],[114.1783332824707,22.517314273139817]]],[[[114.21584129333496,22.52500492596603],[114.2153263092041,22.52500492596603],[114.21515464782715,22.52532205709886],[114.21584129333496,22.52500492596603]]],[[[114.21712875366211,22.518265717308324],[114.21687126159668,22.518265717308324],[114.21671676621563,22.518289503332017],[114.21712875366211,22.518265717308324]]],[[[114.22056198120117,22.523260691723095],[114.22142028808594,22.522864271778687],[114.22252382487599,22.521912859271666],[114.22082844981256,22.52296180175721],[114.22056198120117,22.523260691723095]]],[[[114.23764228820801,22.532060921559136],[114.23764228820801,22.53221947911682],[114.23789978027344,22.53221947911682],[114.23764228820801,22.532060921559136]]],[[[114.23704147338867,22.530713174969165],[114.23678398132324,22.531426689508052],[114.23764228820801,22.532060921559136],[114.23880958554173,22.531188851737994],[114.23755645751953,22.529761816516725],[114.23867225646973,22.52920685439331],[114.23721313476562,22.529127573907942],[114.23704147338867,22.530713174969165]]],[[[114.23704147338867,22.530713174969165],[114.23704147338867,22.530554615682163],[114.23701572416883,22.530641823109804],[114.23704147338867,22.530713174969165]]],[[[114.24708366394043,22.542366784122393],[114.24674034118652,22.542208238217256],[114.24639701843262,22.542208238217256],[114.24708366394043,22.542366784122393]]],[[[114.17241096496582,22.502010979748718],[114.17198181152344,22.501614498863148],[114.17258262634277,22.502724642478654],[114.1728401184082,22.50256605107913],[114.17241096496582,22.502010979748718]]],[[[114.17773246765137,22.499632077387602],[114.17841911315918,22.49947348244214],[114.17907485944025,22.49866691093165],[114.17724716923105,22.498576761420733],[114.17773246765137,22.499632077387602]]],[[[114.17824745178223,22.499949266732983],[114.17859077453613,22.500266455351024],[114.17876243591309,22.499552779937602],[114.17824745178223,22.499949266732983]]],[[[114.15464401245117,22.491384899138097],[114.15410450525894,22.489980110752263],[114.15258407592773,22.491067690157607],[114.15412902832031,22.490353967293018],[114.15464401245117,22.491384899138097]]],[[[114.15464401245117,22.491384899138097],[114.15361404418945,22.49170210739146],[114.15359258655499,22.491731845553375],[114.15464401245117,22.491384899138097]]],[[[114.19558525085449,22.52508420881749],[114.19610023498535,22.52341925938238],[114.19455528259277,22.523815677734433],[114.1944694519043,22.521912859271666],[114.19429779052734,22.52460851102626],[114.19558525085449,22.52508420881749]]],[[[114.19558525085449,22.52508420881749],[114.19568743024554,22.525140839360674],[114.19601440429688,22.52468779410522],[114.19558525085449,22.52508420881749]]],[[[114.1962718963623,22.51953429934369],[114.19545090723614,22.5185483914093],[114.19541359028334,22.518582863164518],[114.1962718963623,22.51953429934369]]],[[[114.1962718963623,22.51953429934369],[114.1973876953125,22.520327157202146],[114.19867515563965,22.52080286973367],[114.19747352600098,22.520327157202146],[114.1962718963623,22.51953429934369]]],[[[114.19695854187012,22.52579775243315],[114.19721603393555,22.525163491623445],[114.19672085696709,22.525468425005492],[114.19695854187012,22.52579775243315]]],[[[114.19695854187012,22.52579775243315],[114.19644355773926,22.526035599486036],[114.19646696608747,22.526057221882223],[114.19695854187012,22.52579775243315]]],[[[114.24064636230469,22.507878763961486],[114.23978805541992,22.508195934393456],[114.23975271325038,22.50822858421572],[114.23993962873817,22.50825160783701],[114.24064636230469,22.507878763961486]]],[[[114.24708366394043,22.505182785916247],[114.24502372741699,22.504944902977],[114.2457103729248,22.50700654152226],[114.24450874328613,22.505262080138394],[114.24631118774414,22.50399336712806],[114.24556346021136,22.502975177342474],[114.24210548400879,22.50542066844629],[114.23876436739246,22.505440008388472],[114.24064636230469,22.507878763961486],[114.24347877502441,22.508513104097858],[114.24450874328613,22.507799471239835],[114.24356460571289,22.505658550567134],[114.24590655718686,22.507165127829538],[114.24708366394043,22.505182785916247]]],[[[114.24708366394043,22.505182785916247],[114.24837112426758,22.504151956890865],[114.24785614013672,22.503121120181845],[114.2471694946289,22.503359006258194],[114.24708366394043,22.505182785916247]]],[[[114.2936897277832,22.507958056637676],[114.29367899898175,22.507967968181703],[114.29368114473527,22.50798184435528],[114.2936897277832,22.507958056637676]]],[[[114.23352241516113,22.530633895348416],[114.2332649230957,22.528889732178826],[114.23232078552246,22.529127573907942],[114.23257827758789,22.53007893672897],[114.23352241516113,22.530633895348416]]],[[[114.23352241516113,22.530633895348416],[114.2336004428582,22.530633895348416],[114.23361437634726,22.53060558126374],[114.23352241516113,22.530633895348416]]],[[[114.17735182702141,22.516511056127843],[114.17768096900785,22.515902951611146],[114.17721748352051,22.516521397995902],[114.17735182702141,22.516511056127843]]],[[[114.18107986445271,22.51580780647743],[114.18116569519043,22.515728518303504],[114.18113448401633,22.51570689422111],[114.18107986445271,22.51580780647743]]],[[[114.17936325073242,22.51771070900604],[114.18073654174805,22.517314273139817],[114.18092681688677,22.517160474698667],[114.17936325073242,22.51771070900604]]],[[[114.17049050323811,22.499493306521977],[114.17086601257324,22.498521908951076],[114.17074731055526,22.498390307680715],[114.17060852050781,22.498839100842076],[114.17049050323811,22.499493306521977]]],[[[114.17052268996694,22.498141277754566],[114.17043685913086,22.49804611975088],[114.1703953281587,22.49743219442203],[114.17035102844238,22.49804611975088],[114.17052268996694,22.498141277754566]]],[[[114.16992187499999,22.496856639545733],[114.16976860591971,22.49688496061439],[114.16975021362305,22.496935938586674],[114.16992187499999,22.496856639545733]]],[[[114.16718959810673,22.49745402417139],[114.1669893265112,22.49730599993938],[114.16708946228027,22.49749103028242],[114.16718959810673,22.49745402417139]]],[[[114.18030738830566,22.49804611975088],[114.18022155761719,22.497808224537124],[114.17938470854445,22.498462434765532],[114.18013572692871,22.497966821391756],[114.18030738830566,22.49804611975088]]],[[[114.15488924289934,22.48897182685863],[114.15610313415527,22.48995745299993],[114.15627479553223,22.489719543878778],[114.15618896484375,22.48924372440952],[114.15488924289934,22.48897182685863]]],[[[114.1623371598085,22.49211949035144],[114.16279792785645,22.492495124843657],[114.1633300777787,22.4934784585184],[114.16309356704392,22.492768274316433],[114.16262626647949,22.492336521716794],[114.1623371598085,22.49211949035144]]],[[[114.1634674072797,22.493716362823346],[114.16345596328235,22.493711076150618],[114.16348457336426,22.493763943314192],[114.1634674072797,22.493716362823346]]],[[[114.15349960327148,22.491860711200022],[114.1534423828125,22.491940013104298],[114.15355682376325,22.491940013104298],[114.15349960327148,22.491860711200022]]],[[[114.17548689729368,22.501083397052202],[114.1754150390625,22.501138720300233],[114.1754150390625,22.501614498863148],[114.17548689729368,22.501083397052202]]],[[[114.17558296868923,22.50154554548003],[114.17627334594727,22.502328163638865],[114.1765308380127,22.501218016841037],[114.17635917663574,22.50074223486863],[114.17558296868923,22.50154554548003]]],[[[114.1722935125061,22.506772835053713],[114.1724967956543,22.507085834698643],[114.1724967956543,22.50684795503311],[114.1722935125061,22.506772835053713]]],[[[114.17474556045427,22.506118455233263],[114.17479705782199,22.506189817827533],[114.17498136755779,22.50633880621262],[114.17490005493164,22.506213607257706],[114.17474556045427,22.506118455233263]]],[[[114.18374061584473,22.508275226887747],[114.18418255269634,22.508535035808944],[114.18418693557838,22.50852896230206],[114.18374061584473,22.508275226887747]]],[[[114.18268919178026,22.514281502731983],[114.18247718856031,22.513824531040548],[114.18228149414062,22.51390487775012],[114.18268919178026,22.514281502731983]]],[[[114.21863692151655,22.51852623063675],[114.21867370605469,22.518582863908875],[114.21865014471504,22.518528451545944],[114.21863692151655,22.51852623063675]]],[[[114.22140776406395,22.520822105685983],[114.22064781188965,22.522864271778687],[114.22044753990015,22.5229964120129],[114.22073364257812,22.522864271778687],[114.22140776406395,22.520822105685983]]],[[[114.22361471491718,22.52120116845561],[114.22275861066119,22.521766035679317],[114.2222785949707,22.522784987653324],[114.22279482704863,22.522931712916144],[114.22361471491718,22.52120116845561]]],[[[114.2249203448207,22.52620384735328],[114.22502517700195,22.526194163960483],[114.22499168184595,22.526101345003323],[114.2249203448207,22.52620384735328]]],[[[114.22683305407753,22.526242669816295],[114.22502517700195,22.52659057435031],[114.22674179077148,22.526352728252903],[114.22683305407753,22.526242669816295]]],[[[114.23145238155065,22.531344301413657],[114.23197746276855,22.531505968673727],[114.23129081732138,22.530871733766087],[114.23145238155065,22.531344301413657]]],[[[114.23133168892109,22.530664097102715],[114.23214912414551,22.530475335970394],[114.23142718369729,22.530178962758892],[114.23133168892109,22.530664097102715]]],[[[114.23137664794922,22.52981466968824],[114.23137664794922,22.529761816516725],[114.23120498654411,22.529444695342345],[114.23120498657227,22.529444695576387],[114.23137664794922,22.52981466968824]]],[[[114.23103332519531,22.52708295530325],[114.23103332519531,22.526907701843143],[114.23101147746239,22.527069147429327],[114.23103332519531,22.52708295530325]]],[[[114.23067314193936,22.52685531772615],[114.23060417175293,22.526749138187725],[114.23043251037598,22.52666985629176],[114.23050257476478,22.526747518438665],[114.23067314193936,22.52685531772615]]],[[[114.23202263686615,22.52462937490304],[114.23223739275974,22.524557239214072],[114.2320207948215,22.524612359658715],[114.23202263686615,22.52462937490304]]],[[[114.23611450159255,22.526495436189816],[114.23601150512695,22.52659057435031],[114.23606872544546,22.526643428817852],[114.23611450159255,22.526495436189816]]],[[[114.23540882272607,22.52761951089533],[114.23515319824219,22.527383391717365],[114.23566818237305,22.525956317180572],[114.23515319824219,22.52627344612945],[114.23506736755371,22.52754195464476],[114.23540882272607,22.52761951089533]]],[[[114.23535370821251,22.527691855114625],[114.23506736755371,22.52770051739013],[114.23510551414819,22.528017638735978],[114.23535370821251,22.527691855114625]]],[[[114.25307440860531,22.538146259258266],[114.25309181213379,22.538085980768756],[114.25306696635784,22.538147175770995],[114.25307440860531,22.538146259258266]]],[[[114.2522314118133,22.537552321159186],[114.25223350524902,22.537531052096753],[114.2522271474148,22.537551605028153],[114.2522314118133,22.537552321159186]]],[[[114.24699651278472,22.531459620196035],[114.24691200256348,22.531030292997073],[114.24665451049805,22.530877396585634],[114.24665451049805,22.531188851737994],[114.24699651278472,22.531459620196035]]],[[[114.25193496526825,22.533446569103432],[114.25189018244583,22.533487933024762],[114.25194439326192,22.533462896959964],[114.25193496526825,22.533446569103432]]],[[[114.18921358453288,22.516236894606845],[114.18777465820312,22.516283534565773],[114.18777465819218,22.518027856779177],[114.19129371643066,22.519455013307635],[114.18992042541504,22.518503577326968],[114.19137954711914,22.517472847622756],[114.18854713439941,22.518027856880266],[114.1907787322998,22.517234985830115],[114.18921358453288,22.516236894606845]]],[[[114.19259956877877,22.51633450455413],[114.19240951538086,22.516600685714977],[114.19464111328125,22.51842429069957],[114.19404029846191,22.516521397995902],[114.19259956877877,22.51633450455413]]],[[[114.19556121828654,22.518446490925946],[114.19547909186632,22.518522355690948],[114.19693132226129,22.518938684185926],[114.19556121828654,22.518446490925946]]],[[[114.19708081192233,22.51898154019955],[114.1971368063682,22.518997592806258],[114.19709587250806,22.518982467683085],[114.19708081192233,22.51898154019955]]],[[[114.19824052394692,22.51905295932134],[114.19790267944336,22.519930728841544],[114.19833183288574,22.520168585994384],[114.19846534742622,22.520106919297618],[114.19824052394692,22.51905295932134]]],[[[114.20433035783317,22.527009951082373],[114.20425415039062,22.52706626531655],[114.20434646194951,22.52703784261275],[114.20433035783317,22.527009951082373]]],[[[114.20726789552968,22.52735491720346],[114.20742988586426,22.52754195464476],[114.2073556538232,22.527211971774367],[114.20726789552968,22.52735491720346]]],[[[114.22563324509795,22.52127132213435],[114.22571182250977,22.52127858062751],[114.22650882411168,22.520395113411336],[114.22563324509795,22.52127132213435]]],[[[114.22657801621922,22.52032587154139],[114.22802925109863,22.52008930032227],[114.2280637924634,22.520016782931105],[114.22665596008301,22.52024787162101],[114.22657801621922,22.52032587154139]]],[[[114.23377990722656,22.512953403562506],[114.23412322998047,22.510786123860516],[114.23412322872973,22.510733270831377],[114.23377990722656,22.512953403562506]]],[[[114.23428758659814,22.509670429500712],[114.23429489135742,22.509702484009523],[114.23428793209273,22.509668195315488],[114.23428758659814,22.509670429500712]]],[[[114.23388585456789,22.5066757388807],[114.23395156860352,22.506372194474366],[114.23429489135742,22.505737844516474],[114.23386573791504,22.50653078150914],[114.23388585456789,22.5066757388807]]],[[[114.23669815063477,22.502883233696323],[114.23694045174774,22.502767447488466],[114.23698865434271,22.50271549293388],[114.23669815063477,22.502883233696323]]],[[[114.21115361726181,22.51431962085655],[114.21051979064941,22.515173499812533],[114.21060562133789,22.515332076751662],[114.21112060546875,22.514618479092903],[114.21115361726181,22.51431962085655]]],[[[114.21266555786133,22.51921715492658],[114.21322735870694,22.51908741377378],[114.21318054199219,22.519058582445084],[114.21266555786133,22.51921715492658]]],[[[114.21180725097656,22.523102123881813],[114.21183071540727,22.522777002208723],[114.21180725097656,22.522784987653324],[114.21180725097656,22.523102123881813]]],[[[114.21283721923828,22.524449944731884],[114.21287400381905,22.524427292365115],[114.21283721923828,22.524434088075147],[114.21283721923828,22.524449944731884]]],[[[114.25103187561035,22.502010979748718],[114.24957103715643,22.499835871219155],[114.24824237826022,22.5016343228332],[114.25128936767578,22.505103491648626],[114.25540924072266,22.504865608573],[114.25137519836426,22.50399336712806],[114.24983024597168,22.502724642478654],[114.25103187561035,22.502010979748718]]],[[[114.24498030225827,22.5106251643391],[114.24501829509695,22.50981790776361],[114.24477409775221,22.51055108344829],[114.24498030225827,22.5106251643391]]],[[[114.2496369010995,22.49962289516391],[114.2497280206487,22.499691772725427],[114.24965858459473,22.499552779937602],[114.2496369010995,22.49962289516391]]],[[[114.19535034586147,22.52583113450036],[114.19575691223145,22.525956317180572],[114.19548715902613,22.52579775243315],[114.19535034586147,22.52583113450036]]],[[[114.19361114503847,22.52238856633008],[114.19438362121582,22.521199295592254],[114.19395446777344,22.521040725385305],[114.19378280639648,22.520485728227968],[114.19283866882324,22.52001001460465],[114.19189453125,22.518900009781632],[114.19240951538086,22.519930728841544],[114.1904354095459,22.520327157202146],[114.19361114503847,22.52238856633008]]],[[[114.20051828296435,22.527488336432597],[114.20389182736793,22.529694034745084],[114.20397666358915,22.52966992343621],[114.20051828296435,22.527488336432597]]],[[[114.20566177383537,22.529190998125127],[114.20588493347168,22.529127573907942],[114.2060331853651,22.529019464471077],[114.20566177383537,22.529190998125127]]],[[[114.20659079665187,22.528612838688375],[114.20751571655273,22.52793836116693],[114.20763015758017,22.527964788248187],[114.20734405517578,22.5278590799535],[114.20659079665187,22.528612838688375]]],[[[114.19489860534668,22.521516435460256],[114.19507026672363,22.519851443032948],[114.19489860534668,22.521199295592254],[114.19455528259277,22.51969287127929],[114.19489860534668,22.521516435460256]]],[[[114.1875171661377,22.516679973388563],[114.18768882751465,22.517948569979936],[114.18777465818202,22.51802785676979],[114.1875171661377,22.516679973388563]]],[[[114.19579982762187,22.52520313298377],[114.19601440429688,22.52532205709886],[114.19618606596934,22.52532205709886],[114.19579982762187,22.52520313298377]]],[[[114.19695854187012,22.526352728252903],[114.19713020324707,22.526352728252903],[114.19695854187012,22.52611488174601],[114.19695854187012,22.526352728252903]]],[[[114.19760521167215,22.52649500143387],[114.1977310180664,22.527304110185412],[114.1985034942627,22.5274626732038],[114.1985034942627,22.528176204534205],[114.19905526297433,22.52823283384236],[114.19867515563965,22.52611488174601],[114.19760521167215,22.52649500143387]]],[[[114.19912883212984,22.52824038441616],[114.19927597045898,22.528255485565623],[114.1993058245411,22.528131393524188],[114.19912883212984,22.52824038441616]]],[[[114.24951553336514,22.533197246383843],[114.2494010925293,22.53293298587363],[114.2491558623679,22.53286503307069],[114.24951553336514,22.533197246383843]]],[[[114.25326347351074,22.507165127829538],[114.25363320788873,22.50770188265113],[114.2534351348877,22.507244420914972],[114.25326347351074,22.507165127829538]]],[[[114.25916519162203,22.516559456098875],[114.25901412963867,22.51739356040403],[114.25978660583496,22.517948569979936],[114.25970077514648,22.516600685714977],[114.25916519162203,22.516559456098875]]],[[[114.26381796605313,22.52088711018829],[114.26382064819336,22.520882154996386],[114.26381796605313,22.520887110188287],[114.26381796605313,22.52088711018829]]],[[[114.2698609828949,22.514425212395153],[114.27008628845215,22.51438061238798],[114.2691421508789,22.51406345614467],[114.26921367671927,22.513746299173647],[114.26854133605957,22.514142745273716],[114.2698609828949,22.514425212395153]]],[[[114.27145549229883,22.513969064255992],[114.27145957946777,22.513984166970133],[114.2715371039735,22.51396370522666],[114.27153343380029,22.513954663992546],[114.27145549229883,22.513969064255992]]],[[[114.26566787369872,22.507065148962493],[114.26736686818418,22.508106604729356],[114.2699146270752,22.50684795503311],[114.2676830291748,22.50748229989844],[114.26819801330566,22.50605501985916],[114.26630973815918,22.505658550567134],[114.26871299743652,22.50534137431508],[114.26665306091309,22.504865608573],[114.26566787369872,22.507065148962493]]],[[[114.2550083371105,22.50699550274976],[114.25480842590332,22.506372194474366],[114.2548942565918,22.50684795503311],[114.2550083371105,22.50699550274976]]],[[[114.27208407173686,22.51391308008079],[114.27209472657826,22.51395245125848],[114.27214622494688,22.513904877753912],[114.27208407173686,22.51391308008079]]],[[[114.25421265994665,22.522901581848913],[114.25420761108398,22.52294355585856],[114.25429344177246,22.523498543143788],[114.25421265994665,22.522901581848913]]],[[[114.23386573791504,22.52722482860797],[114.23429489135742,22.5274626732038],[114.2344665525866,22.526986983602598],[114.23395156860352,22.526986983602598],[114.23386573791504,22.52722482860797]]],[[[114.23446655263207,22.526986983476593],[114.23453205510002,22.526805469904716],[114.23420906066895,22.52666985629176],[114.23446655263207,22.526986983476593]]],[[[114.23395156867741,22.529920376486327],[114.23386573791504,22.529523975879727],[114.23386573791504,22.529761816516725],[114.23395156867741,22.529920376486327]]],[[[114.23427036824827,22.529591930357654],[114.23487854003906,22.529856952635008],[114.23532485961914,22.529761816493966],[114.23403739929199,22.529127573907942],[114.23427036824827,22.529591930357654]]],[[[114.23390981339239,22.52853832554752],[114.23455238342285,22.528096923457284],[114.23395156860352,22.52770051739013],[114.23377990722656,22.52793836116693],[114.23390981339239,22.52853832554752]]],[[[114.23532485964994,22.529761816522413],[114.23538997254337,22.52982196004059],[114.2355800318828,22.529808956038448],[114.23532485964994,22.529761816522413]]],[[[114.23586130126047,22.529781636551316],[114.23661231994629,22.529682536349895],[114.23661231994629,22.529365415227545],[114.23586130126047,22.529781636551316]]],[[[114.23712730407715,22.528889732178826],[114.23747062683105,22.528334766551538],[114.2387580871582,22.528651890040138],[114.23738479614258,22.527779798694567],[114.23712730407715,22.528889732178826]]],[[[114.24310244017852,22.541299644710417],[114.24339294433594,22.541177685395198],[114.24401447908797,22.541235090593485],[114.24336360069299,22.54111873819451],[114.24310244017852,22.541299644710417]]],[[[114.2444915762927,22.541320377499215],[114.24516828484006,22.541498951734493],[114.24502372741699,22.54141550596009],[114.2444915762927,22.541320377499215]]],[[[114.13430213928223,22.48995745299993],[114.13455963134766,22.48924372440952],[114.1340446472168,22.48876790330435],[114.13395881652832,22.489719543878778],[114.13430213928223,22.48995745299993]]],[[[114.12683486938477,22.48385098943311],[114.12737437610588,22.483533763185847],[114.12734985351562,22.483533763185847],[114.12683486938477,22.48385098943311]]],[[[114.12683486938477,22.48385098943311],[114.12738005323949,22.484498657320323],[114.12734985351562,22.484247521219928],[114.12683486938477,22.48385098943311]]],[[[114.14743423461914,22.482026928584517],[114.14717674262745,22.4819674479476],[114.14726257324219,22.482026928584517],[114.14743423461914,22.482026928584517]]],[[[114.14743423461914,22.482026928584517],[114.14769172668457,22.482026928584517],[114.14771883110393,22.481951795107648],[114.14743423461914,22.482026928584517]]],[[[114.12039756774902,22.473699389007734],[114.12091255187988,22.47314420189754],[114.11962509155273,22.472846779107314],[114.11962509155273,22.473302827013256],[114.12039756774902,22.473699389007734]]],[[[114.12039756774902,22.473699389007734],[114.11964360387745,22.47389844699724],[114.11971092224121,22.47393732565942],[114.12039756774902,22.473699389007734]]],[[[114.11945343017578,22.47599942618467],[114.11933898924688,22.47578793000702],[114.11928176879883,22.47592011519376],[114.11945343017578,22.47599942618467]]],[[[114.11945343017578,22.47599942618467],[114.11919593811035,22.476395980457966],[114.11922952400266,22.476413221883714],[114.11945343017578,22.47599942618467]]],[[[114.11346539935923,22.48254490331692],[114.113290589192,22.48255349297588],[114.1135016677531,22.482769058080684],[114.11355933959386,22.48263583684486],[114.11346539935923,22.48254490331692]]],[[[114.11384761858959,22.48312236221512],[114.1138744354248,22.483149749050916],[114.1138744354248,22.483137229354554],[114.11384761858959,22.48312236221512]]],[[[114.11719671122432,22.49052998048952],[114.11722183227539,22.490591875323545],[114.1174014788146,22.4908076524809],[114.11722183227539,22.49051257269214],[114.11719671122432,22.49052998048952]]],[[[114.12184239432834,22.49637644222159],[114.12184573997763,22.49638084466369],[114.12185668945312,22.49638084466369],[114.12184239432834,22.49637644222159]]],[[[114.1187199679288,22.478609453379274],[114.1190242767334,22.478695972849835],[114.11960363300956,22.478446148039563],[114.1187199679288,22.478609453379274]]],[[[114.1200068122715,22.478272292699135],[114.1200088051691,22.478271433339724],[114.1200113295034,22.47825977058721],[114.1200068122715,22.478272292699135]]],[[[114.12031173706055,22.478140805770096],[114.12058762139266,22.478438216680118],[114.12056922912598,22.478378734791107],[114.12031173706055,22.478140805770096]]],[[[114.1248607635498,22.484247521219928],[114.12537574768066,22.484168214953414],[114.12528991706596,22.484115344048515],[114.1248607635498,22.484247521219928]]],[[[114.12508147156434,22.483986943450073],[114.12460327155813,22.483692376445774],[114.12468910217285,22.48385098943311],[114.12508147156434,22.483986943450073]]],[[[114.12460327151716,22.483692376370055],[114.12468910217285,22.48321653621167],[114.12777900695801,22.483295843023356],[114.12571907043457,22.48305792245199],[114.12460327148438,22.48321653621167],[114.12460327151716,22.483692376370055]]],[[[114.14700508117676,22.48155108267153],[114.14642143245382,22.481408328546003],[114.14606094360352,22.482344158284576],[114.1468334197998,22.482264850927706],[114.14700508117676,22.48155108267153]]],[[[114.14792437309232,22.481897532019186],[114.14818525356738,22.48209037487888],[114.14803504943848,22.481868313461902],[114.14792437309232,22.481897532019186]]],[[[114.14820671081543,22.482122097221943],[114.14820671081543,22.482344158284576],[114.14838473019248,22.482385280633785],[114.14820671081543,22.482122097221943]]],[[[114.1348922247355,22.47954854631412],[114.13516044616699,22.479647682665203],[114.13517695213051,22.479617179100998],[114.1348922247355,22.47954854631412]]],[[[114.12288665771484,22.47417526190236],[114.12272509405462,22.47454849439588],[114.12374496459961,22.474809756551778],[114.12434577941895,22.47449250959042],[114.12288665771484,22.47417526190236]]],[[[114.12150326896572,22.474501840391103],[114.12134170532227,22.47449250959042],[114.12125587463379,22.474730444879583],[114.12150326896572,22.474501840391103]]],[[[114.12108421351488,22.474849412473056],[114.12099838256836,22.474730444879583],[114.12091255185531,22.47477010069298],[114.12108421351488,22.474849412473056]]],[[[114.12031173706055,22.475047691295927],[114.11971092224121,22.474968379759957],[114.11950247614506,22.47512247071407],[114.12031173706055,22.475047691295927]]],[[[114.1194407145216,22.475168127157925],[114.11928176879883,22.475285625631273],[114.11936759943815,22.475404592526434],[114.1194407145216,22.475168127157925]]],[[[114.12065505981445,22.477427016254182],[114.1208267211914,22.478378734791107],[114.12105120210981,22.47858616022263],[114.12065505981445,22.477427016254182]]],[[[114.12010455950647,22.477829035855926],[114.1201400756836,22.47766494650162],[114.12002563496226,22.47766494650162],[114.12010455950647,22.477829035855926]]],[[[114.11959648137241,22.477004027936342],[114.11953926086426,22.476871844087],[114.1193675999297,22.4767925337774],[114.11959648137241,22.477004027936342]]],[[[114.11886581995269,22.47577979452328],[114.11885261535645,22.47568218194847],[114.11881446863866,22.475646932763848],[114.11886581995269,22.47577979452328]]],[[[114.1210412838,22.495112023635922],[114.12134170532227,22.49566714920438],[114.12146819810545,22.49566714920438],[114.1210412838,22.495112023635922]]],[[[114.12007570262881,22.49123290306176],[114.11996841430664,22.491067690157607],[114.11978065976638,22.49114203599776],[114.12007570262881,22.49123290306176]]],[[[114.11517163553087,22.484814474184674],[114.11516189575195,22.48488196971627],[114.11524311237058,22.48498430005364],[114.11517163553087,22.484814474184674]]],[[[114.1161105511505,22.48645555522088],[114.1161060333252,22.486468078235262],[114.11611829597614,22.486468078235262],[114.1161105511505,22.48645555522088]]],[[[114.11953926086426,22.49281232941585],[114.11953926086426,22.492891631865533],[114.11957007235287,22.49288349827049],[114.11953926086426,22.49281232941585]]],[[[114.11120690735213,22.486419033448446],[114.11156845004587,22.486013395882118],[114.11112785339355,22.486309468201227],[114.11120690735213,22.486419033448446]]],[[[114.18022155761719,22.5362626353283],[114.17927742004395,22.535073484025332],[114.18047904968262,22.536183358893382],[114.18142318725586,22.535073484025332],[114.1794490814209,22.53214020036073],[114.180908203125,22.532536593686046],[114.18099403381348,22.531109572390278],[114.18150901794434,22.531030292997073],[114.18365478515625,22.5330122641746],[114.18374061584473,22.53134741029686],[114.1754150390625,22.5289690128007],[114.17618751525879,22.531268131040193],[114.17738914489746,22.53039605621312],[114.1783332824707,22.531902363819412],[114.17635917663574,22.533487933024745],[114.17962074279785,22.533250098804473],[114.17876243591309,22.535390592040784],[114.18022155761719,22.5362626353283]]],[[[114.2149829864502,22.550610920226646],[114.21455854197295,22.550904913418073],[114.2153263092041,22.551562135007757],[114.2164421081543,22.549897504837375],[114.2149829864502,22.550610920226646]]],[[[114.21360969543457,22.54514130798323],[114.21309471130371,22.546171831212078],[114.21369552612305,22.545379121718994],[114.21360969543457,22.54514130798323]]],[[[114.19240951538086,22.525877034829605],[114.19266700744629,22.52754195464476],[114.19404029846191,22.52659057435031],[114.19361114501953,22.52571846999119],[114.19240951538086,22.525877034829605]]],[[[114.1695785522461,22.52754195464476],[114.17086601257324,22.525956317180572],[114.16854858398438,22.52508420881749],[114.16949272155762,22.522388566344077],[114.16760444641113,22.522150713012593],[114.16777610778809,22.52579775243315],[114.1695785522461,22.52754195464476]]],[[[114.1695785522461,22.52754195464476],[114.17009353637695,22.528255485565623],[114.1702651977539,22.528334766551538],[114.1695785522461,22.52754195464476]]],[[[114.18648719787598,22.55172067016703],[114.18723643794068,22.551667443347434],[114.18723957844848,22.55163892319996],[114.18648719787598,22.55172067016703]]],[[[114.18648719787598,22.55172067016703],[114.18519973754883,22.551324331927262],[114.18580055236816,22.551562135007757],[114.18648719787598,22.55172067016703]]],[[[114.17035102844238,22.522309281945752],[114.16949272155762,22.522150713012593],[114.16966438293457,22.52333997557548],[114.17035102844238,22.5240535281997],[114.17035102844238,22.522309281945752]]],[[[114.17052268981934,22.52801764233486],[114.17086601257324,22.52754195464476],[114.17069435119629,22.527621236040204],[114.17052268981934,22.52801764233486]]],[[[114.1721930871159,22.526438108790448],[114.17215347290039,22.526511292363338],[114.17223930358887,22.526907701843143],[114.1721930871159,22.526438108790448]]],[[[114.17695999145508,22.526352728252903],[114.17704582214355,22.526352728252903],[114.17867660522461,22.52611488174601],[114.17695999145508,22.526352728252903]]],[[[114.17884826660156,22.52627344612945],[114.17870063784304,22.525864349621713],[114.17867660522461,22.525877034829605],[114.17884826660156,22.52627344612945]]],[[[114.1789436337437,22.52573608837848],[114.17901992797852,22.52571846999119],[114.17905211455137,22.525678828633687],[114.1789436337437,22.52573608837848]]],[[[114.17921683369606,22.5254759586191],[114.17927742004395,22.525401339768322],[114.17893409729004,22.52508420881749],[114.17921683369606,22.5254759586191]]],[[[114.21649932860232,22.551932050020163],[114.2164421081543,22.551879205144175],[114.21634674053394,22.552002510051604],[114.21649932860232,22.551932050020163]]],[[[114.18656607143797,22.53948170901224],[114.18780328651354,22.540199982372872],[114.18820381164551,22.540384947219877],[114.18828964233398,22.54014712487958],[114.18656607143797,22.53948170901224]]],[[[114.19101019862845,22.55224639122406],[114.19120788574219,22.552037739939138],[114.19127311705644,22.55202505715],[114.19103622436523,22.55203036622351],[114.19101019862845,22.55224639122406]]],[[[114.19133285159172,22.55200488297439],[114.19131958315548,22.55201602284274],[114.19141173362732,22.551998106217624],[114.19133285159172,22.55200488297439]]],[[[114.20262336730957,22.555129131710615],[114.20226974487991,22.55412404073646],[114.20153617862175,22.555683989943702],[114.2032241821289,22.555683989943702],[114.20262336730957,22.555129131710615]]],[[[114.21222594191057,22.548348851033065],[114.21249389648438,22.547915776069402],[114.21219536044407,22.548301777272453],[114.21222594191057,22.548348851033065]]],[[[114.18485641479492,22.531030292997073],[114.1852855682373,22.53166452686851],[114.18532725753823,22.531682647800597],[114.18485641479492,22.531030292997073]]],[[[114.18542792174172,22.531726403132396],[114.18578583820765,22.531881977340326],[114.18562889099121,22.53166452686851],[114.18542792174172,22.531726403132396]]],[[[114.18648719787598,22.530633895348416],[114.18700218200684,22.532457315112012],[114.18725967407227,22.531823084881296],[114.18648719787598,22.530633895348416]]],[[[114.18613161062,22.529999654592974],[114.18588638305664,22.529841096638037],[114.18537139892578,22.529682536349895],[114.18613161062,22.529999654592974]]],[[[114.18515682206603,22.530029386706474],[114.18502807617188,22.529999656744167],[114.18502807617188,22.530237496562066],[114.18515682206603,22.530029386706474]]],[[[114.17679613278248,22.529169015949236],[114.17695999145508,22.52920685439331],[114.17807579040527,22.528651890040138],[114.17679613278248,22.529169015949236]]],[[[114.17867660522461,22.528096919635054],[114.17908858368591,22.527716376668742],[114.17867660522461,22.5278590799535],[114.17867660522461,22.528096919635054]]],[[[114.1844272612047,22.532576233007223],[114.18462753296446,22.532483741293248],[114.18459892272949,22.532457315112012],[114.1844272612047,22.532576233007223]]],[[[114.19485283297239,22.53412215560961],[114.19490528257401,22.534188217255448],[114.19493865950702,22.53412215560961],[114.19485283297239,22.53412215560961]]],[[[114.1923500940108,22.529749619618336],[114.19232368469238,22.529761816516725],[114.19215202331543,22.530237496562066],[114.1923500940108,22.529749619618336]]],[[[114.1929635135221,22.530705967740317],[114.19318199157715,22.531109572390278],[114.19329643257723,22.531109572390278],[114.1930103302002,22.530713174969165],[114.1929635135221,22.530705967740317]]],[[[114.18736610378114,22.533516472505955],[114.18739135951722,22.533454265595694],[114.18725967407227,22.53229875782739],[114.18734550476074,22.533487933024745],[114.18736610378114,22.533516472505955]]],[[[114.1875171661377,22.531981642712026],[114.1878604888916,22.532457315112012],[114.18777465820312,22.53214020036073],[114.1875171661377,22.531981642712026]]],[[[114.18826103215376,22.532378036446946],[114.18837547302246,22.532695150697606],[114.18854713439941,22.532800855250617],[114.18854713439941,22.53277442913513],[114.18826103215376,22.532378036446946]]],[[[114.17128672344495,22.550892905762964],[114.17129516601562,22.550927992548978],[114.17215347290039,22.552275541790024],[114.17128672344495,22.550892905762964]]],[[[114.17191578790116,22.552787728954524],[114.17189598083496,22.552830411181446],[114.17223930358887,22.553226745094776],[114.17198181152344,22.5529096780552],[114.17191578790116,22.552787728954524]]],[[[114.17767693030255,22.552009763060322],[114.17769937631873,22.552015137397714],[114.17769285355749,22.551995057431416],[114.17767693030255,22.552009763060322]]],[[[114.17404174804688,22.549263354728097],[114.17442798597861,22.549144451258158],[114.17404174804688,22.54918408575952],[114.17404174804688,22.549263354728097]]],[[[114.17509010854803,22.549076506357554],[114.17524337768555,22.549104816745412],[114.17532920835924,22.54905197069957],[114.17509010854803,22.549076506357554]]],[[[114.17738914489746,22.551324331927262],[114.17760372180356,22.55172067016704],[114.17747497558594,22.551324331927262],[114.17738914489746,22.551324331927262]]],[[[114.21234864477232,22.547546866387346],[114.2124080657959,22.547519426900635],[114.21229771243993,22.547417508665617],[114.21234864477232,22.547546866387346]]],[[[114.20906066894531,22.543159510848174],[114.21026229858398,22.543000965921863],[114.21026229858398,22.54204969213002],[114.2087173461914,22.542604602638633],[114.20906066894531,22.543159510848174]]],[[[114.11979675292969,22.53396360023646],[114.12142753601074,22.532457315112012],[114.12108421325684,22.531981642712026],[114.12005424499512,22.531902363819412],[114.11979675292969,22.53396360023646]]],[[[114.11847496194102,22.5280017869968],[114.1190886491894,22.52861224825034],[114.11893844604492,22.528334766551538],[114.11847496194102,22.5280017869968]]],[[[114.11977223025926,22.529025641828106],[114.12008145979222,22.52912950757506],[114.11996841430664,22.529048293377087],[114.11977223025926,22.529025641828106]]],[[[114.12108421325684,22.529444695576387],[114.12245750427246,22.52992037671386],[114.12202835083008,22.529682536349895],[114.12108421325684,22.529444695576387]]],[[[114.12005424499512,22.531743805897662],[114.12125587463379,22.530554615682163],[114.11962509155273,22.529841096638037],[114.11919593811035,22.531585247793885],[114.12005424499512,22.531743805897662]]],[[[114.13928031921387,22.53650046435996],[114.13816452026367,22.537531052096753],[114.14031028747559,22.536976121194343],[114.13928031921387,22.53650046435996]]],[[[114.13991905924544,22.536352973524338],[114.14115786552661,22.53795715818855],[114.14554595947266,22.53784815446815],[114.14297103881836,22.536183358893382],[114.13991905924544,22.536352973524338]]],[[[114.14073944091797,22.538085980768756],[114.14151191711426,22.538561632140954],[114.14158994473671,22.53870576799645],[114.14168357849121,22.538403081865624],[114.14073944091797,22.538085980768756]]],[[[114.1414718620929,22.539087489083734],[114.14125442504883,22.53903728187443],[114.14140267757475,22.539311139136252],[114.1414718620929,22.539087489083734]]],[[[114.1615104675293,22.51771070900604],[114.16048049926758,22.518186430544446],[114.15962219238281,22.518107143735094],[114.16099548339844,22.51842429069957],[114.1615104675293,22.51771070900604]]],[[[114.1615104675293,22.51771070900604],[114.16314125061035,22.518503577326968],[114.16339874267578,22.516997123628073],[114.16211128234863,22.517948569979936],[114.1615104675293,22.51771070900604]]],[[[114.14485931396484,22.523102123881813],[114.14460182189941,22.523102123881813],[114.14419719389919,22.52384965100464],[114.14485931396484,22.523102123881813]]],[[[114.14485931396484,22.523102123881813],[114.1450309753418,22.524212094949064],[114.14494514465332,22.523102123881813],[114.14485931396484,22.523102123881813]]],[[[114.14485931396484,22.525480622392294],[114.14477348327637,22.525242774383898],[114.14433772753804,22.525108603539937],[114.14443016052246,22.52532205709886],[114.14485931396484,22.525480622392294]]],[[[114.14485931396484,22.525480622392294],[114.14633750977313,22.526599383720043],[114.14717674255371,22.524925643069068],[114.14563179016113,22.52468779410522],[114.14485931396484,22.525480622392294]]],[[[114.15284156799316,22.514142745273716],[114.15308833129639,22.513230917140092],[114.15292739868164,22.513429141474944],[114.15284156799316,22.514142745273716]]],[[[114.15284156799316,22.514142745273716],[114.15112495422363,22.513984166970133],[114.15101722176831,22.514069471176306],[114.15284156799316,22.514142745273716]]],[[[114.1329288482666,22.51842429069957],[114.1325855255127,22.518662150445294],[114.13370132446289,22.519058582445084],[114.1329288482666,22.51842429069957]]],[[[114.1329288482666,22.51842429069957],[114.13298034657628,22.518186430544446],[114.1325855255127,22.518186430544446],[114.1329288482666,22.51842429069957]]],[[[114.15464401245117,22.51842429069957],[114.15481567382812,22.518900009781632],[114.15533065795898,22.519058582445084],[114.1549015045166,22.518900009781632],[114.15464401245117,22.51842429069957]]],[[[114.15557742120374,22.518830634161773],[114.15558815002441,22.51882072338168],[114.15551222288849,22.51832975654552],[114.15550231933594,22.518345004026685],[114.15557742120374,22.518830634161773]]],[[[114.1560173034668,22.518582863908875],[114.15558815002441,22.51921715492658],[114.15567398071289,22.51921715492658],[114.1560173034668,22.518582863908875]]],[[[114.14333742055757,22.52482032675618],[114.14451599121094,22.522467850696913],[114.14262771606445,22.521437150561496],[114.14322853088379,22.51953429934369],[114.14082527160645,22.51961358533424],[114.14056777954102,22.52040644273781],[114.14176940917969,22.52040644273781],[114.14333742055757,22.52482032675618]]],[[[114.14434432983398,22.524767077138662],[114.14425849914551,22.524925643069068],[114.14428490858754,22.52498662984154],[114.14434432983398,22.524767077138662]]],[[[114.14645298110676,22.52677270832717],[114.14640426635742,22.526907701843143],[114.14647004896072,22.526798327491598],[114.14645298110676,22.52677270832717]]],[[[114.13679122924805,22.512556954051448],[114.136962890625,22.512874113751238],[114.13739204406738,22.51319127272339],[114.13679122924805,22.512556954051448]]],[[[114.1403326747161,22.513238594036906],[114.14125442504883,22.511922632468867],[114.13910865783691,22.51168476112501],[114.13945198059082,22.51279482389451],[114.1403326747161,22.513238594036906]]],[[[114.14168357849121,22.512081213137378],[114.14176940917969,22.51311198304856],[114.14271354675293,22.510812562695833],[114.14168357849121,22.512081213137378]]],[[[114.14082527160645,22.521516435460256],[114.14168357849121,22.521040725385305],[114.14142608642578,22.520565013672623],[114.14073944091797,22.520723584425482],[114.14082527160645,22.521516435460256]]],[[[114.14444088951436,22.521308312469866],[114.14511680603027,22.521516435460256],[114.14460182189941,22.52127858062751],[114.14444088951436,22.521308312469866]]],[[[114.13129806518555,22.51874143693624],[114.13197716514902,22.51869961548981],[114.13172721862793,22.517789996042836],[114.13129806518555,22.517789996042836],[114.13129806518555,22.51874143693624]]],[[[114.13352966308594,22.517314273139817],[114.13378715515137,22.518107143735094],[114.13473129272461,22.518582863908875],[114.13378715515137,22.518027856880266],[114.13352966308594,22.517314273139817]]],[[[114.13652147564916,22.514584498087718],[114.13653373718262,22.514539190236746],[114.13636207580566,22.514142745273716],[114.13652147564916,22.514584498087718]]],[[[114.14382934570312,22.517472847622756],[114.14443016052246,22.517789996042836],[114.14477348327637,22.51874143693624],[114.14451599121094,22.517789996042836],[114.14382934570312,22.517472847622756]]],[[[114.13318634033203,22.52770051739013],[114.13361549377441,22.52770051739013],[114.13318634033203,22.52722482860797],[114.13275718688965,22.52754195464476],[114.13318634033203,22.52770051739013]]]]}},{"type":"Feature","properties":{"divisionCode":"ST","area":"New Territories"},"geometry":{"type":"MultiPolygon","coordinates":[[[[114.24961147,22.43312465],[114.24880519,22.42929342],[114.24705247,22.42805366],[114.24883327567117,22.426566564161433],[114.24613952636719,22.428087320922984],[114.24442291259766,22.425310449875056],[114.22622680664062,22.41253612776225],[114.22502517700195,22.41063178036501],[114.2259693145752,22.409282851832316],[114.22322273254395,22.4072991096119],[114.2251968383789,22.4072991096119],[114.22476768493652,22.405156636205305],[114.22811508178711,22.402855424274833],[114.22691345214844,22.40301412976916],[114.22717094421387,22.40158577379654],[114.22571182250977,22.401189005643673],[114.22588348388672,22.402617365693573],[114.22133445739746,22.404680526518263],[114.22099113464355,22.403093482448355],[114.21506881713867,22.401665127291224],[114.21369552612305,22.397935464072148],[114.21206474304199,22.397618041305407],[114.2112922668457,22.396983193597734],[114.21206474304199,22.39745932965026],[114.21472549438477,22.39769739706503],[114.21541213989258,22.40023675745607],[114.21695709228516,22.39968127633415],[114.21815872192383,22.395554775656564],[114.21918869018555,22.39579284633251],[114.2193603515625,22.39261853713738],[114.21747207641602,22.393491479389837],[114.21893119812012,22.394205700793066],[114.2167854309082,22.395713489485843],[114.21798706054688,22.396110273266387],[114.21609878540039,22.39960192170696],[114.21515464782715,22.39769739706503],[114.21120643615723,22.396824481217863],[114.21000480651855,22.39158687104684],[114.21112060546875,22.38888863124228],[114.21395301818848,22.387460130153414],[114.21137809753418,22.386904597990153],[114.21060562133789,22.38388881324869],[114.21592712402344,22.38444435745562],[114.21627044677734,22.38333326682333],[114.21798706054688,22.385476076525563],[114.21927452087402,22.381904708686022],[114.22090530395508,22.381745979098653],[114.22021865844727,22.38365072219517],[114.2222785949707,22.386666512098145],[114.22064781188965,22.386666512098145],[114.22073364257812,22.389126713330725],[114.22743503831651,22.390982518080367],[114.2280524486537,22.388710605614218],[114.22236442565918,22.389047352679853],[114.22356605529785,22.38714268347465],[114.2222785949707,22.38333326682333],[114.22408103942871,22.38412690389474],[114.2250994162121,22.382846108652185],[114.22017989671359,22.379526305885562],[114.21944618225098,22.380396770295008],[114.21730041503906,22.380317404663842],[114.21438217163086,22.379285647339287],[114.21378135681152,22.380952328445645],[114.21206474304199,22.379841209926184],[114.21395301818848,22.377222109740174],[114.21225378781824,22.37320445289697],[114.21000480651855,22.379999941686478],[114.20914649963379,22.37857134932547],[114.20125007629395,22.376666536696987],[114.20210838317871,22.375793488862456],[114.20073509216309,22.37420611513241],[114.20167922973633,22.37523791011627],[114.20682907104492,22.373412421478534],[114.20391082763672,22.373809268871213],[114.2025375366211,22.373333051864236],[114.20202255249023,22.373412421478534],[114.19901847839355,22.37523791011627],[114.20049942432678,22.371273462319117],[114.19910430908203,22.36745957482502],[114.1977310180664,22.367618320705773],[114.19610023498535,22.37198376149675],[114.19404029846191,22.372380612962502],[114.19438362121582,22.37388863821397],[114.19095039367676,22.372856833227985],[114.18949127197266,22.370793200311226],[114.19206619262695,22.365792732149785],[114.19097076041716,22.363470688874695],[114.18777465820312,22.364998990529443],[114.18768882751465,22.364284619202778],[114.18648719787598,22.364284619202778],[114.1867446899414,22.363332118399953],[114.18663244992842,22.36336875307031],[114.18631553649902,22.364284619202778],[114.18777465820312,22.365157739215476],[114.1907787322998,22.36357024421143],[114.18777465820312,22.36611022753108],[114.18828964233398,22.3699201156373],[114.18459892272949,22.36484024166245],[114.18039321899414,22.36364961939144],[114.17515754699707,22.35880765062312],[114.17352676391602,22.358172625840382],[114.17309761047363,22.35729946203729],[114.17378425598145,22.35610877530381],[114.17354965209005,22.354701105841198],[114.16977662273578,22.355266128890722],[114.17369842529297,22.355870636735872],[114.1702651977539,22.35650567201239],[114.1713809967041,22.35769635535354],[114.16975021362305,22.360395199914237],[114.16717529296875,22.359045784170277],[114.16571617126465,22.36087146117316],[114.16666030883789,22.362617738522516],[114.16932106018066,22.36277648992308],[114.16872024536133,22.36611022753108],[114.16751861572266,22.36587210606298],[114.16511535644531,22.36285586555549],[114.16314125061035,22.361903354980612],[114.16434288024902,22.358569516668837],[114.1618537902832,22.357378840791],[114.16202545166016,22.360633330747262],[114.1578197479248,22.353886132839918],[114.15902137756348,22.3542830358805],[114.1600513458252,22.3542830358805],[114.16168212890625,22.35340984769877],[114.1618537902832,22.355314978494377],[114.16271209716797,22.35610877530381],[114.16451454162598,22.35610877530381],[114.16520118713379,22.355473738218095],[114.16545867919922,22.355870636735872],[114.16614532470703,22.355870636735872],[114.16751861572266,22.355314978494377],[114.16837692260742,22.356267534122935],[114.16932106018066,22.356585051218417],[114.16974315912024,22.35524755976384],[114.16872024536133,22.356267534122935],[114.16747856140137,22.35517738656498],[114.16605949401855,22.355791257122775],[114.16515574733926,22.35535233367466],[114.16279792785645,22.35595001630375],[114.16170064141183,22.353285328333936],[114.15756225585938,22.35380675209612],[114.15049182609594,22.34500454513349],[114.16202545166016,22.361982731110672],[114.17412757873535,22.3715075382444],[114.17223930358887,22.37182502059366],[114.17369842529297,22.37214250221882],[114.17318344116211,22.373571160571373],[114.17146682739258,22.374285484248887],[114.17078018188477,22.374364853320102],[114.1724967956543,22.372936203113838],[114.17000770568848,22.3726187232989],[114.16829109191895,22.374444222346042],[114.16520118713379,22.371269426007302],[114.1658878326416,22.369523257157226],[114.16305541992188,22.371269426007302],[114.16228294372559,22.369761372381006],[114.16202545166016,22.37214250221882],[114.16073799133301,22.37198376149675],[114.16133880615234,22.370158230182298],[114.16030883789062,22.37206313188041],[114.15653228759766,22.37190439106783],[114.15043830871582,22.375793488862456],[114.15040216978772,22.37747524967695],[114.15060997009277,22.37595222523973],[114.15696144104004,22.37317431249984],[114.158935546875,22.37468232915235],[114.16099548339844,22.37317431249984],[114.16597366333008,22.373253682204663],[114.16545867919922,22.374999804260426],[114.16726112365723,22.376031593360466],[114.16614532470703,22.376031593360466],[114.16657447814941,22.379285647339287],[114.16949272155762,22.376745904410384],[114.17352676391602,22.3788094490708],[114.17181015014648,22.380555501421526],[114.17266845703125,22.381904708686022],[114.17730331420898,22.37976184397816],[114.17361259460449,22.382380896361568],[114.16538265754885,22.379671138435622],[114.1655445098877,22.380793597771813],[114.17369842529297,22.38269835390652],[114.17756080627441,22.379999941686478],[114.17841911315918,22.382222167317465],[114.18065071105957,22.381745979098653],[114.18047904968262,22.3834126307342],[114.18004989624023,22.382618989588195],[114.17884826660156,22.3834126307342],[114.18013572692871,22.38404754039132],[114.18082237243652,22.383015810727116],[114.18082237243652,22.382380896361568],[114.18365478515625,22.381745979098653],[114.17824745178223,22.386190339091613],[114.1779899597168,22.38388881324869],[114.17764663696289,22.385079262404176],[114.17618751525879,22.385872889515028],[114.17558670043945,22.385158625319022],[114.17721748352051,22.384761810292105],[114.17704582214355,22.38317453886576],[114.17550086975098,22.385158625319022],[114.17704582214355,22.386825236071445],[114.1823673248291,22.384603083964407],[114.18442726135254,22.3802380389874],[114.18425559997559,22.38182534391497],[114.18717384338379,22.38404754039132],[114.18082237243652,22.38571416445508],[114.18262481689453,22.386587150043596],[114.18065071105957,22.387301406904584],[114.18193817138672,22.38777757610768],[114.18073654174805,22.389840957150795],[114.18416976928711,22.386666512098145],[114.1849422454834,22.388809270455553],[114.18588638305664,22.38888863124228],[114.18580055236816,22.386428425798627],[114.18794631958008,22.386587150043596],[114.18837547302246,22.388809270455553],[114.19137954711914,22.390951995802425],[114.19009208679199,22.391824948516273],[114.18580055236816,22.390317117659748],[114.18554306030273,22.394523131350283],[114.1889762878418,22.395078633081724],[114.18923377990723,22.393174046477526],[114.19052124023438,22.393253404773546],[114.19172286987305,22.39579284633251],[114.19352531433105,22.39380891157751],[114.19292449951172,22.395951559890037],[114.18777465820312,22.39666576865683],[114.18889045715332,22.398729017818198],[114.18631553649902,22.397935464072148],[114.18519973754883,22.399443212316697],[114.18253898620605,22.397776752779365],[114.18039321899414,22.398411596863326],[114.17593002319336,22.396507055914597],[114.17644500732422,22.398014819650584],[114.18442726135254,22.399125792992564],[114.18339729309082,22.401189005643673],[114.18683052062988,22.400792236358285],[114.18863296508789,22.403331540214126],[114.18974876403809,22.40055417424341],[114.18863296508789,22.39936385755361],[114.19206619262695,22.401268359364863],[114.19378280639648,22.399919339943906],[114.19515609741211,22.399919339943906],[114.19361114501953,22.401189005643673],[114.19798851013184,22.401744480740575],[114.19876098632812,22.404125063155206],[114.20056343078613,22.40253801274254],[114.20150756835938,22.40420441520014],[114.20305252075195,22.403331540214126],[114.20236587524414,22.405870797677565],[114.19755935668945,22.40888610565389],[114.19841766357422,22.409679596877865],[114.20107841491699,22.407219759334026],[114.20442581176758,22.40769586032161],[114.20185089111328,22.408171959677986],[114.20305252075195,22.408965454980205],[114.20228004455566,22.41055243199031],[114.2098331451416,22.40960024795939],[114.20828819274902,22.408489358342635],[114.20888900756836,22.4072991096119],[114.20682907104492,22.40753716017366],[114.20708656311035,22.40602949972856],[114.20914649963379,22.4065849554798],[114.21069145202637,22.408965454980205],[114.20991897583008,22.41055243199031],[114.2072582244873,22.410076340790525],[114.20863151550293,22.41126656573111],[114.20605659484863,22.41047308357031],[114.20047760009766,22.41063178036501],[114.20047760009766,22.412060043360142],[114.19919013977051,22.4116633051121],[114.20039176940918,22.41253612776225],[114.19807434082031,22.413646985022353],[114.19807434082031,22.416662124235444],[114.20348167419434,22.41467848738141],[114.20408248901367,22.411980695801162],[114.20957565307617,22.41118721771896],[114.20313835144043,22.417693604204047],[114.19877677958425,22.419187264177623],[114.20236587524414,22.421105367985405],[114.20228004455566,22.419359824894244],[114.20348167419434,22.41904245106589],[114.202880859375,22.420470627581764],[114.2054557800293,22.421264052632978],[114.20382499694824,22.422454181709725],[114.20107841491699,22.421184710331858],[114.20210838317871,22.42213681495329],[114.20056343078613,22.42189878940995],[114.20073509216309,22.42396166389682],[114.20242809126798,22.425209280606328],[114.20220255,22.42289872],[114.20352986,22.42238861],[114.20472757,22.42609402],[114.20662439,22.42545744],[114.2080459285149,22.42693358098141],[114.21463966369629,22.423485618658503],[114.21378135681152,22.42610384727078],[114.21047546869683,22.428548516507806],[114.21325228,22.42707233],[114.2147386,22.42525059],[114.21511314,22.42323066],[114.2137139,22.41097759],[114.21880731,22.40678787],[114.22666911,22.42612024],[114.22825927,22.42781814],[114.23345093,22.42722315],[114.23496614,22.42853704],[114.23406163,22.42952362],[114.23507547,22.42863184],[114.23897855,22.43201614],[114.23720841,22.4363643],[114.24178303,22.43751993],[114.24620717095235,22.435766120537004],[114.24373626708984,22.43610026593055],[114.24468040466309,22.434672250203363],[114.24304962158203,22.431498829310044],[114.24519538879395,22.430388114854694],[114.24961147,22.43312465]],[[114.17490005493164,22.359442672510866],[114.17421340942383,22.360712707601124],[114.17000770568848,22.36015706867407],[114.17223930358887,22.35706132550473],[114.17490005493164,22.359442672510866]],[[114.17490005493164,22.359442672510866],[114.17567253112793,22.359839559720555],[114.17987823486328,22.36357024421143],[114.17867660522461,22.364443368703192],[114.18065071105957,22.367062709331265],[114.17764663696289,22.36745957482502],[114.17841911315918,22.36301461668461],[114.17490005493164,22.359442672510866]],[[114.20665740966797,22.418010981114804],[114.2072582244873,22.418487045121054],[114.20571327209473,22.418725076512246],[114.2054557800293,22.41777294849973],[114.20331001281738,22.418090325229173],[114.20974731445312,22.41213939087379],[114.20605659484863,22.416662124235444],[114.20605659484863,22.418407701233335],[114.20665740966797,22.418010981114804]],[[114.20665740966797,22.418010981114804],[114.20648574829102,22.4165034343296],[114.20785903930664,22.41578932750967],[114.20854568481445,22.417534915476722],[114.20931816101074,22.416979503503214],[114.21009063720703,22.41713819286514],[114.21026229858398,22.416662124235444],[114.21137809753418,22.41690015875426],[114.2087173461914,22.418090325229173],[114.20734405517578,22.416662124235444],[114.20665740966797,22.418010981114804]],[[114.17292594909668,22.370158230182298],[114.16906356811523,22.366189601263272],[114.16983604431152,22.363411493715688],[114.17198181152344,22.367380201816758],[114.17000770568848,22.36666584270634],[114.17292594909668,22.370158230182298]],[[114.20682907104492,22.425469129716916],[114.20648574829102,22.424279026482267],[114.20760154724121,22.424596388342295],[114.20751571655273,22.4232475954273],[114.20657157897949,22.423723641481672],[114.20760154724121,22.423009571788057],[114.20906066894531,22.423009571788057],[114.20794486999512,22.422612864815918],[114.20639991760254,22.423406277626782],[114.20511245727539,22.42197813130305],[114.21215057373047,22.42221615671039],[114.20768737792969,22.425786488856573],[114.2083740234375,22.42316825425955],[114.20760154724121,22.4252311098861],[114.20682907104492,22.425469129716916]],[[114.1977310180664,22.394205700793066],[114.19867515563965,22.393412121229687],[114.20511245727539,22.403569597572172],[114.20236587524414,22.401744480740575],[114.1977310180664,22.394205700793066]],[[114.20476913452148,22.39864966264743],[114.20597076416016,22.39753868550048],[114.2087173461914,22.401506420256567],[114.20760154724121,22.40158577379654],[114.20476913452148,22.39864966264743]],[[114.19979095458984,22.385237988188564],[114.19730186462402,22.38365072219517],[114.20022010803223,22.380872963131367],[114.20133590698242,22.385396713791835],[114.19979095458984,22.385237988188564]]],[[[114.22238934901495,22.35842098939657],[114.2222785949707,22.358478797757115],[114.2222785949707,22.358728272683592],[114.22238934901495,22.35842098939657]]],[[[114.20895699947887,22.355865606205946],[114.20808292188768,22.355157053812643],[114.20957565295389,22.358410760201792],[114.2098331451416,22.35769635535354],[114.20895699947887,22.355865606205946]]],[[[114.2000089218801,22.354824156265302],[114.19974227504315,22.35520964079484],[114.20007924455668,22.354839164963227],[114.2000089218801,22.354824156265302]]],[[[114.19937804426316,22.355141196145645],[114.19945923,22.35508961],[114.19945133,22.35497841],[114.1991079318699,22.355157558794446],[114.19937804426316,22.355141196145645]]],[[[114.19897881614851,22.35519766902608],[114.19832979754713,22.3545668958638],[114.19830093407533,22.354571980492384],[114.19897782179054,22.355197997463474],[114.19897881614851,22.35519766902608]]],[[[114.18490598772719,22.349646049800263],[114.18490598772718,22.349646049800263],[114.18488762576041,22.34973662378654],[114.18490598772719,22.349646049800263]]],[[[114.15353367301522,22.346346166824908],[114.15348840982539,22.346339004259374],[114.15347852204921,22.34635729471688],[114.15353576666537,22.34637714931587],[114.15353367301522,22.346346166824908]]],[[[114.15294736905552,22.346253388552977],[114.15253807,22.34618862],[114.15248120564553,22.346234440304066],[114.15298554209322,22.34630634814964],[114.15294736905552,22.346253388552977]]],[[[114.15026664733887,22.345009361717892],[114.14934643060585,22.34502904519789],[114.14975166320801,22.345153979918933],[114.15026664733887,22.345009361717892]]],[[[114.14845471877682,22.345048118956626],[114.14796332,22.34505863],[114.14773715892414,22.344878456946496],[114.14803504943848,22.345153979918933],[114.14845471877682,22.345048118956626]]],[[[114.14668381349851,22.34520598546101],[114.14624021480948,22.34644839020697],[114.14820671081543,22.347138608172457],[114.14855003356934,22.346424145256606],[114.14668381349851,22.34520598546101]]],[[[114.16667742039853,22.406433114575943],[114.16668575634019,22.4064673231517],[114.16669833587824,22.406409174179682],[114.16667742039853,22.406433114575943]]],[[[114.16661768191554,22.406781997489887],[114.16527782,22.4089546],[114.16521154,22.40964342],[114.16564832974646,22.41074467212984],[114.16661768191554,22.406781997489887]]],[[[114.16556973712036,22.41087545428949],[114.16529215071466,22.411114424754594],[114.16540884194232,22.411143192115645],[114.16556973712036,22.41087545428949]]],[[[114.1991497122844,22.421331448761734],[114.19920327,22.42163938],[114.19958518105975,22.42155508695049],[114.1991497122844,22.421331448761734]]],[[[114.2001209733064,22.422435853743362],[114.20005283,22.42255734],[114.20018868596966,22.422918922760868],[114.20022010803223,22.422454181709725],[114.2001209733064,22.422435853743362]]],[[[114.2004964373503,22.424093832849042],[114.20053115,22.42434862],[114.20150152153685,22.424807433548263],[114.20116424560547,22.424279026482267],[114.2004964373503,22.424093832849042]]],[[[114.24679583896297,22.436099831625658],[114.24710429,22.43627469],[114.24771994,22.43627154],[114.24798709,22.43522819],[114.24780365,22.43485979],[114.24679583896297,22.436099831625658]]],[[[114.24625949349513,22.434567492217667],[114.24602032,22.43449783],[114.24581019881987,22.434347028027968],[114.24596786499023,22.43451358088211],[114.24625949349513,22.434567492217667]]],[[[114.24546673274554,22.433984202858507],[114.2454332,22.43388938],[114.2453687275945,22.43388067375275],[114.24546673274554,22.433984202858507]]],[[[114.24460857659007,22.433723107757423],[114.24453654689513,22.433643608931206],[114.24459457397461,22.43372023155463],[114.24460857659007,22.433723107757423]]],[[[114.24411920239608,22.433092520875796],[114.24404002,22.43257689],[114.24399375915527,22.432926877691813],[114.24411920239608,22.433092520875796]]],[[[114.24399375915527,22.43254762773509],[114.24400502807339,22.43250728336135],[114.24399375915527,22.432530199059684],[114.24399375915527,22.43254762773509]]],[[[114.2222785949707,22.358728272683592],[114.22159194946289,22.36126834431157],[114.22063555035673,22.36119463752655],[114.22011632180832,22.361463732506056],[114.22004699707031,22.361823978398167],[114.22167778015137,22.361585850007998],[114.2219352722168,22.360633330747262],[114.22235662287174,22.360936405761112],[114.2222785949707,22.358728272683592]]],[[[114.23523902893066,22.391507511799787],[114.23506736755371,22.39087263619308],[114.23420906066895,22.390555197302888],[114.2332649230957,22.39103135536648],[114.23395156860352,22.392777254318148],[114.23523902893066,22.391507511799787]]],[[[114.23523902893066,22.391507511799787],[114.23489570617676,22.39230110223238],[114.23506736755371,22.391983666602783],[114.23523902893066,22.391507511799787]]],[[[114.21369552612305,22.378650715952503],[114.21669960021973,22.379285647339287],[114.21755790710449,22.378968182008023],[114.21807289123535,22.379365013558925],[114.21747207641602,22.378888815562036],[114.21446800231934,22.378412615935574],[114.21524047851562,22.377460211794002],[114.21369552612305,22.378650715952503]]],[[[114.21938896205852,22.379585475120898],[114.21927452087402,22.379444379733314],[114.21875953674316,22.379407749191287],[114.21841621398926,22.37976184397816],[114.21938896205852,22.379585475120898]]],[[[114.1977310180664,22.36642772218842],[114.19814696628265,22.365786626889005],[114.19814696628265,22.365786626888987],[114.1977310180664,22.36642772218842]]],[[[114.21763147631147,22.36634834859194],[114.2179012298584,22.36904702548786],[114.21841621398926,22.36777706640555],[114.21961784362793,22.3688089090423],[114.22004699707031,22.36587210606298],[114.22107696533203,22.366983336096766],[114.22159194946289,22.37103131336292],[114.2222785949707,22.367221455664506],[114.22056198120117,22.361982731110672],[114.21763147631147,22.36634834859194]]],[[[114.21286681566437,22.366958702141904],[114.21481132507324,22.36563398418768],[114.21584129333496,22.363967119659037],[114.210916384838,22.363687936352758],[114.21197891235352,22.36404649461285],[114.21051979064941,22.365157739215476],[114.21309471130371,22.36563398418768],[114.21286681566437,22.366958702141904]]],[[[114.21083111056109,22.363641547793982],[114.21015930176955,22.363351168468128],[114.20942657876992,22.363486691330397],[114.20966148376465,22.36364961939144],[114.21083111056109,22.363641547793982]]],[[[114.20950647607773,22.358666665791212],[114.21051979064941,22.359839559720555],[114.21017646789551,22.360236445799373],[114.20992907357167,22.362435641042307],[114.20950647607773,22.358666665791212]]],[[[114.20940598776048,22.363472409585352],[114.2094898223877,22.36269711424542],[114.20931816101074,22.363411493715688],[114.20940598776048,22.363472409585352]]],[[[114.22766817115044,22.386915543826074],[114.22758059195749,22.386857701904287],[114.2274284362793,22.386904597990153],[114.2275076646558,22.38701448357186],[114.22766817115044,22.386915543826074]]],[[[114.22807012279642,22.388429471447015],[114.22813911402258,22.38819025489555],[114.22790336606275,22.38860293211124],[114.22807012279642,22.388429471447015]]],[[[114.23240661621094,22.39023775768814],[114.23266410827637,22.39087263619308],[114.23271872788473,22.3908870652298],[114.23240661621094,22.39023775768814]]],[[[114.23352241516113,22.392697895750416],[114.2329216003418,22.392380461026562],[114.23280936010057,22.391766955080396],[114.23257793292463,22.392304926315646],[114.23352241516113,22.392697895750416]]],[[[114.23652648925781,22.408092609898546],[114.23807144165039,22.406108850686095],[114.23678398132324,22.40769586032161],[114.23652648925781,22.408092609898546]]],[[[114.23249244689941,22.405553393031852],[114.23369407653809,22.40523598766123],[114.23300743103027,22.405315339071848],[114.23249244689941,22.405553393031852]]],[[[114.23601150512695,22.405553393031852],[114.23686981201172,22.406346903286845],[114.23644065856934,22.405791446584118],[114.23601150512695,22.405553393031852]]],[[[114.19841766357422,22.409679596877865],[114.1973876953125,22.409679596877865],[114.19730186462402,22.410076340790525],[114.19781684875488,22.41047308357031],[114.19841766357422,22.409679596877865]]],[[[114.1878604888916,22.403252187670844],[114.18725967407227,22.403569597572172],[114.18614387512207,22.40388700674859],[114.18743133544922,22.403569597572172],[114.1878604888916,22.403252187670844]]],[[[114.1878604888916,22.403252187670844],[114.18777465820312,22.403093482448355],[114.1875680287574,22.403049397599165],[114.1878604888916,22.403252187670844]]],[[[114.15730476379395,22.37714274229836],[114.15704727172852,22.37730147713671],[114.1568756096336,22.377583672136694],[114.15730476379395,22.37714274229836]]],[[[114.15730476379395,22.37714274229836],[114.15773956446947,22.37737249021189],[114.15764808654785,22.377222109740174],[114.15730476379395,22.37714274229836]]],[[[114.16706084505604,22.40599423684676],[114.16726112365723,22.405870797677565],[114.16745338811216,22.40554492196388],[114.16706084505604,22.40599423684676]]],[[[114.16736370173633,22.403412827874554],[114.16803359985352,22.402855424274833],[114.16736370173633,22.40341282787455],[114.16736370173633,22.403412827874554]]],[[[114.16726112404632,22.40015740361363],[114.16726112365723,22.400157402534436],[114.16726112365723,22.400157403145982],[114.16726112404632,22.40015740361363]]],[[[114.17412757873535,22.384206267352866],[114.1750717163086,22.38452372073266],[114.17556650528383,22.384556399730283],[114.17412757873535,22.384206267352866]]],[[[114.18039321899414,22.39015839767123],[114.17970657348633,22.391110714885244],[114.1797924041748,22.391348793169826],[114.18039321899414,22.39015839767123]]],[[[114.19438362121582,22.4076165102703],[114.19369697570801,22.408092609898546],[114.19567108154297,22.406981708228514],[114.19438362121582,22.4076165102703]]],[[[114.17326927185059,22.400474820114525],[114.17198181152344,22.400633528327006],[114.17173279689982,22.40081770766338],[114.17326927185059,22.400474820114525]]],[[[114.18729645906264,22.402991457604234],[114.18676512581311,22.40287809648045],[114.1867446899414,22.40293477704465],[114.18729645906264,22.402991457604234]]],[[[114.18678446513107,22.402824457297903],[114.18744709984338,22.4026610907887],[114.18683052062988,22.4026967185993],[114.18678446513107,22.402824457297903]]],[[[114.15979385375977,22.3802380389874],[114.1601616995825,22.380918314495624],[114.16013717651367,22.380714232366998],[114.15979385375977,22.3802380389874]]],[[[114.16017348955266,22.381016431180004],[114.15996551513672,22.380952328445645],[114.15981674199853,22.381365027102998],[114.16022300720215,22.38142851938069],[114.16017348955266,22.381016431180004]]],[[[114.16897773742676,22.390079037609055],[114.16870307913351,22.39065042894007],[114.16889190673828,22.390475837467136],[114.16897773742676,22.390079037609055]]],[[[114.16853141764098,22.390809148492025],[114.16708946228027,22.39103135536648],[114.16837692260742,22.390951995802425],[114.16853141764098,22.390809148492025]]],[[[114.15641482322455,22.376325950488273],[114.15438652038574,22.376110961435955],[114.15524482727051,22.378253882364632],[114.15533065795898,22.378253882364632],[114.15641482322455,22.376325950488273]]],[[[114.15756225585938,22.374444222346042],[114.15884971618652,22.374999804260426],[114.1592788696289,22.37523791011627],[114.15807723999023,22.374523591326735],[114.15756225585938,22.374444222346042]]],[[[114.1644287109375,22.378650715952503],[114.16527346709852,22.379502861239647],[114.16502952575684,22.379126914764186],[114.1644287109375,22.378650715952503]]],[[[114.1673469543457,22.41039373496904],[114.1673469543457,22.41037542375336],[114.16726112365723,22.41031438659435],[114.1673469543457,22.41039373496904]]],[[[114.18219566345215,22.401903187503393],[114.18307849313877,22.401427066671303],[114.18288230895996,22.401427066671303],[114.18219566345215,22.401903187503393]]],[[[114.19910430908203,22.419994570375067],[114.19919013977051,22.420311942027524],[114.19944763183594,22.420311942027524],[114.19927597045898,22.41991522734861],[114.19910430908203,22.419994570375067]]]]}},{"type":"Feature","properties":{"divisionCode":"TP","area":"New Territories"},"geometry":{"type":"MultiPolygon","coordinates":[[[[114.23394713995754,22.4677001715451],[114.23165368,22.46838629],[114.23331235,22.46919356],[114.23129827,22.47230616],[114.22729888,22.47014057],[114.22568973,22.47119015],[114.22350424,22.46834568],[114.21996116638184,22.467830155548185],[114.21807289123535,22.46790947117134],[114.21807289123535,22.470526861261263],[114.2149829864502,22.47314420189754],[114.21283721923828,22.472589012561954],[114.20974731445312,22.467671524165624],[114.21664032961924,22.46764840001231],[114.20907534,22.46694367],[114.20883701,22.45913628],[114.21440551,22.45773125],[114.21496306,22.45629839],[114.21659401,22.45742873],[114.22005759,22.45620573],[114.21776037,22.45610918],[114.21438217163086,22.451728144009934],[114.2142105102539,22.454028545896165],[114.21292304992676,22.453314632153976],[114.2112922668457,22.450776242410072],[114.20991897583008,22.44982433427542],[114.21326637268066,22.451172868870856],[114.21544647217387,22.451175135303625],[114.21406608,22.44880722],[114.2096867,22.4498475],[114.21264933,22.45358552],[114.21416108,22.45454107],[114.21319303,22.45691632],[114.20920459,22.45671684],[114.2114758,22.45335981],[114.20898248,22.45664484],[114.20547701,22.45722409],[114.20311113,22.45975706],[114.19833183288574,22.45724887490447],[114.19618606567383,22.460136324297636],[114.19120788574219,22.461802035333974],[114.19034957885742,22.45807398765899],[114.19283866882324,22.45807398765899],[114.19283866882324,22.451807468848273],[114.18683052062988,22.45283868761686],[114.18468475341797,22.455615007716787],[114.1812515258789,22.454901102144177],[114.18053847107231,22.452112563963325],[114.17790412902832,22.45347327996994],[114.17695999145508,22.45014163771306],[114.17960271963705,22.44934976586684],[114.17708026,22.44947158],[114.17954442,22.44536101],[114.17829052,22.44508764],[114.18757534,22.4396915],[114.19553778,22.43930871],[114.21083157,22.42878522],[114.2094898223877,22.429277391511107],[114.20662439,22.42545744],[114.20472757,22.42609402],[114.20352986,22.42238861],[114.20220255,22.42289872],[114.202880859375,22.42602450773525],[114.20053115,22.42434862],[114.19979095458984,22.42166076345859],[114.19670104980469,22.41991522734861],[114.19877677958425,22.419187264177623],[114.19721603393555,22.41904245106589],[114.19618606567383,22.419756541159728],[114.19584274291992,22.421026025593605],[114.19893264770508,22.42213681495329],[114.19893264770508,22.425072429772186],[114.19730186462402,22.42634186560535],[114.1962718963623,22.425072429772186],[114.19395446777344,22.427135257106684],[114.1962718963623,22.427135257106684],[114.19601440429688,22.429674079439835],[114.19189453125,22.433244219781173],[114.18992042541504,22.43245086319719],[114.18554306030273,22.432926877691813],[114.18356895446777,22.434672250203363],[114.1834831237793,22.435862264329856],[114.18253898620605,22.4374489339569],[114.18228149414062,22.437528266961962],[114.18116569519043,22.436972934973838],[114.18296813964844,22.436020932109003],[114.18185234069824,22.4339582368291],[114.17927742004395,22.438400927024162],[114.18099403381348,22.437845598528725],[114.1797924041748,22.44086021221439],[114.18193817138672,22.440066899174212],[114.17996406555176,22.441494859380256],[114.17927742004395,22.440780881114506],[114.17884826660156,22.442367494492586],[114.1783332824707,22.442367494492586],[114.17841911315918,22.441653520718077],[114.17962074279785,22.44022556214516],[114.17550086975098,22.43974957268796],[114.17524337768555,22.440939543268897],[114.17790412902832,22.441177536160254],[114.17455673217773,22.441574190071847],[114.17584419250488,22.4441127482488],[114.1742992401123,22.444350735696034],[114.17309761047363,22.44371610159601],[114.1742992401123,22.443160794376624],[114.17292594909668,22.44252615483235],[114.17387008666992,22.44181218187441],[114.17404174804688,22.440146230682373],[114.1724967956543,22.440701549969262],[114.17258262634277,22.44244682468515],[114.16829109191895,22.43951157734695],[114.1670036315918,22.435862264329856],[114.16829109191895,22.43681426828327],[114.16726112365723,22.43530692567414],[114.16940689086914,22.43506892271276],[114.16923522949219,22.433640896372438],[114.16614532470703,22.436020932109003],[114.16691780090332,22.434275576560083],[114.16914939880371,22.433164884326857],[114.1702651977539,22.4339582368291],[114.17223930358887,22.430467451896277],[114.16820526123047,22.431419492858012],[114.16657447814941,22.429277391511107],[114.16683197021484,22.43173683839406],[114.16872024536133,22.43173683839406],[114.16932106018066,22.432530199059684],[114.1673469543457,22.433799566691476],[114.16571617126465,22.433799566691476],[114.16666030883789,22.43189551089],[114.16520118713379,22.430308777767763],[114.16511535644531,22.43284754205608],[114.16314125061035,22.430388114854694],[114.15996551513672,22.4305467888925],[114.1585922241211,22.42880136450019],[114.15524482727051,22.430626125843375],[114.16262626647949,22.432768206375016],[114.16022300720215,22.434275576560083],[114.16125297546387,22.435782930372255],[114.15799140930176,22.436338267123006],[114.16279792785645,22.43665560141129],[114.1633129119873,22.439352913559475],[114.158935546875,22.43951157734695],[114.15629430231677,22.436917641687153],[114.15438652038574,22.43792493130701],[114.15524482727051,22.43879758887438],[114.15402603147452,22.439908236021807],[114.1563606262207,22.438480259484933],[114.15842056274414,22.439828904377563],[114.15481567382812,22.44109820524183],[114.15799140930176,22.44379543101732],[114.1549015045166,22.446333948543],[114.15146827697754,22.444350735696034],[114.15121078491211,22.446254620573583],[114.14855003356934,22.446651259966885],[114.14932250976562,22.450696916981784],[114.15146827697754,22.446889243058394],[114.15464401245117,22.446809915406604],[114.15292739868164,22.451648819126206],[114.14734840393066,22.458470593241884],[114.14554595947266,22.45347327996994],[114.1476058959961,22.45212476774782],[114.14580345153809,22.45244206592122],[114.14580345153809,22.450062311921712],[114.14451599121094,22.451569494197102],[114.14485931396484,22.449269051512488],[114.14219856262207,22.448951746078194],[114.14228439331055,22.4449060381516],[114.13859367370605,22.444826709365486],[114.13962364196777,22.443240124115505],[114.13516044616699,22.444509393767333],[114.13327217102051,22.442050173268697],[114.1356386454857,22.43974957268796],[114.13413047790527,22.438956253296936],[114.1325855255127,22.441336197860977],[114.13026809692383,22.440384224934647],[114.12915229797363,22.438242261966565],[114.13018226623535,22.435782930372255],[114.12520408630371,22.43681426828327],[114.1263198852539,22.439352913559475],[114.12400245666504,22.439035585440152],[114.12537574768066,22.44022556214516],[114.12391662597656,22.439670240952978],[114.11773681640625,22.4335615611449],[114.11676662224285,22.433421307246583],[114.12408828735352,22.440146230682373],[114.12649154663086,22.440701549969262],[114.12460327148438,22.440701549969262],[114.12271499633789,22.439035585440152],[114.12137947222453,22.438892787571472],[114.1201400756836,22.441256867033303],[114.12752151489258,22.44474738053401],[114.12795066833496,22.447206553211814],[114.13129806518555,22.447206553211814],[114.13121223449707,22.450538265989053],[114.13344383239746,22.44998298608499],[114.13490295410156,22.45196611838881],[114.13207054138184,22.451807468848273],[114.1340446472168,22.452759363368514],[114.13284301757812,22.452918011819847],[114.13387298583984,22.45458380959849],[114.13576126098633,22.454504486348597],[114.13756370544434,22.456487553979514],[114.13670539855957,22.45720145138212],[114.13876533508301,22.457598059461574],[114.14039611816406,22.460057004225106],[114.13902282714844,22.461088161626975],[114.1427993774414,22.461802035333974],[114.14082527160645,22.462674542648756],[114.1421127319336,22.463864316497762],[114.1409969329834,22.465133397343834],[114.14606094360352,22.467671524165624],[114.14528846740723,22.468702624905546],[114.14786338806152,22.47171656768137],[114.14623260498047,22.471954507739227],[114.14820671081543,22.472113134217395],[114.1482925415039,22.47377870127039],[114.14897918701172,22.472033821001006],[114.14932250976562,22.47449250959042],[114.15266990661621,22.477823566439483],[114.15331673,22.48398975],[114.15119117,22.48553183],[114.15232655,22.48631885],[114.15149162,22.48695961],[114.15149674,22.48824435],[114.15330382793297,22.488255601157775],[114.1519832611084,22.487102516553946],[114.1537857055664,22.48789556036283],[114.15412902832031,22.48480266381324],[114.15593147277832,22.485199192874006],[114.15575981140137,22.48210623607767],[114.16121619119923,22.48551641537296],[114.16082382202148,22.482899308510582],[114.16233444218798,22.482756555499524],[114.16202545166016,22.480520077582852],[114.16073799133301,22.480916618910143],[114.16159629821777,22.479013210181776],[114.15979385375977,22.479489064816903],[114.16108131408691,22.47829942516286],[114.15876388549805,22.479092519401192],[114.15799140930176,22.478695972849835],[114.15970802307129,22.476237358884916],[114.15799140930176,22.476871844087],[114.15824890136719,22.47449250959042],[114.1688060760498,22.476237358884916],[114.170404041473,22.475966768343625],[114.17155265808105,22.47377870127039],[114.17009353637695,22.471954507739227],[114.1684627532959,22.47243038662876],[114.16897773742676,22.472033821001006],[114.16897773742676,22.469971661435125],[114.1684627532959,22.47171656768137],[114.16520118713379,22.470606175340492],[114.16666030883789,22.46941645938385],[114.16365623474121,22.470447547136615],[114.16803359985352,22.47187519443203],[114.16966438293457,22.47568218194847],[114.16133880615234,22.474730444879583],[114.15962219238281,22.473223514478107],[114.15850639343262,22.474333885837225],[114.16056632995605,22.472033821001006],[114.15962219238281,22.47116137262354],[114.1615104675293,22.470923431203275],[114.15919303894043,22.470050975832237],[114.16168212890625,22.46941645938385],[114.15593147277832,22.470050975832237],[114.1560173034668,22.46854399452198],[114.15730476379395,22.469337144623466],[114.15962219238281,22.468306048606053],[114.15678977966309,22.46854399452198],[114.15593147277832,22.467354260855643],[114.15833473205566,22.46719562892821],[114.15653228759766,22.466085200350633],[114.16125297546387,22.46497476287371],[114.16236877441406,22.463229771716172],[114.15215492248535,22.459184480431347],[114.15361404418945,22.45545636235171],[114.15541648864746,22.457360094750086],[114.1574764251709,22.45569433033127],[114.15713310241699,22.459025839151437],[114.1578197479248,22.457836023764543],[114.1618537902832,22.456249587361626],[114.16125297546387,22.45854991422229],[114.16305541992188,22.459025839151437],[114.16451454162598,22.455773652900334],[114.16897773742676,22.459501762446422],[114.16906356811523,22.462515905363745],[114.169921875,22.45981904373518],[114.17198181152344,22.46219863024895],[114.16983604431152,22.462912498235767],[114.17012786863663,22.464522653451564],[114.17455673217773,22.464260905510727],[114.17455673217773,22.46315045341416],[114.1754150390625,22.464498858373673],[114.17773246765137,22.464181587798947],[114.17498588562012,22.46227794909575],[114.17524337768555,22.456328909612978],[114.17258262634277,22.456328909612978],[114.1728401184082,22.457439416365958],[114.17241096496582,22.456011620335218],[114.17550086975098,22.455932297902308],[114.1768741607666,22.459025839151437],[114.17953491210938,22.459184480431347],[114.18013572692871,22.461088161626975],[114.17996406555176,22.46148475858486],[114.17936325073242,22.459898363943893],[114.17747497558594,22.460453604133747],[114.17919158935547,22.462595224028945],[114.1779899597168,22.466085200350633],[114.17237482882369,22.466999426953706],[114.1742992401123,22.467671524165624],[114.16923522949219,22.469971661435125],[114.17155265808105,22.47155794074905],[114.17361259460449,22.468702624905546],[114.17472839355469,22.469654403392582],[114.17515754699707,22.466957680696495],[114.1823673248291,22.465767933408173],[114.18245315551758,22.461722716214794],[114.18004989624023,22.459184480431347],[114.18296813964844,22.459739723481093],[114.1878604888916,22.46529203163233],[114.19112205505371,22.462436586653155],[114.19086456298828,22.46687836452844],[114.1867446899414,22.46529203163233],[114.18485641479492,22.468306048606053],[114.18570935723555,22.471627339960982],[114.19215202331543,22.474016637785823],[114.19721603393555,22.472509699618058],[114.1977310180664,22.47592011519376],[114.20056343078613,22.476237358884916],[114.2003059387207,22.471954507739227],[114.20107841491699,22.47084411730569],[114.20064926147461,22.471399313635075],[114.19961929321289,22.471954507739227],[114.20004844665527,22.473223514478107],[114.19970512390137,22.473540764346183],[114.19936180114746,22.472826951121135],[114.19970512390137,22.47163725423792],[114.19661521911621,22.471399313635075],[114.19584274291992,22.47274763831348],[114.19472694396973,22.472033821001006],[114.19652938842773,22.470923431203275],[114.19961929321289,22.47147862721478],[114.20022010803223,22.469733717971323],[114.20047760009766,22.471399313635075],[114.20236587524414,22.46941645938385],[114.20296669006348,22.471320000009996],[114.20296669006348,22.470050975832237],[114.20425415039062,22.47124068633947],[114.20373916625977,22.469971661435125],[114.20562744140625,22.47013029018393],[114.2054557800293,22.471399313635075],[114.20648574829102,22.472589012561954],[114.20657157897949,22.472906263883345],[114.2039966583252,22.473540764346183],[114.20614242553711,22.475761493075666],[114.21163558959961,22.474809756551778],[114.20828819274902,22.477268395862097],[114.2094898223877,22.47917182857519],[114.2078513252566,22.47875122172117],[114.20985735765828,22.480029572822584],[114.21378135681152,22.47917182857519],[114.2149829864502,22.480520077582852],[114.21360969543457,22.483771682939434],[114.2157445388267,22.484274917780507],[114.21669960021973,22.47829942516286],[114.21685286969256,22.47911517927551],[114.21768176396591,22.479393693193533],[114.21738624572754,22.47885459160665],[114.21927452087402,22.477109775288326],[114.21953201293945,22.476316669694143],[114.22348022460938,22.477585636464553],[114.22279357910156,22.475206314231585],[114.21961784362793,22.476237358884916],[114.22279357910156,22.472906263883345],[114.2237377166748,22.47568218194847],[114.22554016113281,22.47607873713018],[114.22545433044434,22.474889068178584],[114.22751426696777,22.476395980457966],[114.22682762145996,22.473461451947287],[114.22828674316406,22.472589012561954],[114.23008918762207,22.475602870775873],[114.23060417175293,22.473699389007734],[114.23335075378418,22.475206314231585],[114.23343658447266,22.475761493075666],[114.23266410827637,22.476395980457966],[114.23086166381836,22.475840804157414],[114.23094749446997,22.476395980219504],[114.23489570617676,22.477427016254182],[114.23609733581543,22.47599942618467],[114.24107551574707,22.48099592703933],[114.23944473266602,22.47806149600558],[114.24047470092773,22.476713223059008],[114.23918724060059,22.47734770608085],[114.24116134643555,22.47512700278645],[114.23910140991211,22.477268395862097],[114.23910140991211,22.474809756551778],[114.23317909240723,22.47124068633947],[114.23394713995754,22.4677001715451]],[[114.19472694396973,22.472033821001006],[114.18992042541504,22.47084411730569],[114.19258117675781,22.464102270041735],[114.1915512084961,22.463467726349776],[114.19172286987305,22.46188135440778],[114.19798851013184,22.459581082836706],[114.20133590698242,22.460215644324776],[114.19575691223145,22.461326119937894],[114.19464111328125,22.464022952239162],[114.19206619262695,22.462674542648756],[114.19309616088867,22.465133397343834],[114.19198036193848,22.46711631289638],[114.19498443603516,22.470209604490222],[114.19472694396973,22.472033821001006]],[[114.15902137756348,22.44712722574151],[114.15807723999023,22.448079152390278],[114.15824890136719,22.446889243058394],[114.15584564208984,22.446413276467027],[114.16099548339844,22.443002134762764],[114.16666030883789,22.443478113059925],[114.16374206542969,22.446254620573583],[114.16202545166016,22.44593730824222],[114.16193962097168,22.447603189882656],[114.1640853881836,22.447285880636727],[114.16322708129883,22.44823780619646],[114.15902137756348,22.44712722574151]],[[114.20296669006348,22.46465749338863],[114.20416831970215,22.46719562892821],[114.20167922973633,22.46989234699261],[114.2003059387207,22.468861255107484],[114.20116424560547,22.46981303250469],[114.20064926147461,22.470606175340492],[114.19979095458984,22.468702624905546],[114.19361114501953,22.465926566970225],[114.19652938842773,22.465529982724576],[114.19678688049316,22.46275386122315],[114.19798851013184,22.463943634391157],[114.19858932495117,22.46354704447016],[114.1985034942627,22.46275386122315],[114.19876098632812,22.462436586653155],[114.19970512390137,22.462833179752167],[114.19944763183594,22.461802035333974],[114.20202255249023,22.46354704447016],[114.19893264770508,22.464578175903853],[114.20039176940918,22.465371348708487],[114.20373916625977,22.463229771716172],[114.20296669006348,22.46465749338863]],[[114.1794490814209,22.442288164254677],[114.17987823486328,22.441732851318932],[114.18150901794434,22.44086021221439],[114.18210983276367,22.440146230682373],[114.18253898620605,22.440304893562583],[114.18313980102539,22.439352913559475],[114.18614387512207,22.438956253296936],[114.18313980102539,22.439194249590543],[114.18296813964844,22.43721093466948],[114.1849422454834,22.4374489339569],[114.18545722961426,22.43721093466948],[114.18391227722168,22.43721093466948],[114.18545722961426,22.435782930372255],[114.18760299682617,22.436496934357862],[114.18794631958008,22.43816292936971],[114.1794490814209,22.442288164254677]],[[114.15258407592773,22.453949222328575],[114.14949417114258,22.45823263002832],[114.15447235107422,22.451014218422685],[114.15696144104004,22.450220963459017],[114.15258407592773,22.453949222328575]],[[114.18957710266113,22.43538625990388],[114.18554306030273,22.433482225871998],[114.18545722961426,22.434354911379458],[114.18391227722168,22.43538625990388],[114.18485641479492,22.43617959970672],[114.18305397033691,22.43705226825108],[114.18408393859863,22.434354911379458],[114.18631553649902,22.43284754205608],[114.18923377990723,22.43284754205608],[114.18957710266113,22.43538625990388]],[[114.19824600219727,22.42880136450019],[114.19670104980469,22.42697657916915],[114.19944763183594,22.424993089647216],[114.19876098632812,22.42634186560535],[114.20056343078613,22.427293934862846],[114.19919013977051,22.430308777767763],[114.19824600219727,22.42880136450019]],[[114.19798851013184,22.4305467888925],[114.19730186462402,22.430229440635486],[114.19730186462402,22.428563350382575],[114.19867515563965,22.432133519293757],[114.19927597045898,22.430626125843375],[114.20013427734375,22.43173683839406],[114.19893264770508,22.43514825707858],[114.19678688049316,22.434434246153458],[114.19584274291992,22.43506892271276],[114.19841766357422,22.435544928227287],[114.19395446777344,22.436576267907242],[114.19532775878906,22.43721093466948],[114.19455528259277,22.439035585440152],[114.19009208679199,22.438956253296936],[114.19198036193848,22.4374489339569],[114.19069290161133,22.435862264329856],[114.1922378540039,22.43451358088211],[114.18949127197266,22.432768206375016],[114.19258117675781,22.434196241695375],[114.19618606567383,22.433323555190128],[114.1985034942627,22.434434246153458],[114.19798851013184,22.4305467888925]],[[114.21249389648438,22.479092519401192],[114.21704292297363,22.476158048030257],[114.21730041503906,22.475047691295927],[114.21558380126953,22.474889068178584],[114.21833038330078,22.473302827013256],[114.21927452087402,22.47695115453287],[114.21249389648438,22.479092519401192]]],[[[114.27274685916929,22.41549148130917],[114.27397743,22.41536085],[114.27313048968362,22.415419430261977],[114.27274685916929,22.41549148130917]]],[[[114.27300956,22.42453156],[114.27289721641283,22.424624172443252],[114.27302866725171,22.424551265962116],[114.27300956,22.42453156]]],[[[114.27351951599121,22.426152987790886],[114.27365769,22.42548053],[114.27351061,22.42504831],[114.2733089284226,22.42484030889208],[114.27351951599121,22.426152987790886]]],[[[114.27220325,22.43296273],[114.27188672,22.43230367],[114.27144817,22.43208759],[114.27194676,22.43283397],[114.27220325,22.43296273]]],[[[114.27249936,22.43314739],[114.27258845,22.43297233],[114.27232884,22.43295799],[114.27249936,22.43314739]]],[[[114.22237585,22.4411335],[114.22292315,22.43909862],[114.2211793,22.43752693],[114.22116543,22.43850551],[114.22237585,22.4411335]]],[[[114.22243848,22.46346522],[114.22249816,22.46036929],[114.22023883,22.46077151],[114.2203492,22.46228064],[114.22243848,22.46346522]]],[[[114.42832346,22.46586597],[114.42864247,22.46541267],[114.42863873,22.46508708],[114.42770128,22.46552586],[114.42832346,22.46586597]]],[[[114.42779654,22.46674765],[114.42804333,22.46620996],[114.4278115,22.46597246],[114.42725193,22.46713455],[114.42779654,22.46674765]]],[[[114.32694767250156,22.462759210055474],[114.32749193,22.46173819],[114.32726829,22.46121],[114.32674334286284,22.46140744373309],[114.32694767250156,22.462759210055474]]],[[[114.32677829629769,22.461338048875476],[114.32706025,22.46119397],[114.32705280789439,22.46117905950057],[114.326808111915,22.461292125946287],[114.32677829629769,22.461338048875476]]],[[[114.32767593363438,22.461272394199987],[114.3277730622636,22.461699739922004],[114.32865927760716,22.461311325130662],[114.32879447937012,22.459898363943893],[114.32767593363438,22.461272394199987]]],[[[114.32892402171433,22.46129250512595],[114.32888335750346,22.46148444566752],[114.33008193969727,22.46164339705021],[114.3295669555664,22.46124680054632],[114.32892402171433,22.46129250512595]]],[[[114.33015927350016,22.46186970771265],[114.3301662777837,22.461877215508707],[114.33008193969727,22.46164339705021],[114.33015927350016,22.46186970771265]]],[[[114.33050466832589,22.462868009300237],[114.33054623105792,22.463002105421744],[114.33095959677293,22.46352198115856],[114.33050466832589,22.462868009300237]]],[[[114.33144368908974,22.463864316497762],[114.33150532,22.4639079],[114.33189540500938,22.463864316497762],[114.33144368908974,22.463864316497762]]],[[[114.34304805253527,22.475332853334553],[114.34326049133504,22.474983298926436],[114.34304237365723,22.475285625631273],[114.34304805253527,22.475332853334553]]],[[[114.34407234191895,22.473175570113934],[114.34409272,22.47314071],[114.34407642271238,22.47266304618138],[114.34407234191895,22.472668325460432],[114.34407234191895,22.473175570113934]]],[[[114.34444108212438,22.472015438677577],[114.34446246,22.47198451],[114.344401449415,22.471951347774123],[114.34444108212438,22.472015438677577]]],[[[114.34413128227126,22.469660301688467],[114.34428852,22.46944972],[114.3442982803765,22.469377381686183],[114.34413128227126,22.469660301688467]]],[[[114.34530983023153,22.468065751303193],[114.34538652,22.46798184],[114.34542852315388,22.467753817524887],[114.3453598022461,22.467988786749103],[114.34530983023153,22.468065751303193]]],[[[114.34584137895983,22.466342188785376],[114.34585784,22.46631839],[114.34585192100447,22.46630614362634],[114.34584137895983,22.466342188785376]]],[[[114.34606411031852,22.465580629949105],[114.3460676,22.46557426],[114.3460688260636,22.465564505963],[114.34606411031852,22.465580629949105]]],[[[114.34621452328162,22.46506634079916],[114.34633886468086,22.46497038617862],[114.34621810913086,22.465054080131466],[114.34621452328162,22.46506634079916]]],[[[114.3440034592097,22.460640156671165],[114.34371972,22.46066022],[114.34345912867668,22.46091510349098],[114.34381484985352,22.460691563534184],[114.3440034592097,22.460640156671165]]],[[[114.34293483230955,22.461244578357498],[114.34214926,22.46122462],[114.34194452677504,22.461320589854683],[114.34218406677246,22.46124680054632],[114.34293483230955,22.461244578357498]]],[[[114.3378237634087,22.462450101439213],[114.3379958802247,22.46193165232502],[114.33780844753693,22.462437969580055],[114.3378237634087,22.462450101439213]]],[[[114.33776236065687,22.455676767949942],[114.3371994,22.45541705],[114.33719317793707,22.45539763589999],[114.33720588684082,22.45545636235171],[114.33776236065687,22.455676767949942]]],[[[114.3384434602191,22.451732313520928],[114.33865147,22.45125474],[114.3387010175403,22.45095019730779],[114.3384434602191,22.451732313520928]]],[[[114.33798282668457,22.448624126397537],[114.33825837459938,22.448204426179277],[114.33815002441406,22.44823780619646],[114.33798282668457,22.448624126397537]]],[[[114.33939731210414,22.44766943244095],[114.33956775081265,22.447511783652004],[114.33952331542969,22.447523862639244],[114.33939731210414,22.44766943244095]]],[[[114.3400051716237,22.441679442304878],[114.33976129795192,22.441627292145455],[114.33978080749512,22.441653520718077],[114.3400051716237,22.441679442304878]]],[[[114.33906856203049,22.440695980005106],[114.33895904,22.44049801],[114.33891618784827,22.440491128601586],[114.33906856203049,22.440695980005106]]],[[[114.33393540561023,22.440736578406714],[114.33328887,22.43875519],[114.3317985534668,22.438321594518044],[114.33136940002441,22.4394322454759],[114.33393540561023,22.440736578406714]]],[[[114.33323907560104,22.438513892954827],[114.33372965,22.43924345],[114.33401692,22.43910994],[114.33409909055938,22.438381175851788],[114.33323907560104,22.438513892954827]]],[[[114.33440944117653,22.43757798206571],[114.33447075,22.43747388],[114.33491100579892,22.43725623865858],[114.33445930480957,22.4374489339569],[114.33440944117653,22.43757798206571]]],[[[114.33594467374675,22.436545941248426],[114.33635363,22.43614702],[114.33658078180822,22.435810994795823],[114.33594467374675,22.436545941248426]]],[[[114.33659240238268,22.43579380450385],[114.33680431,22.43548033],[114.33729313,22.43572483],[114.33743728,22.43546844],[114.33716958428585,22.43441794560218],[114.33540344238281,22.43665560141129],[114.3336009979248,22.436496934357862],[114.33403015136719,22.43514825707858],[114.33188438415527,22.43673493486996],[114.32845115661621,22.433244219781173],[114.32827949523926,22.432371527289362],[114.32750701904297,22.43157816571673],[114.32931726582868,22.427546375429475],[114.32733535766602,22.428325335856826],[114.32819366455078,22.429198053789307],[114.32613372802734,22.432133519293757],[114.32819366455078,22.433006213282184],[114.32639122009277,22.43372023155463],[114.32637801534534,22.434147419348097],[114.32819366455078,22.433164884326857],[114.33094024658203,22.436972934973838],[114.33463096618652,22.43705226825108],[114.33540344238281,22.43681426828327],[114.33659240238268,22.43579380450385]]],[[[114.33725208321044,22.434116906785306],[114.33757585,22.4337061],[114.33720864,22.433016],[114.33677673339844,22.434116906785306],[114.33725208321044,22.434116906785306]]],[[[114.33420181274414,22.427961485487472],[114.33438484399812,22.427849305581063],[114.33420181274414,22.427941866997124],[114.33420181274414,22.427961485487472]]],[[[114.33494786639572,22.427849305581063],[114.33500684,22.42785916],[114.33502533580794,22.427849305581063],[114.33494786639572,22.427849305581063]]],[[[114.33656050793016,22.42817468619489],[114.33656101,22.42857864],[114.33657604400055,22.428180305675927],[114.33656050793016,22.42817468619489]]],[[[114.33776949560716,22.4285219221425],[114.33777522,22.42852403],[114.33781451079305,22.428508052108402],[114.33776949560716,22.4285219221425]]],[[[114.33896110828624,22.427972294939437],[114.33908069,22.42805613],[114.33948890198477,22.427865148251488],[114.33917999267578,22.427769967043062],[114.33896110828624,22.427972294939437]]],[[[114.34106298304732,22.428690118046546],[114.34089141271622,22.42869237991222],[114.34098243713379,22.42872202650632],[114.34106298304732,22.428690118046546]]],[[[114.34078868650892,22.428693734184144],[114.34069267,22.428695],[114.34068890608948,22.42870393804409],[114.34078179393366,22.428709662134587],[114.34078868650892,22.428693734184144]]],[[[114.33861578400692,22.429368680275147],[114.33855042,22.4293924],[114.33847229195773,22.429866065219592],[114.33857917785645,22.42943606681864],[114.33861578400692,22.429368680275147]]],[[[114.33834344052482,22.43031270155356],[114.33801075,22.43089521],[114.33804161317748,22.43135892243647],[114.33834344052482,22.43031270155356]]],[[[114.34194425741302,22.431468527108212],[114.34197825,22.4317059],[114.34204853593495,22.43175769207745],[114.34201240539551,22.43165750207808],[114.34194425741302,22.431468527108212]]],[[[114.34200784077257,22.432375746487274],[114.34195583,22.43242015],[114.34195800406549,22.43242181207989],[114.34200784077257,22.432375746487274]]],[[[114.34239318183687,22.43309781002525],[114.34209901,22.4335414],[114.3421184023725,22.433676942622913],[114.34244155883789,22.433164884326857],[114.34239318183687,22.43309781002525]]],[[[114.34184099596266,22.43411650756672],[114.34184058,22.43411675],[114.3418411716113,22.43411740082471],[114.34184074401855,22.434116906785306],[114.34184099596266,22.43411650756672]]],[[[114.34218154148962,22.4345392565629],[114.34198648,22.43525629],[114.34210090466887,22.435359127207047],[114.34218154148962,22.4345392565629]]],[[[114.34215588162964,22.435469143279757],[114.34210023,22.43559472],[114.34235802893284,22.435759792812647],[114.34215588162964,22.435469143279757]]],[[[114.34285573230036,22.436538096526295],[114.34288934,22.43690837],[114.34293974526548,22.436943585283277],[114.34291975826179,22.436814267194688],[114.34285573230036,22.436538096526295]]],[[[114.34303102329353,22.43700735603389],[114.34337538910476,22.437247944779475],[114.34329986572266,22.43713160148296],[114.34303102329353,22.43700735603389]]],[[[114.34363553943173,22.43764870472673],[114.34383165,22.437962],[114.34447475,22.43816131],[114.34437243,22.43840278],[114.34479720456106,22.43846288916102],[114.34467315673828,22.438004264039932],[114.34363553943173,22.43764870472673]]],[[[114.3464371231097,22.43919096846678],[114.34645857,22.43919625],[114.34648648920934,22.43915446578496],[114.3464371231097,22.43919096846678]]],[[[114.35040776212557,22.427231550832673],[114.35054309,22.4271398],[114.35055268999962,22.42707844655416],[114.35040776212557,22.427231550832673]]],[[[114.34712055853176,22.424560119607076],[114.34714165,22.42387763],[114.34672911028565,22.423474572014918],[114.34712055853176,22.424560119607076]]],[[[114.34670180348493,22.42339884595899],[114.3467588,22.42325278],[114.34732962482346,22.42293221018967],[114.34664726257324,22.4232475954273],[114.34670180348493,22.42339884595899]]],[[[114.34733390808105,22.422917770002364],[114.34804455,22.42323224],[114.34860381289538,22.422771547740766],[114.34776306152344,22.422295498422173],[114.34733390808105,22.422917770002364]]],[[[114.34938015616834,22.421724288453596],[114.35093879699707,22.4217401054877],[114.35093879699707,22.421502079264343],[114.34913635253906,22.4209466831565],[114.34938015616834,22.421724288453596]]],[[[114.35064540037321,22.421797795051972],[114.35116957,22.42259563],[114.35273328,22.42270881],[114.35365676879884,22.422163262160314],[114.35308456420898,22.42086734067405],[114.35171127319336,22.42253352328548],[114.35064540037321,22.421797795051972]]],[[[114.35559432333203,22.422447812873052],[114.35560387,22.4224582],[114.35567569535007,22.422422739519206],[114.35559432333203,22.422447812873052]]],[[[114.35599096085839,22.42232559600679],[114.35562418,22.42307437],[114.35471929654643,22.42335050669803],[114.35561440838094,22.423099187138497],[114.35599096085839,22.42232559600679]]],[[[114.35382883612594,22.424306786472755],[114.3538063,22.42432675],[114.35385784686203,22.424400646151188],[114.35382883612594,22.424306786472755]]],[[[114.35394178269868,22.42467220736274],[114.35348416,22.42487305],[114.35351607782374,22.424912440457756],[114.35394178269868,22.42467220736274]]],[[[114.35356113301567,22.424968044017962],[114.35357091,22.42498011],[114.35384727419402,22.424816899215603],[114.35356113301567,22.424968044017962]]],[[[114.35442788294446,22.42473670872633],[114.35443174622381,22.42473782992411],[114.35443095299875,22.424737306178784],[114.35442788294446,22.42473670872633]]],[[[114.35444261980946,22.424740985647272],[114.35476608,22.42483486],[114.35476934639395,22.424803159725904],[114.35444261980946,22.424740985647272]]],[[[114.35364672938525,22.427974347069945],[114.35361272,22.42800232],[114.35360628897969,22.42810518213385],[114.35364672938525,22.427974347069945]]],[[[114.35409772503692,22.43060171631638],[114.35408566,22.43061676],[114.35408607327172,22.430621461744966],[114.35409772503692,22.43060171631638]]],[[[114.35397509238575,22.4317278492908],[114.35393975,22.43178702],[114.35398085140261,22.431882223515164],[114.35397509238575,22.4317278492908]]],[[[114.35424063320649,22.43333279253173],[114.35390381,22.43354596],[114.35433336211598,22.433406259431628],[114.35424063320649,22.43333279253173]]],[[[114.35506093749552,22.434586628030754],[114.35505908,22.43459101],[114.35504942927277,22.434592915565418],[114.35505867004395,22.434592915565418],[114.35506093749552,22.434586628030754]]],[[[114.35439142485023,22.43499212348696],[114.35424757,22.43516178],[114.35424928823723,22.435167295240685],[114.35439142485023,22.43499212348696]]],[[[114.35454991295498,22.436132247948834],[114.35456798,22.43619024],[114.35449679041271,22.437135680058553],[114.35462951660156,22.436338267123006],[114.35454991295498,22.436132247948834]]],[[[114.35474555745708,22.43756904253167],[114.35547735,22.4385221],[114.35549714111252,22.43855776897519],[114.35548782348633,22.438480259484933],[114.35474555745708,22.43756904253167]]],[[[114.35604120105164,22.439554371267434],[114.35599355871821,22.439836503098643],[114.35607960366622,22.43961596082846],[114.35604120105164,22.439554371267434]]],[[[114.3558403669944,22.439962362531677],[114.35522308,22.44043692],[114.35494571,22.44090345],[114.35498374213967,22.441008077286508],[114.3558403669944,22.439962362531677]]],[[[114.35506305372469,22.44545744118782],[114.35500381,22.44517722],[114.35475147201733,22.445221823304102],[114.35506305372469,22.44545744118782]]],[[[114.35444062184294,22.44505789154597],[114.35437391,22.44502271],[114.35428841911977,22.445047843488673],[114.35444062184294,22.44505789154597]]],[[[114.35373396442152,22.44565613544764],[114.35372673,22.4457647],[114.35378845445268,22.445874277824494],[114.3537604815573,22.44571915639727],[114.35373396442152,22.44565613544764]]],[[[114.35411635692417,22.447682517080693],[114.35241584,22.44891047],[114.35250367,22.44945036],[114.35297018599324,22.449912396862217],[114.35411635692417,22.447682517080693]]],[[[114.35316554060236,22.450105875825262],[114.35329211,22.45023123],[114.3539070475367,22.4504665645475],[114.35316554060236,22.450105875825262]]],[[[114.35587402664902,22.449625986601646],[114.35604718,22.44991158],[114.35622202587533,22.449947612557],[114.35608863830566,22.44982433427542],[114.35587402664902,22.449625986601646]]],[[[114.35721352846961,22.449903660202907],[114.35725259,22.44993482],[114.3571343834687,22.450196661430606],[114.35729026794434,22.449903660202907],[114.35721352846961,22.449903660202907]]],[[[114.35712061677205,22.450227156289955],[114.35709556,22.45028266],[114.35715315232198,22.450473917397442],[114.35717339211055,22.450389741102644],[114.35712061677205,22.450227156289955]]],[[[114.35726372916656,22.450841130226983],[114.3573459,22.45111401],[114.35763216219021,22.451408643809046],[114.35737609863281,22.451014218422685],[114.35726372916656,22.450841130226983]]],[[[114.35763359069824,22.451410114093196],[114.35848636,22.45251162],[114.36211120402477,22.452147182644275],[114.36080932617188,22.451014218422685],[114.35857772827148,22.45244206592122],[114.35763359069824,22.451410114093196]]],[[[114.36195121763942,22.451652309392284],[114.36209123789625,22.451550944962225],[114.36201095581055,22.451569494197102],[114.36195121763942,22.451652309392284]]],[[[114.36215803909315,22.451535510496612],[114.36196493,22.45178296],[114.36202747623905,22.451863452064753],[114.36235427856445,22.45149016922261],[114.36215803909315,22.451535510496612]]],[[[114.3622411971461,22.45258769379998],[114.36121505,22.45432949],[114.36056008,22.4564097],[114.36104579,22.46086378],[114.36620301227272,22.458867197689955],[114.36226844787598,22.460294964306485],[114.36063766479492,22.456487553979514],[114.3622411971461,22.45258769379998]]],[[[114.36687258949182,22.45853989207802],[114.36695101,22.45856027],[114.36701181219156,22.45842552451117],[114.36687258949182,22.45853989207802]]],[[[114.36770762526645,22.456883513105055],[114.36778489185083,22.456712280400858],[114.36776161193848,22.45672552018891],[114.36770762526645,22.456883513105055]]],[[[114.37008071448756,22.454263421138762],[114.37013899,22.4541929],[114.3701419242799,22.45415028276735],[114.37008071448756,22.454263421138762]]],[[[114.36657240961237,22.44667652856569],[114.36657771328106,22.446557030638534],[114.3665599822998,22.446651259966885],[114.36657240961237,22.44667652856569]]],[[[114.28211556035376,22.401982979237456],[114.28204675930455,22.40183091056953],[114.28207734045627,22.402566014991034],[114.28211556035376,22.401982979237456]]],[[[114.24884064316096,22.426568421510606],[114.24705247,22.42805366],[114.24880519,22.42929342],[114.24961147,22.43312465],[114.25432169,22.43482757],[114.25637623,22.43098754],[114.26345662677717,22.433705882376806],[114.26115989685059,22.431816174664718],[114.26424980163574,22.430626125843375],[114.26236152648926,22.42872202650632],[114.26416397094727,22.42618318676098],[114.2684555053711,22.42872202650632],[114.26948547363281,22.430626125843375],[114.26819801330566,22.43118148322978],[114.2699146270752,22.431170016900825],[114.27137968,22.4280275],[114.27043588252783,22.422402376601035],[114.26730091,22.42105719],[114.27212867857715,22.414995871181688],[114.26948547363281,22.41451979520933],[114.27103042602539,22.41444044905532],[114.27197456359863,22.4135676383698],[114.27214622497559,22.41229808576513],[114.27180290222168,22.410869825217176],[114.27377700805664,22.409520898995595],[114.27403450012207,22.408965454980205],[114.27506446838379,22.41031438659435],[114.27300453186035,22.41142526161947],[114.27257175266779,22.41414429497927],[114.27927017211914,22.4048392299285],[114.28141593933105,22.404045711064995],[114.28173780399938,22.40374814042929],[114.27515029907227,22.406426254063135],[114.27163124084473,22.410711128694373],[114.27111625671387,22.414281756611302],[114.26905632019043,22.41451979520933],[114.26605224609375,22.41523390855599],[114.26596641540527,22.42166076345859],[114.2633056640625,22.424041004611198],[114.26304817199707,22.417296882045747],[114.25947652173285,22.41608960790263],[114.25905352761397,22.418398595832322],[114.2618465423584,22.41912179459095],[114.26227569580078,22.42602450773525],[114.26055908203125,22.42721459600743],[114.26081657409668,22.42303601706072],[114.26004409790039,22.424437707502975],[114.25832748413086,22.42197813130305],[114.2574691772461,22.422850889135205],[114.2603874206543,22.427135257106684],[114.25764083862305,22.425469129716916],[114.25764083862305,22.423802982332063],[114.2552375793457,22.4245170479453],[114.25978660583496,22.429515404404384],[114.25721168518066,22.430308777767763],[114.25463676452637,22.428087320922984],[114.2534351348877,22.42975341688954],[114.25326347351074,22.427690628459715],[114.25094604492188,22.428245997590892],[114.2512035369873,22.426817901050256],[114.24884064316096,22.426568421510606]]],[[[114.26413672509088,22.43386088466691],[114.26416083,22.43389393],[114.26427818915457,22.433891059631048],[114.26413672509088,22.43386088466691]]],[[[114.26478236406021,22.433878728526572],[114.26480888,22.43387808],[114.2648305415639,22.433858486938085],[114.26478236406021,22.433878728526572]]],[[[114.26543038470051,22.433606465205898],[114.26545712,22.4336511],[114.26559462609147,22.433579235451035],[114.26553726196289,22.4335615611449],[114.26543038470051,22.433606465205898]]],[[[114.26577851142349,22.433635891862153],[114.26587224,22.4337544],[114.26594305916143,22.433686590219583],[114.26577851142349,22.433635891862153]]],[[[114.26610467578922,22.43373638548061],[114.26615574,22.43380986],[114.26622564077586,22.433773655674695],[114.26610467578922,22.43373638548061]]],[[[114.26636194232783,22.433703059809808],[114.26639405,22.43368643],[114.26639699842373,22.433640693081735],[114.26639556884766,22.433640896372438],[114.26636194232783,22.433703059809808]]],[[[114.26747316862769,22.43348765792716],[114.26755830067204,22.4335429593519],[114.26751136779785,22.433482225871998],[114.26747316862769,22.43348765792716]]],[[[114.267800994888,22.433857017771413],[114.26770072,22.43485531],[114.26780073,22.43486651],[114.26843322513427,22.433809863728865],[114.267800994888,22.433857017771413]]],[[[114.26846288436148,22.433769556054962],[114.26984028,22.43193877],[114.26950478803681,22.43157651040715],[114.26888465881348,22.432054183204514],[114.26846288436148,22.433769556054962]]],[[[114.27459696527062,22.4152185895535],[114.27429633,22.41530701],[114.2749907863108,22.41516465391528],[114.27459696527062,22.4152185895535]]],[[[114.27501859753737,22.415160845037384],[114.275439179881,22.416183693381154],[114.27507989545954,22.415120853592004],[114.27501859753737,22.415160845037384]]],[[[114.27551262562463,22.416362312047294],[114.27572848,22.41657703],[114.27580399327405,22.417442075084068],[114.2757511138916,22.416582779305173],[114.27551262562463,22.416362312047294]]],[[[114.27578615321403,22.417821387893202],[114.27573794,22.41804095],[114.27577201985322,22.41812188939258],[114.27578615321403,22.417821387893202]]],[[[114.27576260060329,22.418579662162934],[114.27573265,22.4186113],[114.27590044663947,22.41873894690738],[114.27576260060329,22.418579662162934]]],[[[114.27600860595703,22.419019689209836],[114.27595032,22.41901267],[114.27600860595703,22.419028947545545],[114.27600860595703,22.419019689209836]]],[[[114.28064672988592,22.42139045589754],[114.28080612,22.42151008],[114.28108598774824,22.42162248492836],[114.28098678588867,22.421581421384133],[114.28064672988592,22.42139045589754]]],[[[114.28611837846805,22.4249979092888],[114.28653334,22.42519891],[114.28668902402788,22.425211928499635],[114.28613662719727,22.424993089647216],[114.28611837846805,22.4249979092888]]],[[[114.28674144414809,22.42521631193784],[114.28916738064369,22.42888070244871],[114.2896556854248,22.42650054426835],[114.29420471191406,22.42721459600743],[114.29293785104883,22.42468419118424],[114.29008483886719,22.42602450773525],[114.28674144414809,22.42521631193784]]],[[[114.28874545290826,22.429052930126304],[114.28869239,22.42907459],[114.28865686222251,22.429121170978718],[114.28874545290826,22.429052930126304]]],[[[114.28817834870016,22.429251906486492],[114.28786463,22.42915721],[114.28766864838241,22.429204792263445],[114.28817834870016,22.429251906486492]]],[[[114.28722166892884,22.42931331414614],[114.28683732,22.42940663],[114.28677580494666,22.4294506923686],[114.28722166892884,22.42931331414614]]],[[[114.28593414445422,22.429490455984183],[114.2857604,22.42946195],[114.28542553336058,22.430115962468697],[114.2856216430664,22.42975341688954],[114.28593414445422,22.429490455984183]]],[[[114.28210891192585,22.436899638584176],[114.28209543,22.43693871],[114.28209352233299,22.436981430055887],[114.28210891192585,22.436899638584176]]],[[[114.28122793880198,22.43934067660482],[114.28120668,22.43944834],[114.2812442779541,22.43959630618565],[114.2812442779541,22.439412410965787],[114.28122793880198,22.43934067660482]]],[[[114.28133860810576,22.43996754108564],[114.28126343,22.44074077],[114.28142969,22.44090033],[114.28179175352655,22.44054288754269],[114.28133860810576,22.43996754108564]]],[[[114.28182384803306,22.44054288754269],[114.28257663,22.44100942],[114.2832923866973,22.44172070457147],[114.28253173828125,22.440939543268897],[114.28182384803306,22.44054288754269]]],[[[114.28338678230168,22.44174811427347],[114.2837883416804,22.44355414001308],[114.28982734680176,22.443002134762764],[114.2867374420166,22.43959090917265],[114.28544998168945,22.442050173268697],[114.28338678230168,22.44174811427347]]],[[[114.28126822574183,22.443413971161128],[114.28106448,22.44339077],[114.28105227279843,22.443415497092197],[114.2812278830626,22.443439785192446],[114.28126822574183,22.443413971161128]]],[[[114.28072012525598,22.443688376230615],[114.28050152,22.44375985],[114.28024233860187,22.44402807666129],[114.28030014038086,22.44403341900899],[114.28072012525598,22.443688376230615]]],[[[114.2794584007047,22.443955620953297],[114.27945499,22.44395264],[114.27945030083947,22.443954872320692],[114.2794584007047,22.443955620953297]]],[[[114.27842135497029,22.443496045872315],[114.27852234,22.44307451],[114.2784888098267,22.443059626075968],[114.27842135497029,22.443496045872315]]],[[[114.27821099290941,22.442936304139806],[114.27787526,22.44307498],[114.27761442300702,22.443473060007193],[114.27789688110352,22.44308146459238],[114.27821099290941,22.442936304139806]]],[[[114.27722544113375,22.44408963386644],[114.27719468558821,22.444271406592335],[114.27727460877774,22.444271406592335],[114.27722544113375,22.44408963386644]]],[[[114.27717639315834,22.444379519284972],[114.27741389,22.44495697],[114.27745280421576,22.444954332690795],[114.27717639315834,22.444379519284972]]],[[[114.27880372098701,22.445828325561727],[114.27909953,22.44596043],[114.27933602,22.44657031],[114.27940254413842,22.44661885766073],[114.27909851074219,22.44593730824222],[114.27880372098701,22.445828325561727]]],[[[114.28473369552869,22.452186782106487],[114.28474879,22.45220833],[114.28502329053543,22.452173727872903],[114.2849349975586,22.45212476774782],[114.28473369552869,22.452186782106487]]],[[[114.28601922570684,22.453709199212483],[114.28610781,22.45382651],[114.28690665602295,22.45379057505724],[114.28613662719727,22.45379057505724],[114.28601922570684,22.453709199212483]]],[[[114.28692010548389,22.45377278102437],[114.28888102,22.45255125],[114.28949466855671,22.450359937078098],[114.28888320922852,22.452521390351123],[114.28692010548389,22.45377278102437]]],[[[114.28958830377883,22.450186859549557],[114.28977651,22.45009],[114.2900176128139,22.449435848803365],[114.28999900817871,22.449427703957355],[114.28958830377883,22.450186859549557]]],[[[114.29021633678234,22.44952284734461],[114.2903297,22.44970507],[114.29109783035993,22.449908752758883],[114.29021633678234,22.44952284734461]]],[[[114.29149763563123,22.45008378184902],[114.29174594,22.45051882],[114.29217657091088,22.450821765492016],[114.2922306060791,22.450696916981784],[114.29149763563123,22.45008378184902]]],[[[114.2918491079545,22.451578370192447],[114.29159161,22.45190794],[114.29138382337715,22.45258231814239],[114.29148337315632,22.452423402163337],[114.2918491079545,22.451578370192447]]],[[[114.29137516395554,22.45261042257271],[114.29132415,22.45277599],[114.29145512724492,22.452896927682648],[114.29137229919434,22.452680039074764],[114.29137516395554,22.45261042257271]]],[[[114.29159896218181,22.453368809249334],[114.29161867,22.45355414],[114.29172045485623,22.453591698787836],[114.29162979125977,22.45347327996994],[114.29159896218181,22.453368809249334]]],[[[114.29181206732775,22.45595927215343],[114.29180042,22.45611869],[114.2919734007435,22.456369297379464],[114.29181206732775,22.45595927215343]]],[[[114.29730113258174,22.456182931710114],[114.29740577,22.45623034],[114.29762250304682,22.4562057779795],[114.29730113258174,22.456182931710114]]],[[[114.29960651622872,22.456568153540783],[114.29983616,22.45702059],[114.30005371,22.45692389],[114.29982473,22.4569235],[114.29960651622872,22.456568153540783]]],[[[114.29949503430655,22.454756931009793],[114.29949538125716,22.45466313280299],[114.29944957999055,22.45466313280299],[114.29944900799099,22.454677934584744],[114.29949503430655,22.454756931009793]]],[[[114.29962638852577,22.45466313280299],[114.29970196,22.45474907],[114.29973134389344,22.45466313280299],[114.29962638852577,22.45466313280299]]],[[[114.299871927485,22.45425197694908],[114.30044494633475,22.454197504857902],[114.29995536804199,22.452600714735624],[114.29952621459961,22.452680039074764],[114.299871927485,22.45425197694908]]],[[[114.30106286587095,22.454327926790338],[114.30173291636196,22.454643905239866],[114.30176622749052,22.4545900304553],[114.30132865905762,22.454266516326612],[114.30106286587095,22.454327926790338]]],[[[114.30243062760425,22.455209872776003],[114.30247011,22.4552419],[114.3029168301565,22.455343124210344],[114.30244445800781,22.455218393963662],[114.30243062760425,22.455209872776003]]],[[[114.30348046576265,22.456248191977814],[114.30350828609161,22.456345647181333],[114.30356025695801,22.456249587361626],[114.30348046576265,22.456248191977814]]],[[[114.30345416465693,22.456900418517804],[114.3036337455062,22.45719056660582],[114.30364608764648,22.45712212963005],[114.30345416465693,22.456900418517804]]],[[[114.30359478454466,22.45740660453107],[114.3029869,22.45746756],[114.30396280416049,22.45873314431761],[114.30356025695801,22.457598059461574],[114.30359478454466,22.45740660453107]]],[[[114.3036111997801,22.45976899732779],[114.30336941997354,22.46003928314716],[114.30338199268066,22.460050902175276],[114.30344990732074,22.459977678659858],[114.3036111997801,22.45976899732779]]],[[[114.30313110351562,22.460305697286586],[114.30294993758075,22.46050822281528],[114.30313110351562,22.46032140330169],[114.30313110351562,22.460305697286586]]],[[[114.30268854778174,22.46140543928408],[114.30268672,22.46145562],[114.30302394944434,22.46163304767508],[114.30304527282715,22.461564077840222],[114.30268854778174,22.46140543928408]]],[[[114.3026937356945,22.46226476144286],[114.3024499622162,22.46243404316743],[114.30253028846705,22.462396927188124],[114.3026937356945,22.46226476144286]]],[[[114.30207268364764,22.46275298151299],[114.30199332,22.4629711],[114.30202770310117,22.463002388093912],[114.30207268364764,22.46275298151299]]],[[[114.30224178857428,22.463197202585878],[114.30225372,22.46320806],[114.30228432278841,22.463171933781492],[114.30224178857428,22.463197202585878]]],[[[114.30334627896107,22.462541044899407],[114.30339529,22.46252032],[114.30339853433641,22.462520497709274],[114.30338859558105,22.462515905363745],[114.30334627896107,22.462541044899407]]],[[[114.3046878974449,22.465057727767793],[114.30472644,22.46513319],[114.30500989004989,22.465156913536784],[114.3046878974449,22.465057727767793]]],[[[114.30507542876663,22.465177101913532],[114.30517942273474,22.465271760603137],[114.30519104003906,22.465212714510784],[114.30507542876663,22.465177101913532]]],[[[114.30662450275884,22.468549245362325],[114.3069043,22.46887673],[114.3074663435312,22.469177578635296],[114.30662450275884,22.468549245362325]]],[[[114.30832858185003,22.47077003898201],[114.30847765,22.47098463],[114.3085195327513,22.470981782452814],[114.30832858185003,22.47077003898201]]],[[[114.30905391862188,22.47122690585819],[114.3092752,22.47138837],[114.3093972384735,22.47137620087434],[114.30905391862188,22.47122690585819]]],[[[114.30987001720572,22.471581791981674],[114.30992104,22.47161124],[114.3099337853898,22.471609522018337],[114.30987001720572,22.471581791981674]]],[[[114.31146024368282,22.471514609401023],[114.31187823,22.47166449],[114.31202949748524,22.47163150495913],[114.31146024368282,22.471514609401023]]],[[[114.31212797315929,22.472028012949323],[114.31210754,22.47216054],[114.31216978800089,22.472103353089206],[114.31212797315929,22.472028012949323]]],[[[114.312565031371,22.47195726067184],[114.3125757755682,22.47195798889676],[114.31257247924805,22.471954507739227],[114.312565031371,22.47195726067184]]],[[[114.31268521749429,22.472073567653606],[114.3131889,22.47308935],[114.31340267848185,22.473104893836457],[114.31317329406738,22.472589012561954],[114.31268521749429,22.472073567653606]]],[[[114.31396931853094,22.473497599930912],[114.31401324,22.47353404],[114.3140447591963,22.47360561181732],[114.31403160095215,22.473540764346183],[114.31396931853094,22.473497599930912]]],[[[114.31421881701807,22.474463416964742],[114.31421272,22.47500993],[114.31471824645996,22.4753290520577],[114.31471824645996,22.475047691295927],[114.31421881701807,22.474463416964742]]],[[[114.3147546892774,22.475485846261204],[114.3148225,22.4757776],[114.31519255895219,22.47598565636006],[114.3147546892774,22.475485846261204]]],[[[114.31781990347197,22.47733901853564],[114.31835419,22.47706439],[114.31963303341044,22.47681551481662],[114.3182373046875,22.477030464933307],[114.31781990347197,22.47733901853564]]],[[[114.32027042350872,22.476717353136813],[114.32031018774858,22.47679457103269],[114.32029724121094,22.476713223059008],[114.32027042350872,22.476717353136813]]],[[[114.32113346957973,22.47996829660771],[114.32116642,22.48024841],[114.32128031201935,22.480341427866282],[114.32124137878418,22.480282152241358],[114.32113346957973,22.47996829660771]]],[[[114.37043738,22.48418168],[114.37151674,22.48329608],[114.37130552,22.48275638],[114.37015409,22.48324822],[114.37043738,22.48418168]]],[[[114.35969589,22.48643002],[114.36346822,22.48538223],[114.36436619,22.48441106],[114.36424145952661,22.483972728683163],[114.35969352722168,22.486309468201227],[114.35709850922449,22.48380765570228],[114.35969589,22.48643002]]],[[[114.36425014116769,22.483950668954023],[114.3645894,22.48334905],[114.36455954,22.48211388],[114.36344187,22.47916549],[114.36660054,22.47706929],[114.36693925,22.47590098],[114.36629555627876,22.474027857756308],[114.36638832092285,22.476871844087],[114.3636417388916,22.47806149600558],[114.36312675476074,22.47972699152122],[114.36425014116769,22.483950668954023]]],[[[114.36620048898577,22.473746746988244],[114.36668634,22.47277181],[114.36532544,22.47189024],[114.36478633705688,22.471958986662557],[114.36620048898577,22.473746746988244]]],[[[114.36452779687338,22.47185944147383],[114.36441846,22.46855014],[114.36219724,22.46561507],[114.3607531,22.46513493],[114.35939116,22.46552664],[114.35761699,22.46725793],[114.35832112783922,22.468541522673366],[114.35952186584473,22.465609299664507],[114.36132431030273,22.465609299664507],[114.36175346374512,22.468306048606053],[114.3625259399414,22.467354260855643],[114.36407089233398,22.46901988512778],[114.3621826171875,22.472033821001006],[114.36452779687338,22.47185944147383]]],[[[114.35832742261024,22.468546037867515],[114.35966069,22.4724447],[114.36158180236816,22.47235107359404],[114.36175346374512,22.47124068633947],[114.35995101928711,22.47124068633947],[114.35832742261024,22.468546037867515]]],[[[114.36081213292242,22.472646210018752],[114.36080806,22.47283523],[114.36095097614626,22.472860043170368],[114.36081213292242,22.472646210018752]]],[[[114.36121719308179,22.472906263883345],[114.36133415,22.47292657],[114.36125253607777,22.473994530050607],[114.36132431030273,22.474016637785823],[114.36166763305664,22.47377870127039],[114.36158180236816,22.472906263883345],[114.36121719308179,22.472906263883345]]],[[[114.36107896905969,22.47394106832838],[114.36095792,22.47355973],[114.36074558343368,22.473566917328665],[114.36089515686035,22.473620076699675],[114.36107896905969,22.47394106832838]]],[[[114.35985308763797,22.473249718504068],[114.35948206,22.47280206],[114.35921666994264,22.472599563496058],[114.35977935791016,22.473223514478107],[114.35985308763797,22.473249718504068]]],[[[114.35853001687104,22.47183815062945],[114.35848724,22.47175709],[114.35816675,22.4716905],[114.35778872488495,22.47186807875284],[114.35853001687104,22.47183815062945]]],[[[114.3575919971634,22.47228731354536],[114.35754768,22.47240226],[114.35755211668481,22.472416296144154],[114.3575919971634,22.47228731354536]]],[[[114.35758041775709,22.47250583099882],[114.35778018,22.47313781],[114.35737494,22.47375766],[114.35747323953639,22.47440152196334],[114.35789108276367,22.473223514478107],[114.35758041775709,22.47250583099882]]],[[[114.35743679392702,22.474822491321866],[114.35733749,22.47497343],[114.35736823814494,22.47552840183225],[114.35737609863281,22.475523559557857],[114.35743679392702,22.474822491321866]]],[[[114.35729514677199,22.475573428106646],[114.35634768,22.47608436],[114.35619261,22.47647774],[114.356767,22.47771139],[114.3560978753452,22.478541088069285],[114.35746192932129,22.479092519401192],[114.35746192932129,22.47655460184933],[114.35626029968262,22.476395980457966],[114.35729514677199,22.475573428106646]]],[[[114.3560720720715,22.478583276528123],[114.35403153447862,22.480443386618248],[114.3581485748291,22.480599385939186],[114.35626029968262,22.48020284370334],[114.3560720720715,22.478583276528123]]],[[[114.35402593095617,22.48044140924876],[114.35374017,22.48034057],[114.35330326,22.48073732],[114.35384421,22.48160512],[114.3546728,22.48225725],[114.35599328,22.48266231],[114.35402593095617,22.48044140924876]]],[[[114.35633673093439,22.482617390929246],[114.35664685,22.48341463],[114.35706478605694,22.483734949547923],[114.35660362243652,22.482740694387445],[114.35633673093439,22.482617390929246]]],[[[114.36119732649959,22.50456993941531],[114.36127763,22.50455182],[114.36139069317235,22.50431984026407],[114.36119732649959,22.50456993941531]]],[[[114.36168339453006,22.503941262300838],[114.36176126,22.5039314],[114.36181644467918,22.503769176134735],[114.36168339453006,22.503941262300838]]],[[[114.36242538817753,22.504031861288528],[114.36246892,22.5041719],[114.36247571351208,22.504171340941042],[114.36242538817753,22.504031861288528]]],[[[114.36281544636098,22.504143383282337],[114.36301125,22.50412727],[114.36316879152479,22.50393935912061],[114.36281544636098,22.504143383282337]]],[[[114.36328634444246,22.503914072178446],[114.36376162,22.50405385],[114.36384871122351,22.503914072178446],[114.36328634444246,22.503914072178446]]],[[[114.3635413943682,22.503200415586093],[114.36354173,22.5031891],[114.36351788767136,22.503200415586093],[114.3635413943682,22.503200415586093]]],[[[114.36277863594276,22.50266704058796],[114.36293184,22.50258212],[114.3627156696774,22.50191080049741],[114.36277863594276,22.50266704058796]]],[[[114.36231950094185,22.501725239243633],[114.36231259,22.50170833],[114.362299564272,22.50171296000653],[114.36231950094185,22.501725239243633]]],[[[114.36217975394014,22.501067359526417],[114.36219833,22.50105114],[114.3620675030186,22.50074037073528],[114.3621826171875,22.50105942371397],[114.36217975394014,22.501067359526417]]],[[[114.3620047449868,22.50059129393792],[114.36199978,22.5005795],[114.36175346374512,22.500900830405058],[114.3620047449868,22.50059129393792]]],[[[114.36133284374984,22.50051223017433],[114.36137021,22.49980306],[114.3610112540426,22.499578821399176],[114.36132431030273,22.50050434633725],[114.36133284374984,22.50051223017433]]],[[[114.36088561813958,22.4987157476073],[114.36088619,22.49871234],[114.36088066784232,22.49871346084699],[114.36088561813958,22.4987157476073]]],[[[114.36081684940999,22.49856929436526],[114.36088445,22.49849752],[114.36081969766461,22.49852719066426],[114.36081684940999,22.49856929436526]]],[[[114.36082232016824,22.498488424077866],[114.36088904,22.49844078],[114.36082604666548,22.49843333794733],[114.36082232016824,22.498488424077866]]],[[[114.36084924331104,22.498090438607278],[114.36096692,22.49785287],[114.36086955918996,22.497790123569747],[114.36084924331104,22.498090438607278]]],[[[114.36082898455315,22.497394264056776],[114.3607864,22.49733838],[114.3607396587946,22.497370684676355],[114.36082898455315,22.497394264056776]]],[[[114.36040909266126,22.49728342491233],[114.36038519,22.49724324],[114.36029563189418,22.49724836733826],[114.36029434204102,22.497253134114104],[114.36040909266126,22.49728342491233]]],[[[114.3603791399312,22.496939755391665],[114.36041906,22.49689617],[114.36036345800326,22.49688446265413],[114.3603791399312,22.496939755391665]]],[[[114.36022905016857,22.496470530141238],[114.36022954,22.49646174],[114.3602270863554,22.496464482233957],[114.36022905016857,22.496470530141238]]],[[[114.35984007860772,22.496502851556446],[114.35974542,22.49637204],[114.35961999369096,22.496569637708255],[114.3596888455663,22.49656107009258],[114.35984007860772,22.496502851556446]]],[[[114.35938105882315,22.496667749842963],[114.3593385,22.49666842],[114.35933459719958,22.496686828050816],[114.35938105882315,22.496667749842963]]],[[[114.3587776455453,22.49679985708588],[114.35870739,22.49666712],[114.35855971609799,22.496713566241272],[114.3587776455453,22.49679985708588]]],[[[114.35816889760088,22.496269186186804],[114.35815371,22.49616519],[114.35808285153844,22.49607044026964],[114.35816889760088,22.496269186186804]]],[[[114.35794715307689,22.495888988508465],[114.35794079,22.49588048],[114.35793764411211,22.49590919480224],[114.35794715307689,22.495888988508465]]],[[[114.35781994432794,22.496159303669998],[114.35769843,22.49609754],[114.35736192826899,22.49713257544558],[114.35781994432794,22.496159303669998]]],[[[114.35631643294688,22.498699543476583],[114.35627972,22.4987159],[114.35620235937537,22.49884884739545],[114.35631643294688,22.498699543476583]]],[[[114.35508985220326,22.500358098875605],[114.35525319,22.50048264],[114.35529219125068,22.500438214422687],[114.35508985220326,22.500358098875605]]],[[[114.35555357906387,22.500541710153836],[114.35578364,22.50072086],[114.35591185071485,22.50068779369769],[114.35574531555176,22.500662940100753],[114.35555357906387,22.500541710153836]]],[[[114.35691286238655,22.50182353723577],[114.35672648,22.50241573],[114.35674550162237,22.50255797697388],[114.35691286238655,22.50182353723577]]],[[[114.35689581082458,22.503682015120848],[114.35744565,22.50384204],[114.35746521169025,22.503777659397578],[114.35689581082458,22.503682015120848]]],[[[114.35892629953302,22.504571378692862],[114.35907351,22.50467846],[114.35962890790753,22.504748406945087],[114.35892629953302,22.504571378692862]]],[[[114.33592466,22.51002519],[114.33586854,22.50972374],[114.33614708747913,22.509484584808714],[114.3358325958252,22.509702484009523],[114.33592466,22.51002519]]],[[[114.33600770361788,22.509309209032672],[114.33600537910846,22.50930628428486],[114.33600425720215,22.509306025175803],[114.33600770361788,22.509309209032672]]],[[[114.3364430212619,22.50891400444432],[114.33643747751135,22.508899546374362],[114.33643341064453,22.508909565205258],[114.3364430212619,22.50891400444432]]],[[[114.330541132345,22.503419610250504],[114.33054018,22.50341938],[114.33053990052265,22.503419447675146],[114.330541132345,22.503419610250504]]],[[[114.31889870003717,22.492275846185954],[114.31890991,22.49225534],[114.31889055309132,22.492230682931115],[114.31889870003717,22.492275846185954]]],[[[114.31335485732347,22.488135842402876],[114.31335524,22.48811031],[114.31328242049064,22.488054040746647],[114.31335485732347,22.488135842402876]]],[[[114.31272511933714,22.487623401758977],[114.31254469,22.48748398],[114.3124049784346,22.487491935900746],[114.31272511933714,22.487623401758977]]],[[[114.31218688665949,22.48750435517692],[114.31207494,22.48751073],[114.31202017296488,22.48783810157889],[114.31214332580566,22.48757834338454],[114.31218688665949,22.48750435517692]]],[[[114.31171417236328,22.48856656349528],[114.31169366,22.48858703],[114.31171417236328,22.488629033126035],[114.31171417236328,22.48856656349528]]],[[[114.31195172462205,22.48911546842014],[114.31201317,22.48924129],[114.3122441440506,22.489445689948887],[114.31195172462205,22.48911546842014]]],[[[114.3118214652514,22.48997727955691],[114.3116425,22.48991181],[114.31158004269162,22.489932667246574],[114.3118214652514,22.48997727955691]]],[[[114.3108239358759,22.489512992503435],[114.31090416,22.48942637],[114.31081171195235,22.489503311693372],[114.3108239358759,22.489512992503435]]],[[[114.31045141998646,22.488471801294715],[114.31044569,22.48846489],[114.31041466744342,22.488457247966274],[114.31045141998646,22.488471801294715]]],[[[114.30963231717976,22.48858133802692],[114.30936235521618,22.488744105701027],[114.30941859155871,22.488750600680852],[114.30963231717976,22.48858133802692]]],[[[114.30772690530311,22.48706357745241],[114.30764448,22.48701433],[114.30746323660782,22.487001841755873],[114.3075942993164,22.487023211923145],[114.30772690530311,22.48706357745241]]],[[[114.3068646732327,22.485794044579336],[114.30701810445821,22.485769450685417],[114.3069076538086,22.48575433165081],[114.3068646732327,22.485794044579336]]],[[[114.29607295474483,22.47881956447337],[114.2959983,22.47880096],[114.29559970991764,22.478928886446376],[114.29607295474483,22.47881956447337]]],[[[114.28980119379081,22.47437800195438],[114.2897678,22.47434321],[114.28975168480852,22.47434140294193],[114.28980119379081,22.47437800195438]]],[[[114.28528359953272,22.47371900933421],[114.2840053,22.47290894],[114.28258650979318,22.472196948146227],[114.28510665893555,22.473699389007734],[114.28528359953272,22.47371900933421]]],[[[114.28182643103301,22.4717438109219],[114.28147451,22.47147254],[114.28113455792509,22.471331335957288],[114.28182643103301,22.4717438109219]]],[[[114.27975192625466,22.470528567207992],[114.27926477,22.47048944],[114.27921270070053,22.470556249729817],[114.27975192625466,22.470528567207992]]],[[[114.27818434387525,22.470643045844984],[114.27715514,22.4711354],[114.27708526528107,22.471368495096353],[114.27818434387525,22.470643045844984]]],[[[114.27706854320098,22.471379532542226],[114.27701318495207,22.471400989453947],[114.27703857421875,22.471399313635075],[114.27706854320098,22.471379532542226]]],[[[114.27304766998147,22.470637752257698],[114.27306984,22.4706075],[114.27289062823986,22.470446806092024],[114.27304766998147,22.470637752257698]]],[[[114.27124383795493,22.468918967654783],[114.27114414,22.46887078],[114.27095361,22.46884736],[114.27095741688996,22.468857888113057],[114.27124383795493,22.468918967654783]]],[[[114.27021213326785,22.468377390186333],[114.27020971,22.46837084],[114.27017633958293,22.468340179015307],[114.27021213326785,22.468377390186333]]],[[[114.26994026190678,22.468094752292604],[114.26995535418455,22.467879923627756],[114.2699146270752,22.46806810228145],[114.26994026190678,22.468094752292604]]],[[[114.270439364338,22.467166185950976],[114.27072881494077,22.46718702953147],[114.27060127258301,22.46711631289638],[114.270439364338,22.467166185950976]]],[[[114.2709872427022,22.467330316373758],[114.2711972,22.46757121],[114.27178823568309,22.46777443179809],[114.2709872427022,22.467330316373758]]],[[[114.27320613842512,22.468560596587256],[114.27359925,22.46880109],[114.27448938996487,22.468850017818564],[114.27360534667969,22.468781940029217],[114.27320613842512,22.468560596587256]]],[[[114.2748322225672,22.46850400474744],[114.27484918,22.46848689],[114.27454883519152,22.46831695016168],[114.2748322225672,22.46850400474744]]],[[[114.26166799248251,22.460728570774176],[114.26116308,22.46045102],[114.26064983536429,22.45947233666912],[114.26115989685059,22.4605329239793],[114.26166799248251,22.460728570774176]]],[[[114.26045437561922,22.458635049857584],[114.25996745,22.45843471],[114.25942241523683,22.457571311634748],[114.25995826721191,22.458470593241884],[114.26045437561922,22.458635049857584]]],[[[114.25929305371393,22.456913779075556],[114.2592769,22.45682924],[114.25954745,22.45684926],[114.2592716217041,22.456804842167912],[114.25929305371393,22.456913779075556]]],[[[114.25834857898293,22.45555215472616],[114.25806674,22.45509751],[114.25771253337294,22.455717426993488],[114.25824165344238,22.455535685056958],[114.25834857898293,22.45555215472616]]],[[[114.25736177681121,22.454705909518413],[114.25736162,22.45469764],[114.25734247572284,22.454673206948552],[114.25736177681121,22.454705909518413]]],[[[114.25403996748493,22.452975056722213],[114.2539969022673,22.453022597090456],[114.25403594970703,22.452997335977443],[114.25403996748493,22.452975056722213]]],[[[114.25259044486496,22.453475077720423],[114.25245496,22.45344745],[114.25238760956552,22.453448297948174],[114.25259044486496,22.453475077720423]]],[[[114.24661873322,22.449936726007017],[114.24660064,22.44994835],[114.246601522002,22.449952632860917],[114.24661873322,22.449936726007017]]],[[[114.24679514147843,22.453321341788406],[114.24662397,22.45373649],[114.24687093379775,22.45399460583735],[114.24665451049805,22.453711251353496],[114.24679514147843,22.453321341788406]]],[[[114.2476374529221,22.455052150405507],[114.24764408552164,22.455099814474995],[114.24765655077293,22.45508745010664],[114.2476374529221,22.455052150405507]]],[[[114.2391106778918,22.46356416010765],[114.23481173,22.46780701],[114.23467153804779,22.467855722907583],[114.23480987548828,22.467830155548185],[114.2391106778918,22.46356416010765]]],[[[114.21559829642408,22.452557899353014],[114.21582209,22.45235247],[114.21653923847151,22.45210148215174],[114.21584129333496,22.452283416925283],[114.21559829642408,22.452557899353014]]],[[[114.21677612492378,22.452039732480035],[114.22042926,22.45121566],[114.22180932,22.4500204],[114.22345249842182,22.450517766119795],[114.22216448,22.45011588],[114.2216025,22.44939328],[114.22083094,22.44909563],[114.2192446,22.44899955],[114.21779812,22.44977024],[114.21663281,22.44950552],[114.21750163,22.44788882],[114.21599334,22.44714144],[114.21635627746582,22.449507030111718],[114.21884536743164,22.450300289159586],[114.2193603515625,22.44911039888609],[114.22184944152832,22.449903660202907],[114.21677612492378,22.452039732480035]]],[[[114.22357138181118,22.450580390106918],[114.22422592,22.45092518],[114.22565043382859,22.452147356082303],[114.22433853149414,22.450934893130537],[114.22357138181118,22.450580390106918]]],[[[114.2262946258194,22.45246637125692],[114.22747012,22.45561706],[114.22990631,22.45801369],[114.23113801,22.45862482],[114.23219426597962,22.45878035632883],[114.22751426696777,22.455615007716787],[114.2262946258194,22.45246637125692]]],[[[114.22564103201367,22.449055793981774],[114.22540198,22.44893165],[114.22532425165294,22.44892066723593],[114.22564103201367,22.449055793981774]]],[[[114.22483532055975,22.448851582853663],[114.22477118,22.44884252],[114.22477678652976,22.448869615645233],[114.22483532055975,22.448851582853663]]],[[[114.22478068026271,22.448888433561333],[114.2248737875215,22.449338409101024],[114.22490889033232,22.449046425001963],[114.22478068026271,22.448888433561333]]],[[[114.22485529505641,22.449492228856023],[114.2248436444943,22.449516153159756],[114.224853515625,22.449507030111718],[114.22485529505641,22.449492228856023]]],[[[114.21587632315995,22.448713766526012],[114.2155679,22.4486539],[114.21550668330806,22.448713766526012],[114.21587632315995,22.448713766526012]]],[[[114.19833156341917,22.45426594709685],[114.19804932,22.45342486],[114.19778022229623,22.45310127655875],[114.19833156341917,22.45426594709685]]],[[[114.19764311085771,22.452936403390055],[114.19752017,22.45278857],[114.19716631076733,22.452605911003793],[114.19764311085771,22.452936403390055]]],[[[114.19646457314288,22.45224368026838],[114.19640845,22.45221471],[114.19384663771876,22.451789678454258],[114.19386863708496,22.451807468848273],[114.19646457314288,22.45224368026838]]],[[[114.19319478014782,22.451262535857143],[114.19302083,22.45075929],[114.18639221,22.45256951],[114.18141045201588,22.451939653098623],[114.1864013671875,22.452600714735624],[114.19319478014782,22.451262535857143]]],[[[114.18135395774232,22.45187252339154],[114.1808393,22.45015794],[114.18076054738108,22.450076168086415],[114.18116569519043,22.451648819126206],[114.18135395774232,22.45187252339154]]],[[[114.18034689087482,22.449646652413836],[114.18023365,22.44952907],[114.17967217653563,22.44936950482652],[114.18034689087482,22.449646652413836]]],[[[114.13578304527793,22.468588785335726],[114.13624382,22.46924866],[114.13707660318256,22.469749153133797],[114.13747787475586,22.469337144623466],[114.13578304527793,22.468588785335726]]],[[[114.13857777216296,22.471291342558096],[114.13852563152895,22.4713045188916],[114.13918205241065,22.47166605464278],[114.13857777216296,22.471291342558096]]],[[[114.16082382202148,22.488766962686732],[114.16082401066845,22.48876703179576],[114.16099548339844,22.487974864493808],[114.16082382202148,22.488371384467072],[114.16082382202148,22.488766962686732]]],[[[114.16964986079849,22.48578367478387],[114.16803359985352,22.485278498549846],[114.16914939877094,22.485331368934794],[114.16674613952637,22.484961275573852],[114.16964986079849,22.48578367478387]]],[[[114.43237930106186,22.544382308592404],[114.43264961242676,22.544507136017828],[114.4318325037675,22.544421522655313],[114.43230628967285,22.544348592571183],[114.43237930106186,22.544382308592404]]],[[[114.4371957889721,22.54178435136704],[114.43723372520925,22.54180865864975],[114.43737673765449,22.541867363603426],[114.43738001698037,22.54185524842684],[114.4371957889721,22.54178435136704]]],[[[114.26441116335857,22.429937479497653],[114.2644214630127,22.43007076623489],[114.26453850501265,22.430114041102897],[114.26441116335857,22.429937479497653]]],[[[114.2652407559968,22.43037368993542],[114.26527976989746,22.430388114854694],[114.26529915101209,22.430380437071097],[114.2652407559968,22.43037368993542]]],[[[114.26776885839145,22.43046745416374],[114.26776885986328,22.430467451896277],[114.26776885986328,22.430467451442784],[114.26776885839145,22.43046745416374]]],[[[114.26407814025879,22.428230127298647],[114.26407814025879,22.428325335856826],[114.26413756304598,22.4284718099242],[114.26407814025879,22.428230127298647]]],[[[114.36122547494047,22.48291613120061],[114.36128616360992,22.48293015018378],[114.36123847961426,22.482820001471737],[114.36122547494047,22.48291613120061]]],[[[114.36175346273936,22.4840095982571],[114.36175346374512,22.484009602284132],[114.36175346579388,22.48400960531297],[114.36175346273936,22.4840095982571]]],[[[114.36239329222933,22.48154146924821],[114.36261177062988,22.481709698157587],[114.36268245478581,22.48166615661493],[114.36239329222933,22.48154146924821]]],[[[114.3607234954834,22.477030464933307],[114.36132431030273,22.476792533595713],[114.3610668182373,22.476792533595713],[114.3607234954834,22.477030464933307]]],[[[114.36492919921875,22.47607873713018],[114.36507633742147,22.475806813721615],[114.36492919921875,22.475840804157414],[114.36492919921875,22.47607873713018]]],[[[114.36516952520546,22.47563459509049],[114.36518669128418,22.475602870775873],[114.3647575378418,22.47512700278645],[114.36516952520546,22.47563459509049]]],[[[114.36026404873166,22.474786429473397],[114.35840606689453,22.47568218194847],[114.36012268066406,22.475047691295927],[114.36026404873166,22.474786429473397]]],[[[114.43531036376953,22.541970419018114],[114.4365119934082,22.54141550596009],[114.43522453308105,22.541574052775715],[114.43531036376953,22.541970419018114]]],[[[114.43531036376953,22.541970419018114],[114.43464173693188,22.542557359979607],[114.43467893416903,22.54267024187399],[114.43531036376953,22.541970419018114]]],[[[114.43264961242676,22.544507136017828],[114.43290710449219,22.544348592571183],[114.43316459389575,22.543872964416494],[114.43264961242676,22.544507136017828]]],[[[114.42973136901855,22.549659698887936],[114.42973136901855,22.550135310376973],[114.43040592562276,22.548037843927638],[114.42907738481915,22.549600773448475],[114.42973136901855,22.549659698887936]]],[[[114.42897712235934,22.545945944446988],[114.43052306544978,22.546210349854295],[114.43073122066399,22.545523756487572],[114.43007469177246,22.545220579274],[114.42897712235934,22.545945944446988]]],[[[114.43107506297683,22.544969097645854],[114.43173408546096,22.544471103041722],[114.4306755065918,22.544586407672853],[114.43107506297683,22.544969097645854]]],[[[114.43316459596609,22.543872960592214],[114.43346500351625,22.543318055082466],[114.43333625793457,22.543159510916468],[114.4330030327849,22.54372374267708],[114.43316459596609,22.543872960592214]]],[[[114.43260170684476,22.540608020468486],[114.43256378173828,22.541098411782528],[114.43263244627329,22.541209394623586],[114.43290710449219,22.54070204303629],[114.43260170684476,22.540608020468486]]],[[[114.43283482613238,22.541536502230585],[114.43290710449219,22.541653326115238],[114.43298067364167,22.541721274622304],[114.43299293518066,22.541653326115238],[114.43283482613238,22.541536502230585]]],[[[114.20648574829102,22.472589012561954],[114.20571327209473,22.472033821001006],[114.20511245727539,22.470764803362712],[114.20536994934082,22.472033821001006],[114.20648574829102,22.472589012561954]]],[[[114.20116424560547,22.471002745055443],[114.20150756835938,22.472906263883345],[114.20210838317871,22.47314420189754],[114.20305252075195,22.472113134217395],[114.20116424560547,22.471002745055443]]],[[[114.20064926147461,22.473858013487614],[114.20107841491699,22.474413197736524],[114.2014217376709,22.474095949866808],[114.20064926147461,22.473858013487614]]],[[[114.16125297546387,22.45854991422229],[114.16082382202148,22.458311951144907],[114.1603946685791,22.458867197689955],[114.16099548339844,22.459025839151437],[114.16125297546387,22.45854991422229]]],[[[114.15816307067871,22.45807398765899],[114.15790557861328,22.45823263002832],[114.15807723999023,22.458470593241884],[114.15824890136719,22.458470593241884],[114.15816307067871,22.45807398765899]]],[[[114.16897773742676,22.469971661435125],[114.16811943054199,22.468306048606053],[114.16790278141384,22.468061354636735],[114.16897773742676,22.469971661435125]]],[[[114.1852855682373,22.483533763185847],[114.18527275763894,22.481519122780732],[114.1848742287289,22.481450077385496],[114.18468475341797,22.482740694387445],[114.1852855682373,22.483533763185847]]],[[[114.1852855682373,22.483533763185847],[114.18700218200684,22.485437109765257],[114.18811798095703,22.48591294232095],[114.1867446899414,22.487340430173717],[114.18831110015824,22.487984777341904],[114.18966293334961,22.48654738318413],[114.1852855682373,22.483533763185847]]],[[[114.18485641479492,22.478458044373923],[114.18399810791016,22.479806300331802],[114.18434143066406,22.480599385939186],[114.18554306030273,22.47940975582462],[114.18485641479492,22.478458044373923]]],[[[114.18485641479492,22.478458044373923],[114.1852855682373,22.47829942516286],[114.18500355315415,22.477778246030805],[114.18485641479492,22.478458044373923]]],[[[114.16348457336426,22.489164421005583],[114.16394233706619,22.48958737191506],[114.16392598835465,22.489481634348635],[114.16348457336426,22.489164421005583]]],[[[114.16348457336426,22.489164421005583],[114.16348457336426,22.488847206935475],[114.1633525262036,22.488798404706312],[114.16348457336426,22.489164421005583]]],[[[114.19240951538086,22.48654738318413],[114.18988877822497,22.4865447248856],[114.18966293334961,22.487657647697276],[114.19216973438282,22.48718937393027],[114.19240951538086,22.48654738318413]]],[[[114.19240951538086,22.48654738318413],[114.1922378540039,22.486309468201227],[114.19195695359814,22.486338306394487],[114.19240951538086,22.48654738318413]]],[[[114.17218961202731,22.48318731631543],[114.17206764221191,22.482661387257735],[114.17208480833781,22.48256621841314],[114.17198181152344,22.482899308510582],[114.17218961202731,22.48318731631543]]],[[[114.17211850471749,22.48237940599313],[114.17216050820582,22.482146539038848],[114.17120933532715,22.483295843023356],[114.17211850471749,22.48237940599313]]],[[[114.17222550932931,22.481786173406107],[114.17223930358887,22.479806300331802],[114.17181015014648,22.479013210181776],[114.1702651977539,22.479806300331802],[114.17222550932931,22.481786173406107]]],[[[114.17192459096614,22.478695972940656],[114.17198181152344,22.478616663403272],[114.17196035383596,22.478596835987698],[114.17192459096614,22.478695972940656]]],[[[114.18564994368913,22.4815091841937],[114.1860580444336,22.48155108267153],[114.18691635131836,22.481233851154272],[114.18564994368913,22.4815091841937]]],[[[114.18768882751465,22.482026928584517],[114.1876784864967,22.481993485615344],[114.18767442643042,22.48199233130852],[114.18768882751465,22.482026928584517]]],[[[114.18731819508308,22.481136518367784],[114.18811798095703,22.47972699152122],[114.18502807617188,22.480916618910143],[114.18683052062988,22.480916618910143],[114.18731819508308,22.481136518367784]]],[[[114.18528061653784,22.480138786512505],[114.18529987303658,22.480123535119887],[114.1852855682373,22.480123535119887],[114.18528061653784,22.480138786512505]]],[[[114.18580055302715,22.47972699018162],[114.1864013671875,22.47925113770374],[114.18635098834692,22.478785626787513],[114.18622970581055,22.47885459160665],[114.18580055302715,22.47972699018162]]],[[[114.18648719787598,22.47822011548918],[114.18641139918505,22.4780625253519],[114.18641139918505,22.478062525351902],[114.18648719787598,22.47822011548918]]],[[[114.1842997414606,22.475963169653227],[114.18296813964844,22.472668325460432],[114.18565934658119,22.47162190310355],[114.1838264465332,22.469575088768423],[114.18004172217336,22.472913817208287],[114.18253898620605,22.473064889271555],[114.18107986450195,22.47449250959042],[114.18176651000977,22.476237358884916],[114.1842997414606,22.475963169653227]]],[[[114.17098617568311,22.47680839564446],[114.17072076052547,22.47684134006936],[114.17052268981934,22.47695115453287],[114.17098617568311,22.47680839564446]]],[[[114.16116714477539,22.48321653621167],[114.1615104675293,22.483454456510458],[114.16159629821777,22.483771682939434],[114.16159629821777,22.483454456510458],[114.16116714477539,22.48321653621167]]],[[[114.16279792785645,22.48654738318413],[114.1640853881836,22.48868859962778],[114.16417121887207,22.48940233108104],[114.16425704956055,22.488926510521168],[114.16279792785645,22.48654738318413]]],[[[114.16605949401855,22.484961275573852],[114.16597366333008,22.48511988715272],[114.16601910308182,22.485110557064875],[114.16605949401855,22.484961275573852]]],[[[114.169921875,22.484247521219928],[114.1688060760498,22.482740694387445],[114.1634143481275,22.483822150713383],[114.16537284851074,22.483533763185847],[114.169921875,22.484247521219928]]],[[[114.17894764975401,22.47709725236968],[114.18039321899414,22.47940975582462],[114.1834831237793,22.481392467003758],[114.18459892272949,22.477109775288326],[114.1823673248291,22.477189085597928],[114.17987823486328,22.475285625631273],[114.18185234069824,22.47829942516286],[114.17894764975401,22.47709725236968]]],[[[114.18027877869878,22.474222261304153],[114.18042442991229,22.4741848754026],[114.18039321899414,22.47417526190236],[114.18027877869878,22.474222261304153]]],[[[114.17952170739157,22.474760949325876],[114.17936325073242,22.474809756551778],[114.17936325073242,22.47512700278645],[114.17952170739157,22.474760949325876]]],[[[114.17203212231057,22.466793575071183],[114.17163848876953,22.46648178300711],[114.17149922123936,22.466473479932898],[114.17203212231057,22.466793575071183]]],[[[114.16669332165641,22.46595707426661],[114.16657447814941,22.465688616559035],[114.16627076910471,22.465566590070416],[114.16669332165641,22.46595707426661]]],[[[114.16461248341999,22.464900311660998],[114.16460037231445,22.464895445570548],[114.16348457336426,22.464895445570548],[114.16354290499542,22.464970912512896],[114.16461248341999,22.464900311660998]]],[[[114.16348457336426,22.465529982724576],[114.16275171124572,22.46507848533957],[114.16262626647949,22.465133397343834],[114.16348457336426,22.465529982724576]]],[[[114.16770744332379,22.46470508384681],[114.16777610778809,22.464736810828],[114.1684627532959,22.464895445570548],[114.16770744332379,22.46470508384681]]],[[[114.17475536867897,22.472308017874667],[114.17442798596073,22.472509699618058],[114.17437406717399,22.473056752526503],[114.17475536867897,22.472308017874667]]],[[[114.17662536049207,22.473855001401553],[114.17678833007812,22.474095949866808],[114.17678833007812,22.473798529137348],[114.17662536049207,22.473855001401553]]],[[[114.1777225293994,22.473229358527096],[114.17773246765137,22.473223514478107],[114.17770385746283,22.473091326313995],[114.1777225293994,22.473229358527096]]],[[[114.18889045715332,22.465054080131466],[114.18871879577637,22.465133397343834],[114.18880462646484,22.46529203163233],[114.18889045715332,22.465054080131466]]],[[[114.17859077453613,22.472628668738693],[114.17859077453613,22.472985576600166],[114.1793060302871,22.47291948266822],[114.17893409729004,22.472906263883345],[114.17859077453613,22.472628668738693]]],[[[114.17950630190172,22.47301201412197],[114.17927742004395,22.47377870127039],[114.18030738830566,22.47393732565942],[114.17998041451567,22.472970469137742],[114.17950630190172,22.47301201412197]]],[[[114.16219711303711,22.483295843023356],[114.16211128234863,22.483533763185847],[114.16224783120036,22.483623884272244],[114.16219711303711,22.483295843023356]]],[[[114.16264223507277,22.4838841874898],[114.16271209716797,22.483930295881322],[114.16287302968003,22.483905512613592],[114.16264223507277,22.4838841874898]]],[[[114.15430068969727,22.486626688087554],[114.15438652038574,22.48678529775809],[114.15463175092425,22.48669466366064],[114.15430068969727,22.486626688087554]]],[[[114.15616915770457,22.483210435419224],[114.15618619610802,22.482942799303423],[114.15610313415527,22.48305792245199],[114.15616915770457,22.483210435419224]]],[[[114.16279792785645,22.488847206935475],[114.1631724617698,22.48873185616624],[114.16305541992188,22.48868859962778],[114.16279792785645,22.488847206935475]]],[[[114.16140747049067,22.485722609087833],[114.16142463684082,22.48575433165081],[114.1612100595111,22.485903029277594],[114.1615104675293,22.485833637008596],[114.16140747049067,22.485722609087833]]],[[[114.16076440089084,22.48621186143279],[114.1603946685791,22.486468078235262],[114.16073799133301,22.486309468201227],[114.16076440089084,22.48621186143279]]],[[[114.18773174284044,22.47960802819745],[114.18762280389285,22.479574474442042],[114.18760299682617,22.479647682665203],[114.18773174284044,22.47960802819745]]],[[[114.18764591225644,22.479489064408067],[114.18774325633177,22.479309168835627],[114.18768882751465,22.479330446786904],[114.18764591225644,22.479489064408067]]],[[[114.1917964389985,22.486354785370487],[114.19149201499572,22.48638603857641],[114.1915512084961,22.486468078235262],[114.1917964389985,22.486354785370487]]],[[[114.19412612915039,22.486705992945545],[114.19401735345917,22.487459779384615],[114.1944694519043,22.48705719942731],[114.19412612915039,22.486705992945545]]],[[[114.23918724050216,22.50164093087675],[114.23922157287598,22.501598639473173],[114.23927307128906,22.501429473737648],[114.23918724050216,22.50164093087675]]],[[[114.23927307128906,22.50084796493833],[114.23926679119587,22.500579775222793],[114.2392015459969,22.500539589566696],[114.23927307128906,22.50084796493833]]],[[[114.24124041473775,22.496792238960225],[114.24124717712402,22.49677734055024],[114.2412353384836,22.496684369372037],[114.24124041473775,22.496792238960225]]],[[[114.24190521253608,22.492389389379117],[114.24191008233917,22.49238713969945],[114.24186870975215,22.491546236611946],[114.24190521253608,22.492389389379117]]],[[[114.24374358603349,22.48723038692666],[114.2439079284668,22.487102516553946],[114.24393069987231,22.486850035727393],[114.24374358603349,22.48723038692666]]],[[[114.24398231506741,22.486277745750943],[114.24399375915527,22.48615085798542],[114.24389362323014,22.48603189949721],[114.24398231506741,22.486277745750943]]],[[[114.22943868131475,22.476967851406428],[114.22905921936035,22.476792533595713],[114.22900772093547,22.476816326721295],[114.22931671142578,22.477030464933307],[114.22943868131475,22.476967851406428]]],[[[114.22880172670503,22.476911499468915],[114.22820091247559,22.477189085597928],[114.22717094421387,22.4768189701839],[114.22794342041016,22.477506326382084],[114.22880172670503,22.476911499468915]]],[[[114.23266410827637,22.47568218194847],[114.2329216003418,22.475761493075666],[114.23317909240723,22.475523559557857],[114.23274993896484,22.475444248294423],[114.23266410827637,22.47568218194847]]],[[[114.15902137756348,22.44712722574151],[114.15884971618652,22.446889243058394],[114.15876388549805,22.447047898225847],[114.15902137756348,22.44712722574151]]],[[[114.1629695892334,22.445382009915463],[114.16288375854492,22.44593730824222],[114.16314125061035,22.44601663639311],[114.1629695892334,22.445382009915463]]],[[[114.1629695892334,22.445382009915463],[114.16279792785645,22.444826709365486],[114.16202545166016,22.445144024237706],[114.16211128234863,22.445619995184884],[114.1629695892334,22.445382009915463]]],[[[114.14443016052246,22.46790947117134],[114.14425849914551,22.467988786749103],[114.14434432983398,22.46806810228145],[114.14443016052246,22.46790947117134]]],[[[114.13275718688965,22.450696916981784],[114.13215637207031,22.450776242410072],[114.13140730495947,22.45156228214906],[114.13215637207031,22.451331519137497],[114.13275718688965,22.450696916981784]]],[[[114.12419732796675,22.450144859431205],[114.12520408630371,22.450776242410072],[114.1259765625,22.451093543669458],[114.12419732796675,22.450144859431205]]],[[[114.11765098571777,22.443954089723803],[114.11962509155273,22.44308146459238],[114.12022590637207,22.442843474967432],[114.11876678466797,22.44331945380901],[114.11765098571777,22.443954089723803]]],[[[114.11825180053711,22.438400927024162],[114.12014738974,22.438471010002054],[114.11971092224121,22.438321594518044],[114.11825180053711,22.438400927024162]]],[[[114.12245454472895,22.443651817365218],[114.12297248840332,22.44379543101732],[114.12271499633789,22.443636772129366],[114.12245454472895,22.443651817365218]]],[[[114.15067112334611,22.479791429406795],[114.15112495422363,22.479092519401192],[114.15026664733887,22.479647682665203],[114.15067112334611,22.479791429406795]]],[[[114.3281078338623,22.459977684107216],[114.3281078338623,22.459739723481093],[114.32620826517714,22.458992440735273],[114.32621955871582,22.459025839151437],[114.3281078338623,22.459977684107216]]],[[[114.28680874750899,22.42496745663293],[114.28746145848277,22.424860982429326],[114.28682327270508,22.424913749476914],[114.28680874750899,22.42496745663293]]],[[[114.2909431448332,22.42475506884106],[114.29094314575195,22.424755069000298],[114.29174486096512,22.424537100879075],[114.29150242950314,22.424453063664537],[114.2909431448332,22.42475506884106]]],[[[114.28570747375488,22.439352913559475],[114.28633511067471,22.43973965610555],[114.28630828857422,22.43959090917265],[114.28570747375488,22.439352913559475]]],[[[114.25823297278849,22.420245526052746],[114.25867080688477,22.421502079264343],[114.26135301593644,22.420351613393414],[114.26064491271973,22.41991522734861],[114.25823297278849,22.420245526052746]]],[[[114.2608532648387,22.422821211962425],[114.26150321960449,22.422295498422173],[114.26149177549308,22.421391000060904],[114.26141738891602,22.42221615671039],[114.2608532648387,22.422821211962425]]],[[[114.33072570811167,22.418581323164485],[114.33103451238524,22.41911656798916],[114.3308618504332,22.418573885636057],[114.33072570811167,22.418581323164485]]],[[[114.33172116875976,22.4203067369805],[114.33377265930176,22.420311942027524],[114.33351516723633,22.41920113807072],[114.33282852172852,22.41888376387972],[114.33172116875976,22.4203067369805]]],[[[114.33223996860926,22.42137739874602],[114.33229557358868,22.422251211939333],[114.33239936828613,22.421819447471492],[114.33223996860926,22.42137739874602]]],[[[114.33247212012834,22.425245466445066],[114.33111190795898,22.42673856192279],[114.33247645197824,22.42531954604677],[114.33247212012834,22.425245466445066]]],[[[114.28996467591902,22.42854748240108],[114.28982734680176,22.429118716022188],[114.28999900817871,22.42872202650632],[114.28996467591902,22.42854748240108]]],[[[114.29009603415213,22.429242896829315],[114.29018153418932,22.4292121134777],[114.2902610174898,22.428734553561025],[114.29009603415213,22.429242896829315]]],[[[114.29032761710583,22.428334402750853],[114.29034233093262,22.428245997590892],[114.29031014449457,22.428156742057656],[114.29032761710583,22.428334402750853]]],[[[114.29026630948947,22.427711029778223],[114.29035856920645,22.427654175542155],[114.29025650024414,22.427611289831034],[114.29026630948947,22.427711029778223]]],[[[114.30948257446289,22.429991428966588],[114.3092564839135,22.429503794006155],[114.30922508239746,22.429515404404384],[114.30948257446289,22.429991428966588]]],[[[114.28197383876328,22.403529921340176],[114.28201675415039,22.403490245164804],[114.28202311192493,22.403393258775292],[114.28197383876328,22.403529921340176]]],[[[114.32269492704881,22.450360040787334],[114.3226146697998,22.450458940424596],[114.32390213012695,22.454266516326612],[114.32478904735308,22.45554449855637],[114.32269492704881,22.450360040787334]]],[[[114.14932250976562,22.450696916981784],[114.14846420288086,22.451728144009934],[114.14889335632324,22.453314632153976],[114.14949417114258,22.45125219402688],[114.14932250976562,22.450696916981784]]],[[[114.16168212890625,22.43721093466948],[114.16245460510254,22.43729026781064],[114.16262626647949,22.43705226825108],[114.16202545166016,22.436972934973838],[114.16168212890625,22.43721093466948]]],[[[114.17086601257324,22.440622218778657],[114.17095184326172,22.440384224934647],[114.17078018188477,22.440304893562583],[114.17086601257324,22.440622218778657]]],[[[114.13825035095215,22.437369600906436],[114.13782119750977,22.4374489339569],[114.13704872131348,22.43792493130701],[114.13825035095215,22.437369600906436]]],[[[114.13825035095215,22.437369600906436],[114.13876533508301,22.438321594518044],[114.13850784301758,22.437607599921705],[114.13825035095215,22.437369600906436]]],[[[114.1462293031864,22.437847124171416],[114.14588509546256,22.439384836837796],[114.14606094360352,22.43887692110833],[114.1462293031864,22.437847124171416]]],[[[114.15188358620813,22.441341316178715],[114.15155410766602,22.441732851318932],[114.15148544314468,22.44198670847954],[114.15258407592773,22.44109820524183],[114.15188358620813,22.441341316178715]]],[[[114.16082382202148,22.426262526205832],[114.16056632995605,22.427611289831034],[114.16085088538657,22.426230361926912],[114.16082382202148,22.426262526205832]]],[[[114.15910720825195,22.427531951157007],[114.15985464593174,22.428731930298206],[114.15970802307129,22.428325335856826],[114.15910720825195,22.427531951157007]]],[[[114.16066708905805,22.430036272896054],[114.16073799133301,22.430150103457876],[114.16075818698265,22.430148547811147],[114.16066708905805,22.430036272896054]]],[[[114.16119575495034,22.430114842474083],[114.1614694181475,22.430093762525406],[114.16133880615234,22.43007076623489],[114.16119575495034,22.430114842474083]]],[[[114.16252302057241,22.42595781643856],[114.16228294372559,22.42705591816059],[114.16399955749512,22.427293934862846],[114.16434288024902,22.42602450773525],[114.16252302057241,22.42595781643856]]],[[[114.1644287109375,22.427412942907903],[114.1644287109375,22.427849305581063],[114.16451454162598,22.427531951157007],[114.1644287109375,22.427412942907903]]],[[[114.15139961244901,22.44230403009296],[114.15138244628906,22.442367494492586],[114.15146827697754,22.443002134762764],[114.15139961244901,22.44230403009296]]],[[[114.13713455200195,22.440701549969262],[114.13756370544434,22.43998756762069],[114.1376183252788,22.439583694596056],[114.13713455200195,22.440701549969262]]],[[[114.14168357849121,22.438242261966565],[114.14297103881836,22.439194249590543],[114.14228439331055,22.438559591900344],[114.14168357849121,22.438242261966565]]],[[[114.14547459447837,22.440570518447434],[114.14564404807221,22.440081072580924],[114.14546012878418,22.44046355626135],[114.14547459447837,22.440570518447434]]],[[[114.13606325746366,22.43949982444082],[114.13644790649414,22.43927358159769],[114.13653373703984,22.438956253461892],[114.13606325746366,22.43949982444082]]],[[[114.13653373714335,22.438956253079194],[114.1366195678711,22.43863892427038],[114.13636207580566,22.438004264039932],[114.13653373714335,22.438956253079194]]],[[[114.13868773474535,22.43889539552572],[114.13910865783691,22.4394322454759],[114.13918963035367,22.439417277158515],[114.13868773474535,22.43889539552572]]],[[[114.1395257206698,22.439355148590415],[114.1395378112793,22.439352913559475],[114.14176940917969,22.43792493130701],[114.1395257206698,22.439355148590415]]],[[[114.15173323256845,22.426207333531746],[114.15137498292745,22.42631771869341],[114.15172576904297,22.426262526205832],[114.15173323256845,22.426207333531746]]],[[[114.14863586425781,22.443636772129366],[114.15043830871582,22.442129503642732],[114.15069580078125,22.43927358159769],[114.14640426635742,22.44308146459238],[114.14863586425781,22.443636772129366]]],[[[114.20296669006348,22.46465749338863],[114.20270919799805,22.46441954079809],[114.2025375366211,22.46465749338863],[114.20296669006348,22.46465749338863]]],[[[114.1985034942627,22.46275386122315],[114.1999626159668,22.463229771716172],[114.19987678527832,22.462912498235767],[114.1985034942627,22.46275386122315]]],[[[114.17768702858876,22.452418736102445],[114.17764663696289,22.452299280903603],[114.17764663696289,22.452362741445953],[114.17768702858876,22.452418736102445]]],[[[114.2187380791401,22.451034049738638],[114.21884536743164,22.451093543669458],[114.2188519697888,22.451069135893164],[114.2187380791401,22.451034049738638]]],[[[114.21909962065317,22.45070440038867],[114.21948910190355,22.450538263947077],[114.21910285949707,22.450696916981784],[114.21909962065317,22.45070440038867]]],[[[114.1838264465332,22.436496934357862],[114.18425559997559,22.436417600763107],[114.18425559997559,22.435862264329856],[114.18374061584473,22.436020932109003],[114.1838264465332,22.436496934357862]]]]}}]}