{"type":"FeatureCollection","features":[{"type":"Feature","properties":{"divisionCode":"EST","area":"Hong Kong Island"},"geometry":{"type":"Polygon","coordinates":[[[114.24987117,22.24663587],[114.24738185,22.2533914],[114.24695666,22.25333741],[114.24689318,22.25337077],[114.24680392,22.2534817],[114.24675726,22.25348071],[114.24647229,22.25333638],[114.24577825,22.25341391],[114.24564947,22.25351814],[114.24548616,22.25348261],[114.24532629,22.25350399],[114.24518406,22.25362142],[114.2451477,22.25363602],[114.24450831,22.25350097],[114.24444671,22.25351571],[114.24432898,22.2535941],[114.24411636,22.25363209],[114.24401511,22.25375375],[114.24397757,22.25395218],[114.24393486,22.25397859],[114.2437537,22.25403162],[114.24367769,22.25411221],[114.24362697,22.25413418],[114.24341668,22.2541375],[114.24309032,22.25446094],[114.24294517,22.25450507],[114.24289655,22.25453758],[114.24271494,22.2547871],[114.24262776,22.25507672],[114.24262986,22.25515143],[114.24272778,22.25521012],[114.24274541,22.25523694],[114.24266198,22.25539042],[114.24261166,22.25540884],[114.24250768,22.25540121],[114.24212601,22.2556078],[114.24208559,22.2556123],[114.24193579,22.25560401],[114.24163974,22.2556692],[114.24145283,22.25561031],[114.24022308,22.25591828],[114.2395592,22.25626068],[114.23912571,22.25617778],[114.2387594,22.25623328],[114.23819473,22.25665379],[114.23813475,22.25669173],[114.23801005,22.25674223],[114.2376445,22.25713819],[114.23750726,22.25721822],[114.23736391,22.25720758],[114.23730276,22.25716619],[114.23712813,22.25697182],[114.23706787,22.25691874],[114.23695038,22.2568994],[114.23686563,22.25696023],[114.23684072,22.25702088],[114.23681567,22.25717262],[114.236772,22.25722831],[114.23659237,22.2572452],[114.23646055,22.25658888],[114.236344,22.25643613],[114.23604554,22.25649767],[114.23590477,22.2567446],[114.23578434,22.2568079],[114.23550114,22.25660166],[114.23531474,22.25618281],[114.23527038,22.25615318],[114.23473108,22.25612898],[114.23458271,22.25587697],[114.23453757,22.25558273],[114.23447392,22.25537122],[114.2344504,22.25523762],[114.23440129,22.25519804],[114.23418523,22.25510661],[114.23414847,22.25506845],[114.23411654,22.25501953],[114.23401366,22.25468704],[114.23373315,22.25460853],[114.23364161,22.25462852],[114.23315753,22.25494871],[114.23298886,22.25497181],[114.23228309,22.25494354],[114.2320412,22.25500592],[114.23187742,22.2551433],[114.23144596,22.25574201],[114.23075756,22.2561343],[114.23049298,22.25579734],[114.23003738,22.25640801],[114.22878874,22.2570629],[114.2286636,22.25710553],[114.22825429,22.25719625],[114.22288278,22.25669177],[114.22191521,22.2567615],[114.22136177,22.25669799],[114.221154,22.25685926],[114.22085711,22.25699054],[114.2205251,22.25705459],[114.22001188,22.25738268],[114.21917852,22.25767477],[114.21911553,22.25768369],[114.21880918,22.2576813],[114.2186067,22.25774726],[114.2185205,22.25781735],[114.21836938,22.25808592],[114.21820588,22.25818191],[114.21776208,22.25763308],[114.21766451,22.25761421],[114.21748126,22.25771642],[114.2173686,22.25763554],[114.21725442,22.25743699],[114.2171373,22.25741101],[114.21705383,22.2574748],[114.21694281,22.25776892],[114.21690321,22.25779446],[114.21669365,22.2578361],[114.21663651,22.25785767],[114.21639735,22.25818192],[114.21627527,22.25824188],[114.21617359,22.25827963],[114.2152159,22.25905348],[114.2150606,22.25941949],[114.21495589,22.25951735],[114.21473695,22.25962532],[114.21469256,22.25977604],[114.2146301,22.25985743],[114.21447566,22.25989057],[114.21410191,22.2597766],[114.21401576,22.25976968],[114.21371744,22.25986218],[114.21341936,22.26006494],[114.21318727,22.26007132],[114.2130803,22.26019323],[114.21300049,22.26024718],[114.21283683,22.26027559],[114.21265627,22.26026421],[114.21238304,22.26042484],[114.21210291,22.26042781],[114.21193794,22.26029855],[114.21167563,22.26015741],[114.21166581,22.26008801],[114.21178694,22.25986656],[114.21187511,22.25977129],[114.21188126,22.25971449],[114.2116779,22.25941211],[114.21150138,22.25921553],[114.21141045,22.25914212],[114.21139693,22.25910972],[114.21140866,22.2588674],[114.21176489,22.25859002],[114.21207357,22.25843487],[114.21208826,22.2583938],[114.2112697,22.25767781],[114.2112207,22.25770063],[114.21091203,22.25798351],[114.21060821,22.25800182],[114.21037894,22.25733663],[114.21061278,22.25665159],[114.21065197,22.25660596],[114.21118609,22.25643252],[114.21157807,22.25620891],[114.21194346,22.25626596],[114.21232281,22.25615089],[114.2127247,22.25586199],[114.21231789,22.25560663],[114.21162692,22.25556572],[114.21147984,22.25543361],[114.21133706,22.25480795],[114.2112266,22.25463655],[114.21103341,22.25482087],[114.21090001,22.25487232],[114.21124059,22.25538653],[114.21135744,22.25578474],[114.21113952,22.25601225],[114.210549,22.25634598],[114.21050981,22.25639616],[114.2103756,22.25674229],[114.21020248,22.25669311],[114.21009338,22.25700228],[114.20994929,22.25703078],[114.20942524,22.25691293],[114.20935101,22.25695768],[114.2092157,22.25724651],[114.20914584,22.25728314],[114.20888384,22.25735641],[114.20883146,22.25741742],[114.20874854,22.25765336],[114.20867486,22.25763454],[114.20843991,22.25745349],[114.20808672,22.25740513],[114.20767103,22.25729243],[114.2074072,22.25744837],[114.20711212,22.25751009],[114.20686016,22.25765363],[114.20642636,22.25755277],[114.20623146,22.25759237],[114.20574379,22.25798],[114.20534888,22.25863686],[114.20507558,22.25930956],[114.20502126,22.25931618],[114.20471779,22.25929628],[114.20436457,22.25938401],[114.20410249,22.25922657],[114.20333686,22.25922023],[114.20229809,22.25910715],[114.20217811,22.25905107],[114.20193813,22.2589055],[114.20180078,22.25887317],[114.20079404,22.25923331],[114.20040867,22.25923487],[114.20003189,22.25902527],[114.19976449,22.258977],[114.19968736,22.2589454],[114.19929138,22.25870215],[114.19897363,22.25831393],[114.19883553,22.25821512],[114.19866807,22.25815743],[114.19823378,22.25814093],[114.19806536,22.25811385],[114.19771836,22.25789633],[114.19778338,22.25820115],[114.19743643,22.25853094],[114.19737366,22.25914608],[114.19837174,22.26635008],[114.2031393,22.26750292],[114.20716461,22.2704513],[114.20458103,22.27522276],[114.20254994,22.2777624],[114.2022,22.27766312],[114.20072652,22.27437051],[114.19778688,22.27316255],[114.19764996,22.27323308],[114.19732896,22.27395772],[114.19678306,22.27437039],[114.19579969,22.27548035],[114.1953242,22.2758357],[114.1952741,22.27628292],[114.19601658,22.27666156],[114.19518166,22.27777017],[114.19530362,22.278312],[114.19499434,22.27839331],[114.19428307,22.27907576],[114.19481313,22.27920664],[114.19471371,22.27955208],[114.19401065,22.2799667],[114.19349487,22.28061557],[114.19344031,22.28079675],[114.19344214,22.28087803],[114.19345913,22.2809576],[114.19349128,22.28103323],[114.19379639,22.28156939],[114.19388131,22.28167945],[114.19401778,22.28182054],[114.19464796,22.2823719],[114.19481114,22.28262474],[114.19522317,22.28454935],[114.19467737,22.28475204],[114.19463983,22.28523518],[114.19485881,22.28548124],[114.19547683,22.28565783],[114.19562118,22.28574756],[114.19588507,22.28621261],[114.19586749,22.28636952],[114.19583172,22.28641185],[114.19544118,22.28664217],[114.19490314,22.28600953],[114.19423603,22.28613942],[114.19398191,22.28603615],[114.19344993,22.28522741],[114.19314099,22.28312782],[114.19239078,22.28306129],[114.19292898,22.28534599],[114.19290854,22.2869032],[114.19248643,22.28688293],[114.1919455,22.28741691],[114.19149238,22.28670015],[114.19134501,22.28675943],[114.18949146,22.28819945],[114.18930193,22.28853895],[114.19227381,22.29130377],[114.1924728,22.29130976],[114.19304758,22.29087459],[114.19370787,22.2916058],[114.19608328,22.29269788],[114.19838168,22.29317739],[114.19848519,22.29364767],[114.19830034,22.29369964],[114.19871635,22.29368595],[114.19852752,22.29364624],[114.19862052,22.29301681],[114.19990296,22.29328117],[114.1996292,22.29445816],[114.19983419,22.2944693],[114.20006036,22.29331379],[114.2008442,22.29350247],[114.20063768,22.29480909],[114.20082818,22.29482261],[114.20121201,22.29355035],[114.20306424,22.29393113],[114.20319239,22.29409699],[114.2030412,22.29459478],[114.20325158,22.29459204],[114.20323946,22.29512358],[114.20327837,22.29459989],[114.2034909,22.29462261],[114.20342606,22.29372873],[114.20483927,22.29347986],[114.20487142,22.2936403],[114.20489875,22.29346944],[114.20665416,22.29311133],[114.20680849,22.29371016],[114.20690824,22.29366646],[114.20678827,22.29307103],[114.20713053,22.29296827],[114.20732131,22.29351782],[114.20742037,22.29348069],[114.20728877,22.29292067],[114.20770369,22.29279606],[114.20806043,22.29363976],[114.20822621,22.29350803],[114.20803867,22.29355814],[114.2078431,22.29300187],[114.20802084,22.29293021],[114.207814,22.2929182],[114.20776284,22.29277827],[114.20970625,22.29218793],[114.20987359,22.29235981],[114.21121089,22.29199174],[114.21539754,22.29009762],[114.21962213,22.28933851],[114.22221097,22.28821885],[114.2245255,22.28604823],[114.22511095,22.28649972],[114.2252378,22.2863515],[114.22474757,22.28583999],[114.22530557,22.28531656],[114.22584849,22.2857661],[114.2260099,22.28564888],[114.22552299,22.28511249],[114.22562475,22.28501722],[114.22576476,22.28510555],[114.22487146,22.28428094],[114.22627522,22.28299653],[114.23033965,22.28306383],[114.23127893,22.28340778],[114.23147409,22.28325172],[114.23150909,22.28351607],[114.23165646,22.28330123],[114.23182917,22.28347002],[114.23186917,22.28328796],[114.23235978,22.28344191],[114.2324825,22.28334422],[114.2325262,22.2834892],[114.23327553,22.28363887],[114.23381142,22.28403865],[114.23268549,22.28483998],[114.2296036,22.28609624],[114.22822039,22.28624316],[114.22789982,22.28637771],[114.22791157,22.28654625],[114.22969646,22.28624247],[114.23296003,22.28488389],[114.23376365,22.28429838],[114.2345617,22.28449455],[114.23484361,22.28425919],[114.23480337,22.28414308],[114.23508572,22.28408906],[114.23513137,22.28391243],[114.23562545,22.28362387],[114.23676341,22.28219222],[114.23692978,22.28226863],[114.23737623,22.2817783],[114.23906341,22.28105899],[114.23882937,22.2806896],[114.23923269,22.28060228],[114.23916745,22.28024032],[114.24086634,22.27905321],[114.24166142,22.27588019],[114.24232491,22.27509013],[114.2424697,22.27512145],[114.24243736,22.2749559],[114.24304029,22.27423318],[114.24318294,22.27433627],[114.24314158,22.27493606],[114.24323391,22.27431352],[114.24305436,22.27421625],[114.2443379,22.27268647],[114.24174687,22.26986279],[114.24312139,22.26822431],[114.24374513,22.26815487],[114.2455907,22.26950201],[114.24499432,22.27146069],[114.24561611,22.27213375],[114.24532533,22.27303704],[114.24491387,22.27360534],[114.24500232,22.27369345],[114.24550038,22.27296168],[114.24668088,22.2689339],[114.24749386,22.26795777],[114.24885547,22.26924431],[114.25287438,22.26564514],[114.25292624,22.26544786],[114.2534523,22.26510698],[114.25326251,22.26507239],[114.25404764,22.26476877],[114.25453899,22.26429398],[114.25459548,22.26415578],[114.25447986,22.26415375],[114.25509724,22.26393338],[114.25645611,22.26271133],[114.2568204,22.26221494],[114.25693138,22.26230914],[114.25746614,22.26153711],[114.2574068,22.26127336],[114.25679422,22.26133119],[114.25667856,22.26113934],[114.2565871,22.2612677],[114.25615785,22.26130233],[114.25592578,22.26113204],[114.25575579,22.26118804],[114.25583261,22.26103862],[114.25560497,22.26098679],[114.25534432,22.26056619],[114.25516004,22.25997639],[114.25527752,22.25975155],[114.25509472,22.25969612],[114.25498088,22.2593388],[114.25528178,22.25906794],[114.25538165,22.25816711],[114.25565299,22.25800685],[114.25540463,22.25784605],[114.25611477,22.25786999],[114.25612384,22.25775339],[114.25594355,22.25781956],[114.25612926,22.25757512],[114.25600489,22.25732752],[114.25631607,22.25696194],[114.25617645,22.25669303],[114.25635721,22.25670403],[114.25661571,22.25638374],[114.2563727,22.25635719],[114.25626479,22.25614306],[114.25645222,22.25598501],[114.2562252,22.25564026],[114.25631054,22.25541626],[114.25569667,22.25567025],[114.25556943,22.25540246],[114.25563174,22.25476629],[114.25529182,22.25445472],[114.2557159,22.25380339],[114.25559154,22.25330777],[114.25514869,22.25299471],[114.25515351,22.2533558],[114.25498018,22.25352597],[114.25501523,22.25283362],[114.25482756,22.25256154],[114.25492655,22.25233061],[114.25467545,22.25217174],[114.25435753,22.25228848],[114.25425017,22.25172126],[114.25376741,22.25153073],[114.25422952,22.25116772],[114.25432738,22.25057054],[114.25473135,22.24974038],[114.25395909,22.24941001],[114.25441018,22.24938957],[114.25450636,22.24914973],[114.25428963,22.24899008],[114.25415567,22.24857453],[114.25389409,22.24869545],[114.25365357,22.24848009],[114.25343911,22.24859804],[114.25336835,22.24846121],[114.25307387,22.24864068],[114.25307698,22.24898963],[114.25277638,22.24895276],[114.25260076,22.24921042],[114.25248978,22.24914681],[114.25238417,22.2494637],[114.25205938,22.24935202],[114.25212537,22.24944252],[114.25155087,22.24950197],[114.25135021,22.24896213],[114.2509423,22.24896335],[114.25126566,22.24866452],[114.25125473,22.24846491],[114.25077208,22.24876388],[114.25025293,22.24832504],[114.25055525,22.24809177],[114.2506975,22.24773191],[114.2504412,22.24706963],[114.25026899,22.24690315],[114.24998955,22.24694878],[114.24987117,22.24663587]]]}},{"type":"Feature","properties":{"divisionCode":"KC","area":"New Territories"},"geometry":{"type":"MultiPolygon","coordinates":[[[[114.13417962,22.31359042],[114.13407355,22.31363361],[114.13403372,22.31375867],[114.13428699,22.3137593],[114.13417962,22.31359042]]],[[[114.10394932,22.36355442],[114.10487032,22.36319191],[114.10738254,22.36315559],[114.10781994,22.36197956],[114.10886292,22.36041587],[114.10911226,22.35938577],[114.1089721,22.35740366],[114.1092628,22.35487712],[114.10969999,22.35398521],[114.10956045,22.3539326],[114.10985414,22.35307227],[114.11012242,22.35275458],[114.11015758,22.35201532],[114.11223008,22.34831685],[114.11207946,22.3474983],[114.11767114,22.33098892],[114.11554685,22.32865436],[114.11532519,22.32882863],[114.11405842,22.32744633],[114.11265606,22.32743074],[114.11259497,22.32823918],[114.11276379,22.3282499],[114.11273016,22.32880105],[114.11040527,22.32865085],[114.11049017,22.32728952],[114.11023096,22.32727387],[114.11028605,22.32686068],[114.11045752,22.32676227],[114.11159685,22.32683152],[114.11167082,22.32672399],[114.11041786,22.32660213],[114.1101557,22.32675063],[114.10996911,22.32717126],[114.10810417,22.32714051],[114.10820268,22.32577236],[114.108975,22.32603069],[114.10897806,22.32590645],[114.10943188,22.32583971],[114.10945434,22.32576061],[114.10876761,22.32583379],[114.10861231,22.32556691],[114.10837063,22.3255399],[114.10778098,22.32551427],[114.10765452,22.32571456],[114.10744553,22.32573875],[114.10675565,22.32560649],[114.10720033,22.325771],[114.10719016,22.32588129],[114.10813116,22.32576594],[114.10803331,22.32713437],[114.10800734,22.32688919],[114.10785403,22.32688007],[114.10783513,22.32712183],[114.10621041,22.32702315],[114.10418,22.32829645],[114.10390948,22.32980649],[114.10369861,22.33003581],[114.10387708,22.32831619],[114.10209439,22.3280881],[114.10225397,22.32703858],[114.10267128,22.32702997],[114.10300101,22.32735492],[114.1033147,22.32739513],[114.10365223,22.32733996],[114.10366133,22.32727736],[114.10308058,22.32732088],[114.10268066,22.32693388],[114.10202493,22.32684076],[114.10174877,22.32681148],[114.10132344,22.32706677],[114.1006816,22.32690467],[114.10129831,22.32710093],[114.10172689,22.32690552],[114.10213412,22.32702185],[114.10197245,22.32807239],[114.10089681,22.32793036],[114.10093068,22.32770496],[114.10108876,22.32772531],[114.10109487,22.32768298],[114.10076301,22.3276403],[114.10091414,22.3277025],[114.10087979,22.32792819],[114.09527166,22.32720058],[114.09507968,22.32618511],[114.09397713,22.32609544],[114.09399329,22.32518902],[114.09509022,22.32539904],[114.09539266,22.32517241],[114.09481288,22.32529066],[114.09438857,22.32512901],[114.09439069,22.32501501],[114.0939052,22.32500758],[114.09390322,22.32512428],[114.09355193,22.32516963],[114.09333779,22.3253038],[114.09285736,22.32516039],[114.09308377,22.32541734],[114.09390207,22.32517616],[114.09388876,22.3260927],[114.09190186,22.32613457],[114.09040836,22.32902977],[114.08915446,22.33084861],[114.09082367,22.33526984],[114.09102348,22.33535835],[114.09087115,22.3354018],[114.09279866,22.33832765],[114.09146218,22.33918567],[114.09125394,22.33900628],[114.09098455,22.33923367],[114.09065406,22.3384063],[114.09094047,22.33927087],[114.0903355,22.3388882],[114.0897898,22.33975355],[114.08950825,22.33966088],[114.0896692,22.33977303],[114.08967052,22.34065216],[114.08999138,22.34110075],[114.0901582,22.34100218],[114.0904602,22.34127684],[114.09014014,22.34145106],[114.08972721,22.34128027],[114.09012592,22.34155059],[114.09048952,22.34130407],[114.09143894,22.34187547],[114.09032124,22.34345657],[114.09011841,22.34292897],[114.09011663,22.34357068],[114.08975964,22.34361703],[114.08978198,22.34375693],[114.08938898,22.34380964],[114.08928163,22.34314078],[114.0891833,22.34315412],[114.08928937,22.34382213],[114.08875201,22.34389535],[114.0885931,22.3432324],[114.08864525,22.34384978],[114.08804421,22.34398986],[114.08792381,22.34322933],[114.08782651,22.34324404],[114.08794562,22.34400391],[114.08584072,22.34428965],[114.08571357,22.34343396],[114.08600033,22.34295847],[114.08622153,22.3431213],[114.08629479,22.3430034],[114.08577075,22.34262292],[114.08557006,22.34295956],[114.08597592,22.34294538],[114.08567721,22.34344077],[114.08580498,22.34429495],[114.08553075,22.34433001],[114.08550849,22.34419039],[114.08527651,22.34422296],[114.08529757,22.34436037],[114.0842658,22.34449032],[114.08433031,22.3458661],[114.08442881,22.34585204],[114.08462728,22.3467539],[114.08428186,22.34680178],[114.08463742,22.34681978],[114.0848868,22.34845758],[114.08336999,22.34877777],[114.08366988,22.35100948],[114.08356879,22.35110827],[114.08146651,22.35103377],[114.08133755,22.3516861],[114.08074003,22.35209674],[114.08042581,22.35205005],[114.08045399,22.35222232],[114.08008926,22.35250439],[114.07991271,22.3531487],[114.08027158,22.35372497],[114.07989697,22.3548477],[114.08040821,22.35517884],[114.08033986,22.35650226],[114.07984413,22.35685806],[114.07954974,22.35744096],[114.07917623,22.35776043],[114.07918578,22.35827066],[114.07897993,22.35830702],[114.07895219,22.35849578],[114.07904888,22.35865485],[114.07925369,22.35858842],[114.07948215,22.35896294],[114.08020626,22.35954768],[114.08016925,22.35969329],[114.08039735,22.35971845],[114.080556,22.35991692],[114.0816115,22.3599702],[114.08163981,22.360191],[114.08183927,22.3603252],[114.08216547,22.36016164],[114.08272644,22.36034049],[114.08528791,22.3616744],[114.08532942,22.36183543],[114.08785056,22.36221118],[114.08784941,22.36235285],[114.08891632,22.3623681],[114.08891652,22.36282347],[114.0890843,22.36280912],[114.08909705,22.36200967],[114.08929597,22.36201292],[114.08928255,22.36281464],[114.08967488,22.3628313],[114.08968224,22.36240144],[114.08988879,22.36239771],[114.09000221,22.36161884],[114.09130269,22.3616257],[114.0913935,22.36197431],[114.09141738,22.36167305],[114.09161219,22.36167985],[114.09160992,22.36203692],[114.09197656,22.36203665],[114.09200593,22.36122389],[114.09208978,22.36231131],[114.09210496,22.3619681],[114.0922412,22.36196764],[114.09225903,22.36231075],[114.09225649,22.36161326],[114.09275414,22.36163434],[114.09275739,22.36209699],[114.09309673,22.36209794],[114.09311017,22.36263184],[114.09311742,22.36158429],[114.09393106,22.36167522],[114.09407727,22.36127645],[114.09407592,22.36160567],[114.09420158,22.36134514],[114.09420637,22.36158609],[114.09436544,22.36168747],[114.09444601,22.36135475],[114.09451373,22.36259079],[114.09450295,22.36166906],[114.09467179,22.3616629],[114.09467187,22.36131857],[114.09479072,22.3622184],[114.09502704,22.36132812],[114.09513156,22.36211665],[114.09516927,22.36124325],[114.09535459,22.36226092],[114.09556617,22.36141369],[114.09565194,22.36284193],[114.09564211,22.36161756],[114.095692,22.36145959],[114.09578091,22.36163354],[114.09579723,22.36131159],[114.09589001,22.36161745],[114.09590783,22.36130806],[114.096015,22.36236576],[114.09603832,22.36190494],[114.09623708,22.36170424],[114.09998965,22.3638114],[114.10343493,22.3637274],[114.10394932,22.36355442]]],[[[114.08019666,22.36434167],[114.0803827,22.36418234],[114.08030746,22.3638885],[114.07950913,22.36355612],[114.07922728,22.36414606],[114.07992308,22.3644579],[114.08019666,22.36434167]]],[[[114.1441771,22.38250987],[114.14389124,22.38247166],[114.1437204,22.38222137],[114.14382301,22.3819116],[114.14379635,22.38162262],[114.14291511,22.38167966],[114.14287598,22.38159065],[114.14358827,22.38119721],[114.14377665,22.38086262],[114.14429309,22.38078296],[114.14439626,22.38071479],[114.14410737,22.38037142],[114.14379661,22.38049851],[114.1435636,22.38037362],[114.14381371,22.37919003],[114.14423197,22.37905603],[114.14428869,22.37834342],[114.14440863,22.37835731],[114.14455334,22.37871683],[114.14472423,22.37873536],[114.14495169,22.37870535],[114.1452133,22.37878343],[114.14541897,22.3789083],[114.14573971,22.37856447],[114.14610393,22.37832066],[114.14619471,22.37811434],[114.14636995,22.37813517],[114.14659861,22.37828492],[114.14668678,22.37861726],[114.14695089,22.37866296],[114.14702917,22.3787306],[114.14715652,22.37895429],[114.14720996,22.37896355],[114.14735167,22.37890867],[114.14753312,22.37892488],[114.14900951,22.3802802],[114.14934895,22.37957142],[114.14954256,22.3796206],[114.14982213,22.37925859],[114.14951505,22.37884163],[114.14985214,22.37845415],[114.14988395,22.37840353],[114.14994903,22.37809225],[114.14953918,22.37755416],[114.14909844,22.37796558],[114.1489744,22.37805067],[114.14848557,22.37811832],[114.14867228,22.37770069],[114.14862189,22.37679145],[114.14850035,22.37644991],[114.14787563,22.37640319],[114.14736744,22.37625573],[114.14640808,22.37582781],[114.14593773,22.37546123],[114.14558162,22.37502114],[114.14538729,22.37450658],[114.14529883,22.37442818],[114.14502857,22.37427529],[114.14499803,22.37357544],[114.1451594,22.37338792],[114.14543212,22.37324521],[114.1455893,22.37298602],[114.14549256,22.37220833],[114.14604821,22.37206064],[114.14629574,22.37150921],[114.14680814,22.37091528],[114.14713442,22.37085264],[114.14651221,22.37015575],[114.14616637,22.36970113],[114.14567211,22.36957852],[114.14541265,22.36937525],[114.14497977,22.36923525],[114.1449798,22.36910381],[114.14525558,22.36874984],[114.14531487,22.36848274],[114.14522832,22.36839793],[114.14477721,22.36824944],[114.14473851,22.36811164],[114.14540303,22.367352],[114.14468485,22.36732261],[114.14449111,22.36720567],[114.14462515,22.3665109],[114.14538593,22.36537926],[114.14582463,22.36495016],[114.14612761,22.36409871],[114.14582438,22.36380759],[114.14567579,22.36339513],[114.14533628,22.36312288],[114.14565679,22.36254771],[114.14555616,22.36204014],[114.14461911,22.36191844],[114.1438217,22.36099237],[114.14324491,22.36063714],[114.14316272,22.3604601],[114.14296233,22.35981696],[114.14254353,22.35974221],[114.14218981,22.35962324],[114.14170402,22.35906291],[114.14155126,22.35873391],[114.14135954,22.35738443],[114.14142462,22.35716992],[114.14144921,22.35697361],[114.14135179,22.35524544],[114.14160751,22.35356177],[114.14181639,22.35279006],[114.14187017,22.35201773],[114.1421484,22.35119501],[114.14215673,22.35064083],[114.14206053,22.34960456],[114.14217912,22.3493272],[114.1422964,22.34923515],[114.14273269,22.34907984],[114.14325217,22.34914328],[114.14355604,22.34912282],[114.14431892,22.34869504],[114.14493477,22.34891732],[114.14470932,22.34843965],[114.14473387,22.34797019],[114.14507331,22.34773641],[114.14511102,22.34767796],[114.14523684,22.34715182],[114.14538772,22.34697646],[114.14602881,22.34664921],[114.14620591,22.34650829],[114.14655325,22.34532932],[114.14678999,22.34489955],[114.14683673,22.34476922],[114.14676473,22.34256602],[114.14697558,22.34218768],[114.14695314,22.34151502],[114.14708864,22.34138891],[114.14741232,22.34135394],[114.1486393,22.34085667],[114.14892305,22.34060206],[114.14678326,22.3399955],[114.14536781,22.33999806],[114.14489271,22.34017068],[114.14408315,22.34102221],[114.14394784,22.34112039],[114.14332046,22.34126362],[114.1427047,22.34101572],[114.14165047,22.34002269],[114.1408806,22.3398769],[114.14009665,22.34016966],[114.1382749,22.34125632],[114.13818001,22.34203546],[114.13715983,22.3419175],[114.13596633,22.34139335],[114.13583869,22.34034361],[114.13564343,22.33998741],[114.13520185,22.33964245],[114.13463764,22.33953958],[114.13410914,22.33970163],[114.13386099,22.33928422],[114.13356884,22.33922211],[114.13299308,22.33878196],[114.13225519,22.33919973],[114.13167337,22.33931342],[114.1324539,22.33754804],[114.13398692,22.3357219],[114.13498517,22.33506395],[114.13644324,22.33441196],[114.13830058,22.33362492],[114.13861639,22.33370728],[114.13890697,22.3335898],[114.13895764,22.33313142],[114.13875558,22.33288454],[114.14177905,22.3315535],[114.1420697,22.33117745],[114.14214555,22.3309659],[114.14212034,22.33073081],[114.14188046,22.33013836],[114.14042798,22.32893915],[114.14063019,22.32861008],[114.14056708,22.32837499],[114.1403397,22.32836319],[114.14004908,22.3285982],[114.1379815,22.3270991],[114.13801951,22.32669948],[114.1362513,22.32541787],[114.13550641,22.32396021],[114.13510859,22.32361218],[114.13249393,22.32282398],[114.1304227,22.32137767],[114.13033433,22.32122485],[114.13033443,22.32093101],[114.13065981,22.31986671],[114.13128075,22.31876827],[114.13196186,22.31828469],[114.13194319,22.31785466],[114.1308694,22.31816559],[114.13092167,22.31801466],[114.12945986,22.31753255],[114.12873534,22.31790172],[114.12848301,22.31737315],[114.12826663,22.31749915],[114.1286282,22.31795631],[114.12162822,22.32152273],[114.12172018,22.32178407],[114.12152542,22.32239339],[114.12269884,22.32364056],[114.12263646,22.32385718],[114.1353994,22.32760596],[114.13446014,22.33037873],[114.1341158,22.3305421],[114.12670964,22.32837968],[114.12428467,22.3355169],[114.12962316,22.33708251],[114.12874114,22.33971329],[114.12339113,22.33814374],[114.1198305,22.34864499],[114.11545722,22.34738724],[114.11538596,22.34759934],[114.11551562,22.34765811],[114.11440433,22.35056382],[114.11452027,22.3506614],[114.11359908,22.35255534],[114.11390762,22.35293097],[114.11441544,22.35311348],[114.1144936,22.3524364],[114.11468419,22.35239186],[114.11513791,22.35148856],[114.1159111,22.35173934],[114.11641635,22.35472145],[114.11556011,22.35519067],[114.11328789,22.36016181],[114.11252191,22.35986153],[114.11207942,22.35921513],[114.11190128,22.35938673],[114.11163909,22.36028505],[114.11388037,22.36085049],[114.11444721,22.36120423],[114.11577719,22.36230812],[114.11676018,22.36279784],[114.11680012,22.36282732],[114.11924175,22.36367409],[114.11992557,22.36410731],[114.12059862,22.36498665],[114.12090909,22.36559668],[114.12108759,22.36637737],[114.12120338,22.36667552],[114.12295092,22.36939432],[114.12338902,22.37037213],[114.12931985,22.37094493],[114.12986236,22.37094542],[114.13078276,22.37071616],[114.13277994,22.36950652],[114.13394195,22.37000566],[114.13446744,22.3698025],[114.1346802,22.37093396],[114.13603941,22.3720437],[114.13635598,22.3725631],[114.13638255,22.37278772],[114.13640159,22.37586824],[114.13656251,22.37659544],[114.13748574,22.37931445],[114.13712883,22.3801053],[114.13666161,22.38038436],[114.13599468,22.38042551],[114.13604302,22.38089363],[114.13583958,22.38098894],[114.13523461,22.38119351],[114.13504299,22.3815336],[114.13671532,22.38168395],[114.1375634,22.38214347],[114.1382566,22.38201462],[114.13853467,22.38200719],[114.1391046,22.38221227],[114.14141408,22.38360147],[114.1430654,22.3842716],[114.14330725,22.38437977],[114.14343883,22.38446494],[114.14351503,22.38450231],[114.14357577,22.38451953],[114.14446687,22.38444508],[114.14441482,22.38379586],[114.14464987,22.38322662],[114.14464496,22.38295845],[114.1441771,22.38250987]]]]}},{"type":"Feature","properties":{"divisionCode":"STH","area":"Hong Kong Island"},"geometry":{"type":"MultiPolygon","coordinates":[[[[114.26007317,22.20659193],[114.26014261,22.20631621],[114.25985691,22.20595282],[114.25990336,22.20543078],[114.26005007,22.205566],[114.260235,22.20542742],[114.26009249,22.20497652],[114.26068465,22.20522519],[114.26077488,22.20478165],[114.26062965,22.20448424],[114.26098562,22.20430347],[114.26087643,22.20406349],[114.26027869,22.20383001],[114.25982792,22.2039476],[114.26000007,22.2048742],[114.25984415,22.20494576],[114.25964599,22.20478741],[114.25830351,22.20513786],[114.25865887,22.20583865],[114.25924894,22.20633619],[114.25925061,22.20648254],[114.26007317,22.20659193]]],[[[114.22208248,22.20753432],[114.22280776,22.20738065],[114.22376829,22.20650939],[114.22332046,22.20638076],[114.22311137,22.20653948],[114.22289036,22.20640637],[114.22186624,22.20727538],[114.22208248,22.20753432]]],[[[114.18459832,22.21746661],[114.18586549,22.21700872],[114.18673528,22.2169374],[114.18780024,22.21647973],[114.18778788,22.2161248],[114.18810917,22.21566882],[114.18772158,22.21539707],[114.18804,22.21533106],[114.18820439,22.21511823],[114.18786205,22.21495726],[114.18739817,22.21497283],[114.18743816,22.21483055],[114.18725147,22.21470056],[114.18703249,22.21497829],[114.18690889,22.2148557],[114.18684677,22.21494144],[114.18634601,22.21439779],[114.18582989,22.21418396],[114.18592858,22.21412636],[114.18575972,22.21393864],[114.18549467,22.21398241],[114.18542454,22.21377701],[114.18498389,22.21373831],[114.18463752,22.21395467],[114.18485866,22.21413965],[114.18453034,22.21416478],[114.18431172,22.21473637],[114.18384856,22.21516095],[114.18393698,22.2153146],[114.18378557,22.21540659],[114.18394713,22.21535134],[114.18396935,22.21548014],[114.18333384,22.21676051],[114.18374644,22.21732924],[114.18459832,22.21746661]]],[[[114.19357843,22.22454073],[114.19377018,22.224454],[114.19352443,22.22416464],[114.19336655,22.22431664],[114.19344507,22.22453732],[114.19357843,22.22454073]]],[[[114.19267386,22.22454422],[114.19281994,22.22440488],[114.19251022,22.22433739],[114.19257558,22.22454481],[114.19267386,22.22454422]]],[[[114.19171224,22.22477093],[114.19205473,22.22465314],[114.19217408,22.22444185],[114.19188396,22.2245092],[114.19212123,22.22433076],[114.19196814,22.22427853],[114.19197734,22.22412248],[114.19155196,22.22403658],[114.19120272,22.22436182],[114.19125981,22.22409133],[114.1909177,22.22418295],[114.19094451,22.22449858],[114.19117351,22.224403],[114.19117879,22.22453835],[114.1914495,22.22449309],[114.19131462,22.22465373],[114.19151509,22.22475374],[114.19177195,22.22459037],[114.19160042,22.22484086],[114.19171224,22.22477093]]],[[[114.25670634,22.22654169],[114.25761728,22.22645281],[114.25785864,22.22622671],[114.2583146,22.2264099],[114.25837883,22.22617088],[114.25848461,22.22630843],[114.25890213,22.22627814],[114.25912386,22.22577471],[114.25901409,22.22533754],[114.25874792,22.22516982],[114.25811037,22.22536321],[114.25780726,22.22526976],[114.25775183,22.22546342],[114.25750521,22.22536101],[114.25724188,22.225629],[114.25629484,22.22567946],[114.25588813,22.22622047],[114.25599136,22.2259176],[114.25584852,22.22586028],[114.255768,22.22597152],[114.25590188,22.22609025],[114.2556817,22.22624578],[114.25587038,22.22624175],[114.25604988,22.22647057],[114.25670634,22.22654169]]],[[[114.18369117,22.23632541],[114.18476167,22.23587045],[114.18479359,22.23603896],[114.1851168,22.23597627],[114.18515732,22.23562471],[114.18554223,22.23572411],[114.18560946,22.23585488],[114.1854112,22.23596],[114.18568406,22.235863],[114.18575954,22.23598554],[114.18564551,22.23572003],[114.18634549,22.23542886],[114.1869721,22.2355314],[114.18702715,22.23565568],[114.18723567,22.23549886],[114.18732066,22.23606723],[114.18739555,22.23584396],[114.18756939,22.23587489],[114.18756349,22.23600322],[114.18767705,22.23568427],[114.18829226,22.23592876],[114.18879366,22.23594859],[114.18967237,22.23553239],[114.18950748,22.23548093],[114.18924949,22.23501668],[114.18955953,22.23473704],[114.18952825,22.23443904],[114.18942471,22.23430559],[114.18940716,22.2344555],[114.18921882,22.23439231],[114.18875192,22.23384372],[114.18852266,22.23383308],[114.18838092,22.23356836],[114.18777586,22.23321874],[114.18735104,22.23328924],[114.18736339,22.23356832],[114.18647247,22.23353662],[114.1860306,22.23371178],[114.18605294,22.2330798],[114.18596973,22.23292203],[114.18575151,22.23300128],[114.18586332,22.2328005],[114.18556842,22.23245004],[114.18383317,22.23206902],[114.1835447,22.23226014],[114.18367884,22.23234509],[114.18360301,22.23251903],[114.18292668,22.23363317],[114.1823122,22.23394413],[114.18212448,22.23415363],[114.18227329,22.23424819],[114.18201525,22.2342792],[114.18183162,22.23470266],[114.18203907,22.23487529],[114.18230448,22.23478032],[114.18216286,22.2352851],[114.18243707,22.23543946],[114.18237143,22.23569228],[114.18271068,22.23632253],[114.18339405,22.23622388],[114.18345147,22.23637299],[114.18369117,22.23632541]]],[[[114.14314062,22.24108517],[114.14349522,22.24087261],[114.14352934,22.24073137],[114.14321105,22.24070929],[114.14298242,22.24088252],[114.1431552,22.24095254],[114.14280962,22.24095415],[114.14304302,22.24105298],[114.14298782,22.24113876],[114.14314062,22.24108517]]],[[[114.14068146,22.24376112],[114.14118619,22.24374352],[114.14095643,22.24346393],[114.14019618,22.24338627],[114.13986994,22.24308854],[114.13941614,22.24295083],[114.13785607,22.24343279],[114.13807363,22.2435859],[114.1381457,22.2434607],[114.13859907,22.2434341],[114.13953904,22.24371529],[114.14068146,22.24376112]]],[[[114.15958361,22.24469027],[114.15982842,22.2441471],[114.1597946,22.24387292],[114.15897197,22.24218814],[114.15946487,22.24184236],[114.15932924,22.24169428],[114.15949316,22.24162237],[114.15940616,22.24144813],[114.15968245,22.24157629],[114.15948691,22.24132407],[114.1596424,22.24143381],[114.1595816,22.24124664],[114.16003474,22.2416932],[114.15982192,22.24134804],[114.16010475,22.24152912],[114.15988758,22.24129291],[114.16008025,22.24113112],[114.16034121,22.24128488],[114.16007172,22.24095083],[114.16036199,22.24103606],[114.16050417,22.24091594],[114.16040172,22.24079752],[114.16051328,22.24091139],[114.16065447,22.24069635],[114.16085001,22.24072306],[114.16058463,22.24045932],[114.16062967,22.24032389],[114.16079501,22.24036675],[114.16063401,22.24031084],[114.16068643,22.24015307],[114.16090118,22.24020318],[114.16068906,22.24014517],[114.16073642,22.2400026],[114.16097249,22.24006233],[114.16073885,22.2399953],[114.1608654,22.23961465],[114.16117863,22.23970237],[114.16086835,22.23960575],[114.16095241,22.23935255],[114.1608007,22.23928083],[114.16113948,22.23923403],[114.16063901,22.23843972],[114.160793,22.2381979],[114.16068055,22.23814128],[114.16099791,22.23800988],[114.16091695,22.23783159],[114.16057487,22.2379745],[114.16054547,22.23788705],[114.16087893,22.23775983],[114.1608725,22.23757742],[114.16048539,22.23747035],[114.16088472,22.2374676],[114.16089995,22.23720807],[114.16058442,22.23727022],[114.16060061,22.23711267],[114.1610422,22.23703303],[114.16059706,22.23700809],[114.16053244,22.23641375],[114.16297086,22.23654772],[114.16315654,22.2364074],[114.16299826,22.23625247],[114.16043487,22.23619203],[114.16029488,22.23575413],[114.16004056,22.23566593],[114.16012951,22.23533264],[114.15994812,22.23530897],[114.1600208,22.23510894],[114.15970715,22.23496002],[114.15987404,22.23459775],[114.15960475,22.23448343],[114.15983409,22.2344039],[114.15977762,22.23425669],[114.15935252,22.23385884],[114.15953027,22.23343117],[114.15975939,22.23344844],[114.16073887,22.23282253],[114.16122408,22.23281321],[114.16151514,22.23261677],[114.16138368,22.23234903],[114.16154917,22.23231427],[114.16155347,22.23203794],[114.16127464,22.23164399],[114.16157188,22.2312659],[114.16134243,22.23112724],[114.16187683,22.23047421],[114.16182827,22.23014215],[114.16151208,22.22998191],[114.16191162,22.22993093],[114.16243663,22.22933134],[114.16258215,22.22906801],[114.16230079,22.22883798],[114.16141762,22.22889587],[114.16118869,22.22903492],[114.16121619,22.22930193],[114.16112737,22.22922574],[114.16101884,22.22937361],[114.16087828,22.22923691],[114.16039551,22.22984273],[114.16047968,22.23023603],[114.15905615,22.23143827],[114.15892723,22.23181028],[114.15897222,22.23201844],[114.1590507,22.23193726],[114.1591175,22.23215644],[114.15922838,22.23213984],[114.15921219,22.23252711],[114.15899572,22.23257274],[114.15905131,22.23294719],[114.15881934,22.23319672],[114.15928116,22.23358114],[114.15906392,22.23402543],[114.15850571,22.2342681],[114.1584694,22.23410064],[114.15820104,22.23419075],[114.15817098,22.23432956],[114.15845952,22.23434959],[114.15801669,22.23458933],[114.15749084,22.2345818],[114.15624776,22.23530527],[114.15567057,22.2351674],[114.15474623,22.23543032],[114.15420209,22.2361613],[114.15420961,22.23643466],[114.15391121,22.23658543],[114.15389176,22.23687342],[114.15349255,22.23660299],[114.15183343,22.23872213],[114.14880871,22.23937581],[114.14801014,22.24006435],[114.14774065,22.24127607],[114.14750346,22.24157987],[114.14760555,22.24165488],[114.1473964,22.24164202],[114.14753256,22.2417489],[114.14699301,22.24193448],[114.14723918,22.24190385],[114.14508779,22.24340844],[114.14506761,22.24361169],[114.14483947,22.24348506],[114.14485187,22.2435918],[114.14410863,22.24370472],[114.14517204,22.24485467],[114.14720183,22.24499516],[114.14836393,22.24570369],[114.14874944,22.24553289],[114.14940092,22.24552826],[114.1507555,22.24571714],[114.15232167,22.24529971],[114.15264247,22.24501345],[114.15401875,22.24459751],[114.15419089,22.24476044],[114.15426181,22.24467994],[114.15750835,22.24578082],[114.15872858,22.24554239],[114.15938604,22.24512479],[114.15958361,22.24469027]]],[[[114.1296801,22.27555225],[114.13635448,22.27206835],[114.14303476,22.26182634],[114.14333508,22.26055034],[114.14316829,22.25984811],[114.14329434,22.25984051],[114.14368835,22.25952254],[114.14384797,22.2592352],[114.14413325,22.25909089],[114.14450946,22.25924554],[114.1447438,22.25918107],[114.14530067,22.25858548],[114.14570291,22.25838441],[114.14568645,22.25813349],[114.14592192,22.25804739],[114.14626537,22.25741534],[114.14649051,22.25731572],[114.14667371,22.25694295],[114.1466721,22.25678166],[114.14684265,22.25630912],[114.14635662,22.25616866],[114.14619787,22.2560427],[114.1461873,22.25595342],[114.14636186,22.25571476],[114.14617307,22.25550145],[114.14618414,22.2552164],[114.14606539,22.25478714],[114.14547352,22.25486331],[114.14543398,22.25485409],[114.14531585,22.25477098],[114.14529327,22.25473011],[114.14530853,22.25450939],[114.14543206,22.25403493],[114.14563603,22.25392172],[114.14573076,22.25362624],[114.1459029,22.25348283],[114.14600459,22.25329891],[114.14599053,22.2528172],[114.14634416,22.25261484],[114.14645624,22.25234656],[114.14656265,22.25224309],[114.14682936,22.25209196],[114.14693934,22.2520809],[114.14700476,22.25209348],[114.14742657,22.25229151],[114.14800386,22.25235018],[114.1481374,22.25248469],[114.14822162,22.25283359],[114.14862029,22.25303183],[114.14897033,22.25356096],[114.14915873,22.25355718],[114.14947275,22.25336038],[114.14997244,22.25352321],[114.15024717,22.25367409],[114.15047429,22.25371113],[114.15081946,22.25407852],[114.15111007,22.25409014],[114.15129243,22.2541307],[114.15165294,22.25410859],[114.15174938,22.25413628],[114.1523167,22.25505542],[114.15259034,22.25517798],[114.15285852,22.25538221],[114.15352714,22.25624866],[114.15379045,22.25622602],[114.15383598,22.25592714],[114.154172,22.25619251],[114.15430961,22.25652359],[114.15423874,22.25682837],[114.15524747,22.25809613],[114.15515799,22.25933267],[114.15831301,22.25787518],[114.16177905,22.25897965],[114.16225059,22.2584986],[114.16268181,22.25842763],[114.16338399,22.2588223],[114.1633544,22.25807667],[114.16315632,22.25770098],[114.16334041,22.25645531],[114.16458234,22.25660902],[114.1650381,22.25647677],[114.16527334,22.25624414],[114.16569968,22.25626698],[114.16588097,22.25657719],[114.16530318,22.25694288],[114.16522915,22.25725682],[114.16562118,22.25731613],[114.16581721,22.25731615],[114.16601322,22.25741197],[114.16632686,22.25732074],[114.1665621,22.25721129],[114.16691494,22.25722044],[114.16712075,22.25731167],[114.16731678,22.25728432],[114.16741969,22.25725696],[114.16759121,22.25713837],[114.16768021,22.25745165],[114.16864117,22.25724767],[114.16913661,22.25683987],[114.16930742,22.25678931],[114.16964004,22.25677576],[114.17076147,22.25612715],[114.17080661,22.25608851],[114.1708469,22.25601952],[114.17089647,22.25586689],[114.170941,22.25579093],[114.17100455,22.25571511],[114.17115013,22.25560819],[114.17127054,22.25556161],[114.17142338,22.25552752],[114.17216269,22.25546473],[114.17295029,22.25582727],[114.17395072,22.25506368],[114.17409084,22.25502412],[114.17438491,22.25508893],[114.17474023,22.25472752],[114.17602316,22.25413426],[114.17610798,22.25411181],[114.17638561,22.25410949],[114.17649373,22.25412735],[114.17679809,22.25424828],[114.17713106,22.25471291],[114.17746013,22.25475835],[114.17787945,22.25508081],[114.17794532,22.25561992],[114.17809485,22.25582019],[114.17814174,22.2560571],[114.17832355,22.25631317],[114.17833653,22.2564346],[114.17826648,22.25659737],[114.17863399,22.25691959],[114.17950241,22.25636282],[114.18032287,22.25595143],[114.18119075,22.25580451],[114.18193124,22.25578535],[114.18246617,22.25582304],[114.18299926,22.25568914],[114.18308305,22.25532139],[114.18336319,22.25516189],[114.18343066,22.25514823],[114.18405361,22.25532113],[114.18423171,22.25525849],[114.18439655,22.25526687],[114.1845074,22.25509676],[114.18457132,22.25505022],[114.1849799,22.25507294],[114.18513175,22.25477261],[114.18557862,22.25439822],[114.18711357,22.25403686],[114.18822973,22.25449607],[114.18835208,22.25566335],[114.18893316,22.25677732],[114.18964954,22.25729655],[114.19030492,22.25716346],[114.19089982,22.25723585],[114.1914267,22.25701457],[114.19178696,22.25721687],[114.19235812,22.25711123],[114.19256275,22.25750201],[114.19315092,22.25711089],[114.19374373,22.25714044],[114.19437729,22.25704469],[114.19441583,22.25704907],[114.19569387,22.25750197],[114.19646941,22.25812168],[114.19698156,22.25811393],[114.19707307,22.25806237],[114.19723039,22.25792084],[114.19733635,22.25785171],[114.19740537,22.25782428],[114.19746967,22.25781302],[114.19761449,22.25783759],[114.19771836,22.25789633],[114.1979695,22.25807536],[114.19806536,22.25811385],[114.19851491,22.25814089],[114.19866807,22.25815743],[114.19874241,22.25817662],[114.19883553,22.25821512],[114.19892108,22.25826479],[114.19897363,22.25831393],[114.19929138,22.25870215],[114.19968736,22.2589454],[114.20003189,22.25902527],[114.20040867,22.25923487],[114.20079404,22.25923331],[114.20180078,22.25887317],[114.20193813,22.2589055],[114.20229809,22.25910715],[114.20410249,22.25922657],[114.20436457,22.25938401],[114.20440617,22.2593888],[114.20471779,22.25929628],[114.20507558,22.25930956],[114.20515725,22.2592536],[114.20574379,22.25798],[114.20586367,22.25784888],[114.20623146,22.25759237],[114.206293,22.25756644],[114.20642636,22.25755277],[114.20686016,22.25765363],[114.2074072,22.25744837],[114.20767103,22.25729243],[114.20843991,22.25745349],[114.20874854,22.25765336],[114.20888384,22.25735641],[114.2092157,22.25724651],[114.20942524,22.25691293],[114.21009338,22.25700228],[114.21020248,22.25669311],[114.2103756,22.25674229],[114.210549,22.25634598],[114.21135744,22.25578474],[114.21090001,22.25487232],[114.2112266,22.25463655],[114.21147984,22.25543361],[114.21162692,22.25556572],[114.21231789,22.25560663],[114.2127247,22.25586199],[114.21232281,22.25615089],[114.21157807,22.25620891],[114.21065197,22.25660596],[114.21037894,22.25733663],[114.21060821,22.25800182],[114.21091203,22.25798351],[114.2112697,22.25767781],[114.21208826,22.2583938],[114.21207357,22.25843487],[114.21140866,22.2588674],[114.21139693,22.25910972],[114.21141045,22.25914212],[114.2116779,22.25941211],[114.21188126,22.25971449],[114.21187511,22.25977129],[114.21166581,22.26008801],[114.21167563,22.26015741],[114.21210291,22.26042781],[114.21238304,22.26042484],[114.21300049,22.26024718],[114.21318727,22.26007132],[114.21341936,22.26006494],[114.21401576,22.25976968],[114.21447566,22.25989057],[114.2146301,22.25985743],[114.2150606,22.25941949],[114.2152159,22.25905348],[114.21639735,22.25818192],[114.21663651,22.25785767],[114.21690321,22.25779446],[114.21694281,22.25776892],[114.2171373,22.25741101],[114.21725442,22.25743699],[114.21748126,22.25771642],[114.21776208,22.25763308],[114.21820588,22.25818191],[114.21836938,22.25808592],[114.2186067,22.25774726],[114.21880918,22.2576813],[114.21917852,22.25767477],[114.22001188,22.25738268],[114.2205251,22.25705459],[114.22136177,22.25669799],[114.22288278,22.25669177],[114.22825429,22.25719625],[114.22878874,22.2570629],[114.23003738,22.25640801],[114.23049298,22.25579734],[114.23075756,22.2561343],[114.23144596,22.25574201],[114.2320412,22.25500592],[114.23228309,22.25494354],[114.23315753,22.25494871],[114.23373315,22.25460853],[114.23401366,22.25468704],[114.23414847,22.25506845],[114.23418523,22.25510661],[114.2344504,22.25523762],[114.23473108,22.25612898],[114.23527038,22.25615318],[114.23550114,22.25660166],[114.23578434,22.2568079],[114.23604554,22.25649767],[114.236344,22.25643613],[114.23659237,22.2572452],[114.236772,22.25722831],[114.23681567,22.25717262],[114.23686563,22.25696023],[114.23695038,22.2568994],[114.23706787,22.25691874],[114.23730276,22.25716619],[114.23736391,22.25720758],[114.23745542,22.25722746],[114.23750726,22.25721822],[114.23756109,22.25719791],[114.2376445,22.25713819],[114.23801005,22.25674223],[114.2387594,22.25623328],[114.2395592,22.25626068],[114.24022308,22.25591828],[114.24145283,22.25561031],[114.24163974,22.2556692],[114.24212601,22.2556078],[114.24266198,22.25539042],[114.24274541,22.25523694],[114.24262986,22.25515143],[114.24262776,22.25507672],[114.24289655,22.25453758],[114.24341668,22.2541375],[114.24397757,22.25395218],[114.24411636,22.25363209],[114.24432898,22.2535941],[114.24450831,22.25350097],[114.2451477,22.25363602],[114.24647229,22.25333638],[114.24675726,22.25348071],[114.24680392,22.2534817],[114.24695666,22.25333741],[114.24738185,22.2533914],[114.24987117,22.24663587],[114.24976801,22.24643119],[114.24919731,22.24608879],[114.24872487,22.24600628],[114.24832245,22.24618057],[114.24821895,22.24659434],[114.24790852,22.24697988],[114.24785478,22.24671172],[114.24742481,22.24660827],[114.24706541,22.24632545],[114.24702494,22.24579878],[114.24684624,22.2457867],[114.24700308,22.24552218],[114.24659897,22.2455798],[114.2464672,22.24544057],[114.24693624,22.24467311],[114.24734484,22.24454702],[114.24700866,22.24444666],[114.24695973,22.24461522],[114.24689684,22.2445101],[114.24736794,22.24417133],[114.24691459,22.24387835],[114.24693448,22.24372301],[114.24711561,22.24357099],[114.24734703,22.2436574],[114.24739429,22.243524],[114.24750742,22.24366826],[114.2477727,22.24300974],[114.24828299,22.24297618],[114.24803559,22.24283007],[114.24840239,22.24238091],[114.24873624,22.2425429],[114.24906309,22.24245972],[114.24894642,22.24222393],[114.24946523,22.24236803],[114.24942623,22.2420682],[114.24962245,22.24219792],[114.24971585,22.24199189],[114.24992091,22.24218483],[114.24995029,22.24182771],[114.2503043,22.24214706],[114.25033695,22.24182706],[114.25017757,22.2416471],[114.25029595,22.24142515],[114.25050734,22.24166207],[114.25068343,22.24156537],[114.2506543,22.24141614],[114.25082957,22.24141512],[114.25024545,22.24095604],[114.25078681,22.24107591],[114.25083808,22.24081038],[114.25097878,22.2408943],[114.25100384,22.24058725],[114.2506386,22.23963648],[114.25076463,22.23948652],[114.25013304,22.23853044],[114.25038415,22.23858212],[114.25051827,22.23832531],[114.25060412,22.23851971],[114.25094063,22.23859864],[114.25094684,22.23844222],[114.25125496,22.23842984],[114.25104537,22.23820023],[114.2513735,22.23829638],[114.25146449,22.23810668],[114.25163104,22.23814467],[114.25170883,22.23770377],[114.25192005,22.23758544],[114.25151814,22.23705764],[114.25174832,22.23687358],[114.25205569,22.23698768],[114.25200288,22.23709345],[114.25205746,22.2370396],[114.25209513,22.23690233],[114.25228503,22.23714463],[114.25276928,22.23705454],[114.2529187,22.23673399],[114.2527492,22.23669738],[114.25286355,22.23648836],[114.25270797,22.2364663],[114.25286487,22.23625203],[114.25275974,22.2362638],[114.25302802,22.23604252],[114.25308191,22.23614102],[114.25332551,22.23602862],[114.25332914,22.23613917],[114.25383586,22.23516617],[114.25363913,22.23509812],[114.25373896,22.23495248],[114.25355549,22.23492798],[114.25342295,22.23463849],[114.25270383,22.2345699],[114.25276185,22.23392067],[114.25254918,22.23378669],[114.25292272,22.23364529],[114.2528757,22.23350087],[114.25235942,22.23331449],[114.25244844,22.23318597],[114.25231752,22.23306875],[114.25250529,22.23295116],[114.25182388,22.2323338],[114.25185531,22.23170613],[114.25245201,22.23100811],[114.25294325,22.23125414],[114.25327612,22.23116964],[114.25361185,22.23061507],[114.2543823,22.23066318],[114.25442162,22.23033446],[114.25533315,22.23006628],[114.25546868,22.22977768],[114.2557567,22.22974825],[114.25591841,22.22955373],[114.25608058,22.22975008],[114.25599174,22.22986466],[114.25566765,22.22982544],[114.25599887,22.2304578],[114.25638766,22.23031862],[114.2567634,22.2305098],[114.2567695,22.23064015],[114.25711345,22.23058237],[114.25714011,22.23070618],[114.25746926,22.23048588],[114.25744896,22.23060828],[114.25761935,22.23063537],[114.25817604,22.23035901],[114.25907002,22.23099543],[114.25946373,22.23096407],[114.25972666,22.23113321],[114.26004918,22.23067195],[114.25993141,22.23039582],[114.26009365,22.23007072],[114.25999605,22.22966627],[114.25952658,22.22943638],[114.25899674,22.22947397],[114.25939199,22.2292199],[114.25905514,22.22924898],[114.25890612,22.22911426],[114.25857406,22.22921775],[114.25825873,22.229444],[114.25822578,22.22969508],[114.25812628,22.22959127],[114.25796,22.22979872],[114.25808317,22.22955912],[114.25792332,22.22939553],[114.25742605,22.22955857],[114.25719825,22.22983992],[114.25673864,22.22966764],[114.25676812,22.22980952],[114.25665236,22.22980201],[114.25634581,22.22958762],[114.25610056,22.2297133],[114.25594886,22.22953136],[114.25607249,22.22945057],[114.25597963,22.22884203],[114.25584772,22.22885032],[114.25617212,22.22875326],[114.25624305,22.22844934],[114.25644479,22.2284282],[114.25630762,22.22839675],[114.25641758,22.2280016],[114.25599921,22.22796045],[114.25609983,22.2280182],[114.25598834,22.22811361],[114.25516139,22.2281924],[114.25511788,22.22835339],[114.25469925,22.22846968],[114.25456862,22.22832679],[114.25460947,22.22847115],[114.25453225,22.22838962],[114.25415843,22.22870474],[114.25284022,22.2288636],[114.25260055,22.2294664],[114.25106769,22.22870372],[114.25058863,22.22829911],[114.25033636,22.22780693],[114.25044879,22.22734742],[114.25133055,22.22672928],[114.25121055,22.22666929],[114.25143814,22.22630005],[114.25123805,22.22596438],[114.25136955,22.22574587],[114.25119652,22.22574522],[114.25144878,22.22553257],[114.25126699,22.22543172],[114.2517098,22.22498832],[114.25159024,22.22484214],[114.25169629,22.22471687],[114.25183675,22.22484233],[114.25214381,22.22472044],[114.25225747,22.22439333],[114.25210439,22.22409716],[114.25240976,22.22398305],[114.25272521,22.22347054],[114.25295879,22.22343204],[114.25299848,22.22320587],[114.25317316,22.2233789],[114.25332116,22.2232918],[114.25345372,22.22256422],[114.25387771,22.22228947],[114.25367553,22.22221353],[114.25406891,22.22158907],[114.25391401,22.22156514],[114.25402469,22.22129512],[114.25378598,22.22109773],[114.2541467,22.22092959],[114.25381013,22.2209162],[114.25451093,22.22084429],[114.25481209,22.22063451],[114.2546405,22.22033652],[114.25478181,22.22026397],[114.25439807,22.22013701],[114.25461453,22.21972682],[114.25452516,22.219652],[114.25481868,22.21974354],[114.2551003,22.21962868],[114.25471096,22.21957492],[114.25460466,22.21902872],[114.25476583,22.21881015],[114.25477117,22.21792567],[114.25519503,22.21767898],[114.25492589,22.21766206],[114.25515177,22.21746979],[114.25494722,22.21711341],[114.25513275,22.21680971],[114.25498353,22.21680826],[114.25489542,22.21654306],[114.25531408,22.21618929],[114.25463795,22.21534093],[114.25462655,22.21490815],[114.25527755,22.21401391],[114.25512981,22.21386613],[114.25525369,22.21342059],[114.2549912,22.21280208],[114.25523232,22.21286725],[114.25519874,22.21273866],[114.25545249,22.21300196],[114.25535679,22.21262583],[114.25568172,22.21283949],[114.25517559,22.21207453],[114.25481324,22.21197519],[114.25473482,22.21211658],[114.25472521,22.21186807],[114.25437786,22.21169075],[114.25438574,22.21156903],[114.25479785,22.21098014],[114.2552794,22.21073414],[114.25585526,22.21076429],[114.25729618,22.21142203],[114.25784399,22.2112305],[114.25820204,22.21073236],[114.25816577,22.21109502],[114.25830637,22.21113472],[114.25825442,22.21099147],[114.25849763,22.2110676],[114.25872066,22.21065091],[114.25840143,22.21019954],[114.25852708,22.20973473],[114.2582912,22.20950812],[114.25861743,22.20955204],[114.25877156,22.209238],[114.25916401,22.20944998],[114.25913958,22.20935151],[114.25937767,22.20930559],[114.25981337,22.20940315],[114.26009145,22.20917651],[114.26005655,22.20883393],[114.26089844,22.20862753],[114.2608255,22.20849894],[114.26108685,22.20854365],[114.26084569,22.20829673],[114.26119043,22.20812024],[114.26131481,22.20787724],[114.26114358,22.20779633],[114.26084205,22.2079662],[114.2610368,22.20744445],[114.26060334,22.20727559],[114.26074512,22.20714238],[114.26054469,22.20686169],[114.26028666,22.20697099],[114.26042998,22.20731288],[114.26032135,22.20733712],[114.26036948,22.20760388],[114.26017279,22.20757068],[114.26006877,22.20781624],[114.25969214,22.2079213],[114.25861678,22.2075971],[114.2584013,22.20734216],[114.25726755,22.20693413],[114.25695941,22.20702871],[114.25698216,22.20724288],[114.2568149,22.20715186],[114.25662695,22.20752357],[114.25677409,22.20773623],[114.25666,22.20804601],[114.25638898,22.20805752],[114.25646293,22.20816087],[114.25600892,22.2082489],[114.25605846,22.2083279],[114.25583968,22.20817647],[114.25577443,22.20826044],[114.25552626,22.20811495],[114.25513237,22.20733378],[114.25513534,22.20706798],[114.25541178,22.20732434],[114.25529827,22.20679977],[114.25542617,22.20675809],[114.25533391,22.2064532],[114.25545821,22.20630753],[114.25510729,22.20598891],[114.25453035,22.20635481],[114.25471705,22.20650461],[114.25438165,22.20646993],[114.25453047,22.2067301],[114.25444277,22.20681037],[114.25420388,22.20686007],[114.25414459,22.20683241],[114.25427391,22.20653559],[114.25420387,22.2064494],[114.25356607,22.20648355],[114.2538223,22.20668177],[114.25335196,22.20677828],[114.25321012,22.20721514],[114.25316878,22.20693756],[114.25308612,22.20699686],[114.25323817,22.20740081],[114.25337329,22.20746376],[114.25314866,22.20752459],[114.25326631,22.20765414],[114.25311599,22.20776305],[114.2528528,22.20766187],[114.2528065,22.2077873],[114.25259992,22.20759827],[114.25246212,22.20795024],[114.2525953,22.2082795],[114.25231496,22.20825317],[114.25219212,22.20807273],[114.25225967,22.20835846],[114.25195022,22.20793018],[114.25127397,22.20741377],[114.25082207,22.20744712],[114.24994506,22.20718157],[114.24979164,22.2072625],[114.24928285,22.20696557],[114.24868553,22.20725573],[114.24860667,22.20743163],[114.24836292,22.20691075],[114.24797401,22.20684886],[114.24780468,22.20701267],[114.24745626,22.20679349],[114.24694571,22.20671863],[114.24636414,22.20678137],[114.24581517,22.20719759],[114.24402382,22.20739455],[114.24338151,22.20781257],[114.24313794,22.20823662],[114.24289888,22.20797873],[114.24261558,22.20793336],[114.24234869,22.2083454],[114.24222233,22.2083101],[114.24226803,22.20845048],[114.24207432,22.20849112],[114.24214272,22.20863814],[114.24185303,22.20891067],[114.24173341,22.20931133],[114.24147737,22.20943926],[114.24161492,22.20951527],[114.24146928,22.20967136],[114.24145377,22.21030039],[114.24160432,22.21036256],[114.24174525,22.21079635],[114.24138145,22.21078208],[114.241295,22.21102649],[114.2414777,22.21114866],[114.24170358,22.21105244],[114.24194387,22.21123963],[114.24198244,22.21112444],[114.24178619,22.21104848],[114.24213431,22.21099147],[114.24255667,22.21118906],[114.24296543,22.21152837],[114.24319219,22.2120792],[114.24294665,22.21289271],[114.24309646,22.21340047],[114.24291199,22.21401893],[114.24253143,22.21500554],[114.24202788,22.21550148],[114.24232371,22.21658996],[114.24206255,22.21695822],[114.24195789,22.21759972],[114.24179367,22.21759498],[114.24181651,22.21820001],[114.24051049,22.21888126],[114.2385435,22.21861388],[114.23841785,22.21837163],[114.23792476,22.2186799],[114.23756786,22.21843759],[114.2376776,22.21917026],[114.23732643,22.21935541],[114.23728767,22.21957317],[114.23772732,22.21990239],[114.23815593,22.21991167],[114.23812667,22.22034798],[114.23773197,22.22040238],[114.23701326,22.22096827],[114.23644593,22.22100974],[114.23592344,22.22169401],[114.23563217,22.22260713],[114.23619678,22.22266711],[114.23635846,22.22301418],[114.23622483,22.22426587],[114.23642347,22.22501738],[114.23634204,22.22519652],[114.23668368,22.22524533],[114.23676523,22.22577932],[114.23652931,22.22655384],[114.23596523,22.22745978],[114.23618092,22.22783463],[114.23590329,22.22891144],[114.23591369,22.22993101],[114.23584812,22.22986051],[114.23574694,22.2303125],[114.23593657,22.23105139],[114.23585397,22.23135672],[114.23530208,22.23203097],[114.23542966,22.23270129],[114.23527181,22.23324047],[114.2350469,22.23317192],[114.23498088,22.23332103],[114.23519568,22.2335248],[114.2350166,22.23384484],[114.23513637,22.23391237],[114.23499224,22.23386073],[114.23508909,22.23402909],[114.23480351,22.23414682],[114.23488911,22.2342473],[114.23456556,22.23484004],[114.23418066,22.23541004],[114.23375656,22.23561437],[114.23369594,22.23591091],[114.23382075,22.23614243],[114.23440676,22.23618078],[114.23439784,22.23630188],[114.2344805,22.23621705],[114.2348248,22.23679444],[114.23451898,22.23862302],[114.23475592,22.23925696],[114.23454842,22.23925706],[114.2348006,22.23932438],[114.23490282,22.23959069],[114.23471995,22.24015222],[114.23504506,22.240492],[114.23485968,22.24040745],[114.23465103,22.24092386],[114.23414349,22.24146962],[114.23371842,22.24134249],[114.23384278,22.24119274],[114.23385857,22.24105813],[114.23369712,22.24017662],[114.23366083,22.24027786],[114.23353685,22.24003979],[114.23365408,22.23966679],[114.23350156,22.23913222],[114.23265593,22.23989303],[114.23243741,22.24043232],[114.23222503,22.24056237],[114.23197256,22.24050638],[114.23146084,22.24120362],[114.23097741,22.24148427],[114.23054614,22.24138027],[114.22973296,22.24171457],[114.22890744,22.24172947],[114.22869894,22.24191293],[114.22786132,22.2420928],[114.22700244,22.24174568],[114.2267263,22.24135911],[114.22605383,22.24134253],[114.22555538,22.24226817],[114.22547053,22.24305566],[114.22578259,22.24315401],[114.22595792,22.2438088],[114.22526983,22.24476234],[114.22515367,22.24575669],[114.22471534,22.24570053],[114.22466004,22.2458008],[114.2248072,22.24599736],[114.22459282,22.246478],[114.225174,22.24654982],[114.22518447,22.24666145],[114.22499479,22.24684436],[114.22449516,22.24675068],[114.22451099,22.24663675],[114.22443751,22.24674844],[114.22422331,22.2466749],[114.22400235,22.24682448],[114.22411449,22.24706261],[114.22310897,22.2463472],[114.22320739,22.2462606],[114.22295935,22.24627149],[114.22306875,22.24620546],[114.22289516,22.24603726],[114.22342998,22.24600403],[114.22390964,22.24560114],[114.22333048,22.24517517],[114.22340249,22.24449624],[114.22323346,22.2442619],[114.22338394,22.24421751],[114.22337854,22.24407013],[114.22321322,22.24423525],[114.22301495,22.24411366],[114.22317996,22.24365706],[114.22306386,22.24370386],[114.22298354,22.24356201],[114.22379932,22.24291219],[114.22360969,22.24276124],[114.22341278,22.24293794],[114.22329229,22.24267506],[114.22342354,22.24266169],[114.22346896,22.24236724],[114.22385057,22.24193039],[114.22414712,22.23952122],[114.22428211,22.23949745],[114.22415964,22.23945215],[114.2242616,22.23875117],[114.2247236,22.23835611],[114.2256392,22.23836247],[114.22576436,22.23843919],[114.22572558,22.23888014],[114.22584412,22.2388862],[114.22583419,22.23869366],[114.22632902,22.23871825],[114.22806288,22.23813067],[114.22879536,22.23740222],[114.22870978,22.2369496],[114.22890936,22.23669656],[114.22870454,22.23649983],[114.22878637,22.23594506],[114.22865393,22.23585248],[114.22922779,22.23480636],[114.22934379,22.23423438],[114.22959362,22.23413939],[114.22976947,22.23307473],[114.22963195,22.23262367],[114.2294791,22.23256467],[114.23004566,22.23184707],[114.22947499,22.23071346],[114.22963202,22.23071493],[114.2295244,22.23034743],[114.22897427,22.22983716],[114.22866531,22.22986601],[114.22851578,22.22971154],[114.22795102,22.22988095],[114.2276425,22.22971136],[114.22691853,22.22978523],[114.2257764,22.23036466],[114.22568012,22.23058719],[114.22529837,22.23066319],[114.2249666,22.23104357],[114.22480763,22.23158017],[114.22467373,22.23160128],[114.2246495,22.23195308],[114.2242843,22.23216484],[114.22383228,22.23295615],[114.22357038,22.23304572],[114.22298438,22.2328099],[114.22304822,22.23169332],[114.22261217,22.23129915],[114.22238907,22.23140265],[114.22236997,22.23114132],[114.22193918,22.23080835],[114.22200155,22.23056867],[114.2217195,22.23053426],[114.22183932,22.23032171],[114.22153412,22.22961296],[114.22079386,22.22905809],[114.22078723,22.22920744],[114.22064406,22.22922348],[114.22047496,22.22889457],[114.2203408,22.22900763],[114.21995052,22.22877276],[114.21998192,22.2286228],[114.21912419,22.22904627],[114.21872546,22.22901486],[114.21853974,22.22867587],[114.2188783,22.22819093],[114.21869349,22.22773801],[114.21893286,22.22760244],[114.21852375,22.22766833],[114.21855631,22.22733788],[114.21831073,22.22739104],[114.21822537,22.22727891],[114.21834463,22.22688485],[114.21822088,22.22685399],[114.21819091,22.22656253],[114.21807024,22.22659676],[114.21791517,22.22634575],[114.21775776,22.22639715],[114.21764225,22.22617384],[114.21746699,22.22620703],[114.21750265,22.22602635],[114.21728958,22.22578953],[114.21737741,22.22572988],[114.21701095,22.22557701],[114.21701151,22.22536958],[114.21686271,22.2253368],[114.21685078,22.22545053],[114.21627477,22.22506238],[114.21583008,22.22502417],[114.21555643,22.22482799],[114.21579785,22.22474841],[114.21546372,22.22468436],[114.21572318,22.22464274],[114.21564322,22.22453074],[114.21529639,22.22456329],[114.21543061,22.22440502],[114.21495617,22.22435276],[114.21488774,22.22399536],[114.215085,22.22389041],[114.21520726,22.22343421],[114.2147206,22.222711],[114.21488541,22.2227492],[114.21499478,22.22259439],[114.21489165,22.2225004],[114.21481177,22.22265746],[114.21476187,22.2224427],[114.21430935,22.22237202],[114.21411066,22.22134932],[114.21423881,22.21967703],[114.21469976,22.21894442],[114.21523905,22.2188449],[114.21507921,22.21919503],[114.21519573,22.21933263],[114.21557353,22.21898027],[114.21571096,22.21853121],[114.21615885,22.21872573],[114.21648501,22.21845653],[114.21694083,22.21741801],[114.21794264,22.21725081],[114.21815376,22.21706872],[114.21833526,22.21713153],[114.21831363,22.21680634],[114.21866721,22.21661977],[114.21888454,22.21675604],[114.21883332,22.21647834],[114.21898655,22.21635574],[114.21956795,22.21637227],[114.21968524,22.21689395],[114.21984422,22.21680941],[114.21984744,22.21657984],[114.22074801,22.21641855],[114.22042765,22.21603565],[114.22062469,22.21551895],[114.22089365,22.21528184],[114.22131378,22.21523659],[114.22114524,22.21558512],[114.22139812,22.21543114],[114.22158427,22.21550704],[114.22130391,22.21560699],[114.22135728,22.21571905],[114.22178329,22.21567878],[114.22192111,22.21551543],[114.22208297,22.21562119],[114.22210915,22.21550166],[114.22177677,22.21527906],[114.22134897,22.21518308],[114.22180862,22.21505745],[114.22180103,22.21518684],[114.2224795,22.21468937],[114.22237572,22.2143908],[114.22255276,22.21420516],[114.22237054,22.21401279],[114.22265075,22.21352327],[114.22259124,22.21300088],[114.22272231,22.21282564],[114.22230707,22.21252513],[114.22168411,22.21284733],[114.22147747,22.21270294],[114.22149051,22.21251826],[114.22125125,22.21260699],[114.22045572,22.21176222],[114.22070983,22.21149303],[114.2204038,22.21133613],[114.22057232,22.21056409],[114.22043566,22.2101464],[114.21960552,22.20964979],[114.21874295,22.20992005],[114.21818259,22.20900609],[114.21855761,22.20837384],[114.2189092,22.20726136],[114.21942826,22.20691155],[114.21974958,22.20700882],[114.22004233,22.20689378],[114.22029046,22.20660944],[114.22009958,22.20660266],[114.22031804,22.20644461],[114.22018953,22.20557616],[114.21961667,22.20558661],[114.21955611,22.20546335],[114.21969375,22.20537628],[114.21950103,22.20538676],[114.21935183,22.2051605],[114.21957494,22.20512451],[114.22034347,22.20430661],[114.22066743,22.20424662],[114.22108773,22.20387522],[114.22157777,22.20285591],[114.22159966,22.20226484],[114.22313562,22.20078403],[114.22326902,22.19998281],[114.22306978,22.19966203],[114.22310011,22.19928564],[114.22373422,22.19893651],[114.22366633,22.19875574],[114.22406028,22.19843071],[114.2238885,22.19829354],[114.22409484,22.19791358],[114.22388431,22.19707912],[114.22338881,22.19656282],[114.22336923,22.19627709],[114.22304652,22.19586725],[114.22290977,22.19581374],[114.22294686,22.19594567],[114.22274167,22.19597724],[114.22164976,22.19542541],[114.22177322,22.1953813],[114.22113563,22.19543482],[114.21867662,22.19477238],[114.21834203,22.19497637],[114.21840587,22.19516222],[114.21815055,22.19522233],[114.21641047,22.19467989],[114.21613564,22.19485997],[114.21557832,22.19483273],[114.2154085,22.19465523],[114.21503867,22.19472261],[114.2145992,22.19438357],[114.21435027,22.19455272],[114.21419469,22.19440447],[114.21425434,22.19419861],[114.21387743,22.19417426],[114.21377121,22.19441026],[114.21312021,22.19473722],[114.21302545,22.19503689],[114.2125394,22.19539846],[114.21266849,22.19556664],[114.21222965,22.19583042],[114.21205676,22.1961468],[114.21189218,22.19610204],[114.21157688,22.19634702],[114.21148459,22.19647067],[114.21164054,22.19651082],[114.21158927,22.19665277],[114.21129283,22.19682312],[114.21143137,22.19693495],[114.2111838,22.19753763],[114.21136694,22.19875312],[114.21100159,22.19979715],[114.21110053,22.19991995],[114.21095036,22.2004862],[114.21135397,22.20124741],[114.21117905,22.20141135],[114.21137395,22.20135917],[114.21167614,22.2020583],[114.21156868,22.20284219],[114.21176177,22.20324401],[114.21190406,22.20418517],[114.21176275,22.2046599],[114.21189614,22.20474092],[114.21187676,22.20521679],[114.21200879,22.20536647],[114.21176904,22.20662385],[114.21153918,22.20665887],[114.21168836,22.20673132],[114.21154553,22.20689576],[114.21164542,22.20705562],[114.21149914,22.20748756],[114.21162034,22.20758815],[114.21161789,22.20862188],[114.21218476,22.20970502],[114.21262428,22.21004524],[114.21292736,22.21084123],[114.21286131,22.21098568],[114.21311878,22.21104815],[114.21315248,22.21122],[114.2131633,22.21107885],[114.21405332,22.21116096],[114.21453097,22.21180366],[114.21410144,22.2120828],[114.21477662,22.21185359],[114.21501623,22.21245385],[114.21491173,22.21316029],[114.21451753,22.21339286],[114.21447288,22.21366705],[114.21434121,22.21363332],[114.21423628,22.21382858],[114.21443352,22.21400442],[114.21431886,22.21470332],[114.21345375,22.21509888],[114.21337506,22.21572853],[114.21352603,22.21592663],[114.21353564,22.21635541],[114.21320152,22.21674082],[114.21277693,22.21684911],[114.21224037,22.21668567],[114.21208764,22.21689902],[114.21239621,22.21703275],[114.21179844,22.21809963],[114.21103159,22.21851205],[114.21026177,22.21854722],[114.21005728,22.21835996],[114.21021285,22.21810069],[114.2100622,22.21760581],[114.21038035,22.21712615],[114.21026163,22.21706811],[114.21003141,22.21756743],[114.20893751,22.21730502],[114.20855189,22.21680646],[114.20792678,22.21699353],[114.20748423,22.21691347],[114.20687969,22.21598042],[114.20637068,22.21563284],[114.20619082,22.21507608],[114.20705786,22.21449009],[114.20704391,22.21408116],[114.20618204,22.21316602],[114.20582977,22.2131746],[114.20530964,22.21238059],[114.20468124,22.21236966],[114.20448676,22.2127911],[114.20308431,22.21291103],[114.20298065,22.21270021],[114.20288903,22.21292245],[114.20228242,22.21290211],[114.20216005,22.21317633],[114.20201418,22.21294213],[114.20185258,22.21301234],[114.20143056,22.21268645],[114.20115734,22.21220472],[114.20098761,22.21217395],[114.2007516,22.21182378],[114.20081363,22.21141968],[114.2001241,22.21058263],[114.19903735,22.21021444],[114.19871162,22.21038722],[114.19792636,22.21030418],[114.19759967,22.21064314],[114.19728622,22.21068526],[114.19731276,22.21047078],[114.19717944,22.2106739],[114.19689837,22.21202402],[114.19718982,22.21271375],[114.19708084,22.21295434],[114.1971533,22.21370704],[114.19702248,22.21385011],[114.19724295,22.21432139],[114.19806878,22.21511229],[114.19838396,22.21565971],[114.19939722,22.21597265],[114.20054855,22.21681119],[114.20128954,22.21676734],[114.20182913,22.21699881],[114.20207354,22.21806214],[114.20197806,22.21863779],[114.20137125,22.21904747],[114.20137285,22.21928713],[114.20117957,22.21931786],[114.20116696,22.21964689],[114.20136591,22.21971229],[114.20108043,22.21985452],[114.20132328,22.22011073],[114.20118716,22.22036808],[114.20095478,22.22044614],[114.20096918,22.22066006],[114.2007781,22.22068405],[114.20090171,22.22090872],[114.20081762,22.22102972],[114.2004027,22.22095619],[114.19993997,22.22108991],[114.19997853,22.22090457],[114.19953336,22.2209272],[114.1991983,22.22116023],[114.19870944,22.22115772],[114.19820444,22.2213809],[114.19830296,22.22122017],[114.1978787,22.22149801],[114.19787137,22.22138152],[114.19720402,22.22174681],[114.19697902,22.22207643],[114.19683119,22.22178975],[114.19657235,22.22186204],[114.19598138,22.22226235],[114.19550796,22.22282094],[114.19559575,22.22307485],[114.19538617,22.22314972],[114.19541897,22.22296925],[114.19522673,22.22288689],[114.19497476,22.2229821],[114.19392466,22.22376211],[114.19378504,22.22418874],[114.1938867,22.22433358],[114.1945022,22.22435545],[114.19550074,22.22398382],[114.1958284,22.22409206],[114.19586062,22.22422779],[114.19600844,22.22420637],[114.19595575,22.22407164],[114.19656458,22.22407211],[114.19718282,22.22467718],[114.19778317,22.22568358],[114.19782989,22.22610028],[114.19722804,22.22694329],[114.19701135,22.22776405],[114.19641054,22.22813423],[114.19633465,22.22866389],[114.19667356,22.22926348],[114.19776665,22.22947017],[114.1982303,22.23007352],[114.19812709,22.23056403],[114.19827675,22.23190313],[114.19807336,22.23211454],[114.19841336,22.23289602],[114.19824247,22.23355991],[114.19839557,22.23411767],[114.19773601,22.2343758],[114.19828007,22.2343734],[114.19829493,22.23459015],[114.19760802,22.23440093],[114.19693124,22.23442594],[114.19716689,22.23462449],[114.19745343,22.23461414],[114.19760634,22.2348986],[114.19610023,22.23648115],[114.19495408,22.23734781],[114.19423593,22.23769366],[114.19399858,22.23769672],[114.19407031,22.23740174],[114.19393153,22.23715102],[114.19393824,22.23733299],[114.1936883,22.23744866],[114.19267104,22.23649335],[114.19213198,22.23618961],[114.19133643,22.23595842],[114.19064863,22.23612858],[114.18988808,22.23608675],[114.18951854,22.23653563],[114.188547,22.23724615],[114.18758716,22.23866601],[114.18668849,22.23969059],[114.18662171,22.24033765],[114.1869215,22.24101809],[114.18671355,22.24154432],[114.18753786,22.24223271],[114.18758839,22.2420834],[114.18801426,22.24221648],[114.18823341,22.24280905],[114.18815638,22.2434665],[114.18781788,22.2442251],[114.1865619,22.24533523],[114.18579867,22.245771],[114.18556787,22.24547851],[114.18514398,22.24549217],[114.18447718,22.24517008],[114.18408866,22.24515384],[114.18340234,22.24548376],[114.18251791,22.24547729],[114.18213423,22.24514444],[114.18029349,22.24502239],[114.17962313,22.24481377],[114.17877724,22.24397477],[114.17863262,22.2437269],[114.17965449,22.242642],[114.17909846,22.24226932],[114.1781827,22.24226073],[114.17800266,22.24186769],[114.1778183,22.24185816],[114.17788184,22.24155329],[114.1776239,22.24110374],[114.17728729,22.24084086],[114.17707863,22.24091726],[114.1771442,22.24074911],[114.17693739,22.24055098],[114.17665754,22.24057731],[114.17648214,22.23933698],[114.17579613,22.23860984],[114.17631419,22.23824734],[114.17616059,22.23757032],[114.175168,22.23777977],[114.17513168,22.23695947],[114.17495573,22.23700096],[114.17470633,22.23678307],[114.17453953,22.23608455],[114.17427042,22.23587307],[114.17439085,22.23494063],[114.17410121,22.23431861],[114.17426337,22.23373875],[114.17395125,22.2333667],[114.17377945,22.2326751],[114.17384795,22.23219522],[114.17355639,22.23122929],[114.17339343,22.23113293],[114.17336425,22.23060441],[114.17309106,22.23037785],[114.17276668,22.23042072],[114.17209764,22.22982881],[114.17158535,22.22976886],[114.1710964,22.22996459],[114.17056322,22.23063299],[114.17007297,22.23093791],[114.16986132,22.23075902],[114.16948625,22.23103776],[114.16928322,22.23080389],[114.16941998,22.23107843],[114.16919871,22.23124314],[114.1693536,22.2313562],[114.16891086,22.23130072],[114.16881192,22.23153947],[114.16829521,22.23188605],[114.16827007,22.23212347],[114.16753317,22.23197444],[114.16732887,22.23258148],[114.1672019,22.2326259],[114.16691809,22.23236463],[114.16673223,22.23259264],[114.16681772,22.23283953],[114.16646448,22.23283076],[114.16616509,22.23303596],[114.16622174,22.23349125],[114.16676819,22.23386847],[114.16656964,22.23407484],[114.16723674,22.23456023],[114.16726848,22.2348648],[114.16708692,22.23516711],[114.16719498,22.23592924],[114.16517138,22.23626303],[114.16493293,22.2365867],[114.16483792,22.2372114],[114.16439435,22.23814792],[114.16264639,22.23786724],[114.16269667,22.23801774],[114.16443563,22.23838982],[114.16556853,22.23975896],[114.16562291,22.24147705],[114.16573058,22.24157531],[114.16556792,22.24160792],[114.16569891,22.24179751],[114.16541353,22.2416091],[114.16530121,22.24175924],[114.16549772,22.24193185],[114.16504704,22.24186955],[114.16515791,22.24208808],[114.16459328,22.24249749],[114.16427851,22.24223103],[114.16386448,22.24259501],[114.1634725,22.24230076],[114.16380587,22.24264711],[114.1636885,22.24278795],[114.16351961,22.24266903],[114.16367946,22.24280423],[114.16360608,22.2433448],[114.1638893,22.24373116],[114.16367744,22.24404364],[114.16273498,22.24325012],[114.16282492,22.24310272],[114.16255512,22.2433775],[114.16270565,22.24327924],[114.16365452,22.24406937],[114.16359392,22.24421827],[114.16371355,22.2440932],[114.16427386,22.24455171],[114.16416744,22.24441428],[114.16427843,22.24429892],[114.16440424,22.24457448],[114.16452823,22.24445713],[114.16462112,22.244766],[114.16420008,22.24538061],[114.16378943,22.24533364],[114.16338764,22.24548681],[114.16382272,22.24504029],[114.16376583,22.2449914],[114.16332461,22.24550147],[114.1629027,22.24552343],[114.16370632,22.24479665],[114.16358729,22.24469559],[114.16277839,22.24559827],[114.16236749,22.24553938],[114.16333188,22.24448587],[114.16220221,22.24551688],[114.16213995,22.24513331],[114.16302132,22.24422488],[114.16288475,22.24410821],[114.16296501,22.2442271],[114.16207673,22.24514509],[114.16162559,22.24515522],[114.16162561,22.24493043],[114.16202336,22.24452173],[114.16213341,22.24461787],[114.16274079,22.24398393],[114.16248885,22.24376891],[114.16268748,22.24398539],[114.16213097,22.2445662],[114.16210426,22.24438018],[114.16158812,22.24490251],[114.16143657,22.24535186],[114.16129733,22.24542735],[114.16105098,22.24526161],[114.16099721,22.24538038],[114.16085579,22.24525107],[114.16085577,22.24541938],[114.1607021,22.24543438],[114.16074118,22.245681],[114.16050131,22.24566932],[114.16055856,22.24588596],[114.16011326,22.24617148],[114.16083918,22.24686338],[114.16090883,22.24732257],[114.15992069,22.24635462],[114.15933733,22.24680304],[114.15843624,22.24705532],[114.15663177,22.24666051],[114.15497667,22.24663649],[114.15428119,22.24720973],[114.15425412,22.24698445],[114.15425456,22.24721414],[114.15404415,22.24724889],[114.15396733,22.24700755],[114.1540199,22.24725286],[114.15393818,22.2470308],[114.15394563,22.24726501],[114.15377621,22.24729274],[114.15377494,22.24713851],[114.15367224,22.24730976],[114.15360143,22.24712913],[114.15365516,22.24731255],[114.15346785,22.24734321],[114.15340055,22.2471575],[114.15345055,22.24734605],[114.15322837,22.24738241],[114.15333331,22.24719826],[114.15311023,22.24724573],[114.15321264,22.24738499],[114.15311103,22.24740162],[114.15307854,22.24717541],[114.15306972,22.24740838],[114.15277012,22.24745705],[114.15274645,22.24727448],[114.1527484,22.2474606],[114.15262084,22.24748148],[114.15256349,22.24728807],[114.15251352,22.24749904],[114.15246079,22.24728102],[114.15249979,22.24750129],[114.15241714,22.24734749],[114.15240495,22.24751718],[114.15227487,22.24737707],[114.15229264,22.24753652],[114.15204367,22.24752233],[114.15203136,22.24739328],[114.15192838,22.24758019],[114.15184858,22.24740062],[114.15189745,22.24758461],[114.15053521,22.24786437],[114.15046514,22.24760835],[114.15045328,22.24788585],[114.15000608,22.24798797],[114.14881631,22.24782166],[114.14875749,22.24760926],[114.14874244,22.24783738],[114.14670559,22.24830111],[114.14403744,22.24813841],[114.1438193,22.24805382],[114.14476444,22.24570872],[114.14370215,22.24814961],[114.14216822,22.24801477],[114.14114902,22.24834304],[114.14119588,22.24850983],[114.13973372,22.24883195],[114.13778952,22.24846702],[114.13726744,22.24877703],[114.13652774,22.24896172],[114.13625103,22.24881855],[114.13493839,22.24995076],[114.13414807,22.25134122],[114.13321943,22.25215658],[114.13339994,22.25256311],[114.13299027,22.25251694],[114.13270321,22.25202765],[114.13220299,22.25216995],[114.13226734,22.25247259],[114.13200472,22.25276175],[114.13185757,22.25334492],[114.13201472,22.25434885],[114.13178218,22.25478252],[114.13196701,22.25489282],[114.13206256,22.25532635],[114.13041393,22.25761909],[114.12983617,22.25833038],[114.12962028,22.25836304],[114.12880762,22.25945261],[114.12888998,22.25964717],[114.12780181,22.26108437],[114.12749143,22.26097042],[114.12737474,22.26111782],[114.12763512,22.26137323],[114.12753793,22.26155985],[114.12728412,22.26127157],[114.12715337,22.26140194],[114.12735591,22.26201642],[114.12662268,22.26238886],[114.12659785,22.26282723],[114.12616898,22.26324167],[114.12604658,22.26389722],[114.12570577,22.2638463],[114.12587385,22.2640286],[114.12538513,22.26500973],[114.12484943,22.26579179],[114.12449668,22.26603425],[114.12453154,22.26632052],[114.12430131,22.26647556],[114.12378233,22.2673523],[114.1237667,22.26782356],[114.12334806,22.26797067],[114.12337436,22.26843421],[114.12267294,22.26981984],[114.12263156,22.27016922],[114.12140695,22.2711877],[114.12051634,22.27163855],[114.12007921,22.27156644],[114.11928062,22.2719662],[114.11891447,22.27262488],[114.11830596,22.27310261],[114.11792537,22.27378523],[114.11773189,22.2738234],[114.11853244,22.27423548],[114.11924869,22.27353248],[114.12004565,22.27341593],[114.12033076,22.27333704],[114.12063238,22.27315918],[114.12105872,22.27270493],[114.12114055,22.27264621],[114.12125185,22.27258119],[114.12156549,22.27246479],[114.12177857,22.2724455],[114.12200251,22.27246397],[114.12215724,22.27250263],[114.12285209,22.27287023],[114.12375899,22.27274322],[114.12532864,22.27343249],[114.12618307,22.27425301],[114.12671346,22.27443731],[114.12815939,22.27468898],[114.12881662,22.27509962],[114.12926647,22.27560375],[114.1296801,22.27555225]]]]}},{"type":"Feature","properties":{"divisionCode":"ILD","area":"New Territories"},"geometry":{"type":"MultiPolygon","coordinates":[[[[113.92236973,22.15339551],[113.92220053,22.15352153],[113.9224696,22.15366421],[113.92252626,22.15349328],[113.92236973,22.15339551]]],[[[113.92371419,22.1560068],[113.92411411,22.15563956],[113.92388907,22.15561559],[113.92417473,22.15535798],[113.92420583,22.15484824],[113.92380439,22.15469749],[113.92354144,22.15482974],[113.92332148,22.15438366],[113.92277526,22.15384531],[113.92253306,22.15375576],[113.92222859,22.15392404],[113.92206754,22.15385493],[113.92191525,22.15430678],[113.92198058,22.15466037],[113.9218253,22.15479487],[113.92199417,22.15523087],[113.92234891,22.1554205],[113.92251964,22.1558311],[113.9228219,22.15570081],[113.92336939,22.15602241],[113.92371419,22.1560068]]],[[[114.25092208,22.16131163],[114.25135188,22.16101415],[114.25131985,22.16071806],[114.25147939,22.16053717],[114.25131188,22.16021736],[114.2505533,22.15991298],[114.24991521,22.15997724],[114.24975396,22.15980143],[114.249104,22.15994056],[114.24942827,22.16051878],[114.24936996,22.16063758],[114.24982242,22.16087823],[114.25045224,22.16096895],[114.25082181,22.16123267],[114.25074098,22.16131891],[114.25092208,22.16131163]]],[[[113.91656048,22.16339902],[113.91703001,22.16315212],[113.91728324,22.16278796],[113.91711612,22.16279273],[113.91730399,22.16240571],[113.91717547,22.16209958],[113.91661586,22.16194912],[113.91666643,22.16180019],[113.91627909,22.16187012],[113.91596121,22.16273544],[113.91630072,22.1632908],[113.91656048,22.16339902]]],[[[113.9113362,22.17013136],[113.91156756,22.17014198],[113.91257538,22.16954992],[113.91324352,22.16958367],[113.91379264,22.16918777],[113.91409137,22.16920181],[113.91425777,22.16948243],[113.91446605,22.16942817],[113.91486335,22.16964734],[113.91547668,22.16950035],[113.91579631,22.16901772],[113.91688401,22.16855856],[113.91717325,22.16818916],[113.91728011,22.168283],[113.91762048,22.16758813],[113.9175354,22.16739384],[113.91672984,22.16686144],[113.91636964,22.16699745],[113.91575101,22.16664031],[113.91529739,22.166836],[113.91541846,22.16657432],[113.9153065,22.16649906],[113.91468847,22.16646985],[113.91378937,22.16671787],[113.91330071,22.16652913],[113.91330714,22.16535741],[113.91301114,22.16518591],[113.91310267,22.16464942],[113.91293094,22.16408447],[113.91310447,22.16374668],[113.91274292,22.16341853],[113.91304695,22.16297309],[113.91342959,22.16276459],[113.91387041,22.16305898],[113.91389981,22.16328277],[113.91406868,22.16313226],[113.91444391,22.16321539],[113.91482773,22.1629306],[113.91491435,22.16229634],[113.9153524,22.16118888],[113.91523344,22.16119485],[113.91537286,22.16097482],[113.91527406,22.16091211],[113.91560396,22.1602977],[113.91564808,22.15983551],[113.9155192,22.15960164],[113.91475071,22.15969636],[113.91476244,22.15990408],[113.9140693,22.15987757],[113.9139562,22.16009186],[113.91364909,22.16004284],[113.91320309,22.16020963],[113.91272058,22.16001815],[113.91214608,22.15922707],[113.91098742,22.15862691],[113.9095055,22.15911969],[113.90768112,22.15882604],[113.90704846,22.15910274],[113.90606404,22.15908445],[113.90566298,22.15880703],[113.90556991,22.15784419],[113.90533321,22.15763491],[113.90534382,22.1574344],[113.9050817,22.15731358],[113.90506789,22.15711026],[113.90498433,22.15718607],[113.90482343,22.15708352],[113.90487542,22.15696327],[113.90470298,22.15697725],[113.9046765,22.15666939],[113.90457924,22.15674381],[113.90390441,22.15645884],[113.90387594,22.15630273],[113.90319522,22.15613283],[113.90251865,22.15663798],[113.90254698,22.15702578],[113.90237429,22.15742489],[113.90131215,22.15763496],[113.90118433,22.15792261],[113.90081638,22.15800382],[113.90066431,22.15830948],[113.89998335,22.15856345],[113.8999285,22.1587321],[113.89956588,22.15886357],[113.89955822,22.15906223],[113.89938976,22.15907323],[113.89911349,22.15998317],[113.89918515,22.16082483],[113.8994834,22.16137622],[113.89994232,22.16188441],[113.90213015,22.16335897],[113.90318078,22.16360006],[113.90444414,22.16362531],[113.90477262,22.16350044],[113.90483631,22.16323765],[113.90548436,22.1627697],[113.90557972,22.16243366],[113.90596743,22.1623976],[113.90672663,22.16256142],[113.90717127,22.16406106],[113.90845769,22.16375671],[113.90856222,22.1639085],[113.90892827,22.16379065],[113.90937622,22.1642655],[113.90975511,22.16499153],[113.90974948,22.16540185],[113.91044332,22.16544545],[113.91041015,22.1656383],[113.90975877,22.16626148],[113.90793358,22.16723887],[113.907943,22.16770453],[113.90847089,22.16769474],[113.90847189,22.16788752],[113.90909097,22.16794076],[113.90927808,22.16837081],[113.90918666,22.16920782],[113.9097171,22.16971678],[113.90992677,22.16983372],[113.91016239,22.16977],[113.91047824,22.17000984],[113.9113362,22.17013136]]],[[[113.90170533,22.17359129],[113.90224543,22.17317728],[113.90245741,22.17321934],[113.90246488,22.1728],[113.90293308,22.17260437],[113.90307784,22.17232635],[113.90281923,22.17225085],[113.90234551,22.17248485],[113.9021893,22.1724163],[113.90224167,22.17197163],[113.90196501,22.17183005],[113.90186023,22.17131733],[113.90131436,22.17142992],[113.90122941,22.17195179],[113.90080696,22.17214812],[113.900312,22.17177872],[113.9002417,22.17146422],[113.89965435,22.17123519],[113.89954223,22.17092909],[113.89851359,22.17139241],[113.89806203,22.17144244],[113.89778745,22.17178852],[113.89794571,22.17204336],[113.89856257,22.17197261],[113.8994562,22.17246642],[113.90018933,22.17241272],[113.90035684,22.17255536],[113.90031959,22.17243944],[113.90076541,22.17226303],[113.90121744,22.17274332],[113.90126951,22.17331737],[113.90154887,22.17361098],[113.90170533,22.17359129]]],[[[113.90691368,22.17384215],[113.90769184,22.17358874],[113.90772158,22.17324167],[113.90756713,22.17304552],[113.90701716,22.17306723],[113.90711683,22.17323221],[113.90685989,22.17323121],[113.90660497,22.17344132],[113.90663109,22.17372865],[113.90691368,22.17384215]]],[[[113.90506738,22.1748086],[113.90525538,22.1747299],[113.90597058,22.17371795],[113.90590954,22.17331205],[113.90534964,22.17303092],[113.9054646,22.1729152],[113.9053436,22.17276062],[113.90528144,22.17299869],[113.90496417,22.17301246],[113.90460663,22.1733285],[113.90377353,22.17357319],[113.90409532,22.17410582],[113.904158,22.17469138],[113.90506738,22.1748086]]],[[[114.23689356,22.1756015],[114.23729708,22.17544106],[114.23739283,22.17495926],[114.23709603,22.17494102],[114.23632803,22.17530991],[114.23681542,22.17567717],[114.23689356,22.1756015]]],[[[113.92582851,22.17599445],[113.92546101,22.17580198],[113.92530568,22.17625327],[113.9256168,22.1764592],[113.92582851,22.17599445]]],[[[113.92463613,22.17722416],[113.92505048,22.17697138],[113.92509734,22.17652669],[113.92523483,22.17655907],[113.92508319,22.17630316],[113.92458086,22.1766083],[113.92476457,22.17689925],[113.92443632,22.17679039],[113.92424941,22.17693628],[113.92428064,22.1770938],[113.92463613,22.17722416]]],[[[113.91040619,22.17816764],[113.91046258,22.1782919],[113.91062792,22.17806983],[113.91102468,22.17800927],[113.91046138,22.1776808],[113.91017882,22.17799779],[113.91010413,22.17840696],[113.91040619,22.17816764]]],[[[113.92423293,22.1803933],[113.92455277,22.18012909],[113.92462161,22.17992883],[113.92441803,22.17990368],[113.92447951,22.17975534],[113.92472143,22.17968515],[113.9248149,22.17978499],[113.92492948,22.17960588],[113.92524948,22.17957752],[113.92523304,22.17945042],[113.92594916,22.17937944],[113.9262737,22.17885052],[113.92585259,22.17814894],[113.92610819,22.1782119],[113.92616983,22.17796592],[113.92541451,22.1774167],[113.92516972,22.17739375],[113.92522799,22.17767887],[113.92482636,22.17759359],[113.92438505,22.17801284],[113.92419035,22.17844544],[113.9243057,22.17866518],[113.92402104,22.17857781],[113.92378737,22.17911365],[113.92349085,22.17931998],[113.92345256,22.17961038],[113.92374093,22.18034965],[113.92423293,22.1803933]]],[[[114.26612431,22.18090424],[114.26634942,22.18082112],[114.26639722,22.18059746],[114.26664345,22.18054348],[114.26687239,22.18018065],[114.26720738,22.17855471],[114.26775655,22.17865039],[114.26797019,22.17883635],[114.26791882,22.1787379],[114.26824304,22.17842996],[114.26827104,22.17776132],[114.26835891,22.17802648],[114.26886447,22.1780898],[114.26862261,22.17819949],[114.26910141,22.17820063],[114.26979822,22.1771613],[114.26986035,22.17746111],[114.27014917,22.17747913],[114.27014108,22.17719392],[114.27091409,22.17698273],[114.27110722,22.17676044],[114.27108945,22.17640003],[114.27141146,22.17608548],[114.27155392,22.17611171],[114.27178326,22.17550233],[114.27172248,22.17444612],[114.27187095,22.17433746],[114.27161059,22.17402361],[114.27218128,22.17393445],[114.27219738,22.17352498],[114.2724964,22.17331754],[114.27277149,22.1726631],[114.27223474,22.1713802],[114.27150298,22.17064812],[114.27155499,22.16955051],[114.27143077,22.16908745],[114.2717439,22.16924992],[114.27171367,22.16890422],[114.27210105,22.16880219],[114.27251954,22.16800939],[114.27327529,22.16748741],[114.27305683,22.16721081],[114.27255251,22.16710362],[114.27300822,22.16681927],[114.27309801,22.16611511],[114.27344602,22.16617859],[114.27378724,22.16590079],[114.27390942,22.16557451],[114.27379709,22.16559265],[114.27377627,22.16534673],[114.27404954,22.16502368],[114.27370596,22.16395571],[114.2743659,22.16362513],[114.27435804,22.16329169],[114.27453944,22.16324331],[114.27450179,22.16283399],[114.27415187,22.16238901],[114.27377114,22.16239194],[114.2736375,22.16255512],[114.27202299,22.16229109],[114.27219253,22.16246509],[114.27193506,22.16261903],[114.2716908,22.16238763],[114.27098506,22.16219635],[114.27060264,22.16229094],[114.27003883,22.16278943],[114.26990991,22.16212639],[114.26930297,22.1620667],[114.26906094,22.1621461],[114.26913736,22.16237665],[114.26894932,22.16231051],[114.26878191,22.16300601],[114.26802445,22.16243827],[114.26746399,22.16258453],[114.26704503,22.16225209],[114.26678799,22.16239474],[114.26682495,22.16252869],[114.26659717,22.16245088],[114.26666144,22.16258868],[114.26621621,22.16256549],[114.26639419,22.16316378],[114.26639452,22.16341213],[114.26623732,22.16338105],[114.26616898,22.16369682],[114.26634439,22.16448581],[114.26605523,22.16465573],[114.26563824,22.16422473],[114.26512604,22.16410772],[114.26490456,22.16415414],[114.2647389,22.16472089],[114.26444263,22.16413622],[114.26287991,22.1621701],[114.26099838,22.16036643],[114.26000734,22.15990802],[114.26021583,22.15973247],[114.26090849,22.15974691],[114.26105604,22.15953699],[114.26136133,22.15948457],[114.26145748,22.1589209],[114.26086141,22.15820659],[114.26015388,22.15790866],[114.2587751,22.15681255],[114.25841158,22.15667627],[114.25858382,22.15666661],[114.25853006,22.15648833],[114.25731317,22.15599302],[114.25639213,22.15602035],[114.25664329,22.15592463],[114.25637553,22.15570109],[114.25518308,22.15527629],[114.25493928,22.15544284],[114.25500189,22.15554464],[114.25539944,22.15602108],[114.25607847,22.15638632],[114.25575676,22.15644492],[114.25581873,22.15660127],[114.25566397,22.15667286],[114.25633613,22.15741797],[114.25615692,22.15745903],[114.25626378,22.15765678],[114.25647292,22.15784937],[114.2567979,22.15780565],[114.2567023,22.1580583],[114.25696244,22.15838365],[114.25698729,22.15818948],[114.25722201,22.15818929],[114.25708161,22.15835936],[114.25720326,22.1582733],[114.25738192,22.15850293],[114.25768794,22.15911969],[114.25762717,22.15925555],[114.25839093,22.15971267],[114.25760693,22.16005458],[114.25752763,22.16070728],[114.2567818,22.16066457],[114.25633095,22.1609123],[114.25598759,22.16084119],[114.25528041,22.16108614],[114.25500775,22.16082088],[114.25429444,22.16131458],[114.254309,22.1615382],[114.25388384,22.16100025],[114.25359229,22.16101923],[114.25346073,22.161483],[114.25334624,22.16142972],[114.25334414,22.16158578],[114.25315511,22.16160836],[114.25326135,22.16172871],[114.25307455,22.16185619],[114.25269964,22.16174228],[114.25286926,22.16164126],[114.25280011,22.16142722],[114.25211232,22.16158219],[114.25195883,22.16199866],[114.25219893,22.16229858],[114.25196912,22.16250562],[114.25221219,22.16272204],[114.25209689,22.16278191],[114.25240914,22.16288634],[114.252294,22.16271926],[114.25274608,22.16244075],[114.25308692,22.16250641],[114.2532557,22.16280623],[114.25345115,22.16285598],[114.25336759,22.1630796],[114.25365065,22.16317726],[114.25365912,22.163316],[114.25288547,22.16333289],[114.25368528,22.16334729],[114.25371193,22.16391523],[114.25436803,22.16469565],[114.25409988,22.16480046],[114.25369462,22.16536589],[114.25343797,22.16541332],[114.25331417,22.16517428],[114.25309764,22.16510484],[114.25315247,22.16499835],[114.2530558,22.16510826],[114.25271879,22.16481947],[114.25270534,22.16492487],[114.25224924,22.16487607],[114.25137083,22.16410574],[114.25094135,22.16393612],[114.25050903,22.16418323],[114.25047942,22.1643572],[114.25062084,22.16437668],[114.25026986,22.16462973],[114.25045524,22.16475],[114.25044302,22.16521049],[114.24997142,22.16603636],[114.25008938,22.16647901],[114.25086778,22.16741471],[114.25081901,22.16796704],[114.2520044,22.16932275],[114.25209939,22.17054275],[114.25269407,22.17131026],[114.25257196,22.17140592],[114.25272703,22.1714835],[114.2527381,22.17136172],[114.25355489,22.17213907],[114.25376412,22.17216245],[114.25478944,22.17295422],[114.25495252,22.17345641],[114.25557259,22.17421828],[114.25541055,22.17433845],[114.25554754,22.17483402],[114.25599069,22.17510439],[114.25662577,22.17450645],[114.25696671,22.17532977],[114.25725353,22.17558538],[114.25741685,22.17553588],[114.25787526,22.17619546],[114.25908608,22.17680934],[114.25973787,22.1768629],[114.26019525,22.17709396],[114.260596,22.17687803],[114.26095733,22.1770057],[114.26151836,22.17681395],[114.26155964,22.17733065],[114.26201362,22.17762225],[114.26212827,22.17761547],[114.26213634,22.17739991],[114.26279893,22.17747657],[114.26319865,22.1772096],[114.26322675,22.17767751],[114.26395818,22.17795199],[114.26382421,22.17846135],[114.26397818,22.17922154],[114.26377314,22.17927998],[114.26417357,22.18018975],[114.26452676,22.18047581],[114.26549224,22.18063607],[114.26557341,22.18078656],[114.26575707,22.1807131],[114.26571357,22.18060193],[114.26612431,22.18090424]]],[[[114.30138521,22.18234975],[114.30139715,22.18207284],[114.30124998,22.1820427],[114.30120491,22.18213583],[114.30138521,22.18234975]]],[[[114.30398974,22.18370196],[114.30451532,22.18324498],[114.30460393,22.18298035],[114.30440703,22.18278763],[114.30457466,22.1828257],[114.30447012,22.18254884],[114.30439671,22.18264449],[114.30402478,22.18209307],[114.30389989,22.18236218],[114.3037663,22.18238277],[114.30392697,22.18218498],[114.30390399,22.18187073],[114.30316425,22.18105589],[114.30331433,22.18135597],[114.30312434,22.18120509],[114.30302658,22.18095335],[114.30228461,22.18117129],[114.3020813,22.18194706],[114.30218058,22.18250003],[114.30289904,22.18295887],[114.30265014,22.18307261],[114.30279535,22.18316727],[114.30291134,22.18296692],[114.30322395,22.18303614],[114.30398974,22.18370196]]],[[[113.90704883,22.18781055],[113.90747658,22.1878525],[113.90775695,22.18763486],[113.90826381,22.18764592],[113.90905147,22.18670315],[113.91035388,22.18604792],[113.91057882,22.18551649],[113.91123397,22.18479499],[113.91143369,22.18399032],[113.91183044,22.18356007],[113.91200932,22.18372102],[113.9120193,22.183442],[113.91225539,22.18324462],[113.91295004,22.18298967],[113.91355061,22.18301058],[113.91371568,22.18314441],[113.91359626,22.18331704],[113.91407811,22.18371853],[113.91417665,22.18398386],[113.91511184,22.18385308],[113.91527881,22.18394639],[113.91578096,22.18376568],[113.91658081,22.183208],[113.91680382,22.18264691],[113.91748009,22.18201782],[113.91779799,22.18195252],[113.91805208,22.1821486],[113.91893406,22.18211238],[113.91930381,22.18180505],[113.9194768,22.18185455],[113.91942171,22.18176451],[113.91957663,22.18171134],[113.91945102,22.18161795],[113.92008617,22.18126337],[113.92023823,22.18095769],[113.91931677,22.18004184],[113.91947299,22.1797899],[113.92074226,22.1800509],[113.92094852,22.17993213],[113.92099749,22.17966355],[113.92036048,22.17947966],[113.92019712,22.17926057],[113.91993096,22.17930008],[113.91981739,22.17910067],[113.91962216,22.17915003],[113.91969305,22.17897869],[113.91932408,22.17877139],[113.91898328,22.17875082],[113.91887338,22.17884473],[113.9193579,22.17947245],[113.91932912,22.1797813],[113.91894436,22.17990001],[113.9185171,22.1803732],[113.91800342,22.18067331],[113.91738079,22.18064951],[113.91695825,22.18006523],[113.91665537,22.17999758],[113.91636863,22.17972],[113.91672638,22.17928315],[113.91675791,22.1786121],[113.9169562,22.17854186],[113.9172356,22.17787122],[113.91709219,22.17775472],[113.91681945,22.17783792],[113.91686758,22.17763583],[113.91621656,22.17748898],[113.91551695,22.17805859],[113.91550439,22.17898088],[113.91514402,22.17964014],[113.91484058,22.17953976],[113.9147806,22.17920891],[113.91451817,22.17921526],[113.91467353,22.17910602],[113.91447009,22.17900466],[113.91455089,22.17889812],[113.91420525,22.17901833],[113.91430808,22.17879048],[113.9138774,22.17868481],[113.91386803,22.178507],[113.91359691,22.17839066],[113.91350884,22.17818323],[113.91352232,22.17838724],[113.91326887,22.17840951],[113.91312762,22.17908489],[113.91291812,22.17917411],[113.91285319,22.17944127],[113.91291627,22.17965517],[113.91320645,22.17980111],[113.91292945,22.1800582],[113.91329162,22.17985841],[113.91344087,22.18009401],[113.91341735,22.18133457],[113.91239924,22.18197692],[113.91126566,22.18214214],[113.91006614,22.18192232],[113.90994591,22.18204686],[113.90965581,22.18162928],[113.90897783,22.18122234],[113.90891895,22.18017331],[113.9086412,22.17963545],[113.90843862,22.17976453],[113.90795236,22.17964319],[113.90730455,22.1790437],[113.90699867,22.17909166],[113.90679366,22.17930932],[113.90580993,22.17944258],[113.90573194,22.17934255],[113.90602604,22.17893214],[113.90562969,22.17894503],[113.90529319,22.17933223],[113.90539975,22.17962784],[113.90524369,22.17988044],[113.90535677,22.18007558],[113.90525282,22.18035084],[113.9053575,22.18077847],[113.90585788,22.18133526],[113.90577679,22.18155059],[113.90605185,22.18186517],[113.9060244,22.18210832],[113.90589365,22.18212763],[113.90592322,22.18246284],[113.90631909,22.18288695],[113.90627882,22.18321305],[113.90579438,22.18406232],[113.90586515,22.18436489],[113.90557904,22.18463741],[113.90573493,22.1850443],[113.90622866,22.18546582],[113.90617711,22.18724538],[113.90636897,22.18761619],[113.90630284,22.18778069],[113.90679217,22.18806061],[113.90704883,22.18781055]]],[[[114.30624854,22.18889195],[114.30631719,22.1884946],[114.30590793,22.18802719],[114.30617993,22.18800353],[114.30602354,22.18759051],[114.30613614,22.18756394],[114.3060918,22.18737365],[114.30643959,22.18762675],[114.30655144,22.18728699],[114.3057569,22.18617699],[114.30614514,22.18609688],[114.30615243,22.18578219],[114.30593343,22.18574503],[114.30549733,22.1851996],[114.30563398,22.18499373],[114.30544472,22.18459085],[114.30530361,22.18474815],[114.30513748,22.18400657],[114.30485575,22.18377776],[114.30521315,22.18390427],[114.30494027,22.18343031],[114.30411012,22.18377384],[114.30398795,22.18397646],[114.3042992,22.18433234],[114.3044705,22.18444885],[114.30446049,22.18435049],[114.3047428,22.1845356],[114.30490142,22.18467456],[114.30453098,22.18450406],[114.30474451,22.18486333],[114.30466276,22.1850124],[114.30498971,22.18546119],[114.30498256,22.18584599],[114.30541088,22.18660822],[114.30543141,22.18683792],[114.30522771,22.1867627],[114.30510851,22.18710449],[114.30556315,22.18782531],[114.30517974,22.1878619],[114.30522547,22.18812652],[114.30624854,22.18889195]]],[[[114.29054408,22.18994702],[114.29066733,22.18970518],[114.29060859,22.18924764],[114.29078881,22.18952635],[114.29085115,22.18940833],[114.29028574,22.18796212],[114.28993892,22.18778061],[114.28989947,22.18816943],[114.28948497,22.18851129],[114.28947516,22.18914402],[114.28976289,22.18970202],[114.29011988,22.18972491],[114.29048942,22.19003096],[114.29054408,22.18994702]]],[[[114.28729919,22.19010686],[114.28758889,22.19008742],[114.28787421,22.18963432],[114.28815434,22.18962645],[114.28847162,22.18926658],[114.28866988,22.18927215],[114.28865552,22.18887989],[114.28894874,22.18889391],[114.28949573,22.18847182],[114.28964742,22.18778251],[114.28934137,22.18703712],[114.28955232,22.18694631],[114.28941747,22.18594378],[114.28931048,22.18570105],[114.2889978,22.18559583],[114.28852019,22.18476081],[114.28886439,22.18479744],[114.28881865,22.18462488],[114.28901743,22.18445091],[114.28896323,22.18406905],[114.28923103,22.18388035],[114.28930561,22.18279935],[114.28913292,22.18174017],[114.28845711,22.18086579],[114.28786877,22.18062564],[114.28572079,22.18101126],[114.28567593,22.1811873],[114.28479232,22.18146146],[114.28408077,22.18135695],[114.28396707,22.18175801],[114.28429831,22.18230882],[114.28387176,22.1822596],[114.28404545,22.18270989],[114.2834978,22.18301335],[114.28365303,22.18392478],[114.28355903,22.18464561],[114.2831897,22.18510641],[114.28270079,22.18533476],[114.28302621,22.18570177],[114.2830134,22.18595783],[114.28330852,22.18650034],[114.28354597,22.18661771],[114.28368123,22.18699909],[114.28406339,22.18723533],[114.28433705,22.18723565],[114.28432853,22.18710344],[114.28494953,22.18697273],[114.2855568,22.18662589],[114.28604877,22.18683211],[114.28588139,22.18798889],[114.28591871,22.18824391],[114.28615153,22.18836455],[114.2860492,22.18889347],[114.28637295,22.1894131],[114.28729919,22.19010686]]],[[[114.25368629,22.19019436],[114.25408891,22.19000111],[114.2540676,22.18982671],[114.25466646,22.18994439],[114.25536855,22.18975167],[114.25581065,22.18873712],[114.25601497,22.18888207],[114.25644596,22.18821217],[114.25655516,22.18759586],[114.25644553,22.18719424],[114.25685614,22.18624953],[114.25667328,22.18590104],[114.25683729,22.18583773],[114.25685062,22.18551194],[114.25662655,22.18472256],[114.25673247,22.18405242],[114.25631636,22.1827382],[114.25613394,22.182727],[114.25580701,22.18222821],[114.25449126,22.1810492],[114.25231238,22.17992873],[114.25052629,22.17922345],[114.25038957,22.17969028],[114.25059941,22.17999892],[114.25052143,22.18034834],[114.2500591,22.18049756],[114.25000954,22.18074085],[114.24870112,22.18071603],[114.24820373,22.18103853],[114.24775511,22.18110462],[114.24779053,22.1812515],[114.2474931,22.18152875],[114.24685671,22.18165903],[114.24555033,22.18156148],[114.24537088,22.18130843],[114.24568313,22.17995009],[114.24563988,22.17942752],[114.24507492,22.17882366],[114.24449911,22.17853859],[114.24431613,22.17864986],[114.24500207,22.18098797],[114.24471659,22.18092657],[114.24482154,22.18114214],[114.24438148,22.18094421],[114.24397191,22.18117184],[114.24376726,22.18159412],[114.24388932,22.18212487],[114.24356822,22.18229691],[114.24371952,22.18315871],[114.24412146,22.18343285],[114.24405069,22.18370324],[114.2442264,22.18376529],[114.24402174,22.18400239],[114.24422197,22.18452383],[114.2441117,22.18456903],[114.24406112,22.18524524],[114.2442327,22.18669629],[114.24365312,22.18754936],[114.24368996,22.18807972],[114.24438434,22.18844107],[114.24716575,22.18862988],[114.24875324,22.18906857],[114.24884103,22.18888088],[114.2491114,22.1890055],[114.24911133,22.18887173],[114.25018542,22.18946841],[114.25031212,22.18923864],[114.2506301,22.18934469],[114.25084062,22.18926379],[114.25124496,22.18948091],[114.25192025,22.18944625],[114.25240899,22.18972199],[114.25287228,22.18954962],[114.25326283,22.19003981],[114.25368629,22.19019436]]],[[[113.98762501,22.20206432],[113.98776942,22.20181982],[113.98811892,22.20174916],[113.98855222,22.20207695],[113.98936788,22.2020354],[113.98967758,22.2018758],[113.98975387,22.20153101],[113.98987767,22.20162584],[113.99045459,22.20151706],[113.99098564,22.20087492],[113.99083558,22.20011175],[113.9906946,22.2000207],[113.9907637,22.19981041],[113.99147686,22.19955502],[113.99164425,22.19944936],[113.99158737,22.19934546],[113.99217985,22.19908181],[113.99186415,22.19854561],[113.99212743,22.19819888],[113.99216302,22.19746743],[113.99249216,22.19744133],[113.99239672,22.19723802],[113.99249517,22.19719324],[113.99228007,22.19692223],[113.99202145,22.19698833],[113.99199665,22.19686669],[113.99196691,22.19700141],[113.99175936,22.1966936],[113.99145231,22.19668723],[113.99165272,22.19626306],[113.99149409,22.19554507],[113.99135242,22.19545593],[113.99137659,22.19496362],[113.99165597,22.19496737],[113.99181234,22.19471722],[113.99237393,22.19445277],[113.99282337,22.19502063],[113.99263865,22.19507984],[113.99273357,22.1951611],[113.99293685,22.19495143],[113.99320325,22.19518173],[113.99381252,22.19516824],[113.99453758,22.19477234],[113.99460134,22.19446877],[113.99490475,22.19426599],[113.99497897,22.19388711],[113.99485944,22.19369423],[113.99498972,22.19342486],[113.99463143,22.19323246],[113.99476784,22.19315017],[113.99457029,22.19280568],[113.9944123,22.19271041],[113.9942448,22.19288053],[113.99458922,22.19187011],[113.99427266,22.19137545],[113.99422645,22.19116157],[113.99437033,22.19101498],[113.99391069,22.19055828],[113.99400282,22.19048521],[113.99377686,22.19038487],[113.99390091,22.19023125],[113.99373066,22.19034318],[113.99264625,22.18965745],[113.99243114,22.18971277],[113.99196489,22.18953123],[113.99200847,22.18929719],[113.99122815,22.18913914],[113.9907216,22.1887179],[113.99086423,22.1886039],[113.99057341,22.18865408],[113.99018321,22.18835916],[113.98950472,22.18845452],[113.98926973,22.18884476],[113.98905147,22.18886858],[113.9889741,22.18932898],[113.98867795,22.18938776],[113.98829171,22.19002566],[113.98749684,22.1905609],[113.98771822,22.19075457],[113.98748202,22.19087996],[113.9872422,22.19144127],[113.98687992,22.19145066],[113.98689395,22.19168164],[113.98659862,22.19124128],[113.98623172,22.19143827],[113.9860362,22.19135972],[113.98567141,22.19149784],[113.98545733,22.19135496],[113.98533432,22.19157603],[113.98529637,22.19143011],[113.98533873,22.19169843],[113.9849258,22.19182836],[113.98466463,22.19264468],[113.98385527,22.19253231],[113.98377134,22.19274497],[113.98327654,22.19292072],[113.98315743,22.19330557],[113.98279772,22.19369245],[113.98278271,22.19358412],[113.98261728,22.19365322],[113.98230015,22.19411581],[113.98254657,22.19497789],[113.98239304,22.19511554],[113.98239438,22.1956585],[113.98281253,22.19641893],[113.98281583,22.19698186],[113.98296761,22.197147],[113.98287966,22.19755855],[113.98304589,22.19758355],[113.98303927,22.19783713],[113.98372502,22.19864316],[113.98380851,22.19895794],[113.98400206,22.1989678],[113.98403508,22.19914306],[113.98439937,22.19910123],[113.98478454,22.19948134],[113.98501267,22.20047276],[113.98639809,22.20115591],[113.98706741,22.20209123],[113.98741643,22.20223614],[113.98762501,22.20206432]]],[[[113.83562409,22.21771923],[113.83684996,22.21769879],[113.83706694,22.21736051],[113.83747345,22.21719401],[113.83796646,22.21720182],[113.83803782,22.21734224],[113.83844567,22.21719954],[113.8384001,22.21638909],[113.83781208,22.21562009],[113.83772776,22.21501051],[113.83733266,22.21515678],[113.83688701,22.21488787],[113.83650636,22.21507153],[113.83627335,22.2154405],[113.83602693,22.21529731],[113.83609167,22.21564992],[113.83521282,22.21648441],[113.83503157,22.2169851],[113.83527545,22.21767954],[113.83562409,22.21771923]]],[[[114.0344168,22.22337779],[114.03474536,22.22328475],[114.03518002,22.22263284],[114.03555548,22.22245737],[114.03570679,22.22212708],[114.03569506,22.22143528],[114.03549204,22.22131333],[114.03545518,22.22093316],[114.03504871,22.22017915],[114.0347673,22.22002737],[114.03444644,22.22010529],[114.03426288,22.21975449],[114.03356265,22.21925613],[114.03328053,22.21935059],[114.03290855,22.21913052],[114.0324847,22.21916372],[114.03216246,22.21868053],[114.03221133,22.21835871],[114.03249478,22.21777522],[114.03286943,22.21788708],[114.03342904,22.21751101],[114.03386115,22.21784971],[114.03403913,22.2178997],[114.03430414,22.21771454],[114.03441139,22.2179396],[114.03484892,22.21798846],[114.0356526,22.21753283],[114.03587054,22.2171662],[114.03463625,22.21686637],[114.03429286,22.21688165],[114.03414376,22.21705507],[114.03392136,22.21688274],[114.03369872,22.2169752],[114.03368371,22.21644155],[114.03336334,22.21622404],[114.03323594,22.21633776],[114.03329071,22.21615578],[114.03304115,22.21590528],[114.03223635,22.21583991],[114.03194472,22.21598583],[114.03178894,22.21581762],[114.03137762,22.21589087],[114.03060254,22.21559159],[114.03025092,22.21504438],[114.0301185,22.21506329],[114.02953679,22.21447204],[114.02912095,22.21375444],[114.02900391,22.21290814],[114.02912446,22.2119155],[114.03008901,22.21016168],[114.03118666,22.20885948],[114.03233581,22.20795322],[114.0334186,22.207927],[114.03359736,22.20810418],[114.03368694,22.20794105],[114.03347698,22.20765863],[114.03368726,22.20742597],[114.03398229,22.20746902],[114.03397044,22.20731494],[114.03535194,22.20693778],[114.03611762,22.20742586],[114.03625228,22.2076676],[114.03613377,22.20766789],[114.03665076,22.20822271],[114.03723436,22.20830551],[114.03769658,22.20863892],[114.03807237,22.20857124],[114.03812235,22.20844478],[114.03825263,22.20854061],[114.03832367,22.2083905],[114.03815487,22.20830134],[114.0382597,22.20817743],[114.03913803,22.20814383],[114.03935223,22.20797842],[114.03944561,22.20812751],[114.03960426,22.20792194],[114.03934685,22.20781989],[114.03944005,22.20760591],[114.03932297,22.20728301],[114.03947636,22.2068841],[114.04015327,22.20634426],[114.04047369,22.20631863],[114.04088934,22.20583477],[114.04113518,22.20576163],[114.04118024,22.20586534],[114.04121152,22.20566808],[114.04085601,22.20531741],[114.03996934,22.20531508],[114.03959711,22.20497683],[114.0396536,22.20485805],[114.03951413,22.20487772],[114.03917034,22.20395717],[114.0393614,22.20372527],[114.03922217,22.20372717],[114.0393381,22.20354503],[114.0391898,22.20312053],[114.03867109,22.2028533],[114.03861481,22.20290957],[114.03850002,22.20294821],[114.03865336,22.20284324],[114.038445,22.20269851],[114.03807044,22.20285927],[114.03773258,22.20275752],[114.03741247,22.20283969],[114.03740951,22.20274159],[114.03698918,22.20278621],[114.03675718,22.20264124],[114.03681092,22.20253509],[114.03664728,22.2024619],[114.0367897,22.20196799],[114.03661889,22.20191013],[114.03658172,22.20142352],[114.03634331,22.20123501],[114.03664507,22.2010564],[114.0367336,22.20082601],[114.03623059,22.20018031],[114.03568199,22.20024573],[114.03539394,22.20076119],[114.03516931,22.2008369],[114.03502631,22.20121701],[114.03515001,22.20126623],[114.03491189,22.20152794],[114.0350453,22.20167124],[114.0347288,22.20209738],[114.03409684,22.20223519],[114.03411048,22.20269965],[114.03386443,22.20275266],[114.03404006,22.20301374],[114.03392068,22.20315122],[114.03393618,22.20299945],[114.03374461,22.20305668],[114.0339029,22.20314787],[114.03384049,22.20345205],[114.0336318,22.20349476],[114.03316916,22.20309443],[114.0329008,22.20333768],[114.03258604,22.20307091],[114.03240769,22.20324767],[114.03222728,22.20317248],[114.03206536,22.20289737],[114.03234155,22.20263446],[114.03244176,22.20227396],[114.03220395,22.20195641],[114.03190042,22.20212157],[114.03176166,22.20201679],[114.03161248,22.20226659],[114.03107029,22.20236866],[114.03115412,22.20246287],[114.03076621,22.20234871],[114.03059548,22.20248446],[114.03059936,22.20282678],[114.03033821,22.20240501],[114.03021619,22.20250327],[114.02996565,22.20231926],[114.03015163,22.20287595],[114.02981212,22.20256305],[114.02979386,22.20195405],[114.02960559,22.20193],[114.02914834,22.20128832],[114.02924716,22.20120467],[114.02914434,22.2008333],[114.02841233,22.20078053],[114.0283563,22.20088202],[114.02801256,22.20056153],[114.02831953,22.20034327],[114.02853772,22.19956478],[114.02840872,22.19959109],[114.02830471,22.19938833],[114.02775595,22.19943119],[114.02753055,22.19931705],[114.02729919,22.19957602],[114.02661437,22.19954354],[114.026137,22.19905028],[114.02647017,22.19903092],[114.02670195,22.19838673],[114.02644614,22.19837992],[114.02631478,22.19865268],[114.02587934,22.19835388],[114.02543491,22.1984555],[114.0256624,22.19817455],[114.02567403,22.19784784],[114.02472378,22.19694073],[114.02444494,22.19696027],[114.02454178,22.19682929],[114.02439543,22.19679089],[114.02418485,22.1969716],[114.0242667,22.19680652],[114.02411262,22.19671067],[114.02393385,22.19683219],[114.02381772,22.19660796],[114.02351046,22.19676083],[114.0233406,22.19666698],[114.02324029,22.19685776],[114.02301287,22.19681682],[114.02279443,22.19663446],[114.02291754,22.19649653],[114.02263659,22.19666737],[114.02230821,22.19638441],[114.02219204,22.1961155],[114.0222883,22.19606637],[114.02199704,22.19592791],[114.02174954,22.19602972],[114.02172029,22.1958012],[114.02157031,22.19574597],[114.02104696,22.19651188],[114.02168239,22.19696174],[114.02204309,22.19703633],[114.02186222,22.1975762],[114.02148291,22.19785074],[114.02158564,22.1977077],[114.02085637,22.1977824],[114.02066156,22.19756146],[114.02038011,22.19756447],[114.02020496,22.19732248],[114.01977782,22.19747454],[114.01927441,22.19733807],[114.01862962,22.19778816],[114.01823548,22.19788107],[114.01810336,22.19821641],[114.01815307,22.19868744],[114.01877888,22.19856708],[114.01888902,22.19894273],[114.01815999,22.19909055],[114.01819378,22.19949324],[114.01788065,22.19997175],[114.01800734,22.19992946],[114.01808517,22.20007463],[114.01780191,22.20012356],[114.01765702,22.20000065],[114.01713221,22.20021439],[114.01734847,22.20067438],[114.01716218,22.20101171],[114.01793256,22.20127025],[114.01800497,22.20140786],[114.01838205,22.2014034],[114.01842798,22.201674],[114.01963124,22.20166532],[114.01989262,22.20128213],[114.0208435,22.20126963],[114.02082877,22.20114644],[114.01992869,22.20119565],[114.01994449,22.20090482],[114.02004909,22.20068539],[114.02110386,22.20039424],[114.02121881,22.20145183],[114.02275023,22.20480973],[114.02343724,22.20539761],[114.02568201,22.20544558],[114.02745084,22.20572545],[114.02788597,22.20665909],[114.02780146,22.20680269],[114.02793908,22.20714008],[114.02808855,22.20714557],[114.02828895,22.20756776],[114.0286882,22.20778124],[114.02863839,22.20794372],[114.02824262,22.20793083],[114.02823695,22.20803607],[114.02867975,22.20805405],[114.02864411,22.20848434],[114.02806199,22.2084067],[114.02802006,22.20867939],[114.02858207,22.20875324],[114.02836513,22.21006253],[114.02810167,22.21042688],[114.02637286,22.21185422],[114.02532999,22.21167833],[114.02538475,22.21151484],[114.02531755,22.21150375],[114.02530882,22.21167475],[114.02362488,22.21144082],[114.02356597,22.21188872],[114.02307871,22.21196258],[114.02330747,22.21232736],[114.02303639,22.21251237],[114.02295895,22.21276746],[114.02213555,22.21313331],[114.0220822,22.21327732],[114.02258987,22.21414466],[114.02398153,22.21352759],[114.02532002,22.21480241],[114.02548885,22.21537336],[114.02531509,22.21593479],[114.02574498,22.21620947],[114.0261301,22.21621473],[114.02631162,22.21640579],[114.02654061,22.21725617],[114.02647577,22.21808643],[114.0262358,22.21830084],[114.02546321,22.21852361],[114.02543035,22.21924693],[114.02572644,22.21937944],[114.0258019,22.21993595],[114.02611285,22.22027298],[114.0261993,22.22072512],[114.02678411,22.22161393],[114.02744461,22.22153714],[114.02781623,22.22162985],[114.02790168,22.22182687],[114.02809402,22.22176125],[114.02869986,22.2220351],[114.02944324,22.22191207],[114.03021605,22.22215643],[114.03176903,22.22176599],[114.03246765,22.22205873],[114.03356504,22.22311578],[114.0344168,22.22337779]]],[[[114.13500153,22.22629168],[114.13575357,22.22606841],[114.13613737,22.22563247],[114.13618538,22.22489445],[114.13595022,22.22469852],[114.13597809,22.22428776],[114.13585308,22.22414977],[114.13600713,22.22413708],[114.13584759,22.22392299],[114.13607948,22.22361484],[114.13596312,22.2235505],[114.13557115,22.22376462],[114.13561689,22.2238885],[114.13527752,22.22363019],[114.13472667,22.22354],[114.13421912,22.22307963],[114.13356157,22.22314176],[114.13340866,22.22298826],[114.13305413,22.22409956],[114.13310832,22.22509002],[114.13361914,22.22523315],[114.13402139,22.22569975],[114.13464475,22.22600695],[114.13487326,22.22635481],[114.13500153,22.22629168]]],[[[114.11811894,22.24118598],[114.11856906,22.24054642],[114.11846978,22.24038604],[114.11884785,22.24022809],[114.11903324,22.23996356],[114.11887708,22.23992467],[114.11885563,22.23947278],[114.11920437,22.23911311],[114.11983042,22.23895479],[114.12011244,22.23926665],[114.12043242,22.23913815],[114.12114424,22.23914732],[114.12116579,22.23887059],[114.12160036,22.23900539],[114.12200829,22.23856521],[114.12233441,22.23847472],[114.12304542,22.23727018],[114.12297412,22.2359896],[114.12266392,22.23583735],[114.12254435,22.23524387],[114.12223314,22.23490722],[114.12206943,22.23428612],[114.122168,22.234062],[114.12199212,22.23399883],[114.1218369,22.23415209],[114.12130222,22.23383491],[114.1208791,22.23380642],[114.12039472,22.23290855],[114.12024472,22.23240901],[114.12041633,22.2320047],[114.12026913,22.23196579],[114.12038388,22.23138995],[114.12024518,22.23101515],[114.12028319,22.23064246],[114.12046515,22.23057314],[114.12030576,22.23041344],[114.12046697,22.22962191],[114.12149509,22.22884793],[114.12180801,22.2287254],[114.1217949,22.22893321],[114.12220919,22.22829932],[114.12239995,22.22831831],[114.12303628,22.22768464],[114.12337606,22.22778724],[114.12312026,22.2274794],[114.12363348,22.22703486],[114.12446276,22.22692921],[114.12483268,22.22646982],[114.12543003,22.22655707],[114.12596912,22.22618532],[114.12606429,22.22587931],[114.12590314,22.22550912],[114.12560218,22.22536472],[114.12554678,22.22468407],[114.12564126,22.22437943],[114.12584723,22.22439415],[114.12611741,22.22417528],[114.12606635,22.2238342],[114.12647047,22.22372335],[114.1265623,22.22381571],[114.12674392,22.22367891],[114.126579,22.22354702],[114.12672397,22.22310883],[114.12656713,22.22307013],[114.12639642,22.22365323],[114.12555459,22.22375792],[114.12531146,22.22324992],[114.12530032,22.2225247],[114.12544245,22.22221675],[114.12577297,22.22218099],[114.12588194,22.22190336],[114.12683644,22.22116349],[114.12690188,22.2207257],[114.12731301,22.22084796],[114.12688857,22.22043247],[114.1271479,22.21988181],[114.12787023,22.2194587],[114.12901838,22.21907641],[114.12946111,22.21871705],[114.12953367,22.21880016],[114.12947414,22.21870284],[114.12991642,22.21802764],[114.12984887,22.21778208],[114.13042667,22.2178615],[114.13083059,22.2181959],[114.1305544,22.21843812],[114.13069043,22.21851913],[114.13091159,22.21820781],[114.13112863,22.21835774],[114.1312286,22.21867596],[114.13175246,22.21874371],[114.13203772,22.21896241],[114.13166616,22.21954945],[114.13182756,22.21950441],[114.13194135,22.21963954],[114.13184746,22.21971008],[114.13216902,22.21993895],[114.13189656,22.22012816],[114.13215923,22.22003998],[114.13254184,22.22047565],[114.13259306,22.22063489],[114.13236885,22.22068335],[114.13235723,22.22073391],[114.13281399,22.22063309],[114.1330553,22.22073811],[114.13300626,22.22089075],[114.13340143,22.22089529],[114.13357541,22.22119264],[114.13344935,22.22122335],[114.13345915,22.22125198],[114.13363795,22.22122896],[114.13361717,22.22144904],[114.1334613,22.22150051],[114.13306923,22.22132047],[114.13304875,22.22135658],[114.13345187,22.22151274],[114.1335005,22.22151327],[114.13361483,22.22146928],[114.13363633,22.2214751],[114.1335861,22.22160587],[114.13376749,22.22175469],[114.13427771,22.2211036],[114.13451956,22.22106273],[114.13459854,22.22127527],[114.13471119,22.22109072],[114.13551047,22.22095673],[114.13592116,22.22063418],[114.13610966,22.21988929],[114.13685451,22.21875775],[114.13671302,22.2182203],[114.1370404,22.21651185],[114.13680282,22.21638096],[114.13638661,22.21523047],[114.1356712,22.2145061],[114.13527833,22.21439314],[114.13515624,22.21395615],[114.13486247,22.21380537],[114.13461216,22.2134086],[114.13461971,22.21317359],[114.13417795,22.21310837],[114.12996743,22.21043859],[114.12923737,22.20961186],[114.1285415,22.20954173],[114.12856078,22.20966272],[114.12818256,22.20968274],[114.12810069,22.20930397],[114.12798672,22.2093307],[114.12814488,22.20983781],[114.12780287,22.21003669],[114.12716454,22.20985919],[114.12684043,22.20951009],[114.12686154,22.20916416],[114.12706943,22.20906449],[114.12693037,22.20890157],[114.12705673,22.20813995],[114.12701735,22.20786237],[114.12653971,22.2072588],[114.12692844,22.20658051],[114.12663405,22.20632583],[114.12656485,22.20601214],[114.12693635,22.20543823],[114.12721062,22.2053621],[114.12746611,22.2055967],[114.12781373,22.20554037],[114.127607,22.2052573],[114.12725775,22.20534626],[114.12710609,22.20522179],[114.12726277,22.20521022],[114.1273513,22.20476934],[114.12776438,22.20428987],[114.12857623,22.20408198],[114.12902343,22.20367388],[114.12916992,22.20301409],[114.12956505,22.20273106],[114.13000234,22.20190598],[114.12996756,22.20147755],[114.12981493,22.20144704],[114.12994437,22.20143799],[114.1299909,22.20114353],[114.13025647,22.2014532],[114.13011311,22.20159329],[114.1302494,22.20229628],[114.130502,22.20232614],[114.13044157,22.20278167],[114.13073819,22.20350167],[114.13064751,22.20445342],[114.13091559,22.20462581],[114.13122588,22.20553785],[114.13076854,22.20572607],[114.1312416,22.20560333],[114.13151991,22.20606734],[114.13096642,22.20646742],[114.13154862,22.2061011],[114.13266244,22.20684849],[114.13268021,22.20700482],[114.13327079,22.20725141],[114.13310239,22.20773679],[114.13339701,22.20792639],[114.13313066,22.20772782],[114.13330393,22.20722468],[114.13347439,22.20717949],[114.13383202,22.20733323],[114.1343034,22.20790722],[114.13478563,22.20794387],[114.13485156,22.20829202],[114.13508188,22.20795838],[114.13547224,22.20806241],[114.13570572,22.2083331],[114.13555475,22.20857351],[114.13564296,22.20862574],[114.13825285,22.20877352],[114.13900601,22.20900454],[114.1393835,22.20889934],[114.13979164,22.20921588],[114.14046442,22.20886351],[114.14076124,22.20904361],[114.1410906,22.20879591],[114.14143712,22.20887343],[114.14223851,22.2087498],[114.14246945,22.20848907],[114.1429418,22.20834256],[114.14307382,22.20797961],[114.14361239,22.2077856],[114.14486598,22.20781662],[114.14568587,22.20820654],[114.14575319,22.20847876],[114.14560682,22.20850505],[114.14545201,22.20863527],[114.14567399,22.2085123],[114.14574512,22.2091579],[114.14550637,22.20929615],[114.14639666,22.20913202],[114.14661638,22.20922418],[114.14680089,22.20956432],[114.14667183,22.20992002],[114.14700315,22.21030718],[114.14681705,22.21045144],[114.14705977,22.21030007],[114.14741564,22.21096292],[114.14792962,22.21113928],[114.14904728,22.21093902],[114.14963639,22.21120646],[114.15033705,22.21201825],[114.1505945,22.21187917],[114.15175136,22.21198046],[114.15204824,22.2118823],[114.15229693,22.21125386],[114.15217722,22.21062862],[114.15239008,22.21054534],[114.15219339,22.21042368],[114.15224744,22.20992206],[114.1528707,22.20931955],[114.15371669,22.20948876],[114.15511919,22.2092826],[114.15547874,22.20950818],[114.15554462,22.20971562],[114.15611233,22.20971271],[114.15649943,22.20990308],[114.15790418,22.21005358],[114.15786451,22.21014651],[114.15846595,22.21009178],[114.15822786,22.21024518],[114.15846645,22.21031396],[114.15915638,22.2097708],[114.15939991,22.20976704],[114.15964123,22.2094984],[114.15950643,22.20937262],[114.16028971,22.20861245],[114.15999807,22.20843972],[114.16029783,22.20837719],[114.16029788,22.20809299],[114.15991273,22.20820444],[114.16024422,22.20748711],[114.16009914,22.20745702],[114.16013133,22.20720008],[114.15986983,22.20685946],[114.15934199,22.20658524],[114.15839769,22.20653888],[114.15857289,22.20644251],[114.15858226,22.20617988],[114.1580241,22.20626846],[114.1577501,22.20598574],[114.15763619,22.2053246],[114.1578777,22.20514221],[114.15795146,22.20473764],[114.15783221,22.20446851],[114.1576819,22.20434477],[114.15753741,22.20429599],[114.15745808,22.20423343],[114.15760143,22.20421292],[114.15748605,22.20401061],[114.15707775,22.20406204],[114.15673932,22.20386332],[114.15658511,22.20393645],[114.15656186,22.20381002],[114.155819,22.20376297],[114.15590145,22.20364106],[114.15575598,22.20362027],[114.15466167,22.20412968],[114.15439038,22.20439583],[114.15446781,22.20423137],[114.15426919,22.2041863],[114.15400925,22.20435424],[114.1537939,22.20468473],[114.15330604,22.20498177],[114.15289856,22.20595251],[114.15267256,22.20615838],[114.15213332,22.2063282],[114.15126409,22.20624363],[114.15142762,22.20607082],[114.15083609,22.20571124],[114.15075604,22.20544375],[114.15040113,22.20536892],[114.1498413,22.20575191],[114.14963364,22.20555698],[114.14984086,22.20544267],[114.14996852,22.20511706],[114.14976725,22.20517014],[114.14961577,22.20499494],[114.14936873,22.20530282],[114.14926816,22.20524156],[114.14988519,22.20450863],[114.15005211,22.20405297],[114.14989868,22.20381486],[114.14945644,22.20392273],[114.14953095,22.20374022],[114.14916169,22.20367843],[114.14906792,22.20344785],[114.14867197,22.20369316],[114.14860019,22.20351477],[114.14790212,22.20351116],[114.14780606,22.20340773],[114.14804119,22.20307934],[114.14765471,22.20301261],[114.14787696,22.20293966],[114.14798644,22.20271509],[114.14763648,22.20283663],[114.14752443,22.20259203],[114.14721811,22.20275514],[114.14698616,22.20249803],[114.14695158,22.20199043],[114.14676007,22.20177973],[114.14692629,22.2015613],[114.14653752,22.20143627],[114.14663322,22.20126157],[114.14653343,22.20095974],[114.14690187,22.20060905],[114.14686619,22.20012943],[114.14646263,22.19996131],[114.14603949,22.20004442],[114.14590697,22.19984238],[114.14560355,22.19986062],[114.14546244,22.19971073],[114.14483939,22.2001284],[114.14454191,22.19995069],[114.14471335,22.19962683],[114.14466376,22.19938313],[114.14454008,22.19965415],[114.14437653,22.19968848],[114.14444327,22.19992052],[114.14355643,22.19970936],[114.14316579,22.19919544],[114.14358647,22.19887918],[114.14404268,22.19907297],[114.14417315,22.19862789],[114.1437753,22.19835736],[114.14339518,22.19851542],[114.14305636,22.1981839],[114.14254455,22.19899569],[114.14215147,22.1988961],[114.14203463,22.19854272],[114.14200498,22.19885038],[114.14163698,22.19880356],[114.14125504,22.19908826],[114.14109056,22.19891218],[114.14077437,22.19908792],[114.14027726,22.19875714],[114.13963189,22.19786753],[114.1396475,22.19691551],[114.13976922,22.19666772],[114.14007727,22.19675964],[114.13978296,22.19663857],[114.14022116,22.19564295],[114.14094983,22.19522752],[114.14135122,22.19536474],[114.14128111,22.19554059],[114.14141331,22.19542121],[114.14155351,22.19557076],[114.14193296,22.19506874],[114.14241098,22.19499024],[114.14283016,22.19409779],[114.1437769,22.19338626],[114.14411923,22.19237772],[114.14391016,22.19179607],[114.14315516,22.19112684],[114.14325494,22.19058864],[114.14389813,22.19014628],[114.14535638,22.1901136],[114.14572498,22.18978595],[114.1456492,22.18954779],[114.14591234,22.18944621],[114.14593097,22.18895813],[114.14632845,22.18854338],[114.14618639,22.18827605],[114.14671336,22.1879065],[114.14655726,22.18773611],[114.14677042,22.18763968],[114.14689955,22.18732304],[114.14673608,22.18730591],[114.14712898,22.18711143],[114.14692076,22.18643931],[114.14705749,22.18565886],[114.14727939,22.18555935],[114.14759005,22.18490725],[114.14746277,22.18452534],[114.14780738,22.18441618],[114.14836553,22.18387004],[114.14897759,22.18367819],[114.14889443,22.18345426],[114.14926291,22.18325673],[114.14909733,22.18305849],[114.14882798,22.18309207],[114.14903605,22.1829406],[114.1488401,22.18259746],[114.1495167,22.18242113],[114.14963399,22.18211933],[114.14964723,22.18168695],[114.1492401,22.18121398],[114.14866963,22.18117117],[114.14788235,22.18132876],[114.14814999,22.18218799],[114.14805699,22.18228257],[114.14820813,22.18244818],[114.14778901,22.18300085],[114.14757155,22.1829184],[114.14689535,22.1832841],[114.14638212,22.18332812],[114.14651766,22.18345501],[114.14608287,22.1836249],[114.14586111,22.18341735],[114.14572172,22.18352583],[114.14544073,22.18333374],[114.14510341,22.18336713],[114.14507174,22.18357246],[114.14469688,22.18364464],[114.14440307,22.18349455],[114.14441135,22.18366345],[114.14409913,22.18375582],[114.14399099,22.18401949],[114.14340974,22.18430659],[114.14351485,22.18445008],[114.14342052,22.1849106],[114.14313076,22.18555678],[114.14262175,22.18602103],[114.14212425,22.18618458],[114.14083657,22.18704216],[114.14052719,22.1876006],[114.14010333,22.18789467],[114.13987048,22.18783161],[114.13991814,22.18793221],[114.13964483,22.18806112],[114.1392596,22.18795447],[114.13864793,22.18846313],[114.13851989,22.18832326],[114.13811336,22.18850019],[114.13821321,22.18927677],[114.13730414,22.18940329],[114.13718103,22.18982497],[114.13452723,22.1909284],[114.13438799,22.19060563],[114.13453952,22.18996366],[114.13419106,22.18994165],[114.13436361,22.18977232],[114.13438452,22.18920497],[114.13451194,22.1890848],[114.13423865,22.1885683],[114.13445765,22.1879238],[114.13413608,22.1873914],[114.13411678,22.18705171],[114.13443456,22.18676589],[114.13498813,22.1867074],[114.13546146,22.18647893],[114.13568216,22.18610224],[114.13558261,22.18595398],[114.13584362,22.18578525],[114.13590639,22.1855634],[114.13578961,22.18550713],[114.13595979,22.18548469],[114.13608711,22.18518978],[114.13583277,22.18505954],[114.13612613,22.18487558],[114.13613951,22.18453839],[114.13634587,22.18444655],[114.1362618,22.18430412],[114.13645954,22.18426418],[114.13680866,22.18329461],[114.13706998,22.1831413],[114.13703209,22.18287847],[114.13714843,22.18272024],[114.13729388,22.18275344],[114.13728901,22.18201373],[114.13751721,22.18166624],[114.13739013,22.18153391],[114.13751571,22.18123187],[114.13769563,22.18113906],[114.13774158,22.18074404],[114.13762634,22.18070052],[114.13778967,22.17998374],[114.1375209,22.17952718],[114.13762071,22.17943231],[114.13731416,22.17938039],[114.13744755,22.17853674],[114.13761802,22.17845206],[114.13747576,22.17811544],[114.13741108,22.17826963],[114.13740259,22.17797984],[114.13721562,22.17802591],[114.13723084,22.17772078],[114.13661611,22.17789174],[114.13596055,22.17869108],[114.13529456,22.17901427],[114.13471331,22.17952561],[114.13413726,22.17970015],[114.13409575,22.18027194],[114.13375369,22.18090312],[114.13340127,22.18118698],[114.13315523,22.18195478],[114.13300441,22.18205327],[114.13310532,22.18217848],[114.13297065,22.18265459],[114.1324402,22.1833273],[114.13197088,22.18336675],[114.13159308,22.18278552],[114.13153693,22.18289005],[114.13122282,22.18267193],[114.1306998,22.18262558],[114.13075898,22.18236906],[114.13011089,22.18227893],[114.13030357,22.18197413],[114.13005868,22.18194482],[114.13002983,22.18161399],[114.12975964,22.18149859],[114.12981067,22.18127478],[114.12927677,22.18085907],[114.12939342,22.18073851],[114.12920702,22.18055565],[114.12916487,22.18020806],[114.12901761,22.18011646],[114.12870769,22.18026055],[114.12820904,22.18009329],[114.12812658,22.17964712],[114.12828838,22.1792502],[114.12808406,22.17919854],[114.12783478,22.17862558],[114.127424,22.17866236],[114.12750618,22.17853846],[114.127382,22.17844971],[114.12704601,22.17859398],[114.12638759,22.17839447],[114.12586258,22.17845982],[114.12555555,22.17824276],[114.12523906,22.17864211],[114.12550159,22.17948818],[114.12493792,22.17956427],[114.12485788,22.17974125],[114.12429717,22.1800078],[114.12418969,22.18041694],[114.1234601,22.18121184],[114.1232606,22.18118782],[114.12314714,22.18133033],[114.12294026,22.181136],[114.12254793,22.18119972],[114.12257605,22.18108481],[114.12237355,22.18102657],[114.12243025,22.18068819],[114.12175067,22.17978014],[114.12140982,22.1798669],[114.12134294,22.18001134],[114.12036047,22.17975626],[114.11988291,22.17990265],[114.1194921,22.17983991],[114.11884133,22.17999213],[114.11870734,22.18017928],[114.11863085,22.17999722],[114.11849916,22.1801357],[114.11846272,22.17998981],[114.1182473,22.17999629],[114.11759595,22.18064025],[114.11762893,22.18099005],[114.11734595,22.18121461],[114.11682564,22.1812932],[114.11672857,22.18147984],[114.11591225,22.18139355],[114.1158299,22.18155533],[114.11541207,22.18164416],[114.1154354,22.18182075],[114.11519828,22.18179289],[114.11507511,22.18202457],[114.11517186,22.18211733],[114.11469242,22.18274881],[114.11469643,22.18322276],[114.11432472,22.18310529],[114.11424772,22.18344854],[114.11411248,22.18347967],[114.11412035,22.18388474],[114.11389624,22.18384534],[114.11396541,22.18402292],[114.11382067,22.18412845],[114.11397629,22.18422137],[114.1140165,22.18490497],[114.11427339,22.18519624],[114.11401096,22.18508333],[114.11411169,22.18531286],[114.11391006,22.18543495],[114.11391922,22.18559718],[114.1140127,22.18575536],[114.11428085,22.1855678],[114.11412514,22.18600802],[114.11443285,22.18655865],[114.11429417,22.18679636],[114.11456123,22.18679425],[114.11491775,22.18769152],[114.11514221,22.18779178],[114.1152377,22.18765486],[114.11552441,22.18794305],[114.11553131,22.18817658],[114.11568884,22.18809096],[114.11617314,22.18833795],[114.11706262,22.18831196],[114.11759889,22.18850306],[114.1176718,22.18874898],[114.11824274,22.18910735],[114.11881042,22.1900281],[114.11876183,22.19023908],[114.11899714,22.19017431],[114.12033913,22.19069878],[114.12064166,22.19129492],[114.1201042,22.19165886],[114.12038728,22.19170925],[114.12044582,22.19195062],[114.12037946,22.19234339],[114.12007372,22.19253721],[114.1204865,22.19250575],[114.12082084,22.19321629],[114.12090512,22.19427733],[114.12074554,22.1952557],[114.12092055,22.19583473],[114.12070249,22.19608162],[114.12080211,22.19703004],[114.12129184,22.19740268],[114.12146705,22.19774114],[114.12161634,22.19876592],[114.12138489,22.19958692],[114.12165103,22.20066514],[114.12150681,22.20082113],[114.12172814,22.20079853],[114.12206194,22.20128742],[114.12209036,22.20201525],[114.12172642,22.2025043],[114.12188303,22.20245124],[114.12217777,22.20267607],[114.12225416,22.20303597],[114.12191414,22.20312631],[114.1219858,22.20347917],[114.12177121,22.20338398],[114.12167281,22.20351041],[114.12175977,22.20363813],[114.12247652,22.20367947],[114.12267525,22.20425525],[114.12234065,22.20507445],[114.12045748,22.20587941],[114.11970035,22.20672252],[114.11984776,22.20690643],[114.11963492,22.20743079],[114.11997802,22.20779014],[114.12058614,22.20799267],[114.12101255,22.20796094],[114.12122347,22.20812345],[114.12142049,22.20886161],[114.12081833,22.20984575],[114.12087081,22.21009873],[114.12155981,22.21012081],[114.12188963,22.21078782],[114.12157942,22.21184714],[114.12105276,22.21253516],[114.1207152,22.21264639],[114.12054853,22.21301693],[114.1208357,22.21356127],[114.12123929,22.21372663],[114.12129782,22.21432832],[114.120717,22.21486167],[114.12093311,22.21503797],[114.12064862,22.21520116],[114.12077278,22.21546236],[114.1204771,22.21535881],[114.12029363,22.21566846],[114.12033158,22.21578334],[114.12061219,22.21574842],[114.12045986,22.2160978],[114.12051354,22.21642985],[114.12023394,22.21671543],[114.12026048,22.21685601],[114.12041394,22.21683425],[114.12036237,22.21705574],[114.120291,22.216885],[114.1202107,22.21705224],[114.12032595,22.21722812],[114.12013532,22.21722593],[114.12025255,22.21729549],[114.12010638,22.21736824],[114.12016483,22.21757317],[114.11963123,22.21861177],[114.11947962,22.21867879],[114.11909926,22.2185099],[114.11915476,22.21859759],[114.11897666,22.21861314],[114.11927156,22.21878607],[114.11894299,22.21885752],[114.11819173,22.21841884],[114.11780949,22.21917661],[114.11746289,22.21956011],[114.11699107,22.21978788],[114.11528412,22.22030375],[114.11413698,22.22025727],[114.11352122,22.22008314],[114.1136277,22.21516471],[114.11380299,22.21484798],[114.11358698,22.21417635],[114.11281969,22.21362956],[114.11210584,22.21335389],[114.11115038,22.21321215],[114.11018584,22.21325191],[114.10967968,22.21351044],[114.10946736,22.21381362],[114.10946367,22.21601924],[114.10545208,22.21598795],[114.10546082,22.21544003],[114.10564025,22.21525163],[114.1079113,22.21523179],[114.1083364,22.2149882],[114.10843155,22.21200369],[114.10867379,22.21173895],[114.10864373,22.21136839],[114.10841073,22.2110815],[114.10805177,22.21094863],[114.10326425,22.21082851],[114.10289883,22.21098733],[114.10273202,22.21132918],[114.10284599,22.21632468],[114.10170488,22.21607125],[114.10157367,22.21588544],[114.10203034,22.21288057],[114.10177135,22.21283761],[114.10075316,22.21874056],[114.10275937,22.21848994],[114.10277164,22.21859379],[114.10242944,22.21871144],[114.10265171,22.2192694],[114.1031176,22.21910914],[114.10298503,22.21942153],[114.10333483,22.21964901],[114.1030807,22.2200387],[114.10332366,22.22032099],[114.1031032,22.22106411],[114.10364863,22.2219958],[114.10391421,22.2215311],[114.10465149,22.22146904],[114.10504683,22.22124672],[114.10573353,22.22211621],[114.10556735,22.22229407],[114.10567558,22.22260588],[114.1058818,22.22279769],[114.10613625,22.2226801],[114.10614488,22.22310343],[114.10677791,22.22306376],[114.10717629,22.22341691],[114.10728474,22.2239992],[114.10741332,22.22392107],[114.10749306,22.22427593],[114.10757224,22.22411615],[114.10768354,22.22423507],[114.10781686,22.22412629],[114.10903979,22.22479202],[114.10865391,22.22480026],[114.10869487,22.22500714],[114.1090911,22.2248191],[114.10944332,22.22500232],[114.11036584,22.22475881],[114.11056881,22.22503711],[114.11036875,22.22524507],[114.11073875,22.22502007],[114.11118325,22.22498306],[114.11129686,22.22511137],[114.11132494,22.22570617],[114.11069225,22.22586806],[114.11140448,22.22578703],[114.11146148,22.22642112],[114.11129447,22.22684165],[114.11038903,22.22677865],[114.11001364,22.22696261],[114.10844804,22.22602268],[114.1083525,22.22617755],[114.10992289,22.22698272],[114.1095694,22.22699674],[114.10921845,22.22765876],[114.10927729,22.22801637],[114.10898388,22.22796719],[114.10891438,22.22766114],[114.10917429,22.22749969],[114.10890082,22.22742321],[114.10854883,22.22751315],[114.10825253,22.22802322],[114.10833432,22.22819535],[114.10886336,22.22815972],[114.10911599,22.22908265],[114.10988982,22.22927991],[114.10988814,22.22955063],[114.10975106,22.22962582],[114.11019162,22.22968773],[114.11036926,22.23056096],[114.11020137,22.23106762],[114.10985437,22.23145429],[114.10952517,22.23141296],[114.10914463,22.23169026],[114.10870484,22.23176158],[114.10872441,22.2316202],[114.10840675,22.23186657],[114.10789404,22.23187609],[114.10768118,22.23205011],[114.10775249,22.23217762],[114.10754893,22.23252106],[114.10730746,22.23255116],[114.10710135,22.23225675],[114.10709794,22.2323754],[114.10621576,22.23282836],[114.10578825,22.2333081],[114.10580028,22.23413088],[114.10704393,22.23475715],[114.10728208,22.23509599],[114.10718692,22.23531506],[114.10749997,22.2352596],[114.10780245,22.23547627],[114.10768734,22.23559726],[114.10790564,22.23563123],[114.10780448,22.23572091],[114.10821582,22.2357045],[114.10823877,22.23537142],[114.10840844,22.23528494],[114.10901404,22.23543094],[114.10903229,22.23574768],[114.10947737,22.23597896],[114.10936739,22.23607056],[114.10972326,22.23608582],[114.10995585,22.23626496],[114.10988847,22.23666378],[114.110041,22.23656812],[114.11090548,22.23673679],[114.11202104,22.23715742],[114.11261673,22.23711627],[114.11350232,22.23798743],[114.11458836,22.23790602],[114.11492301,22.23822282],[114.11535886,22.23810127],[114.1160849,22.23826507],[114.11596819,22.23841549],[114.1164659,22.23868169],[114.11694957,22.23858825],[114.11695312,22.23872662],[114.11738682,22.23900138],[114.11745313,22.23927521],[114.11686525,22.23977025],[114.11724934,22.23991776],[114.11762653,22.24029538],[114.11745465,22.24071705],[114.1176293,22.24062861],[114.11787065,22.24108385],[114.11811894,22.24118598]]],[[[113.8581106,22.24850659],[113.8577048,22.24879301],[113.85709564,22.2520578],[113.85717178,22.25234382],[113.85744289,22.25249595],[113.8577324,22.25243661],[113.85790301,22.25221866],[113.85786702,22.25170565],[113.85829787,22.24939078],[113.85851331,22.24895066],[113.85842065,22.2486432],[113.8581106,22.24850659]]],[[[114.03308183,22.25878882],[114.03421985,22.25858039],[114.03469963,22.25863606],[114.03490968,22.25849081],[114.03533143,22.25851671],[114.0353981,22.25839288],[114.03595355,22.25847246],[114.03653804,22.25824536],[114.03762649,22.25836532],[114.03816899,22.2579808],[114.03930305,22.25776741],[114.04187819,22.25845414],[114.04302758,22.25779525],[114.04323971,22.25780709],[114.0438799,22.2571757],[114.04477272,22.2570812],[114.04494687,22.25692034],[114.04530232,22.25621793],[114.04527661,22.2553884],[114.04552103,22.25509647],[114.04534291,22.25505561],[114.0452545,22.25477752],[114.04534269,22.25379887],[114.04500441,22.25357941],[114.04507704,22.25311289],[114.04484994,22.25310708],[114.04462733,22.25244562],[114.04448667,22.25251895],[114.04449105,22.25199386],[114.04408263,22.25141684],[114.04397289,22.25041554],[114.04507562,22.24929731],[114.0454379,22.24903508],[114.04555534,22.24910495],[114.04549412,22.24891353],[114.04573854,22.24817837],[114.0462158,22.24782779],[114.04650662,22.2469129],[114.04679939,22.2469106],[114.04730526,22.24616133],[114.04707707,22.24564699],[114.04669659,22.24532825],[114.04668866,22.24508191],[114.04640114,22.24510127],[114.04616239,22.24490071],[114.0460547,22.24414094],[114.04622645,22.24356188],[114.04515778,22.24233414],[114.04501451,22.24203621],[114.04504638,22.24157739],[114.04472181,22.24120715],[114.04393279,22.24131981],[114.04369928,22.24104851],[114.04362356,22.24121319],[114.04339022,22.24113611],[114.0429671,22.24151054],[114.0428085,22.2414965],[114.04241598,22.2422417],[114.04100535,22.24266426],[114.04078061,22.24300118],[114.04051293,22.24305249],[114.04008374,22.24425427],[114.03882757,22.2436137],[114.03841806,22.24370575],[114.03836966,22.24394968],[114.03854163,22.24416172],[114.04013487,22.24472507],[114.04007938,22.24518804],[114.03982775,22.24528589],[114.03996629,22.245399],[114.03993856,22.24577382],[114.0397118,22.24577528],[114.03962626,22.24594303],[114.0395769,22.24585047],[114.03954927,22.24622938],[114.03941437,22.24631511],[114.03954953,22.24634939],[114.03872729,22.24687852],[114.03818088,22.24789358],[114.03825346,22.24823768],[114.03892597,22.24863129],[114.03891864,22.24907036],[114.0383648,22.24967671],[114.03756757,22.24987795],[114.03749435,22.25009178],[114.03673611,22.25029759],[114.03585397,22.25019258],[114.03563944,22.24985217],[114.03542886,22.24982095],[114.03565309,22.24968643],[114.0355461,22.24963644],[114.03560745,22.24931095],[114.03502856,22.24934612],[114.03512142,22.24950336],[114.03496506,22.24963616],[114.03520973,22.24986835],[114.03513998,22.25032612],[114.03484989,22.25059735],[114.03448402,22.25150596],[114.03386815,22.25212009],[114.03398232,22.25240206],[114.03381089,22.252528],[114.03380124,22.25269524],[114.03393977,22.25273134],[114.03385786,22.25299208],[114.03317689,22.25324816],[114.0331987,22.25340109],[114.03288581,22.25331854],[114.03269658,22.25343934],[114.03292243,22.25363461],[114.03270616,22.25356578],[114.03259342,22.25375894],[114.03289229,22.2536978],[114.03292321,22.25382065],[114.03252455,22.25444453],[114.03069384,22.25411176],[114.03058057,22.25391995],[114.0296823,22.25422329],[114.02965972,22.25405929],[114.02933338,22.25403048],[114.02908878,22.25430857],[114.02909346,22.2540406],[114.02889267,22.2539315],[114.0276125,22.25413875],[114.02790447,22.25423135],[114.02716878,22.25492655],[114.02727672,22.25536411],[114.0270715,22.2556534],[114.02670318,22.25563445],[114.0267076,22.25586443],[114.02654988,22.25580376],[114.0266724,22.2561801],[114.02646217,22.2565829],[114.02678505,22.25687161],[114.02709824,22.25653497],[114.0277926,22.25660676],[114.0281371,22.2568382],[114.0283573,22.25733033],[114.02818514,22.25735369],[114.0282348,22.25789978],[114.02770877,22.25784545],[114.02772087,22.25796351],[114.02834359,22.25796119],[114.02829137,22.25825461],[114.02806741,22.25840196],[114.02795327,22.25830679],[114.02805115,22.2586154],[114.02921894,22.25861946],[114.02939418,22.25874711],[114.0297048,22.2585059],[114.02983335,22.25858542],[114.03011858,22.25828424],[114.03029226,22.25823895],[114.03041212,22.2583838],[114.03046482,22.25818023],[114.03073932,22.25801275],[114.03152759,22.25789222],[114.03190423,22.25791981],[114.03245179,22.25856073],[114.03308183,22.25878882]]],[[[114.05481404,22.26496896],[114.05478481,22.26480188],[114.05524865,22.2646925],[114.05552562,22.26377638],[114.05600869,22.26371863],[114.05577755,22.26348727],[114.05586439,22.26320609],[114.05608198,22.26313658],[114.05607419,22.26300377],[114.05635335,22.26301048],[114.05648738,22.26281262],[114.05629182,22.26282797],[114.05624254,22.26225383],[114.05606485,22.26230127],[114.05574176,22.26206158],[114.05543354,22.2621285],[114.05532154,22.26200169],[114.05525539,22.26171604],[114.05545015,22.26132156],[114.05502364,22.26083473],[114.05511823,22.26070453],[114.0548528,22.26031188],[114.05498875,22.26022496],[114.05480237,22.26026127],[114.05447954,22.26001594],[114.05443605,22.25969166],[114.05364313,22.2589315],[114.05308515,22.25880067],[114.05281651,22.2588966],[114.0522384,22.25865028],[114.05206892,22.25827652],[114.05153625,22.25799122],[114.05147396,22.25772407],[114.05134036,22.25775076],[114.05085587,22.25719951],[114.05055097,22.25713295],[114.04985579,22.25714164],[114.04958789,22.25730271],[114.04926125,22.25715353],[114.04877589,22.25726001],[114.04880008,22.25763648],[114.04854952,22.25797572],[114.04823256,22.25817009],[114.04752366,22.25811867],[114.04710212,22.25837068],[114.0470424,22.25895861],[114.04683132,22.2590206],[114.04672315,22.25932179],[114.04682064,22.25961027],[114.04734231,22.25986739],[114.0475233,22.26043445],[114.04711291,22.26182383],[114.04849242,22.26273849],[114.04906529,22.2628997],[114.04959541,22.26331623],[114.0500603,22.26407217],[114.05077823,22.26425601],[114.05110125,22.26407406],[114.05151019,22.2640934],[114.05255868,22.26474539],[114.05270054,22.26467512],[114.05386022,22.26495496],[114.05466758,22.26481116],[114.05481404,22.26496896]]],[[[114.0240357,22.26955821],[114.02402957,22.26907076],[114.02336269,22.2687319],[114.02339185,22.26909826],[114.0240357,22.26955821]]],[[[113.93278244,22.28158253],[113.93262886,22.28153245],[113.93254043,22.2816347],[113.93273278,22.28172507],[113.93278244,22.28158253]]],[[[114.04878238,22.28376146],[114.04903816,22.28375391],[114.04912517,22.2835876],[114.04896943,22.28362575],[114.04898604,22.28340454],[114.04857049,22.28330423],[114.04843193,22.28353285],[114.04878238,22.28376146]]],[[[114.07898904,22.28687982],[114.07969115,22.28681616],[114.0798754,22.28625239],[114.07942049,22.28570315],[114.0797314,22.28527415],[114.07961335,22.28512367],[114.07904371,22.28511466],[114.07903681,22.28489565],[114.07886254,22.28479299],[114.07894297,22.28408045],[114.07982294,22.28338091],[114.07986033,22.28308],[114.07954791,22.28240856],[114.07923081,22.28238788],[114.07895573,22.28214948],[114.0786042,22.28217579],[114.07857564,22.28231783],[114.07838613,22.28210804],[114.0774154,22.28243658],[114.0771822,22.28228275],[114.07734964,22.28202052],[114.07722737,22.28196069],[114.07704387,22.28239984],[114.07691132,22.28210547],[114.07662839,22.28222656],[114.07670732,22.28251139],[114.07652702,22.28235509],[114.07634376,22.28251501],[114.07592159,22.28252083],[114.07576225,22.28240596],[114.07584402,22.28226761],[114.07561497,22.28218227],[114.07453143,22.28213986],[114.0748246,22.28254235],[114.07455135,22.28277412],[114.0743588,22.28267418],[114.07427157,22.28290168],[114.07440469,22.28315028],[114.07414687,22.28349168],[114.0740776,22.28401963],[114.07393723,22.28395508],[114.07389859,22.28411068],[114.07410065,22.28415572],[114.07421754,22.28453371],[114.07459233,22.28496381],[114.07479749,22.28500288],[114.07548886,22.2857406],[114.07592119,22.28582238],[114.07606771,22.28600595],[114.0769843,22.28616917],[114.077377,22.28640768],[114.07750155,22.28632179],[114.07817948,22.28644678],[114.07874044,22.28687538],[114.07898904,22.28687982]]],[[[114.05859032,22.28963685],[114.0592036,22.28960288],[114.05957836,22.2892959],[114.05977148,22.28928113],[114.05981697,22.2894032],[114.05983328,22.28913981],[114.06035652,22.28907027],[114.06045523,22.28884529],[114.06025032,22.28868814],[114.06053606,22.28872214],[114.06066694,22.28847148],[114.06051406,22.28837599],[114.06030663,22.2885622],[114.06019636,22.28831401],[114.05957596,22.28816507],[114.05942949,22.28784997],[114.05874519,22.28768628],[114.0584501,22.28766647],[114.05829806,22.28779189],[114.05836037,22.28796189],[114.05806796,22.28788483],[114.05793127,22.28805113],[114.0579119,22.28785213],[114.05757686,22.28788607],[114.05767199,22.28813542],[114.05812701,22.28833456],[114.05803345,22.28863712],[114.05739619,22.28873405],[114.057373,22.28886787],[114.05702069,22.28880094],[114.05722215,22.28908297],[114.05695138,22.28907927],[114.05717882,22.28932881],[114.05761109,22.28911333],[114.05805443,22.28914219],[114.05859032,22.28963685]]],[[[114.03341973,22.29005842],[114.0336931,22.2899515],[114.03385525,22.29003814],[114.033741,22.29019414],[114.03385411,22.29027805],[114.0342663,22.29027985],[114.03397218,22.29012964],[114.03418998,22.28999463],[114.03384308,22.28989164],[114.03374339,22.28968499],[114.03388932,22.28909904],[114.03351636,22.28898485],[114.03368058,22.28850599],[114.03353241,22.28846167],[114.0336228,22.2885433],[114.03347555,22.28896704],[114.03256658,22.28870644],[114.03221441,22.28898747],[114.03173823,22.28906631],[114.03213407,22.28965572],[114.03304223,22.29000949],[114.03284676,22.29030589],[114.03299016,22.29042089],[114.03341973,22.29005842]]],[[[114.04349047,22.29217121],[114.0437139,22.29211799],[114.04392502,22.29182265],[114.04456064,22.29189179],[114.04452808,22.29171433],[114.04476826,22.29166296],[114.04439164,22.29143223],[114.04450992,22.29115964],[114.04586124,22.29107909],[114.04586058,22.29097278],[114.04567766,22.29079193],[114.04496094,22.29068386],[114.04493934,22.29006358],[114.04462572,22.28978186],[114.04329016,22.28923296],[114.04293652,22.28922433],[114.04270782,22.28896012],[114.04199945,22.28883744],[114.04184606,22.28862894],[114.04191457,22.2884618],[114.04172549,22.28840709],[114.04187714,22.28818963],[114.04159139,22.28826146],[114.04153746,22.2880359],[114.04124296,22.28793147],[114.0412295,22.28770954],[114.04041116,22.28784393],[114.04007054,22.28706905],[114.03966068,22.28677245],[114.03974647,22.28614747],[114.04015118,22.28541369],[114.04061489,22.28498463],[114.04113993,22.28471657],[114.04169376,22.28466354],[114.04219802,22.28482846],[114.04225055,22.28497973],[114.04206482,22.28515901],[114.04215483,22.28579008],[114.04280285,22.28624386],[114.04287937,22.28661253],[114.04416022,22.28704914],[114.04592967,22.28685467],[114.04596821,22.28661039],[114.04620107,22.28655678],[114.04588387,22.28626182],[114.04602089,22.2857743],[114.04622271,22.28565482],[114.04587515,22.28534636],[114.04593909,22.28486429],[114.04711669,22.28465775],[114.04714477,22.2842927],[114.04752054,22.2841788],[114.04733534,22.2839974],[114.047487,22.28394045],[114.04716258,22.28373929],[114.04701964,22.28343946],[114.04712312,22.28328044],[114.04674469,22.28300876],[114.04684183,22.28297425],[114.04673651,22.28266273],[114.04627004,22.28216028],[114.04626906,22.281633],[114.04592537,22.28143751],[114.04612924,22.28144185],[114.04579242,22.28120522],[114.04573977,22.28100139],[114.04537053,22.28089122],[114.0452286,22.28103991],[114.04492736,22.28095989],[114.04472384,22.28064419],[114.04454979,22.28063876],[114.0446289,22.28034738],[114.04409247,22.28011488],[114.0433248,22.2801629],[114.04309949,22.28035033],[114.04276144,22.28024417],[114.04257153,22.28032864],[114.04201274,22.27994962],[114.04119605,22.27979103],[114.04086315,22.27993595],[114.04103976,22.28007607],[114.04096155,22.28015302],[114.0407939,22.28009667],[114.03947509,22.28089939],[114.03942522,22.28080737],[114.03937746,22.28093607],[114.03835922,22.28088741],[114.0377394,22.28137776],[114.03738064,22.28248001],[114.03816031,22.28351979],[114.0383063,22.28396321],[114.03818792,22.28428478],[114.03775125,22.28409666],[114.0381385,22.28434236],[114.03763305,22.28484294],[114.03730346,22.28474122],[114.03738257,22.28452563],[114.03693346,22.28439429],[114.03519692,22.28928811],[114.03549606,22.28938628],[114.0357149,22.28976604],[114.03625897,22.29009003],[114.03631489,22.29040291],[114.03652777,22.29041794],[114.03668841,22.29019307],[114.03684677,22.29043277],[114.03765399,22.29091675],[114.03828383,22.29106415],[114.03870697,22.29085722],[114.0393341,22.2908184],[114.03973221,22.29094143],[114.03979728,22.29124242],[114.04038356,22.29135833],[114.04107719,22.29178101],[114.04136763,22.29164405],[114.0419334,22.29173504],[114.04210304,22.29179945],[114.04224362,22.29215308],[114.04285773,22.29183033],[114.04349047,22.29217121]]],[[[113.93534968,22.28501871],[113.9354851,22.28491973],[113.93550097,22.28495595],[113.93520899,22.28508119],[113.93548491,22.28497319],[113.93559519,22.28522107],[113.93527223,22.28526391],[113.93537746,22.28536867],[113.93507998,22.2854649],[113.93519449,22.28575527],[113.93495708,22.28565837],[113.9348105,22.28579947],[113.93488206,22.28595569],[113.93465129,22.28584262],[113.93454221,22.28593766],[113.93452246,22.28570137],[113.93433484,22.28529557],[113.93449238,22.28591949],[113.9347385,22.28612979],[113.93409352,22.28632351],[113.93460192,22.28627111],[113.93511811,22.28710978],[113.93503027,22.28730592],[113.93546168,22.28762683],[113.93546458,22.28784046],[113.93631961,22.28846342],[113.93652919,22.2904637],[113.9401458,22.2938208],[113.94037261,22.29384791],[113.94025033,22.29453555],[113.94044997,22.29455917],[113.94052001,22.29386604],[113.94392261,22.29427309],[113.94649936,22.29665281],[113.94855704,22.29776278],[113.94978679,22.29865834],[113.95535034,22.30407049],[113.95689145,22.30395846],[113.95819139,22.3044808],[113.95842811,22.30485661],[113.95841937,22.3052496],[113.9576752,22.3060681],[113.95654251,22.30517889],[113.95812074,22.30668054],[113.95861776,22.30693988],[113.9594982,22.3068309],[113.96110544,22.30566717],[113.96376938,22.30429982],[113.96478583,22.30357389],[113.9655648,22.30274533],[113.96616546,22.3018052],[113.96695597,22.2995599],[113.96999828,22.30039889],[113.97097867,22.30078231],[113.97138974,22.30118647],[113.9719196,22.30130309],[113.97431831,22.30269524],[113.97497191,22.30375907],[113.97603644,22.30464821],[113.97660041,22.30476942],[113.97736143,22.30457663],[113.97779381,22.30463579],[113.97979281,22.30733903],[113.98634631,22.31109698],[113.99123502,22.31175557],[113.99234811,22.31239977],[113.99459997,22.31422886],[113.99460004,22.31418915],[114.00696615,22.31392893],[114.00787278,22.31452687],[114.00923306,22.31443154],[114.0098099,22.31501135],[114.01011356,22.31474703],[114.01003719,22.31419914],[114.01009213,22.31401856],[114.01046456,22.31385515],[114.05544663,22.31289966],[114.05542682,22.31151199],[114.0552391,22.31074217],[114.04780791,22.30715571],[114.04728095,22.30707461],[114.04577949,22.30729685],[114.04579947,22.30709389],[114.04620513,22.3070998],[114.04618853,22.30577439],[114.04592758,22.30690381],[114.04546673,22.30690252],[114.04542979,22.30635349],[114.04523827,22.30635329],[114.04523664,22.30709524],[114.04559909,22.30709768],[114.04561313,22.30729469],[114.04459929,22.30708968],[114.04279062,22.30630342],[114.04130252,22.30596467],[114.03908535,22.30592169],[114.0369891,22.30646655],[114.03422298,22.30807517],[114.03340277,22.3089589],[114.03313904,22.30950593],[114.03317176,22.30973876],[114.03268944,22.3100925],[114.03220675,22.31146258],[114.0296414,22.31297876],[114.02867058,22.31269552],[114.02841754,22.31250568],[114.02832636,22.31214942],[114.02753301,22.31163233],[114.02729175,22.31119223],[114.02702902,22.31120781],[114.02665942,22.31064214],[114.02610948,22.31052608],[114.02600218,22.31023557],[114.02532566,22.30996924],[114.02404683,22.3099798],[114.023481,22.3101356],[114.02299988,22.31006408],[114.02161211,22.31049759],[114.02007885,22.31021006],[114.01898543,22.31061513],[114.01831417,22.3106168],[114.01774613,22.3103408],[114.01723238,22.30984738],[114.01743786,22.30699527],[114.01687478,22.30675016],[114.01689111,22.30647974],[114.01749058,22.30651127],[114.01750674,22.30624543],[114.01690706,22.30621388],[114.01691718,22.30603317],[114.01640403,22.3058379],[114.01593831,22.30634415],[114.01558514,22.30615852],[114.01573134,22.30400649],[114.0161468,22.30366558],[114.01700838,22.30339342],[114.01710384,22.30347541],[114.01804131,22.30291844],[114.01919643,22.30298778],[114.01994659,22.30280872],[114.01917621,22.30232206],[114.01925881,22.30187699],[114.01946594,22.30164378],[114.01989097,22.30155202],[114.02028648,22.30179021],[114.02073422,22.30126993],[114.019981,22.30131691],[114.01977062,22.30113084],[114.01915187,22.30101546],[114.01881316,22.30073677],[114.01743877,22.30030463],[114.01568391,22.30033615],[114.01542684,22.29971281],[114.0154059,22.29860794],[114.01557996,22.2977314],[114.01594991,22.2968891],[114.01612315,22.29663806],[114.01794255,22.29702609],[114.01816268,22.296844],[114.01754458,22.29668114],[114.01768358,22.29623204],[114.01825901,22.29629496],[114.01768898,22.29621459],[114.01779342,22.29587851],[114.01923043,22.29619168],[114.01979662,22.29569967],[114.01999094,22.29570074],[114.02095381,22.29645988],[114.02041674,22.29706653],[114.02049603,22.29712094],[114.02099881,22.29649439],[114.02149141,22.29693515],[114.02095362,22.29754255],[114.02103292,22.29759695],[114.02153523,22.29697089],[114.02223362,22.29737517],[114.02268994,22.29732097],[114.02309238,22.29768998],[114.02322462,22.29793342],[114.0231301,22.29809847],[114.02378661,22.29889135],[114.02457794,22.2991326],[114.02454131,22.29841309],[114.02472531,22.29794399],[114.02496686,22.29778921],[114.02538119,22.29786542],[114.02530128,22.29773313],[114.02560828,22.29765503],[114.02564962,22.29741385],[114.02587212,22.29724362],[114.02574816,22.29707775],[114.02578158,22.29664348],[114.02550712,22.29617932],[114.02551496,22.29517598],[114.02578381,22.29484901],[114.02623994,22.29462967],[114.02642676,22.2941904],[114.02625336,22.29391503],[114.02781002,22.29173409],[114.02724091,22.29093355],[114.02378636,22.29152265],[114.02296645,22.29215049],[114.02284066,22.2920094],[114.02292089,22.29218566],[114.02269727,22.29212011],[114.02282305,22.2922612],[114.02217197,22.29282409],[114.02019964,22.29417147],[114.01978567,22.29391947],[114.01938824,22.29325469],[114.01938835,22.29309671],[114.01995577,22.29312924],[114.01935105,22.29305278],[114.01914309,22.29293505],[114.01908588,22.2926425],[114.01910791,22.29205178],[114.01917827,22.29189248],[114.01932909,22.29192677],[114.01921178,22.29187623],[114.0194047,22.29135717],[114.01993774,22.29142436],[114.02011395,22.29108619],[114.02115829,22.29080339],[114.02118846,22.2906287],[114.0210297,22.29053266],[114.02058473,22.29077187],[114.01984108,22.29067156],[114.01898619,22.28932465],[114.01886308,22.28807374],[114.01922365,22.28658229],[114.01971318,22.28564982],[114.02011496,22.28556467],[114.02040277,22.28512642],[114.02072282,22.28489318],[114.02082323,22.28497838],[114.02073771,22.2848793],[114.02098952,22.28464949],[114.02144273,22.28465329],[114.02173226,22.28491293],[114.02193141,22.28475244],[114.02255961,22.28484752],[114.02296288,22.28463281],[114.02310868,22.28371752],[114.02255626,22.28310027],[114.02236792,22.28227149],[114.02259212,22.28209228],[114.02260427,22.28176259],[114.02305938,22.28209448],[114.02314669,22.28197485],[114.02247846,22.28160131],[114.02221363,22.28110301],[114.02187991,22.28103405],[114.0219525,22.28084689],[114.02204291,22.28097256],[114.02248275,22.28053975],[114.02261561,22.27999551],[114.02293278,22.27987143],[114.02304232,22.27949418],[114.02320897,22.27948996],[114.02340293,22.27910044],[114.02400066,22.27875428],[114.02388193,22.27835502],[114.0236734,22.2782323],[114.0230843,22.27812856],[114.02254335,22.27828294],[114.02237022,22.27812031],[114.02233886,22.27787187],[114.02201432,22.27755619],[114.02190162,22.27702532],[114.02201774,22.27676132],[114.02161096,22.27632188],[114.02171712,22.27543542],[114.02188031,22.27526649],[114.02244842,22.2751324],[114.02242099,22.27498091],[114.0226616,22.27480664],[114.02241588,22.27456769],[114.02256605,22.27437278],[114.02250429,22.273948],[114.02225543,22.2737817],[114.02211919,22.27089254],[114.02222993,22.2708186],[114.02180243,22.27027495],[114.02240983,22.26920628],[114.02295617,22.26884104],[114.0228577,22.26858277],[114.02250109,22.26851638],[114.02268677,22.26833221],[114.02251552,22.26830396],[114.02242951,22.26850512],[114.02212167,22.26845391],[114.02157211,22.26802074],[114.02153255,22.26711339],[114.02180313,22.2665335],[114.0224711,22.26672379],[114.02182141,22.26651821],[114.02210047,22.26621368],[114.02318329,22.26642692],[114.02350753,22.26631365],[114.0235401,22.26590585],[114.02337848,22.2657802],[114.02289456,22.26607336],[114.02250623,22.26608102],[114.02224991,22.2658849],[114.02223509,22.2660087],[114.02200377,22.26606674],[114.02198168,22.26593339],[114.02185437,22.26608658],[114.02101385,22.26583197],[114.02063164,22.26633017],[114.01966783,22.26645087],[114.01951122,22.26626571],[114.01837405,22.26592215],[114.01804013,22.26551051],[114.01700309,22.26538081],[114.01619506,22.26550012],[114.01534597,22.2652294],[114.01528781,22.26533573],[114.01504207,22.2652269],[114.01477195,22.26535909],[114.0139715,22.26529982],[114.01402262,22.2654471],[114.01359231,22.26558232],[114.01366309,22.26588229],[114.01352732,22.26603319],[114.012712,22.26616068],[114.01229481,22.26638502],[114.01218795,22.26630487],[114.01136909,22.26675409],[114.01081911,22.26669509],[114.01055549,22.2670097],[114.01026962,22.26693644],[114.01029321,22.26732507],[114.01045552,22.26734347],[114.01059479,22.267608],[114.01059133,22.26791737],[114.01033578,22.26854283],[114.00995859,22.26894227],[114.00910167,22.26885066],[114.00896745,22.26897891],[114.00812185,22.26905538],[114.00742198,22.26946956],[114.0071051,22.26944252],[114.00701923,22.26928456],[114.0070059,22.26954297],[114.00641856,22.26966438],[114.00593982,22.27016794],[114.00579798,22.27013548],[114.00585196,22.27024124],[114.00540899,22.27058824],[114.00544239,22.2709609],[114.00529842,22.27116368],[114.00418653,22.27141154],[114.00398072,22.27169573],[114.00372257,22.27160404],[114.00393772,22.27196053],[114.00369832,22.27235987],[114.00268232,22.27258896],[114.0014385,22.27229025],[114.00116509,22.27206959],[114.00132517,22.2720802],[114.00130261,22.27188141],[114.00105618,22.27194425],[114.00110326,22.27204086],[114.00073514,22.27183467],[113.99965814,22.27086509],[113.99890964,22.26956349],[113.99833277,22.26773741],[113.99824816,22.26721996],[113.9984312,22.26704402],[113.99832303,22.26684788],[113.99730375,22.26646064],[113.99703548,22.26654162],[113.99655071,22.26634431],[113.99642702,22.26610576],[113.9957502,22.26579905],[113.99506295,22.26583197],[113.99496046,22.26563291],[113.99581991,22.2655902],[113.99882104,22.26672239],[114.00027327,22.2663018],[114.00141061,22.26577104],[114.00146619,22.26562193],[114.00195001,22.26581072],[114.0017845,22.26572322],[114.0019152,22.26516537],[114.00264371,22.26526097],[114.00270392,22.26506515],[114.00197483,22.26488129],[114.00211487,22.26480398],[114.00200725,22.26474871],[114.00242288,22.262877],[114.00132963,22.26274477],[114.0013192,22.26236621],[114.00356975,22.26233801],[114.00646734,22.26089061],[114.00622155,22.26034544],[114.00688787,22.25994398],[114.00704415,22.25938014],[114.00739669,22.25905151],[114.00734516,22.25868701],[114.00768801,22.25799475],[114.00743359,22.25783458],[114.00749802,22.25762561],[114.00756958,22.25750633],[114.00818659,22.2574031],[114.00832442,22.25716334],[114.00813405,22.2563655],[114.0082421,22.25596307],[114.00883624,22.25578885],[114.0089991,22.25595777],[114.00885153,22.25578353],[114.00916495,22.25559164],[114.00922452,22.25569355],[114.00922165,22.25550526],[114.00968746,22.2554407],[114.01016382,22.25496339],[114.0106342,22.25492593],[114.01106001,22.25470543],[114.01148637,22.25422572],[114.01132267,22.25327952],[114.01163218,22.25323494],[114.01156267,22.25296203],[114.01210986,22.25293388],[114.01222432,22.25265406],[114.01172134,22.25198115],[114.01162005,22.25213715],[114.01070739,22.25203555],[114.01064454,22.25242277],[114.01048768,22.2525227],[114.00999648,22.25239672],[114.00957212,22.25193632],[114.00965432,22.25175403],[114.0086412,22.25093037],[114.00689984,22.25017898],[114.00644559,22.25018011],[114.0060341,22.24990656],[114.00591736,22.24949821],[114.006103,22.24931707],[114.00558445,22.24893574],[114.00554379,22.2490336],[114.0052363,22.24894001],[114.0048087,22.24903711],[114.00437864,22.24894131],[114.0043563,22.24914636],[114.00396865,22.24921747],[114.00366601,22.24903708],[114.00327974,22.24844408],[114.00217131,22.24869141],[114.00187271,22.24895293],[114.00113497,22.24862963],[114.00062848,22.24813187],[114.00067386,22.24751933],[114.00048707,22.24704176],[114.00009791,22.24681068],[114.00014824,22.24663384],[113.99974098,22.24658932],[113.99948395,22.24605444],[113.99944756,22.24588524],[113.99974186,22.24560995],[113.99964594,22.24552494],[113.99983698,22.24545022],[113.99931114,22.24530579],[113.99871535,22.2453596],[113.99850464,22.24497782],[113.99745927,22.24452847],[113.9972432,22.24425876],[113.99627491,22.24399817],[113.99510298,22.2431551],[113.99479055,22.24327518],[113.99429213,22.24310744],[113.99368414,22.24263451],[113.99346039,22.24205264],[113.99361399,22.2413042],[113.99403415,22.24056936],[113.99475917,22.23988713],[113.9942923,22.23969831],[113.9939354,22.24032361],[113.99377574,22.24033849],[113.99351925,22.24013181],[113.99326239,22.24017321],[113.99341014,22.23952525],[113.99409008,22.23939729],[113.99447042,22.23947894],[113.99510797,22.23985652],[113.99531456,22.24011111],[113.99528617,22.24030941],[113.99555842,22.24044894],[113.99558901,22.24025705],[113.99614869,22.23981257],[113.99637764,22.23985805],[113.99662418,22.23967551],[113.99723555,22.23956661],[113.99831647,22.24059802],[113.99877236,22.2408558],[113.99896883,22.2408264],[113.9994608,22.23940458],[114.00039073,22.23974228],[114.00041973,22.23966591],[113.9993154,22.2392453],[113.99959499,22.23854983],[114.00024969,22.23817431],[114.00064611,22.23851991],[114.00120795,22.23847954],[114.00111992,22.2383632],[114.00175385,22.23746514],[114.00213208,22.23752885],[114.00209913,22.23736574],[114.00223533,22.23742388],[114.00244343,22.23727362],[114.00239163,22.23694616],[114.00270053,22.23673585],[114.00299578,22.23675083],[114.00312919,22.23634817],[114.0035878,22.23626497],[114.00375312,22.23546978],[114.00354596,22.23483436],[114.00338984,22.23475345],[114.00342761,22.23451648],[114.0039533,22.23401582],[114.00509389,22.23331093],[114.00542846,22.23319206],[114.00582404,22.23326597],[114.00590408,22.23345448],[114.00638252,22.23346397],[114.00651574,22.23335168],[114.00737153,22.23334628],[114.0073697,22.23317872],[114.00819401,22.23342912],[114.00845726,22.23374449],[114.00841849,22.23440298],[114.00855902,22.2345585],[114.01066739,22.23550746],[114.0106998,22.23517725],[114.01088983,22.23497465],[114.01079901,22.23442152],[114.01098479,22.23423582],[114.01069427,22.23414216],[114.01072325,22.23361388],[114.01093811,22.2331069],[114.01122363,22.23304397],[114.01156323,22.23238865],[114.01251257,22.23201841],[114.01295112,22.23231545],[114.01391227,22.23244177],[114.01417756,22.23219307],[114.01449391,22.23222389],[114.01495906,22.23197768],[114.01527618,22.23158061],[114.01521433,22.23137437],[114.01597949,22.23083926],[114.0165836,22.23100679],[114.01669281,22.23144539],[114.01795843,22.23162715],[114.01821484,22.23141047],[114.01868019,22.23139063],[114.01909238,22.23101048],[114.01962892,22.2311239],[114.02041599,22.23019476],[114.0204299,22.22987198],[114.01963435,22.23000034],[114.01929145,22.22991079],[114.01856168,22.22940503],[114.01819395,22.22932045],[114.01778759,22.22891251],[114.01766419,22.22845583],[114.01788405,22.22817372],[114.01780065,22.22810106],[114.01839146,22.22764783],[114.01809286,22.22750921],[114.01786087,22.22708133],[114.01787664,22.2267866],[114.01759657,22.22663187],[114.01757997,22.22588286],[114.01737588,22.22562197],[114.01643682,22.22549313],[114.01624556,22.22524307],[114.0161349,22.22534117],[114.01602489,22.22517396],[114.01571844,22.2251096],[114.01554174,22.22483906],[114.01489322,22.2247514],[114.01472908,22.22448481],[114.01392998,22.22466507],[114.01380915,22.22449765],[114.01353398,22.22446799],[114.0132593,22.22473655],[114.01280637,22.22454227],[114.0123388,22.22470782],[114.01234998,22.22420367],[114.01227917,22.22420228],[114.01230234,22.22471877],[114.0121368,22.22466172],[114.0117844,22.2238834],[114.0117553,22.22334244],[114.01101922,22.22269744],[114.01079906,22.22223599],[114.00994864,22.22175629],[114.00991604,22.22150772],[114.01017736,22.22141716],[114.01006733,22.22136594],[114.01012059,22.22107541],[114.01059385,22.22079713],[114.01061343,22.2204842],[114.01042798,22.22030444],[114.01060252,22.21992714],[114.0105102,22.21981253],[114.01022697,22.21993471],[114.01009147,22.21957868],[114.00955252,22.21973413],[114.00925373,22.2191053],[114.00918688,22.21924906],[114.00880324,22.21908836],[114.00879152,22.21920305],[114.00802181,22.21954012],[114.00785948,22.21930128],[114.00728463,22.21949538],[114.00586101,22.21860242],[114.00492476,22.21840064],[114.00472926,22.21794413],[114.00505757,22.21747367],[114.00483363,22.21718607],[114.00500144,22.21692054],[114.00390941,22.2157041],[114.00443959,22.21563158],[114.00421816,22.21495452],[114.00390884,22.21491597],[114.00293666,22.2152423],[114.00063971,22.21472632],[114.00040906,22.21520527],[114.00052977,22.21537167],[114.00032775,22.21565598],[114.00047496,22.21634438],[114.00026805,22.21679069],[114.00033091,22.21696553],[113.99998747,22.21716084],[113.999556,22.21669172],[113.99952163,22.21671775],[113.99978562,22.21718383],[113.99950604,22.21811331],[113.99868314,22.21826547],[113.99726441,22.21819565],[113.99594498,22.21785971],[113.99528041,22.21744908],[113.99507445,22.21722953],[113.9951719,22.21671796],[113.99486493,22.21651217],[113.99441588,22.21647193],[113.9945325,22.21617488],[113.99431796,22.21574367],[113.99390676,22.21544647],[113.99397665,22.21535798],[113.99368774,22.21532811],[113.9936701,22.21518162],[113.99287625,22.21512785],[113.99282953,22.2152382],[113.99241227,22.21511307],[113.99167442,22.21554893],[113.98997247,22.21457093],[113.98933046,22.21380522],[113.98940781,22.21361502],[113.98983383,22.21332179],[113.98994074,22.21343731],[113.99011109,22.21320694],[113.98998811,22.21312979],[113.98985055,22.21329318],[113.9897648,22.21305307],[113.98989003,22.21277307],[113.98969961,22.21253194],[113.98772043,22.21253957],[113.9874711,22.21233178],[113.98711156,22.21232969],[113.98708765,22.21220276],[113.98695471,22.21223722],[113.98708206,22.21235439],[113.98696704,22.21238024],[113.98694443,22.21421238],[113.98673966,22.21448565],[113.98630726,22.21454403],[113.98610482,22.21475629],[113.98607675,22.21548252],[113.98557815,22.21569022],[113.98510281,22.21547951],[113.98373438,22.21550069],[113.98350704,22.21584813],[113.98313807,22.2160268],[113.98316158,22.2162272],[113.98248704,22.21617208],[113.98227277,22.21632192],[113.98218935,22.21621323],[113.98184547,22.21631842],[113.98165377,22.21641723],[113.98139024,22.2169981],[113.98110465,22.21682952],[113.98064379,22.21710067],[113.98043893,22.21732332],[113.98040132,22.21772505],[113.98064498,22.21839257],[113.98136701,22.21844036],[113.981838,22.21867893],[113.98257241,22.21980098],[113.98283985,22.22088794],[113.98369244,22.22154565],[113.98403855,22.22237549],[113.98371217,22.22240723],[113.98373563,22.22250053],[113.98405507,22.22241229],[113.98422769,22.22254801],[113.98417968,22.22275907],[113.98380741,22.22358624],[113.98286692,22.22491567],[113.98222335,22.22500695],[113.98206894,22.22533085],[113.98113317,22.22613336],[113.98088798,22.22663526],[113.9800621,22.22743097],[113.97986446,22.22746663],[113.97979139,22.22765196],[113.97938983,22.22757599],[113.9793212,22.22787686],[113.97903657,22.2278482],[113.97901306,22.22813307],[113.97865561,22.22796801],[113.97771696,22.22836079],[113.97762438,22.22853362],[113.97826969,22.22985634],[113.97839932,22.22985589],[113.97841288,22.23012954],[113.978755,22.23047233],[113.97875473,22.23077628],[113.97927208,22.23199449],[113.97920896,22.23213127],[113.97944731,22.2324281],[113.97928087,22.23307298],[113.97966523,22.23385103],[113.97999891,22.23400049],[113.97993563,22.23417561],[113.98008054,22.23431869],[113.98058617,22.2344884],[113.98060911,22.23468086],[113.9808801,22.23488827],[113.98191689,22.23529558],[113.98235145,22.23575785],[113.98216361,22.23556715],[113.98205863,22.23561954],[113.98159385,22.2369098],[113.98189322,22.23718332],[113.9820819,22.2379353],[113.98250696,22.23855431],[113.9822581,22.2388962],[113.98172788,22.23882422],[113.98106506,22.23909783],[113.98015793,22.2405917],[113.97988362,22.24058344],[113.97986396,22.23999258],[113.98001491,22.23973429],[113.97938593,22.23902179],[113.97973097,22.23895113],[113.97975691,22.23879387],[113.98014445,22.2388627],[113.98060906,22.23838687],[113.98094592,22.23825762],[113.98174787,22.23746853],[113.98163618,22.2372584],[113.9813825,22.23721345],[113.97874856,22.23881802],[113.97687582,22.23953332],[113.97357969,22.24045753],[113.97363209,22.24084928],[113.97350537,22.24085509],[113.97350685,22.24054296],[113.9729263,22.24056411],[113.97256894,22.24016153],[113.9722632,22.24006249],[113.97201688,22.23967267],[113.97187064,22.23956875],[113.97178432,22.23958797],[113.97172097,22.23957874],[113.97170141,22.23956238],[113.97183422,22.23954572],[113.97179215,22.23943838],[113.97138193,22.23970262],[113.9707843,22.23962592],[113.97037942,22.23940863],[113.97022523,22.23906786],[113.96890092,22.23818384],[113.96855534,22.23765102],[113.96840983,22.23768832],[113.96705831,22.23674842],[113.96526174,22.23663307],[113.96383473,22.23581884],[113.96320131,22.23585186],[113.96279042,22.23570342],[113.96264741,22.23547082],[113.96279703,22.2350404],[113.96256024,22.23473853],[113.96273997,22.2342483],[113.96261794,22.23415084],[113.96271329,22.23365751],[113.9624489,22.2329736],[113.96174604,22.23332487],[113.96130282,22.23330894],[113.96114132,22.23305885],[113.96052312,22.23331116],[113.95891007,22.23257681],[113.95868526,22.23233155],[113.9586859,22.23202465],[113.95815511,22.23169723],[113.9577968,22.23201349],[113.95740701,22.23168602],[113.95726133,22.23170948],[113.95718786,22.23234983],[113.95698145,22.23238348],[113.95754681,22.23269822],[113.95776055,22.23313029],[113.9575232,22.23305507],[113.95645929,22.23376995],[113.95522939,22.23406492],[113.95393876,22.23414469],[113.95289412,22.23383478],[113.95201715,22.23417348],[113.95215962,22.23401058],[113.95111796,22.23386273],[113.95112971,22.23395803],[113.9509406,22.23397175],[113.95110067,22.23385832],[113.94781226,22.2330665],[113.94538769,22.23224815],[113.9452068,22.23233963],[113.94520213,22.23223571],[113.94303871,22.2313771],[113.94012514,22.22970696],[113.93997151,22.22942077],[113.93999859,22.22882832],[113.9398505,22.22881085],[113.93986035,22.22909155],[113.93940145,22.22897527],[113.93943511,22.22885267],[113.93918512,22.22872156],[113.93874879,22.22892344],[113.93750397,22.22891404],[113.93613515,22.22848134],[113.93411288,22.22733158],[113.9340487,22.22682112],[113.93423556,22.22625321],[113.93439945,22.22616267],[113.9342182,22.22604681],[113.93428348,22.22576919],[113.93384403,22.22573583],[113.93373072,22.22584332],[113.93320523,22.22536663],[113.93277748,22.22520166],[113.93206543,22.22530908],[113.93080626,22.22513137],[113.93043501,22.2250101],[113.93005917,22.22462793],[113.9295544,22.22463487],[113.92878719,22.22425839],[113.92766572,22.22403544],[113.92767064,22.22439541],[113.92795249,22.22445857],[113.92794697,22.22460054],[113.92719274,22.22462528],[113.92678314,22.22496526],[113.92587002,22.22626143],[113.92547949,22.22626003],[113.9252641,22.22648099],[113.92484592,22.22655132],[113.92420843,22.22620711],[113.92373674,22.22614381],[113.92298342,22.2252367],[113.92244468,22.22364591],[113.92168979,22.22245463],[113.92146646,22.22157703],[113.92081241,22.22175765],[113.92033462,22.22169414],[113.91992025,22.22139143],[113.91980479,22.22171831],[113.91948765,22.22134491],[113.9187413,22.22134383],[113.91862707,22.21994506],[113.91885602,22.21939467],[113.91880919,22.21908039],[113.91912364,22.21845021],[113.91969092,22.21836753],[113.91933671,22.21832945],[113.91912726,22.21805119],[113.91815943,22.21841398],[113.91828639,22.21859956],[113.91812381,22.2187682],[113.91794301,22.21862366],[113.91814716,22.21860997],[113.91805862,22.21836532],[113.91730575,22.21854874],[113.91705621,22.21883569],[113.91688363,22.21891853],[113.91728731,22.21850611],[113.91853448,22.21810389],[113.92042786,22.2178233],[113.92159311,22.21731825],[113.921978,22.21751058],[113.92210948,22.21722382],[113.92245926,22.21702433],[113.92302477,22.21731086],[113.92366993,22.21716478],[113.92382994,22.21742548],[113.92424005,22.21727107],[113.92437219,22.21753549],[113.92457177,22.21752676],[113.9246461,22.21791012],[113.92506705,22.2178494],[113.92550753,22.21833114],[113.92582793,22.21846814],[113.92607896,22.21888058],[113.92750528,22.21862147],[113.92826724,22.21836883],[113.92897412,22.21760843],[113.9296451,22.21749936],[113.93009451,22.21697863],[113.93055938,22.21676912],[113.93094096,22.21591268],[113.93115875,22.21574717],[113.93117704,22.21542563],[113.93101578,22.2152966],[113.93118269,22.21511691],[113.93098589,22.21476199],[113.93115608,22.21441725],[113.93100992,22.21435502],[113.93095541,22.21399132],[113.93073997,22.21390091],[113.93077785,22.2136911],[113.93039341,22.21342356],[113.93044928,22.21316953],[113.93031466,22.212958],[113.9306461,22.21160701],[113.93050907,22.21089671],[113.93078505,22.21034829],[113.93062457,22.21029488],[113.93056616,22.20999828],[113.93000969,22.20969706],[113.92948029,22.20981071],[113.92889578,22.20964137],[113.92799378,22.20964174],[113.92781366,22.20956575],[113.92788123,22.20941139],[113.92773586,22.20927821],[113.92748443,22.20937114],[113.92731333,22.20967452],[113.92731469,22.20939451],[113.92713398,22.20923877],[113.92685109,22.20945449],[113.92673296,22.20916881],[113.92531721,22.20901088],[113.92506602,22.2087097],[113.92493222,22.20880243],[113.92488221,22.20859596],[113.92468866,22.20867062],[113.92339625,22.20814816],[113.92328495,22.20774161],[113.92339135,22.20743145],[113.92315504,22.2073481],[113.92312348,22.20712317],[113.92287235,22.20721303],[113.92257959,22.2077367],[113.92182062,22.20796352],[113.92150777,22.20793629],[113.9208911,22.20755791],[113.92035486,22.20757484],[113.91992629,22.20824487],[113.920114,22.20887914],[113.92000661,22.20922003],[113.91939895,22.20934652],[113.91914564,22.20878529],[113.91895699,22.20882205],[113.9189494,22.20909321],[113.91876948,22.20920163],[113.91883795,22.20974727],[113.91866419,22.21024587],[113.91780545,22.21087706],[113.91748278,22.21088512],[113.9172944,22.21134108],[113.91657224,22.21142854],[113.91612909,22.21121323],[113.91594484,22.21153364],[113.91499389,22.21133484],[113.91417872,22.2108304],[113.9144407,22.21019567],[113.91424486,22.20985385],[113.91427743,22.20887909],[113.91359442,22.20822989],[113.91327472,22.20748169],[113.9130532,22.20754915],[113.91254473,22.2072351],[113.91267429,22.2067855],[113.91245834,22.20635314],[113.91166981,22.20660154],[113.91154263,22.20651011],[113.9109028,22.20695011],[113.91042677,22.20692913],[113.90995218,22.20734254],[113.90977664,22.20726346],[113.90924214,22.20761938],[113.90889069,22.20765736],[113.9087158,22.20738689],[113.90810862,22.20833934],[113.90797459,22.20825639],[113.90760943,22.20857891],[113.90737251,22.20850731],[113.90699824,22.20887273],[113.90682182,22.20971407],[113.90604714,22.2106424],[113.90536624,22.21079447],[113.9047046,22.21145305],[113.90440385,22.21147402],[113.90424049,22.21126444],[113.90355677,22.21098387],[113.90294817,22.21157708],[113.90293604,22.21173683],[113.90336226,22.21192765],[113.90319414,22.21240427],[113.90216918,22.21276764],[113.90205565,22.21318742],[113.90167956,22.21330711],[113.90165777,22.21351362],[113.90143905,22.21344002],[113.90144974,22.21378859],[113.90105718,22.21394238],[113.90066735,22.2138948],[113.90014217,22.21346261],[113.90002264,22.21397227],[113.89981145,22.21392876],[113.89955834,22.21441422],[113.898779,22.21444946],[113.89879798,22.21484282],[113.89864757,22.21483934],[113.89875765,22.21485563],[113.89859194,22.21517831],[113.89839377,22.21539645],[113.89814978,22.21541252],[113.89833176,22.2158213],[113.89804852,22.2160552],[113.89841886,22.21624565],[113.89834293,22.21673613],[113.89767976,22.21760734],[113.89709503,22.217894],[113.89690439,22.21830229],[113.89716402,22.21901372],[113.89828969,22.21994722],[113.89869047,22.22010078],[113.89821371,22.22218292],[113.89794242,22.22207457],[113.89735545,22.22229128],[113.89633801,22.22211083],[113.89637821,22.22222429],[113.89579139,22.22229671],[113.89563712,22.22199619],[113.8957436,22.22154368],[113.89424869,22.22004978],[113.89417222,22.22011998],[113.89567642,22.22152195],[113.89552158,22.22201008],[113.89508526,22.22212357],[113.89407099,22.22192118],[113.89400647,22.22246282],[113.89414,22.22254022],[113.89413802,22.22297382],[113.89368909,22.2231716],[113.89263042,22.22326752],[113.89168339,22.22299196],[113.89104349,22.22254636],[113.89092566,22.22222765],[113.89143253,22.22179104],[113.89132873,22.22158156],[113.89164683,22.22120149],[113.89145657,22.22095225],[113.89155194,22.22083346],[113.89139056,22.22086133],[113.89145556,22.22074686],[113.89125939,22.22056137],[113.89086888,22.220863],[113.89061115,22.22080142],[113.89038814,22.22065277],[113.89045451,22.22050054],[113.8900378,22.22033692],[113.89009596,22.22007264],[113.88976995,22.21978026],[113.88886545,22.21988504],[113.8887353,22.22022143],[113.88846756,22.2202377],[113.88855276,22.22032653],[113.88841079,22.22045905],[113.88853131,22.22057189],[113.88824698,22.2208534],[113.88676586,22.22105353],[113.88545901,22.22084487],[113.88494165,22.22058047],[113.88424976,22.21988514],[113.88297653,22.21946612],[113.88304267,22.21906903],[113.88288395,22.21920071],[113.88276515,22.21898018],[113.88226988,22.21886887],[113.88181187,22.21842133],[113.88186142,22.21822675],[113.88169966,22.21808831],[113.88184245,22.21779749],[113.88150293,22.2176602],[113.88168007,22.21756906],[113.88161938,22.21736306],[113.88138943,22.21731792],[113.88151608,22.21728433],[113.8811351,22.21698753],[113.8810644,22.21674419],[113.88078139,22.21665978],[113.88094593,22.21660338],[113.88069869,22.21634313],[113.88074906,22.21595375],[113.88059844,22.21593716],[113.88038254,22.21555468],[113.88000847,22.21557879],[113.88015203,22.21541056],[113.87977283,22.21521077],[113.87951333,22.21530597],[113.87911298,22.21468314],[113.87833118,22.21474559],[113.87809004,22.21440452],[113.87800204,22.21383563],[113.87846367,22.2131149],[113.87833834,22.21267873],[113.8784318,22.21242371],[113.87898446,22.21215599],[113.87922228,22.21221712],[113.87957558,22.21180001],[113.87946782,22.21171301],[113.87969442,22.21158022],[113.87954357,22.21129486],[113.87964403,22.2111796],[113.87940917,22.21116507],[113.87943946,22.21089785],[113.87920677,22.2109286],[113.87926452,22.21079718],[113.87912392,22.21075473],[113.87872895,22.21087404],[113.87823787,22.21083911],[113.87820307,22.21071379],[113.87789315,22.2107731],[113.87771588,22.21097444],[113.87782394,22.21118355],[113.87731442,22.21146383],[113.877041,22.21144831],[113.87674309,22.21180523],[113.87654547,22.21178343],[113.87545841,22.21125679],[113.87471945,22.21146889],[113.87424096,22.21116066],[113.87403969,22.21122706],[113.87376194,22.21106003],[113.87370916,22.21079175],[113.87403689,22.21071637],[113.87382138,22.21067318],[113.87382284,22.21051119],[113.87350488,22.21065905],[113.87330834,22.2103528],[113.87276492,22.21039865],[113.87293859,22.21022718],[113.87273868,22.21011764],[113.87284085,22.20997683],[113.87230744,22.20996706],[113.87234777,22.20981337],[113.87205085,22.20977647],[113.87214175,22.20968288],[113.87195061,22.20950304],[113.87157124,22.20940989],[113.87129085,22.20950889],[113.8711535,22.20929246],[113.87141853,22.20894818],[113.87090453,22.20832104],[113.87072704,22.20848894],[113.87069482,22.20807748],[113.86995396,22.20749083],[113.86973426,22.20645168],[113.86908086,22.2061075],[113.86846973,22.20547566],[113.86841829,22.20522288],[113.86867743,22.20451277],[113.86788166,22.20374003],[113.86797764,22.20358209],[113.86776904,22.20348893],[113.86796749,22.20347942],[113.8676765,22.20331619],[113.86781627,22.20320169],[113.86772469,22.20303829],[113.86789205,22.20305154],[113.86758553,22.20261415],[113.86726289,22.20262543],[113.86738096,22.20274117],[113.86682103,22.20263863],[113.86621726,22.20281571],[113.86556711,22.20274806],[113.86477919,22.20230706],[113.86469079,22.20193779],[113.86415606,22.20199266],[113.86405085,22.20220368],[113.86426441,22.20243651],[113.86425593,22.2028326],[113.86468712,22.20378916],[113.864646,22.20404847],[113.86417616,22.20436001],[113.86417787,22.20480358],[113.86408057,22.20500084],[113.86406239,22.20435572],[113.864561,22.20376031],[113.86443515,22.20357757],[113.86310856,22.20427171],[113.8629174,22.20419127],[113.86227585,22.20438695],[113.86140648,22.20439825],[113.86074243,22.2041987],[113.86040204,22.20387947],[113.85995512,22.20381201],[113.85998512,22.20353286],[113.8596662,22.20329539],[113.85886361,22.20363517],[113.85876656,22.20350118],[113.8583287,22.2036622],[113.85829099,22.20345632],[113.85775196,22.20350951],[113.85754025,22.2033619],[113.85748551,22.20351383],[113.85728837,22.20347397],[113.85665763,22.20304204],[113.85644084,22.20306811],[113.85630715,22.20282598],[113.85570556,22.20277224],[113.85421847,22.20205951],[113.85347402,22.20146391],[113.85315782,22.20099654],[113.85279337,22.20002148],[113.85279186,22.19907898],[113.85319478,22.19858809],[113.85371578,22.19864282],[113.85405844,22.1983485],[113.85417889,22.19801514],[113.85440575,22.19792061],[113.85408448,22.19745232],[113.85404023,22.19708409],[113.85359129,22.19774124],[113.85308158,22.19765873],[113.85260971,22.19676742],[113.85204897,22.19646051],[113.85112619,22.19680625],[113.85072021,22.19670772],[113.85072861,22.19688119],[113.85011039,22.19714238],[113.84962289,22.19754746],[113.84923716,22.19748533],[113.84899857,22.19719405],[113.84881993,22.19738218],[113.84834927,22.19727319],[113.84804664,22.19738941],[113.84777412,22.19718739],[113.84758703,22.19660163],[113.84762185,22.19622027],[113.84813777,22.19585494],[113.84807212,22.19554441],[113.84791273,22.19551767],[113.84744157,22.19596566],[113.84693746,22.19589767],[113.84639232,22.19542881],[113.84614534,22.19548677],[113.84616242,22.19537607],[113.84561949,22.19560821],[113.84559357,22.19575691],[113.84545224,22.19558517],[113.84505638,22.19569278],[113.84495541,22.19614895],[113.84511173,22.19635465],[113.84483294,22.19657892],[113.84490872,22.19682778],[113.84608258,22.19744035],[113.8463526,22.19774811],[113.84642078,22.19814899],[113.84683457,22.19844657],[113.84713551,22.1989685],[113.84711184,22.19957416],[113.84697567,22.19996675],[113.84680707,22.20005207],[113.8469304,22.20025316],[113.8467084,22.20061595],[113.84712155,22.20087992],[113.8470149,22.20161392],[113.8475499,22.20177905],[113.84800145,22.20147679],[113.84845113,22.20166067],[113.84895159,22.20265621],[113.84901233,22.20393414],[113.8491625,22.20422355],[113.84895338,22.20427765],[113.84855177,22.2047996],[113.84833629,22.20464584],[113.84852379,22.20482182],[113.84844424,22.20488472],[113.84763068,22.20511979],[113.84764605,22.20521793],[113.84686468,22.20490724],[113.84633934,22.20491134],[113.84624297,22.20475966],[113.84625587,22.20491804],[113.8460175,22.20505499],[113.84607959,22.20525755],[113.84567827,22.20538278],[113.84562173,22.20554979],[113.84544909,22.20548877],[113.84536911,22.20571528],[113.84489661,22.20555751],[113.84487705,22.20576705],[113.84427683,22.20598093],[113.84426812,22.2065697],[113.84412631,22.20674509],[113.84330729,22.20691725],[113.8432555,22.20717677],[113.84260198,22.20757485],[113.84227562,22.20814556],[113.84198557,22.20824301],[113.84207432,22.20859632],[113.84190607,22.20886458],[113.84205432,22.20912285],[113.84195331,22.2093639],[113.84208413,22.20990649],[113.84162707,22.2103194],[113.84181805,22.21064424],[113.84166177,22.21166152],[113.84193228,22.21204327],[113.84244058,22.21211425],[113.84296604,22.21197433],[113.84327688,22.21211397],[113.84343168,22.2135752],[113.84393485,22.21464939],[113.84378317,22.21495842],[113.84401137,22.21543556],[113.84316899,22.21677881],[113.84154056,22.21783669],[113.84041959,22.21811658],[113.83987684,22.21888416],[113.84008488,22.21903082],[113.84016828,22.21960831],[113.83974931,22.22042558],[113.83992249,22.22068848],[113.83982754,22.22126642],[113.83994658,22.2214099],[113.83974374,22.22234474],[113.83996911,22.22278124],[113.83973403,22.22321039],[113.84003289,22.22344584],[113.8401453,22.2237988],[113.83991211,22.22471217],[113.8402905,22.22580034],[113.84009046,22.22628438],[113.84022713,22.22624607],[113.84011289,22.22672595],[113.83998228,22.22688061],[113.83937625,22.22700107],[113.83940452,22.22735196],[113.83916238,22.2276377],[113.8396276,22.22811512],[113.83981314,22.22801816],[113.83965418,22.22832653],[113.83991528,22.22862111],[113.8405373,22.22892823],[113.841166,22.2310351],[113.84115808,22.23179601],[113.84157967,22.23240358],[113.84157846,22.23286411],[113.84140239,22.23320161],[113.84157398,22.23396831],[113.84202143,22.23453342],[113.84233681,22.2344959],[113.8428543,22.23520518],[113.8438447,22.23501911],[113.84444262,22.23507549],[113.84461394,22.23495228],[113.84561242,22.23554137],[113.84636453,22.23509953],[113.84695544,22.23434555],[113.84784229,22.23389237],[113.84856226,22.23301915],[113.84869618,22.23263126],[113.84858313,22.23206799],[113.84882592,22.2308629],[113.84859874,22.22964039],[113.84874015,22.22964183],[113.84873699,22.22998008],[113.8489463,22.23035464],[113.84906181,22.23019123],[113.84908431,22.2306471],[113.85035364,22.23053482],[113.85103356,22.23078817],[113.85120559,22.23135347],[113.85140426,22.2313862],[113.85162213,22.23173772],[113.85168663,22.23207008],[113.85152092,22.23219003],[113.85211555,22.2321714],[113.85189418,22.23245074],[113.85209624,22.23241608],[113.85209431,22.2326446],[113.85240804,22.23289528],[113.85189417,22.23286677],[113.85269537,22.23298962],[113.85252541,22.23320213],[113.85281673,22.23401815],[113.85264408,22.23509474],[113.85277301,22.23520668],[113.85233888,22.23545479],[113.85263828,22.23536081],[113.85270233,22.23546489],[113.85258952,22.23605683],[113.85271021,22.23638893],[113.85230792,22.23746398],[113.85240401,22.23801124],[113.85227274,22.23835704],[113.85241557,22.23863855],[113.85125891,22.24031477],[113.85090133,22.24157474],[113.85094848,22.24249666],[113.85140781,22.24335547],[113.85208759,22.2436399],[113.85308651,22.24432944],[113.85450424,22.24463976],[113.85526662,22.24499444],[113.85632111,22.24517433],[113.85699187,22.24512171],[113.85815787,22.24536128],[113.85872582,22.24528499],[113.85995246,22.2457096],[113.8607259,22.24620643],[113.86091983,22.24613258],[113.8614338,22.24663383],[113.86135562,22.24677413],[113.8619625,22.24690006],[113.86204831,22.24715504],[113.86200671,22.24727741],[113.86134292,22.24717013],[113.86042446,22.25218824],[113.86175663,22.25299591],[113.86143011,22.25426406],[113.86107541,22.2542495],[113.86103171,22.25468962],[113.86085749,22.25461536],[113.86077236,22.25474607],[113.86036606,22.25445538],[113.85917744,22.25450715],[113.85815386,22.2549023],[113.85802919,22.2550854],[113.85811176,22.25525667],[113.85783424,22.25523875],[113.85784312,22.25534074],[113.85777977,22.25512985],[113.85766864,22.25516066],[113.85761957,22.25540532],[113.85749963,22.25533203],[113.85740566,22.25557431],[113.85711772,22.25559611],[113.85650423,22.25471212],[113.85665993,22.25465469],[113.85661544,22.25449974],[113.8564697,22.25452602],[113.85646625,22.25447269],[113.85662715,22.25431036],[113.85673082,22.25447265],[113.85705004,22.25443276],[113.85707889,22.2541863],[113.8566277,22.25406757],[113.85635537,22.25375403],[113.85515241,22.25317967],[113.85497748,22.25300636],[113.85515665,22.25281781],[113.85462788,22.25309978],[113.85325512,22.25285122],[113.85297291,22.25233951],[113.85287589,22.25237486],[113.85313052,22.25294987],[113.8530719,22.25330217],[113.85274267,22.25370732],[113.85258711,22.25439829],[113.85200719,22.25486305],[113.85198426,22.25528572],[113.85165554,22.25596284],[113.85214625,22.25656974],[113.85209195,22.25669832],[113.85273058,22.25688265],[113.85280108,22.25704527],[113.85358683,22.25740789],[113.85386483,22.25783946],[113.85435842,22.2579615],[113.85544776,22.259253],[113.85535054,22.25942607],[113.85548784,22.25962191],[113.85553209,22.25948106],[113.85573476,22.25963026],[113.85605102,22.25959105],[113.85663857,22.26003401],[113.85698167,22.2600764],[113.85744762,22.26041857],[113.85788464,22.26046775],[113.85816722,22.26079935],[113.85877163,22.26087278],[113.8586784,22.2610011],[113.85883737,22.2610313],[113.85924683,22.26087247],[113.85957042,22.26099375],[113.85952112,22.26116871],[113.859873,22.2612815],[113.86000231,22.26115894],[113.86016679,22.26132301],[113.86022426,22.26117437],[113.8605525,22.26117698],[113.86042285,22.26108533],[113.8607801,22.26104527],[113.86109303,22.26078615],[113.86170239,22.26085148],[113.86179956,22.26070973],[113.86222606,22.26091411],[113.86210453,22.26101131],[113.86235884,22.26118463],[113.86231037,22.26095294],[113.86252162,22.2608125],[113.86213668,22.26012507],[113.86216918,22.25994103],[113.86236751,22.25979533],[113.86298136,22.25978336],[113.86321599,22.25948379],[113.86306766,22.25909751],[113.86258401,22.25890371],[113.86224085,22.25774777],[113.86267501,22.25791357],[113.86299551,22.25851917],[113.86382918,22.25852014],[113.86495178,22.25897147],[113.86548612,22.25957041],[113.86628644,22.26126391],[113.86781952,22.26293795],[113.86837626,22.26388919],[113.86839835,22.26424812],[113.86891933,22.26468868],[113.86950259,22.26560701],[113.86963925,22.26628073],[113.869454,22.2664269],[113.86961507,22.26669944],[113.86953964,22.26688299],[113.86981322,22.26704185],[113.87000563,22.26750492],[113.87038475,22.26788881],[113.8702465,22.26792991],[113.87181469,22.2689718],[113.87231966,22.26901901],[113.87324841,22.26869524],[113.8745055,22.26857157],[113.87696589,22.26931772],[113.87836861,22.27016584],[113.87986542,22.27030114],[113.88137407,22.2712205],[113.88235143,22.27225486],[113.88261552,22.27233017],[113.882756,22.27270636],[113.88281873,22.27261221],[113.88309502,22.2727478],[113.88348613,22.27269249],[113.88373033,22.27230892],[113.88393842,22.27230944],[113.88409525,22.27200774],[113.88430038,22.27193995],[113.88390186,22.2707073],[113.88449938,22.26983563],[113.88499352,22.26957788],[113.8857239,22.26944653],[113.88647718,22.26870296],[113.8875254,22.26861957],[113.88722308,22.26896061],[113.88766477,22.26920488],[113.88768607,22.27022171],[113.88754376,22.27044429],[113.88775406,22.27099402],[113.88789649,22.27097108],[113.88799078,22.27167251],[113.88759021,22.27249036],[113.88697784,22.27269472],[113.88705455,22.27285623],[113.88687204,22.27304999],[113.88611537,22.27355102],[113.88583074,22.27427549],[113.88563345,22.2743871],[113.88552718,22.27487287],[113.88571535,22.2755404],[113.88564281,22.27594302],[113.88627861,22.27704378],[113.88619547,22.27723123],[113.88645395,22.27770355],[113.88633471,22.27772224],[113.88649722,22.27781217],[113.88644265,22.2779977],[113.88671689,22.27818228],[113.88685608,22.27809056],[113.88772199,22.27830645],[113.88823392,22.2786523],[113.88896561,22.27882728],[113.89029937,22.27955934],[113.89070884,22.28004343],[113.89107685,22.27989939],[113.89189836,22.28026103],[113.89263321,22.28080806],[113.89312274,22.28144255],[113.8940527,22.28225271],[113.89422379,22.28264297],[113.89376715,22.28285257],[113.89418675,22.28275507],[113.89433009,22.28356751],[113.89392951,22.28402367],[113.89380526,22.28476362],[113.89449766,22.28568006],[113.89444025,22.28628218],[113.89469876,22.28717157],[113.89429906,22.28739458],[113.8941743,22.28769611],[113.8949924,22.28893603],[113.89536999,22.28922827],[113.89554056,22.28909724],[113.89590565,22.28931321],[113.89588085,22.28948657],[113.89597413,22.28943664],[113.89644831,22.28988444],[113.89655249,22.29033276],[113.89632915,22.29068169],[113.89622089,22.29133947],[113.89682189,22.29188596],[113.89694762,22.2918852],[113.89692874,22.29159325],[113.89713032,22.29127621],[113.89810392,22.29086198],[113.89894316,22.29130106],[113.89918049,22.29160741],[113.89982886,22.29152804],[113.89974306,22.29103334],[113.9000009,22.29119043],[113.90019752,22.29122845],[113.90019894,22.29118978],[113.89978026,22.29094399],[113.8998315,22.29010765],[113.90038867,22.28976488],[113.90056061,22.28986789],[113.90039713,22.28974379],[113.90047733,22.28962968],[113.90116712,22.28946902],[113.90150392,22.28925],[113.90119118,22.28919181],[113.90144782,22.28918175],[113.90161351,22.28928924],[113.90200762,22.2892247],[113.90172892,22.28938065],[113.90176467,22.28950684],[113.9026228,22.28980922],[113.90275694,22.28997988],[113.90256316,22.29027195],[113.90265635,22.29063278],[113.90388997,22.29147315],[113.90408078,22.29174419],[113.90409374,22.2921976],[113.90398449,22.29215959],[113.90411038,22.29234098],[113.90394587,22.29258914],[113.90416187,22.29294781],[113.9039144,22.29377732],[113.90409761,22.29380879],[113.9041889,22.29293472],[113.90490819,22.29335255],[113.9050366,22.29325448],[113.90491354,22.29301862],[113.90515684,22.29271012],[113.90585207,22.29236641],[113.9060826,22.29269302],[113.90629459,22.2927195],[113.90675178,22.29244064],[113.90718178,22.29258906],[113.90782457,22.29206547],[113.9082649,22.29219461],[113.90845953,22.29209994],[113.9086968,22.29176477],[113.90842023,22.29125416],[113.90864612,22.29055861],[113.90954422,22.29006797],[113.90956669,22.28988476],[113.9101718,22.29009073],[113.91053368,22.29004953],[113.91117075,22.29045357],[113.91149335,22.2908359],[113.91136475,22.29090115],[113.91147982,22.29110484],[113.91219786,22.29140587],[113.91240394,22.29170441],[113.91227255,22.29184023],[113.91238258,22.29208594],[113.91263067,22.29218194],[113.91289067,22.29195584],[113.91334373,22.29196487],[113.91444078,22.2927317],[113.914634,22.29258266],[113.91487831,22.29273788],[113.91566537,22.29265203],[113.91602163,22.29277104],[113.91787994,22.29218964],[113.91815342,22.29235147],[113.91823481,22.29202414],[113.91860876,22.29203764],[113.91887843,22.29164989],[113.91922331,22.29146068],[113.91924821,22.29110466],[113.91947283,22.29089721],[113.92069584,22.29106284],[113.92154627,22.29142655],[113.92186319,22.29138003],[113.92300157,22.29059616],[113.92374166,22.29051016],[113.92387594,22.29016639],[113.92406551,22.29018345],[113.92401381,22.29003313],[113.9242248,22.29004924],[113.92405627,22.28960109],[113.92458263,22.28891715],[113.92527476,22.28917744],[113.92457368,22.28888347],[113.92459736,22.28872277],[113.92475429,22.28871805],[113.92460804,22.28798821],[113.92485766,22.28762165],[113.92452131,22.28696504],[113.92458544,22.28578064],[113.92543273,22.28527179],[113.92606947,22.2844186],[113.92684618,22.28390533],[113.92726139,22.28328931],[113.92765973,22.28192568],[113.92753215,22.28055309],[113.9277205,22.280564],[113.92763213,22.28040922],[113.92779338,22.27998372],[113.9281234,22.28007363],[113.92837675,22.27982936],[113.9286186,22.27998385],[113.92854893,22.28022334],[113.92891457,22.28010058],[113.92895555,22.28027427],[113.92922108,22.2803895],[113.92940473,22.27991681],[113.92983465,22.27992443],[113.92987704,22.28032294],[113.93035369,22.28054412],[113.93036262,22.28072449],[113.93260006,22.2814584],[113.93266702,22.28116749],[113.93300395,22.28084006],[113.93274073,22.2801501],[113.93281872,22.27997597],[113.93295422,22.27979617],[113.93336232,22.28014517],[113.93367976,22.27938912],[113.93380719,22.27927464],[113.93398921,22.27934756],[113.93373167,22.28062397],[113.93300146,22.28282077],[113.93334191,22.28299948],[113.93351067,22.28352758],[113.93378251,22.28379161],[113.93441731,22.28379627],[113.93433199,22.28407657],[113.93471851,22.28442986],[113.93507775,22.28452549],[113.93483951,22.28468916],[113.93498462,22.28490549],[113.93506313,22.28460359],[113.9354689,22.28485741],[113.93534968,22.28501871]]],[[[113.9358951,22.32068606],[113.93939541,22.32177078],[113.9436723,22.32255009],[113.94473521,22.32378965],[113.94497099,22.32376729],[113.94515901,22.32345547],[113.94566195,22.32333203],[113.94570932,22.32290085],[113.94687347,22.32271382],[113.94684511,22.32158056],[113.94668833,22.32168537],[113.94678977,22.32246949],[113.94595553,22.32255309],[113.94571211,22.32094801],[113.94595777,22.32079084],[113.94610432,22.32042253],[113.9461923,22.31978303],[113.94608698,22.3194283],[113.94575528,22.3194602],[113.94605887,22.31963879],[113.94597335,22.32038986],[113.94481294,22.320339],[113.94479587,22.32013933],[113.94513765,22.31980853],[113.94455399,22.31941179],[113.94470759,22.31923164],[113.94451015,22.31928467],[113.94432383,22.3190719],[113.94423385,22.31865936],[113.94499328,22.31851717],[113.94497198,22.3184189],[113.94421438,22.31856943],[113.94364859,22.31597332],[113.94234541,22.31419359],[113.94279611,22.31393883],[113.94322862,22.31388524],[113.9463396,22.3144701],[113.94728793,22.3150928],[113.94759268,22.31563157],[113.94949441,22.32164133],[113.94977434,22.32207109],[113.95019266,22.32237128],[113.95120752,22.3224813],[113.95957668,22.32019385],[113.96022202,22.32042762],[113.96059404,22.32088305],[113.96070823,22.32286111],[113.9608543,22.32313385],[113.96152349,22.32334742],[113.96203821,22.32290731],[113.96198023,22.32061403],[113.96157222,22.3184818],[113.95939413,22.31158528],[113.9590762,22.31111765],[113.95843425,22.31065301],[113.95772604,22.31031371],[113.95428462,22.31123491],[113.9510696,22.31293222],[113.94810018,22.31368803],[113.94725784,22.31361547],[113.9457692,22.31308076],[113.94249746,22.31243056],[113.94173161,22.31207126],[113.9411408,22.31155899],[113.93996471,22.30987071],[113.93960213,22.30828557],[113.93983452,22.30672932],[113.94086873,22.304481],[113.94086058,22.30294312],[113.94028907,22.30175203],[113.93842707,22.29975067],[113.93755045,22.29705483],[113.93763784,22.2961996],[113.9383979,22.29478928],[113.93418269,22.2907361],[113.93360834,22.29043646],[113.93256572,22.29038423],[113.93228029,22.2906286],[113.91635917,22.29533692],[113.9062207,22.29521027],[113.90275886,22.29473222],[113.89896644,22.29372416],[113.89555004,22.29375756],[113.89493826,22.29397523],[113.89436183,22.29445395],[113.89400242,22.29519909],[113.89407194,22.29615518],[113.89796842,22.3012103],[113.89817495,22.30196746],[113.89736266,22.30435937],[113.8970095,22.30424295],[113.89679145,22.3048223],[113.89668256,22.30513418],[113.8969377,22.30538669],[113.89615357,22.30736625],[113.89568417,22.30768637],[113.89342054,22.30827832],[113.89272625,22.30889815],[113.89255192,22.30936625],[113.89258748,22.30995779],[113.89275419,22.31037776],[113.893274,22.31087703],[113.91516578,22.31792976],[113.91552119,22.31823894],[113.91558966,22.31807463],[113.93352473,22.32384918],[113.93405666,22.32383718],[113.9345226,22.3235084],[113.93552922,22.32092767],[113.9358951,22.32068606]]]]}},{"type":"Feature","properties":{"divisionCode":"SSP","area":"Kowloon"},"geometry":{"type":"Polygon","coordinates":[[[114.17272511,22.34646821],[114.17400749,22.34422775],[114.17312802,22.34298085],[114.17379564,22.34154271],[114.17315339,22.34094597],[114.17308491,22.34053992],[114.17348795,22.34032653],[114.17395855,22.34055123],[114.17496288,22.33834645],[114.17621969,22.33579165],[114.17662265,22.33468848],[114.17684755,22.33338776],[114.17676684,22.33201322],[114.17612473,22.32980928],[114.17508019,22.32771693],[114.17447434,22.32664808],[114.17399518,22.32677411],[114.16785058,22.32652919],[114.16058711,22.32620969],[114.16189154,22.32522923],[114.1619232,22.32461547],[114.161652,22.3249582],[114.15909924,22.32499469],[114.15836711,22.32475646],[114.15807911,22.3244799],[114.159005,22.32364847],[114.15901245,22.32278588],[114.15860628,22.32207014],[114.15767457,22.3218321],[114.15673819,22.32313561],[114.15497308,22.32505634],[114.15272989,22.3226501],[114.15312566,22.32309242],[114.15242244,22.32363298],[114.15205234,22.32321635],[114.15197514,22.32327701],[114.15235178,22.32369924],[114.15190802,22.32404384],[114.15152927,22.32362409],[114.15145055,22.32368565],[114.15182755,22.324105],[114.15129627,22.32450688],[114.15115886,22.32435939],[114.15122957,22.32455743],[114.15034124,22.32524498],[114.14990549,22.32476284],[114.14975862,22.32487967],[114.15018967,22.3253638],[114.14939034,22.32599847],[114.14896372,22.32551134],[114.14880725,22.32562915],[114.14923953,22.32610858],[114.14852128,22.32666707],[114.1445677,22.32897264],[114.14432645,22.32861021],[114.14467137,22.32840183],[114.14430257,22.32857485],[114.14421993,22.32845251],[114.14456912,22.32825044],[114.14417552,22.32838675],[114.14408204,22.32824835],[114.14443123,22.32804629],[114.14406068,22.32821499],[114.14383121,22.32787662],[114.1440972,22.32766226],[114.14380234,22.32783377],[114.1437221,22.32771469],[114.14404469,22.32746793],[114.14367372,22.32763333],[114.14359409,22.32752124],[114.14391948,22.32728154],[114.14356597,22.32747838],[114.14364567,22.32725795],[114.14310761,22.32757023],[114.14302894,22.32745365],[114.14356747,22.32714367],[114.14338193,22.32719545],[114.1430241,22.32666574],[114.14359147,22.32623546],[114.14289736,22.32663465],[114.14302805,22.32683651],[114.14133878,22.32782094],[114.14054267,22.32664252],[114.14368494,22.32492325],[114.14339336,22.3249621],[114.14326166,22.32489281],[114.14336003,22.32481743],[114.14324415,22.32488513],[114.14274827,22.32464392],[114.14120219,22.32330941],[114.14165775,22.32288852],[114.14179832,22.32301848],[114.14167223,22.32287534],[114.14185143,22.32296856],[114.14172568,22.32282668],[114.1418658,22.32269912],[114.14226855,22.32314469],[114.14242736,22.32304156],[114.14196987,22.32260439],[114.14215396,22.32243681],[114.14243963,22.32270804],[114.14248269,22.32267524],[114.14218894,22.32241424],[114.14229656,22.3223008],[114.14265173,22.32252242],[114.14236081,22.32223784],[114.14271343,22.32237073],[114.1424697,22.32213284],[114.14312424,22.3215326],[114.14373388,22.32210167],[114.14310814,22.32268121],[114.14322951,22.32278884],[114.14385353,22.32220789],[114.14373181,22.32241145],[114.14393712,22.32228671],[114.1444153,22.32273437],[114.14384225,22.32328252],[114.14395312,22.32338643],[114.14438838,22.32296797],[114.14534314,22.32385591],[114.14456628,22.32430656],[114.14462382,22.32442156],[114.14649454,22.32337328],[114.14681949,22.32332285],[114.1475196,22.32213662],[114.14749536,22.32151798],[114.14785312,22.32115413],[114.14748764,22.32148228],[114.14734463,22.32130879],[114.14624533,22.32096484],[114.14530915,22.32024979],[114.14502235,22.31966387],[114.14432256,22.31884316],[114.14435153,22.31812488],[114.14474276,22.3179129],[114.14442762,22.31789093],[114.14415414,22.31737978],[114.14426656,22.31732726],[114.14406079,22.3172766],[114.14425682,22.31711336],[114.14386161,22.31670621],[114.14367148,22.31686637],[114.14309322,22.31649272],[114.14282975,22.31573001],[114.14237739,22.31524413],[114.14204837,22.31537778],[114.14169806,22.31593673],[114.14110793,22.31632584],[114.14050184,22.31732155],[114.13978308,22.31796271],[114.13928232,22.31808171],[114.13924982,22.31789503],[114.13907498,22.3178339],[114.13878267,22.31794097],[114.13882834,22.31805096],[114.13847275,22.31808982],[114.13789228,22.31791859],[114.13845958,22.31502685],[114.1352074,22.31452931],[114.13816289,22.31512372],[114.13746953,22.31859577],[114.13726554,22.3185785],[114.13745564,22.31866764],[114.13725484,22.31863325],[114.13731691,22.31884729],[114.13358531,22.31820219],[114.13435053,22.31436132],[114.13420954,22.31415441],[114.13428699,22.3137593],[114.13403372,22.31375867],[114.13336073,22.31713178],[114.13194319,22.31785466],[114.13196186,22.31828469],[114.13128075,22.31876827],[114.13065981,22.31986671],[114.13033433,22.32122485],[114.13249393,22.32282398],[114.13510859,22.32361218],[114.13550641,22.32396021],[114.13608715,22.32518276],[114.1362513,22.32541787],[114.13801951,22.32669948],[114.1379815,22.3270991],[114.14004908,22.3285982],[114.1403397,22.32836319],[114.14056708,22.32837499],[114.14063019,22.32861008],[114.14042799,22.32889214],[114.14042798,22.32893915],[114.14188046,22.33013836],[114.14214555,22.3309659],[114.14177905,22.3315535],[114.13875558,22.33288454],[114.13895764,22.33313142],[114.13890697,22.3335898],[114.13861639,22.33370728],[114.13830058,22.33362492],[114.13644324,22.33441196],[114.13498517,22.33506395],[114.13398692,22.3357219],[114.1324539,22.33754804],[114.13167337,22.33931342],[114.13225519,22.33919973],[114.13299308,22.33878196],[114.13356884,22.33922211],[114.13386099,22.33928422],[114.13410914,22.33970163],[114.13463764,22.33953958],[114.13520185,22.33964245],[114.13564343,22.33998741],[114.13583869,22.34034361],[114.13596633,22.34139335],[114.13715983,22.3419175],[114.13818001,22.34203546],[114.1382749,22.34125632],[114.14009665,22.34016966],[114.1408806,22.3398769],[114.14165047,22.34002269],[114.14218973,22.34047546],[114.1427047,22.34101572],[114.14332046,22.34126362],[114.14394784,22.34112039],[114.14408315,22.34102221],[114.1447404,22.34029143],[114.14489271,22.34017068],[114.14536781,22.33999806],[114.14678326,22.3399955],[114.14892305,22.34060206],[114.1486393,22.34085667],[114.14840596,22.34091968],[114.14759299,22.34122084],[114.14741232,22.34135394],[114.14708864,22.34138891],[114.14695314,22.34151502],[114.14693805,22.34168317],[114.14687026,22.34187235],[114.14697558,22.34218768],[114.14694544,22.34229278],[114.14676473,22.34256602],[114.1468424,22.34416564],[114.14796332,22.34505863],[114.15074826,22.34499906],[114.15092428,22.34533817],[114.15115599,22.34568148],[114.15116823,22.34593199],[114.15108571,22.34673188],[114.15125801,22.34722007],[114.15253807,22.34618862],[114.15407672,22.3464321],[114.15493554,22.34685513],[114.15603687,22.34663411],[114.15619243,22.3464824],[114.15631969,22.34624982],[114.15649069,22.34622731],[114.15702065,22.346453],[114.15719205,22.34648014],[114.15736427,22.34618382],[114.15780636,22.34593537],[114.15793695,22.34575194],[114.15824673,22.34550704],[114.15868144,22.34544917],[114.15912601,22.34588952],[114.15951422,22.34604961],[114.15964598,22.34640105],[114.15968747,22.34680994],[114.15991778,22.34702401],[114.16011428,22.34731787],[114.16056922,22.34738182],[114.1607978,22.34710388],[114.16094194,22.34699233],[114.16104588,22.34706149],[114.16128263,22.34751557],[114.16184469,22.34762626],[114.16200227,22.34783058],[114.16217849,22.34795262],[114.16273194,22.34815281],[114.16284007,22.34836156],[114.16299104,22.34846646],[114.16331496,22.34850115],[114.16373224,22.3486221],[114.16398943,22.34850291],[114.16408369,22.34810977],[114.16414247,22.34804327],[114.16457133,22.34796291],[114.16471712,22.34761999],[114.16486833,22.3475647],[114.16515063,22.3475376],[114.16550839,22.34726575],[114.16555821,22.34718235],[114.16561945,22.34652741],[114.16627414,22.34571303],[114.16641532,22.34581753],[114.16654399,22.34619091],[114.16701452,22.34635164],[114.16735707,22.34607586],[114.16765471,22.34603746],[114.16795671,22.34590556],[114.1682488,22.34582577],[114.16834604,22.34585046],[114.16855658,22.34595558],[114.1693185,22.34590812],[114.16965155,22.34618986],[114.17030637,22.34604361],[114.17042153,22.34605186],[114.17116442,22.3464847],[114.17147734,22.3465995],[114.17214466,22.3463765],[114.17272511,22.34646821]]]}},{"type":"Feature","properties":{"divisionCode":"WTS","area":"Kowloon"},"geometry":{"type":"Polygon","coordinates":[[[114.22403468,22.3345172],[114.22181826,22.33395342],[114.22153917,22.33390947],[114.21881935,22.33373579],[114.21814508,22.33386745],[114.21828403,22.33304934],[114.21413475,22.33229487],[114.21327213,22.33258743],[114.21302345,22.33281438],[114.21213191,22.33393888],[114.21128631,22.3344047],[114.21056375,22.33443364],[114.2083899,22.33404802],[114.20717689,22.3329025],[114.20464751,22.33496028],[114.20385455,22.33527926],[114.20361916,22.33531994],[114.20338741,22.33533916],[114.20289295,22.33532287],[114.20260659,22.33527608],[114.20229837,22.33519428],[114.19861904,22.33384605],[114.19827547,22.33367281],[114.19782846,22.33341446],[114.19774601,22.33335312],[114.19764675,22.33325212],[114.19688199,22.33220342],[114.19559354,22.33176097],[114.19418266,22.33042911],[114.19164365,22.33052316],[114.19251443,22.33130786],[114.1917492,22.33190075],[114.19111672,22.33306665],[114.19073041,22.33342005],[114.18981,22.33265535],[114.18878226,22.33232807],[114.18716729,22.33247042],[114.18745156,22.33475336],[114.18671002,22.33477945],[114.18674041,22.33559954],[114.18651047,22.33560632],[114.1865281,22.33611542],[114.18607368,22.3361352],[114.18614984,22.33793352],[114.18429624,22.33945798],[114.18318719,22.33968718],[114.18367078,22.34051684],[114.18417567,22.34251822],[114.18445297,22.34309672],[114.18373948,22.34340662],[114.18269836,22.34406928],[114.18169787,22.3441393],[114.18146753,22.34530362],[114.1815187,22.3460689],[114.1814595,22.34642126],[114.1794524,22.34901898],[114.17963889,22.34891581],[114.18015088,22.34874952],[114.18032997,22.34874691],[114.18061777,22.34909077],[114.18085438,22.34922721],[114.18126005,22.3491458],[114.18198984,22.34956184],[114.18216539,22.34970823],[114.1823934,22.34997183],[114.18266076,22.3498365],[114.1828634,22.34984851],[114.18302389,22.35011351],[114.18336197,22.35021416],[114.18421424,22.35013082],[114.1847835,22.34966796],[114.18489188,22.3496365],[114.18503395,22.34973267],[114.18506768,22.34998666],[114.18499766,22.35024797],[114.18540792,22.35042633],[114.18589964,22.35039354],[114.18620279,22.35022551],[114.18639651,22.35016539],[114.18713645,22.35018786],[114.18768236,22.3499518],[114.18800326,22.34993014],[114.18857978,22.3502445],[114.18871874,22.35029299],[114.18898839,22.35024841],[114.18959021,22.34992328],[114.19006389,22.34996663],[114.19043794,22.34980777],[114.191232,22.34980159],[114.19142232,22.34992375],[114.19131078,22.35011925],[114.19144449,22.35029243],[114.19153239,22.35050367],[114.19139971,22.3511122],[114.19146285,22.35125621],[114.19175703,22.35155729],[114.19165936,22.35169953],[114.1914737,22.35180509],[114.19145999,22.35196432],[114.19130189,22.35173885],[114.19092917,22.35195113],[114.19093497,22.3521008],[114.19085732,22.35221689],[114.19101941,22.35224658],[114.19114332,22.35220444],[114.19124982,22.35220002],[114.19115862,22.35265613],[114.19095688,22.35289911],[114.1908944,22.35318057],[114.19111875,22.35309346],[114.19139274,22.35308891],[114.19165624,22.35292489],[114.19175465,22.35278291],[114.19202468,22.35279569],[114.19211939,22.35273798],[114.19237286,22.35275455],[114.19266651,22.35269555],[114.1928975,22.35292133],[114.19292737,22.35319105],[114.19272964,22.35351181],[114.19290303,22.35362923],[114.19288625,22.35393103],[114.19308313,22.35395546],[114.19396905,22.35361327],[114.19416707,22.35344743],[114.19438906,22.35341165],[114.19459694,22.35344919],[114.19485632,22.35329728],[114.19494504,22.35321765],[114.19518966,22.35308778],[114.19641762,22.35292978],[114.19646933,22.35269057],[114.19654805,22.35256838],[114.1967667,22.35255053],[114.19694269,22.35285849],[114.19719909,22.35307762],[114.19738144,22.35381889],[114.19733278,22.35412929],[114.19738038,22.35424575],[114.19808887,22.3539193],[114.19820307,22.35409599],[114.19815842,22.35433824],[114.19817927,22.3544206],[114.19899706,22.3552154],[114.19945133,22.35497841],[114.19945923,22.35508961],[114.19932232,22.35519068],[114.19914848,22.3553759],[114.19883645,22.35548533],[114.19885339,22.35558413],[114.19891409,22.35558326],[114.19903675,22.35550487],[114.19933224,22.35546029],[114.19946439,22.35540588],[114.19962238,22.35538297],[114.199904,22.35509462],[114.20014359,22.35462947],[114.20033372,22.35459922],[114.20058897,22.35468493],[114.20069392,22.35468897],[114.20080139,22.35464748],[114.20118263,22.35444027],[114.20128999,22.35443982],[114.20221563,22.3546987],[114.20246166,22.35445822],[114.20262964,22.35438426],[114.20335222,22.35442339],[114.20360298,22.3543455],[114.20365635,22.35434311],[114.20376462,22.35438602],[114.20448413,22.35489911],[114.20479221,22.35497188],[114.20626005,22.35492229],[114.20666233,22.35466153],[114.20678193,22.35463525],[114.20691295,22.35467739],[114.20724698,22.35497001],[114.20797947,22.35510398],[114.20810467,22.35516192],[114.20817337,22.35520506],[114.20886828,22.35579931],[114.20895483,22.35586485],[114.20910473,22.3559171],[114.20961791,22.3558085],[114.2097089,22.35573877],[114.20984002,22.3555722],[114.21007447,22.35542645],[114.2105673,22.355394],[114.21081057,22.35525071],[114.21097148,22.35519715],[114.21111936,22.35521587],[114.21154769,22.3553569],[114.21167874,22.35537538],[114.21195845,22.35539132],[114.212507,22.35560297],[114.21269009,22.35565617],[114.21319716,22.35576289],[114.21416946,22.35580338],[114.21419792,22.35586765],[114.21413434,22.35631824],[114.21392524,22.35683092],[114.21380623,22.35703299],[114.2139879,22.35703295],[114.21433433,22.35687641],[114.21458082,22.35689903],[114.21466774,22.35694694],[114.21461713,22.35695685],[114.21445202,22.35700974],[114.21427597,22.35717894],[114.21442172,22.3573067],[114.21471296,22.35728882],[114.21482789,22.35727098],[114.21527236,22.35722999],[114.21557947,22.35719036],[114.2164893,22.35720697],[114.21708659,22.35749697],[114.21723188,22.35764204],[114.21741672,22.35795905],[114.21746584,22.35801547],[114.21763241,22.35810448],[114.22233749,22.35840942],[114.22240871,22.35792531],[114.22235159,22.35768778],[114.22229091,22.35752109],[114.22227381,22.35737321],[114.22229996,22.35724949],[114.22246592,22.35700193],[114.22247602,22.35691768],[114.22236208,22.35681669],[114.22171494,22.35654372],[114.22164036,22.35617821],[114.22167799,22.35606887],[114.22183191,22.35590048],[114.22186493,22.35583092],[114.22185977,22.3557444],[114.22175552,22.35556759],[114.22174123,22.35547339],[114.22181221,22.35529536],[114.2218161,22.35518094],[114.22151026,22.35493512],[114.2214423,22.35485232],[114.22135352,22.35467547],[114.22128872,22.35457763],[114.22145403,22.35415906],[114.2214513,22.35399424],[114.22136708,22.35344335],[114.22112045,22.35318005],[114.22403468,22.3345172]]]}},{"type":"Feature","properties":{"divisionCode":"CW","area":"Hong Kong Island"},"geometry":{"type":"MultiPolygon","coordinates":[[[[114.11267432,22.28620864],[114.11354325,22.28615304],[114.11385848,22.28579638],[114.11423459,22.28579515],[114.11473369,22.28541998],[114.11476974,22.28555093],[114.1152974,22.28466442],[114.11531418,22.28419426],[114.11427946,22.28350767],[114.11403387,22.28359151],[114.11350479,22.2834787],[114.11284381,22.28369805],[114.11252089,22.2836239],[114.11242222,22.28331434],[114.11259394,22.28313881],[114.11253517,22.28307418],[114.11225571,22.28331745],[114.11209165,22.28319806],[114.1121466,22.28307939],[114.11168946,22.28306968],[114.11133271,22.28283033],[114.11084083,22.28333941],[114.11083355,22.28398913],[114.11100179,22.28431793],[114.11092137,22.2852811],[114.11121123,22.28546005],[114.11122563,22.28569561],[114.11143231,22.28568341],[114.11202677,22.28613767],[114.11267432,22.28620864]]],[[[114.11683017,22.28633466],[114.11710481,22.28626435],[114.11718327,22.28579809],[114.11740693,22.28556856],[114.11733484,22.28512624],[114.11701922,22.28475669],[114.11681116,22.28500979],[114.1163284,22.28519474],[114.11610052,22.28552813],[114.11613305,22.28605491],[114.11627338,22.28598582],[114.11683017,22.28633466]]],[[[114.14557662,22.29050473],[114.14986927,22.28944088],[114.15072798,22.28843298],[114.15147221,22.28827178],[114.15163719,22.28873657],[114.15134088,22.28883887],[114.15137196,22.28894715],[114.1511135,22.28892643],[114.15105883,22.28917702],[114.15120301,22.28924866],[114.15141886,22.28911054],[114.15145095,22.28922233],[114.15247214,22.2889662],[114.15263219,22.2894258],[114.15135236,22.28976948],[114.15134911,22.29003723],[114.15343913,22.2895135],[114.15329119,22.28928591],[114.15302275,22.28944643],[114.15275303,22.28939955],[114.152626,22.28894988],[114.15322647,22.28863615],[114.15305523,22.28844404],[114.15284854,22.28857808],[114.15281682,22.28847026],[114.15250523,22.28852236],[114.15237649,22.28807216],[114.15378601,22.28771155],[114.15422122,22.28739695],[114.1558224,22.28892666],[114.15574448,22.28829857],[114.1561237,22.28811345],[114.15638818,22.2880961],[114.15658468,22.28874202],[114.1568231,22.28867501],[114.15668885,22.28797768],[114.15730437,22.28787398],[114.15751273,22.28852572],[114.1577538,22.2884476],[114.15760714,22.28775765],[114.15817139,22.28762055],[114.15843977,22.28829981],[114.15866815,22.28822446],[114.15852736,22.28753266],[114.15907213,22.28738904],[114.15936051,22.2880413],[114.15959731,22.28799502],[114.15944916,22.28727668],[114.16006469,22.28716188],[114.16033448,22.28776415],[114.16054962,22.28767012],[114.16034475,22.28699269],[114.16086732,22.28680247],[114.16122559,22.28744548],[114.16147686,22.28735034],[114.1611991,22.28675703],[114.16175537,22.28645477],[114.16209435,22.28708903],[114.16232784,22.28702075],[114.16209246,22.28642288],[114.16224742,22.28604755],[114.16297484,22.28616823],[114.16231835,22.28588785],[114.1624986,22.28534998],[114.16323795,22.28546067],[114.16257176,22.28517601],[114.16272935,22.28470285],[114.16373677,22.28415008],[114.16519625,22.28360358],[114.16743658,22.28321201],[114.16770876,22.28087253],[114.16742073,22.2805556],[114.16655216,22.27955415],[114.16820026,22.27970239],[114.16722507,22.27852907],[114.16717835,22.27794297],[114.16793025,22.27751145],[114.16807032,22.27742249],[114.16785599,22.27712816],[114.16731801,22.27685247],[114.16708263,22.27660698],[114.16703971,22.27638943],[114.16710071,22.27615274],[114.16740502,22.27613252],[114.16738163,22.27591465],[114.16731141,22.2759162],[114.16716294,22.27562248],[114.16700549,22.27554013],[114.16714296,22.27538493],[114.16705662,22.27536389],[114.16700367,22.27538494],[114.16674665,22.27558169],[114.16655668,22.27560446],[114.16630098,22.27527419],[114.16627773,22.27506493],[114.16641159,22.27457042],[114.16630881,22.27420265],[114.16606526,22.2737351],[114.16618571,22.27347726],[114.16616988,22.27309625],[114.16603344,22.27284423],[114.16546825,22.27278493],[114.1655692,22.26916721],[114.16574266,22.26899736],[114.16579717,22.26895754],[114.16598155,22.26886037],[114.16612924,22.26873308],[114.16629393,22.26870694],[114.16647433,22.26874938],[114.16672428,22.26859795],[114.16673701,22.26848433],[114.1668014,22.26841258],[114.16719049,22.26833618],[114.16690436,22.26814542],[114.16660623,22.26798963],[114.16653681,22.26787171],[114.16653193,22.26761626],[114.16647804,22.26739729],[114.16606837,22.26710287],[114.1659733,22.26672215],[114.16578708,22.2666902],[114.16576596,22.26667056],[114.16581376,22.266565],[114.1658371,22.2661457],[114.16617358,22.26585485],[114.16624885,22.26576258],[114.16631238,22.2649311],[114.16604597,22.26464792],[114.16622058,22.26449094],[114.16622638,22.26436696],[114.1661337,22.26429419],[114.16591073,22.26424836],[114.16589915,22.26420523],[114.16606714,22.26386454],[114.16587311,22.26378098],[114.16584706,22.26364892],[114.16574862,22.26343329],[114.16553432,22.26343598],[114.1653866,22.26329316],[114.16526499,22.26321498],[114.16523024,22.26316917],[114.16521288,22.263029],[114.16529108,22.26275408],[114.16509739,22.26270688],[114.16507392,22.2625088],[114.16511449,22.26228778],[114.16494655,22.26216649],[114.16488284,22.26214492],[114.16475544,22.26213683],[114.16472648,22.26211256],[114.16486562,22.26170986],[114.16485401,22.26166134],[114.1645123,22.26159933],[114.16450652,22.26153465],[114.16467741,22.26131633],[114.16464555,22.26126079],[114.16446598,22.26117455],[114.16421191,22.26080983],[114.16406059,22.26075941],[114.16389264,22.26078095],[114.1638434,22.26072435],[114.16385212,22.26044133],[114.16380579,22.26040897],[114.16357123,22.26040626],[114.16353941,22.2603254],[114.1636176,22.2602176],[114.16356551,22.25993993],[114.16361478,22.25962455],[114.16358246,22.25955987],[114.16343477,22.25942505],[114.16339422,22.25932262],[114.16338399,22.2588223],[114.16305402,22.25870338],[114.16268181,22.25842763],[114.16225059,22.2584986],[114.16188177,22.25894514],[114.16177905,22.25897965],[114.15831301,22.25787518],[114.15515799,22.25933267],[114.15515601,22.25865425],[114.15524747,22.25809613],[114.15499835,22.25772352],[114.15423874,22.25682837],[114.15430961,22.25652359],[114.15424298,22.25641684],[114.154172,22.25619251],[114.15395082,22.25607761],[114.15383598,22.25592714],[114.15379045,22.25622602],[114.15352714,22.25624866],[114.1532012,22.25578317],[114.15285852,22.25538221],[114.15259034,22.25517798],[114.15236471,22.25509243],[114.1523167,22.25505542],[114.15174938,22.25413628],[114.15165294,22.25410859],[114.15137214,22.25413406],[114.15129243,22.2541307],[114.15111007,22.25409014],[114.15086652,22.25409424],[114.15081946,22.25407852],[114.15047429,22.25371113],[114.15024717,22.25367409],[114.14997244,22.25352321],[114.14980366,22.25350018],[114.14947275,22.25336038],[114.14939105,22.25337891],[114.14915873,22.25355718],[114.14897033,22.25356096],[114.14889547,22.25349194],[114.14862029,22.25303183],[114.14822162,22.25283359],[114.14818234,22.25277972],[114.1481374,22.25248469],[114.14800386,22.25235018],[114.14742657,22.25229151],[114.14733992,22.25226057],[114.14719904,22.2522291],[114.14693934,22.2520809],[114.14682936,22.25209196],[114.14676611,22.25212169],[114.14656265,22.25224309],[114.14634416,22.25261484],[114.14599053,22.2528172],[114.14595539,22.25290601],[114.14596918,22.25315152],[114.14600459,22.25329891],[114.1459029,22.25348283],[114.14577332,22.25357467],[114.14573076,22.25362624],[114.14563603,22.25392172],[114.14550237,22.2539724],[114.14543206,22.25403493],[114.1454158,22.25415309],[114.14537777,22.25431197],[114.14530853,22.25450939],[114.14543398,22.25485409],[114.14599562,22.25475798],[114.14606539,22.25478714],[114.14607852,22.25492822],[114.14618414,22.2552164],[114.14615944,22.25545323],[114.14617307,22.25550145],[114.14632641,22.25566109],[114.14636186,22.25571476],[114.14634561,22.25577885],[114.1461873,22.25595342],[114.14619787,22.2560427],[114.14635662,22.25616866],[114.14679037,22.25625198],[114.14684265,22.25630912],[114.1466721,22.25678166],[114.1466873,22.2568994],[114.14667371,22.25694295],[114.14649051,22.25731572],[114.14645329,22.25734692],[114.14626537,22.25741534],[114.14592192,22.25804739],[114.14568645,22.25813349],[114.14566922,22.25821494],[114.14570291,22.25838441],[114.14530067,22.25858548],[114.1447438,22.25918107],[114.14450946,22.25924554],[114.14413325,22.25909089],[114.14398982,22.25917434],[114.14384797,22.2592352],[114.14368835,22.25952254],[114.14359378,22.25957692],[114.14349318,22.25965426],[114.14334396,22.25969115],[114.14330582,22.2598237],[114.14329434,22.25984051],[114.14316829,22.25984811],[114.14333508,22.26055034],[114.14303476,22.26182634],[114.13635448,22.27206835],[114.1296801,22.27555225],[114.12926647,22.27560375],[114.12881662,22.27509962],[114.12815939,22.27468898],[114.1277491,22.27455521],[114.12671346,22.27443731],[114.12618307,22.27425301],[114.12596831,22.27408786],[114.12532864,22.27343249],[114.12375899,22.27274322],[114.12341194,22.27271466],[114.12285209,22.27287023],[114.12273381,22.2728454],[114.12247438,22.27270117],[114.12215724,22.27250263],[114.12177857,22.2724455],[114.12114055,22.27264621],[114.12063238,22.27315918],[114.12033076,22.27333704],[114.12004565,22.27341593],[114.11945151,22.27346913],[114.11924869,22.27353248],[114.11853244,22.27423548],[114.11773189,22.2738234],[114.1172629,22.27394744],[114.11634014,22.27481458],[114.11639706,22.27652557],[114.11655133,22.27677306],[114.11630726,22.27754356],[114.11648281,22.27815671],[114.11705077,22.27875484],[114.11722758,22.27963232],[114.11749815,22.2799024],[114.11739437,22.27997334],[114.11750749,22.27991395],[114.117697,22.28032581],[114.11812261,22.28056714],[114.11881858,22.28137211],[114.12193392,22.28240395],[114.12157903,22.28313595],[114.12293801,22.28400405],[114.123104,22.28378069],[114.12199198,22.28306772],[114.12221256,22.28249446],[114.12400903,22.28307776],[114.12388878,22.2833986],[114.12401107,22.28343029],[114.12410312,22.2831702],[114.12539481,22.28353111],[114.12545828,22.28377449],[114.12527599,22.28394558],[114.12543875,22.28401676],[114.12555171,22.28402862],[114.12550922,22.28379942],[114.12572196,22.28365331],[114.12656612,22.28379896],[114.12654716,22.28389712],[114.12660206,22.28380521],[114.12755145,22.28396624],[114.13231618,22.28823685],[114.13472226,22.28788732],[114.13444838,22.28883705],[114.13172703,22.28923393],[114.1317641,22.28952537],[114.13435626,22.28914839],[114.13511045,22.28933996],[114.13501424,22.28968424],[114.1351608,22.28971962],[114.13526155,22.28937798],[114.13595417,22.28955224],[114.13585813,22.28989825],[114.13600159,22.28993256],[114.13610428,22.28958964],[114.13698058,22.28980912],[114.13688496,22.29015831],[114.13702595,22.29019284],[114.1371281,22.2898465],[114.13831623,22.29014392],[114.13821673,22.29049138],[114.13836423,22.29052889],[114.1384656,22.29018175],[114.13883589,22.29027545],[114.13882766,22.29064683],[114.13892957,22.29029931],[114.14040144,22.29066883],[114.14557662,22.29050473]]]]}},{"type":"Feature","properties":{"divisionCode":"KLC","area":"Kowloon"},"geometry":{"type":"Polygon","coordinates":[[[114.1794524,22.34901898],[114.1814595,22.34642126],[114.1815187,22.3460689],[114.18146332,22.34538993],[114.18146753,22.34530362],[114.18169787,22.3441393],[114.18269836,22.34406928],[114.18290465,22.34396824],[114.18373948,22.34340662],[114.18445297,22.34309672],[114.18417567,22.34251822],[114.18367078,22.34051684],[114.18318719,22.33968718],[114.18429624,22.33945798],[114.18614984,22.33793352],[114.18607368,22.3361352],[114.1865281,22.33611542],[114.18651047,22.33560632],[114.18674041,22.33559954],[114.18671002,22.33477945],[114.18745156,22.33475336],[114.18716729,22.33247042],[114.18878226,22.33232807],[114.18981,22.33265535],[114.19073041,22.33342005],[114.19111672,22.33306665],[114.1917492,22.33190075],[114.19251443,22.33130786],[114.19164365,22.33052316],[114.19418266,22.33042911],[114.19559354,22.33176097],[114.19663716,22.33206835],[114.19688199,22.33220342],[114.1970247,22.33233812],[114.19774601,22.33335312],[114.19861904,22.33384605],[114.20260659,22.33527608],[114.20361916,22.33531994],[114.20464751,22.33496028],[114.20479089,22.33435177],[114.2048221,22.32890475],[114.20486163,22.32876341],[114.20513838,22.32821052],[114.20511634,22.32789048],[114.20175469,22.32447941],[114.20171005,22.32376643],[114.20215171,22.32363836],[114.20203903,22.32314787],[114.20225518,22.32281906],[114.20251859,22.32272534],[114.20344795,22.32273437],[114.20437121,22.32194711],[114.20493799,22.32138451],[114.20497835,22.32088222],[114.20500339,22.32084635],[114.20554405,22.32036659],[114.20599107,22.32037907],[114.20640728,22.32000228],[114.2085943,22.31728369],[114.20917974,22.31697758],[114.20997378,22.31683564],[114.21086389,22.31602947],[114.21056705,22.31573102],[114.21081379,22.31548652],[114.20982773,22.31451733],[114.21049185,22.31387995],[114.21033006,22.31372868],[114.20749844,22.31626783],[114.20609989,22.31485878],[114.20827812,22.31290513],[114.20861026,22.31286861],[114.21178368,22.30993493],[114.21242967,22.30951678],[114.21256835,22.30945925],[114.21285027,22.3093794],[114.21310887,22.30962571],[114.21327368,22.30978394],[114.21316618,22.30988137],[114.21297032,22.30976997],[114.21316836,22.30995557],[114.21529409,22.30810487],[114.2154488,22.3078033],[114.21531629,22.30685971],[114.2153344,22.30680876],[114.21734407,22.30482501],[114.21726342,22.30458171],[114.21589349,22.30326195],[114.21551608,22.30327098],[114.21397851,22.30465546],[114.21365963,22.30474593],[114.21269605,22.305613],[114.21235728,22.30612041],[114.20828547,22.30976528],[114.20797434,22.30985718],[114.20700653,22.31072618],[114.20669301,22.31119165],[114.20609866,22.31158003],[114.20625356,22.3115865],[114.204284,22.31335451],[114.20405211,22.31340986],[114.20374329,22.31384037],[114.2034016,22.31399604],[114.20317881,22.31434766],[114.19986978,22.31731737],[114.19978717,22.3172377],[114.19960325,22.31740605],[114.1996846,22.31748359],[114.1960266,22.32074637],[114.19526783,22.32034518],[114.1950044,22.31957834],[114.19490132,22.31961262],[114.19415452,22.31810201],[114.19471898,22.3176547],[114.19400502,22.31779181],[114.19383108,22.31744011],[114.19409687,22.31736928],[114.19440656,22.31718394],[114.19409007,22.31734111],[114.19398736,22.31719175],[114.19379755,22.31737222],[114.19245494,22.31482336],[114.19258052,22.3146848],[114.19221471,22.31443705],[114.19210978,22.31455616],[114.19199942,22.31447823],[114.19181581,22.3105186],[114.1922546,22.31050376],[114.19224052,22.31016886],[114.19180093,22.31018634],[114.19178628,22.30992477],[114.19305137,22.3090821],[114.19298857,22.30901175],[114.19386556,22.30834255],[114.19343522,22.30635906],[114.19377156,22.30629143],[114.19368841,22.30591458],[114.1934568,22.3059597],[114.19339609,22.30618132],[114.19280266,22.30377653],[114.19311072,22.30277131],[114.19168361,22.30181135],[114.19107233,22.30195665],[114.19084585,22.30147211],[114.19047187,22.30131588],[114.19052568,22.30115192],[114.19004987,22.30095494],[114.18995892,22.30110202],[114.18927694,22.30081977],[114.18951749,22.3001672],[114.18931871,22.30010121],[114.18897591,22.30069235],[114.18685815,22.29981179],[114.18658941,22.30108801],[114.18571327,22.30127336],[114.18537484,22.30284852],[114.18460825,22.30402805],[114.18395511,22.30385203],[114.1834971,22.30392618],[114.18248395,22.30472656],[114.18209417,22.30573733],[114.18192733,22.30669193],[114.1817339,22.30703755],[114.17782169,22.31102157],[114.17707028,22.31181662],[114.17583932,22.31348815],[114.17560356,22.31393618],[114.17385758,22.31784258],[114.17312971,22.31965179],[114.17276313,22.32110544],[114.1729596,22.32355915],[114.17323589,22.32425456],[114.17447434,22.32664808],[114.17461516,22.32692024],[114.17508019,22.32771693],[114.17612473,22.32980928],[114.17654049,22.33101864],[114.17676684,22.33201322],[114.17685957,22.33288178],[114.17684755,22.33338776],[114.17673714,22.33419466],[114.17662265,22.33468848],[114.17621969,22.33579165],[114.17395855,22.34055123],[114.17357397,22.34033838],[114.17348795,22.34032653],[114.17341785,22.34032652],[114.17323465,22.34037987],[114.17308491,22.34053992],[114.17305144,22.34065847],[114.17315339,22.34094597],[114.17379564,22.34154271],[114.17312802,22.34298085],[114.17400749,22.34422775],[114.17272511,22.34646821],[114.17291889,22.34673818],[114.17333007,22.3470019],[114.1733427,22.34709333],[114.17311019,22.34736809],[114.17288667,22.34794645],[114.17334075,22.34810836],[114.17347316,22.34849445],[114.17383217,22.34814421],[114.17428257,22.34802861],[114.17521356,22.34896488],[114.17564093,22.34917018],[114.17603147,22.34920521],[114.17632005,22.34908237],[114.17688596,22.34932651],[114.17718345,22.34880544],[114.17789829,22.3490696],[114.17823628,22.34899488],[114.17853751,22.34874307],[114.17876333,22.34881864],[114.17888715,22.34905878],[114.1794524,22.34901898]],[[114.20048154,22.32132929],[114.20004631,22.32027817],[114.20573078,22.31518982],[114.20582834,22.31522943],[114.20713522,22.31659868],[114.20106665,22.32203703],[114.20079461,22.32214868],[114.20048154,22.32132929]]]}},{"type":"Feature","properties":{"divisionCode":"WC","area":"Hong Kong Island"},"geometry":{"type":"Polygon","coordinates":[[[114.19771836,22.25789633],[114.19740537,22.25782428],[114.19723039,22.25792084],[114.19698156,22.25811393],[114.19646941,22.25812168],[114.19629922,22.25803065],[114.19569387,22.25750197],[114.19509178,22.25731118],[114.19437729,22.25704469],[114.19374373,22.25714044],[114.1934943,22.25710517],[114.19315092,22.25711089],[114.19256275,22.25750201],[114.19235812,22.25711123],[114.19178696,22.25721687],[114.1914267,22.25701457],[114.19131119,22.25702592],[114.19089982,22.25723585],[114.19081228,22.25723586],[114.19030492,22.25716346],[114.18964954,22.25729655],[114.18893316,22.25677732],[114.18835208,22.25566335],[114.18831268,22.25467234],[114.18822973,22.25449607],[114.18814706,22.2544397],[114.18711357,22.25403686],[114.18557862,22.25439822],[114.18547116,22.25460439],[114.18513175,22.25477261],[114.18501594,22.25503896],[114.1849799,22.25507294],[114.1848484,22.25511027],[114.18457132,22.25505022],[114.1845074,22.25509676],[114.18443277,22.25523689],[114.18439655,22.25526687],[114.18423171,22.25525849],[114.18409838,22.25532058],[114.18405361,22.25532113],[114.18362834,22.2552433],[114.18343066,22.25514823],[114.18336319,22.25516189],[114.18314228,22.25526716],[114.18308305,22.25532139],[114.1830747,22.25557763],[114.18299926,22.25568914],[114.18246617,22.25582304],[114.18193124,22.25578535],[114.18144817,22.2558291],[114.18119075,22.25580451],[114.18071666,22.25593131],[114.18059166,22.25594973],[114.18032287,22.25595143],[114.17989273,22.25623273],[114.17950241,22.25636282],[114.17863399,22.25691959],[114.17826648,22.25659737],[114.17826749,22.25658173],[114.17833653,22.2564346],[114.17832355,22.25631317],[114.17814174,22.2560571],[114.17812317,22.25602059],[114.17809485,22.25582019],[114.177975,22.25568303],[114.17794532,22.25561992],[114.17787945,22.25508081],[114.17746013,22.25475835],[114.1773907,22.25472589],[114.17713106,22.25471291],[114.17689153,22.25432529],[114.17679809,22.25424828],[114.17638561,22.25410949],[114.17602316,22.25413426],[114.17474023,22.25472752],[114.17444139,22.25505213],[114.17438491,22.25508893],[114.17428728,22.25509937],[114.17409084,22.25502412],[114.17395072,22.25506368],[114.17295029,22.25582727],[114.17281668,22.2558208],[114.17216269,22.25546473],[114.17127054,22.25556161],[114.17100455,22.25571511],[114.17089647,22.25586689],[114.17080661,22.25608851],[114.17076147,22.25612715],[114.16964004,22.25677576],[114.16960428,22.25679233],[114.16930742,22.25678931],[114.16913661,22.25683987],[114.16884365,22.25713183],[114.16864117,22.25724767],[114.16768021,22.25745165],[114.167601,22.25724328],[114.16759121,22.25713837],[114.16754711,22.25714293],[114.16753241,22.25715205],[114.16741969,22.25724783],[114.16741969,22.25725696],[114.16740008,22.25725696],[114.16731678,22.25728432],[114.16712075,22.25731167],[114.16706684,22.25730712],[114.16691494,22.25722044],[114.16664051,22.25720217],[114.1665621,22.25721129],[114.16648369,22.25723865],[114.16632686,22.25732074],[114.16601322,22.25741197],[114.16595932,22.25741196],[114.16581721,22.25731615],[114.16562118,22.25731613],[114.16542517,22.25727052],[114.16522915,22.25725682],[114.16530318,22.25694288],[114.16581726,22.25663648],[114.16588097,22.25657719],[114.16569968,22.25626698],[114.16550366,22.25628522],[114.16527334,22.25624414],[114.1650969,22.25643573],[114.1650381,22.25647677],[114.16478327,22.25646307],[114.16458234,22.25660902],[114.16419031,22.25650408],[114.16387666,22.25651318],[114.16368065,22.25646755],[114.16334041,22.25645531],[114.16315632,22.25770098],[114.1633544,22.25807667],[114.1634039,22.25848531],[114.16339422,22.25932262],[114.16343477,22.25942505],[114.16361478,22.25962455],[114.1636176,22.2602176],[114.16353941,22.2603254],[114.16357123,22.26040626],[114.16360887,22.26043591],[114.16385212,22.26044133],[114.16389264,22.26078095],[114.16421191,22.26080983],[114.16464555,22.26126079],[114.16467741,22.26131633],[114.1645123,22.26159933],[114.16485401,22.26166134],[114.16472648,22.26211256],[114.16475544,22.26213683],[114.16494655,22.26216649],[114.16511449,22.26228778],[114.16509739,22.26270688],[114.16529108,22.26275408],[114.16523024,22.26316917],[114.16526499,22.26321498],[114.16553432,22.26343598],[114.16571965,22.26340904],[114.16574862,22.26343329],[114.16584706,22.26364892],[114.16587311,22.26378098],[114.16606714,22.26386454],[114.16589915,22.26420523],[114.16591073,22.26424836],[114.16595416,22.26427262],[114.1661337,22.26429419],[114.1662032,22.26432923],[114.16622638,22.26436696],[114.16624084,22.26442355],[114.16622058,22.26449094],[114.16604597,22.26464792],[114.16631238,22.2649311],[114.16624885,22.26576258],[114.1658371,22.2661457],[114.16576596,22.26667056],[114.1659733,22.26672215],[114.16606837,22.26710287],[114.16647804,22.26739729],[114.16653681,22.26787171],[114.16660623,22.26798963],[114.16719049,22.26833618],[114.1668014,22.26841258],[114.16647433,22.26874938],[114.16612924,22.26873308],[114.16598155,22.26886037],[114.16574266,22.26899736],[114.1655692,22.26916721],[114.16546825,22.27278493],[114.16603344,22.27284423],[114.16616988,22.27309625],[114.16606526,22.2737351],[114.16641159,22.27457042],[114.16630098,22.27527419],[114.16655668,22.27560446],[114.16674665,22.27558169],[114.16705662,22.27536389],[114.16714296,22.27538493],[114.16700549,22.27554013],[114.16716294,22.27562248],[114.16738163,22.27591465],[114.16740502,22.27613252],[114.16710071,22.27615274],[114.16708263,22.27660698],[114.16785599,22.27712816],[114.16807032,22.27742249],[114.16717835,22.27794297],[114.16722507,22.27852907],[114.16820026,22.27970239],[114.16655216,22.27955415],[114.16770876,22.28087253],[114.16743658,22.28321201],[114.16843858,22.2828306],[114.17067327,22.2826472],[114.17129988,22.28302214],[114.17189541,22.2837936],[114.17200088,22.28442017],[114.17223039,22.28463926],[114.17290214,22.28486776],[114.17424492,22.28468685],[114.17414697,22.28505792],[114.17430732,22.28518251],[114.17463274,22.28438523],[114.17450464,22.28435392],[114.17441953,22.28395928],[114.1745324,22.28396052],[114.17435396,22.28369622],[114.17439525,22.28315484],[114.17461622,22.28290794],[114.17608289,22.28299094],[114.17603744,22.28368974],[114.17627131,22.28373854],[114.17644969,22.28302688],[114.17815926,22.28324782],[114.17863401,22.28298206],[114.17902783,22.28297367],[114.18089545,22.28430692],[114.18095893,22.28406835],[114.17993055,22.28326713],[114.1802258,22.28249993],[114.18187609,22.28320643],[114.1818381,22.284342],[114.18142317,22.28453566],[114.18188376,22.28444948],[114.18210432,22.28474698],[114.18261698,22.2848066],[114.18235926,22.28559547],[114.18274133,22.28483539],[114.1833329,22.28497125],[114.18286181,22.28483307],[114.18292047,22.28461382],[114.18329609,22.2846672],[114.18336322,22.28447048],[114.18299086,22.28255571],[114.18318767,22.28230595],[114.18486657,22.28328026],[114.18490933,22.28352475],[114.18561905,22.28405235],[114.18676842,22.28432873],[114.18653429,22.28445837],[114.1867943,22.28433541],[114.18987281,22.28519405],[114.18980475,22.28576036],[114.18910471,22.28605071],[114.18879741,22.2869095],[114.1888883,22.2870304],[114.18742644,22.28797866],[114.18755366,22.28806816],[114.18837636,22.28755469],[114.18930193,22.28853895],[114.18949146,22.28819945],[114.19134501,22.28675943],[114.19149238,22.28670015],[114.1919455,22.28741691],[114.19248643,22.28688293],[114.19290854,22.2869032],[114.19292898,22.28534599],[114.19239078,22.28306129],[114.19314099,22.28312782],[114.19331512,22.28378365],[114.19344993,22.28522741],[114.19398191,22.28603615],[114.19423603,22.28613942],[114.19490314,22.28600953],[114.19544118,22.28664217],[114.19583172,22.28641185],[114.19588507,22.28621261],[114.19562118,22.28574756],[114.19547683,22.28565783],[114.19496373,22.28552694],[114.19485881,22.28548124],[114.19463983,22.28523518],[114.19467737,22.28475204],[114.19522317,22.28454935],[114.19481114,22.28262474],[114.19464796,22.2823719],[114.19388131,22.28167945],[114.19344214,22.28087803],[114.19349487,22.28061557],[114.19395208,22.28011657],[114.19401065,22.2799667],[114.19471371,22.27955208],[114.19481313,22.27920664],[114.1945008,22.27920499],[114.19428307,22.27907576],[114.19464144,22.27879295],[114.19499434,22.27839331],[114.19530362,22.278312],[114.19533455,22.27825047],[114.19526719,22.27794513],[114.19518166,22.27777017],[114.19527018,22.27761325],[114.1954933,22.27725652],[114.19601658,22.27666156],[114.1952741,22.27628292],[114.19528005,22.27600191],[114.1953242,22.2758357],[114.19546049,22.27569533],[114.19579969,22.27548035],[114.19678306,22.27437039],[114.19690042,22.27426325],[114.19732896,22.27395772],[114.19732955,22.27377004],[114.19735575,22.27367241],[114.19747811,22.27356393],[114.19764996,22.27323308],[114.19778688,22.27316255],[114.20072652,22.27437051],[114.2022,22.27766312],[114.20254994,22.2777624],[114.20458103,22.27522276],[114.20716461,22.2704513],[114.2031393,22.26750292],[114.19837174,22.26635008],[114.19737366,22.25914608],[114.19743643,22.25853094],[114.19765648,22.25837003],[114.19778338,22.25820115],[114.19771836,22.25789633]]]}},{"type":"Feature","properties":{"divisionCode":"TM","area":"New Territories"},"geometry":{"type":"MultiPolygon","coordinates":[[[[113.97876287,22.32745179],[113.97894997,22.32733195],[113.97901884,22.32687356],[113.97934489,22.32670968],[113.97911549,22.32647915],[113.97891817,22.32651701],[113.97882969,22.32687662],[113.97860837,22.32686029],[113.97844647,22.32702194],[113.9784037,22.32725031],[113.97876287,22.32745179]]],[[[113.96813757,22.33161168],[113.96888799,22.3316324],[113.96914116,22.33150234],[113.96917664,22.33130994],[113.96837529,22.33004406],[113.96752153,22.32934478],[113.96714979,22.3288431],[113.96659498,22.32865049],[113.96625483,22.32893508],[113.96571356,22.32901565],[113.96522898,22.32935563],[113.96490811,22.33049278],[113.96513624,22.33289577],[113.96525796,22.33343663],[113.9657396,22.33389104],[113.96613442,22.33397678],[113.96631476,22.33387317],[113.96618661,22.33315789],[113.96655658,22.332419],[113.96759497,22.33175885],[113.96813757,22.33161168]]],[[[113.98343585,22.34028001],[113.9835856,22.33861075],[113.98276979,22.33662117],[113.98104401,22.33404379],[113.98057926,22.33389504],[113.98037564,22.33421436],[113.98028376,22.33515083],[113.98118988,22.3381552],[113.98148115,22.3383737],[113.98190435,22.33938822],[113.98247972,22.34012043],[113.98231801,22.34033762],[113.98247792,22.34043293],[113.98262875,22.34021194],[113.98327581,22.34050348],[113.98343585,22.34028001]]],[[[113.89076457,22.34163604],[113.89093069,22.34161971],[113.89108321,22.34106396],[113.89037077,22.34081264],[113.89020007,22.34087414],[113.89024744,22.34151204],[113.89076457,22.34163604]]],[[[113.88907269,22.34652096],[113.89040887,22.34647316],[113.89085764,22.34674428],[113.89103122,22.34667577],[113.89092456,22.34655287],[113.89101628,22.34634768],[113.89136318,22.34625046],[113.89178139,22.34566654],[113.89252267,22.34593065],[113.89265222,22.3457414],[113.89145089,22.34551982],[113.89126587,22.34507665],[113.89069503,22.34468997],[113.89052716,22.34392167],[113.8907968,22.34327323],[113.89064705,22.342618],[113.89039275,22.34233511],[113.89006045,22.34251635],[113.8898215,22.34310877],[113.88942425,22.34352317],[113.88947082,22.34422354],[113.88927637,22.3444833],[113.88929007,22.3447567],[113.88868655,22.34615942],[113.88810216,22.34682647],[113.88907269,22.34652096]]],[[[113.8855755,22.3487975],[113.88587121,22.34864093],[113.88688464,22.34869528],[113.88757009,22.34732584],[113.88738408,22.34746302],[113.88707593,22.34732584],[113.88694848,22.34744691],[113.88658557,22.34706606],[113.88638932,22.34708734],[113.88624437,22.3474067],[113.88634134,22.34813463],[113.88579269,22.34852138],[113.88542137,22.34834836],[113.88531006,22.34867812],[113.8855755,22.3487975]]],[[[113.88777284,22.35359882],[113.88849513,22.35314744],[113.88835307,22.35240181],[113.88695496,22.35112228],[113.88650786,22.35104356],[113.88606813,22.35120818],[113.88572365,22.35172521],[113.88576469,22.35233853],[113.88643123,22.35271742],[113.8867716,22.35340667],[113.88777284,22.35359882]]],[[[113.87458824,22.35652822],[113.87469281,22.35643047],[113.87487764,22.35651732],[113.87501679,22.35633814],[113.87497117,22.35621319],[113.87487181,22.35629607],[113.87492755,22.35607788],[113.87477107,22.35596257],[113.87462223,22.35598216],[113.87443817,22.3563361],[113.87458824,22.35652822]]],[[[113.8742095,22.35687079],[113.87441918,22.35682382],[113.87431132,22.35660833],[113.87420851,22.35671015],[113.8742095,22.35687079]]],[[[113.87800085,22.38207712],[113.87860032,22.3817977],[113.87922929,22.38195565],[113.8798327,22.38187704],[113.8804408,22.38075924],[113.88067209,22.38072277],[113.88087442,22.38031413],[113.88189486,22.3807622],[113.88255072,22.38075002],[113.88324131,22.38019343],[113.88422019,22.38037915],[113.88421316,22.38027104],[113.88476095,22.38008037],[113.88525279,22.37952151],[113.88512286,22.37937816],[113.88520654,22.3791029],[113.88486861,22.37855257],[113.88501394,22.37840063],[113.88480112,22.37832331],[113.88460076,22.37791829],[113.88397302,22.37768121],[113.88369629,22.37709819],[113.88395575,22.37675015],[113.88455514,22.37642109],[113.8845552,22.37624332],[113.8842459,22.37641715],[113.88421184,22.37609643],[113.88310105,22.37537661],[113.88293055,22.37482656],[113.88306072,22.37432775],[113.88343676,22.37402595],[113.8835437,22.37364574],[113.8843974,22.37379722],[113.88459959,22.37366248],[113.88447488,22.3733524],[113.88372118,22.37290235],[113.88359616,22.37271521],[113.88376147,22.37255321],[113.8834362,22.37250931],[113.8831395,22.37224696],[113.88347493,22.37103503],[113.88241065,22.37019676],[113.88157559,22.37017777],[113.88078784,22.37049598],[113.88051449,22.37078612],[113.88105207,22.37136212],[113.8809447,22.37155178],[113.881028,22.37191934],[113.8808442,22.37212089],[113.88147511,22.37260011],[113.88135575,22.37377091],[113.88245195,22.37446038],[113.88235816,22.37507809],[113.88255082,22.3758098],[113.88246778,22.37639046],[113.8823226,22.37652441],[113.88243464,22.37672193],[113.88195153,22.37757994],[113.88112581,22.37851629],[113.88035255,22.37885154],[113.88021081,22.37913321],[113.87968796,22.37909854],[113.87912642,22.37944615],[113.87881624,22.37931593],[113.87874863,22.37945237],[113.87783986,22.37978803],[113.8774003,22.37982667],[113.87721035,22.3802435],[113.87738303,22.38145134],[113.87770156,22.38195517],[113.87800085,22.38207712]]],[[[113.93945926,22.42195259],[113.93945635,22.42184259],[113.93924178,22.42262449],[113.93942595,22.42226635],[113.93945926,22.42195259]]],[[[113.97041412,22.43054861],[113.98098405,22.43034956],[113.98105191,22.43087511],[113.98137608,22.43088848],[113.98163657,22.43086453],[113.98190672,22.43086485],[113.98207623,22.4307804],[113.98236133,22.43051434],[113.98250696,22.43056587],[113.98277993,22.43072649],[113.9832869,22.43069888],[113.98350295,22.43075615],[113.98359948,22.43075626],[113.98421861,22.43083602],[113.98446536,22.43064442],[113.98447411,22.43046212],[113.98441135,22.43019226],[113.98445629,22.4301816],[113.9847572,22.43033603],[113.9851057,22.4303167],[113.98539498,22.43009805],[113.98551483,22.42991758],[113.98572655,22.43003184],[113.985851,22.43003651],[113.98589357,22.42998181],[113.98616929,22.42991497],[113.98650626,22.42988941],[113.98664415,22.42983482],[113.98756905,22.42961749],[113.98781069,22.42960874],[113.988184,22.4296515],[113.98809708,22.43017573],[113.98838128,22.43012357],[113.98845512,22.43029072],[113.98891642,22.43036068],[113.98905731,22.43032698],[113.9890515,22.43013282],[113.98923403,22.42983616],[113.98950009,22.42972415],[113.98966021,22.42984286],[113.98995996,22.42995608],[113.98999149,22.42999055],[113.99010236,22.43015266],[113.99071589,22.43079792],[113.99089058,22.43091382],[113.99092089,22.43094885],[113.99108557,22.43128824],[113.99138995,22.43158039],[113.99146265,22.4316973],[113.9916799,22.43176867],[113.99206228,22.43184192],[113.99200684,22.43199029],[113.99278471,22.43200807],[113.99292468,22.43087665],[113.99325143,22.43031894],[113.99645725,22.43271971],[113.99651803,22.43230424],[113.99565566,22.43023135],[113.99524737,22.42940389],[113.99465698,22.42900524],[113.99468767,22.42808358],[113.99451762,22.4277531],[113.99378727,22.42751846],[113.9935851,22.42727986],[113.99375697,22.42570415],[113.99394241,22.42555488],[113.99561042,22.42505554],[113.99625022,22.42417118],[113.9964919,22.42367065],[113.9965546,22.42332328],[113.99697288,22.42295228],[113.99734666,22.42236617],[113.99757892,22.42238025],[113.99786321,22.42246187],[113.99818107,22.42237214],[113.99826478,22.42236404],[113.99884454,22.42265132],[113.99892068,22.42264672],[113.99916316,22.42246507],[113.99924437,22.42243006],[113.99949121,22.42227882],[114.00006149,22.42211213],[114.00077826,22.42203043],[114.00119491,22.4219408],[114.00213166,22.42187435],[114.00676908,22.42191381],[114.00694142,22.41477377],[114.01216627,22.41469001],[114.01217272,22.40457476],[114.0516095,22.40458303],[114.0516247,22.40861684],[114.05977745,22.40860207],[114.05972594,22.40487357],[114.05744547,22.40487359],[114.05737379,22.39783089],[114.06581856,22.39770428],[114.06596212,22.39181707],[114.06582344,22.39155507],[114.06584419,22.39141116],[114.06619621,22.39064324],[114.06614592,22.39054387],[114.06606887,22.39049021],[114.06555646,22.39043457],[114.0647984,22.39000966],[114.06458196,22.38965442],[114.06468416,22.38937003],[114.06474627,22.38910537],[114.06481696,22.3887504],[114.06489689,22.38821371],[114.06494404,22.38769731],[114.06496325,22.38645337],[114.06498713,22.3861836],[114.0649897,22.38600299],[114.06495,22.38555314],[114.06489438,22.38528726],[114.06487078,22.38519976],[114.06466814,22.38487787],[114.06346954,22.38506615],[114.06005767,22.38487578],[114.0596024,22.38498494],[114.05916887,22.38522168],[114.05907902,22.38525661],[114.05898553,22.3852808],[114.05872031,22.38529247],[114.05852671,22.38527991],[114.0583307,22.38526452],[114.0555795,22.38491253],[114.05526988,22.38470192],[114.05511247,22.38436758],[114.05499698,22.38422309],[114.05492441,22.3841632],[114.05466415,22.38404579],[114.05443767,22.38402708],[114.05323681,22.38410822],[114.05186009,22.38500059],[114.05201461,22.38526767],[114.05193428,22.38550749],[114.05118106,22.38556448],[114.04997592,22.38536599],[114.04953815,22.38557391],[114.04873885,22.38623138],[114.04865688,22.38627985],[114.04847172,22.3863305],[114.04837462,22.38633155],[114.04827935,22.38631624],[114.04624207,22.38488045],[114.04594511,22.38442643],[114.04595273,22.38406804],[114.04632309,22.38326124],[114.04722646,22.38191018],[114.04733671,22.38100544],[114.04756812,22.3806302],[114.04733728,22.38020373],[114.04690701,22.38005318],[114.04649999,22.37968331],[114.04585968,22.37948729],[114.04512629,22.37951352],[114.04464166,22.37995539],[114.04375373,22.38014659],[114.04316655,22.38066108],[114.04302178,22.38068002],[114.04285562,22.38064682],[114.04273652,22.38059783],[114.04249787,22.38034075],[114.04156901,22.38048423],[114.0410259,22.38045754],[114.04081834,22.3804979],[114.04063376,22.38062409],[114.04057099,22.38095731],[114.04050421,22.38104309],[114.04037766,22.3811089],[114.04024704,22.38113337],[114.04001206,22.38114023],[114.03955072,22.38111198],[114.03886368,22.381192],[114.03823895,22.38068737],[114.0377657,22.38058109],[114.03734058,22.38029096],[114.03672954,22.3801734],[114.03618387,22.38059086],[114.03542118,22.38062646],[114.03623543,22.37976794],[114.03642819,22.37895282],[114.03662397,22.37874113],[114.03664453,22.37867201],[114.03637709,22.37841072],[114.03616299,22.37796174],[114.03601834,22.37785433],[114.03589089,22.37782621],[114.03487302,22.37787223],[114.03445498,22.37782853],[114.03386731,22.37757172],[114.0337354,22.37755133],[114.03355475,22.37758933],[114.03346568,22.3776411],[114.03342463,22.37770543],[114.03342711,22.37778649],[114.03362958,22.37832368],[114.03321752,22.3785492],[114.0328744,22.3783987],[114.03254259,22.3786831],[114.03241039,22.3786963],[114.03232078,22.378639],[114.03229526,22.37855554],[114.0323647,22.37827906],[114.03200082,22.37773453],[114.03204406,22.37743478],[114.03191356,22.37728566],[114.03155742,22.376709],[114.03148819,22.3763617],[114.0311809,22.37603937],[114.0311395,22.37581702],[114.03093477,22.3756118],[114.03085307,22.37534473],[114.03048708,22.37476658],[114.03397044,22.37474188],[114.03460077,22.37066368],[114.03554194,22.36995706],[114.03738618,22.36937511],[114.04023617,22.36981821],[114.04031438,22.36829518],[114.04029652,22.36820646],[114.04026875,22.36811997],[114.04012954,22.36788328],[114.03983521,22.36765171],[114.03621259,22.36661702],[114.03500627,22.36603487],[114.03452859,22.365153],[114.03494778,22.36462501],[114.03493889,22.36410442],[114.03400326,22.36266679],[114.03354603,22.36237048],[114.03218233,22.36224391],[114.03155352,22.36204757],[114.03103882,22.36155117],[114.03050048,22.36074269],[114.02984185,22.36039103],[114.02924352,22.35966609],[114.02861893,22.35919641],[114.02844253,22.35869352],[114.02883686,22.35529556],[114.02605286,22.35517721],[114.02446507,22.35533473],[114.0214415,22.35612172],[114.01922941,22.35698154],[114.01856383,22.35740535],[114.01773659,22.35846391],[114.0181025,22.35878511],[114.01813173,22.35905972],[114.01706972,22.36051648],[114.014584,22.36310483],[114.01428707,22.36324908],[114.01358319,22.36311545],[114.01255679,22.36319752],[114.01237656,22.3628791],[114.01221882,22.36292023],[114.01234076,22.362799],[114.01216236,22.36286571],[114.01197081,22.36243903],[114.01299807,22.3620168],[114.01294815,22.36190422],[114.01178887,22.36232297],[114.0114825,22.36178237],[114.0110782,22.36180481],[114.01105808,22.36252132],[114.01044237,22.36245741],[114.01029292,22.36271557],[114.01052651,22.36338014],[114.01044555,22.36348562],[114.01076962,22.36366622],[114.0105773,22.36378281],[114.01086597,22.36426939],[114.0100186,22.36498689],[114.00912128,22.36535174],[114.00888235,22.36534804],[114.00876191,22.36516024],[114.00859136,22.36526156],[114.00824917,22.36506548],[114.00761294,22.36509139],[114.00721626,22.36495737],[114.0071055,22.36463329],[114.00725092,22.36424829],[114.00708956,22.36448554],[114.00692052,22.36448527],[114.00646148,22.36424114],[114.00613477,22.36432773],[114.00593195,22.36416744],[114.00556931,22.36415582],[114.00552929,22.36402722],[114.00530079,22.36411969],[114.00507612,22.36398764],[114.00497607,22.36355494],[114.00445812,22.36327177],[114.00453358,22.36307158],[114.00444229,22.3632673],[114.00417948,22.36312447],[114.00403907,22.36323032],[114.00387086,22.36312784],[114.00399176,22.36295793],[114.0036116,22.36270527],[114.00354266,22.36283803],[114.00335646,22.3626501],[114.00252603,22.36284089],[114.00248743,22.36268316],[114.00247335,22.36284246],[114.00232349,22.36283574],[114.00226409,22.3621983],[114.00146784,22.36209528],[114.00146662,22.36180109],[113.99999788,22.36179586],[113.99999748,22.36169744],[113.99924785,22.36179605],[113.9992479,22.36189539],[113.99841352,22.36176425],[113.99875898,22.36181864],[113.99888277,22.36208817],[113.99823768,22.36199827],[113.99814798,22.36259958],[113.9976059,22.36343593],[113.99789215,22.36394625],[113.99754796,22.36396801],[113.99745015,22.36456534],[113.99729824,22.36474136],[113.99712425,22.36466253],[113.99704167,22.36483266],[113.99712113,22.36494743],[113.99722713,22.36483761],[113.99715346,22.36512994],[113.99587876,22.36572053],[113.99622157,22.36606056],[113.99585439,22.36579191],[113.99582751,22.36570636],[113.99590958,22.36563168],[113.99532829,22.36508486],[113.99494253,22.36511742],[113.99478504,22.36492815],[113.99475716,22.36506782],[113.99468451,22.36491492],[113.9945647,22.36505256],[113.99455381,22.36492759],[113.99442921,22.36495301],[113.99419302,22.3652152],[113.99381155,22.36524076],[113.99349814,22.36506953],[113.99273377,22.36536057],[113.99266111,22.36572641],[113.99249123,22.36570065],[113.99232092,22.36612174],[113.99073045,22.36534158],[113.99058199,22.36473189],[113.98983164,22.36462533],[113.98791258,22.36477106],[113.98793891,22.36521738],[113.98931324,22.36557595],[113.98972019,22.36583383],[113.9896,22.36639903],[113.9907655,22.36545355],[113.9922791,22.36622567],[113.99166976,22.36730616],[113.99180055,22.36787739],[113.99257191,22.36845979],[113.99489958,22.36974022],[113.9946822,22.37005485],[113.99365551,22.36948691],[113.99171073,22.37230372],[113.98996774,22.37127216],[113.98953902,22.37070111],[113.98978125,22.36904339],[113.9896017,22.36793863],[113.99047017,22.36758889],[113.99053598,22.36741968],[113.98947136,22.3676989],[113.989368,22.3670796],[113.98889753,22.36700891],[113.98874479,22.36728283],[113.98889766,22.36758664],[113.98873284,22.36779245],[113.98883991,22.36788521],[113.98922322,22.36774215],[113.98953436,22.36906468],[113.98878947,22.37072493],[113.98758357,22.37253208],[113.98580415,22.37422024],[113.98400084,22.3752575],[113.9840983,22.37533398],[113.98361512,22.37564806],[113.98274133,22.37595896],[113.98208747,22.37598807],[113.98140741,22.3766238],[113.98098573,22.3767694],[113.98071597,22.37662289],[113.98036869,22.37679872],[113.98030433,22.37714377],[113.97979187,22.37701301],[113.97976146,22.37713115],[113.98022954,22.37721153],[113.98053861,22.37755281],[113.98067577,22.37744944],[113.98079255,22.37757769],[113.98089481,22.37788277],[113.98063974,22.37807122],[113.98080696,22.37828629],[113.98008104,22.37923131],[113.97899114,22.3796178],[113.97876667,22.37982041],[113.97859284,22.37975021],[113.97859096,22.37992443],[113.97816919,22.37975513],[113.97804325,22.37963178],[113.97811836,22.37952151],[113.97783918,22.37960503],[113.9758855,22.37638979],[113.97705147,22.37450662],[113.97738151,22.37436218],[113.97801211,22.37460398],[113.97833872,22.37441538],[113.97780626,22.37404808],[113.97709688,22.37415373],[113.97562877,22.3763295],[113.97774945,22.37979899],[113.97654316,22.38162897],[113.9695147,22.37861514],[113.96924937,22.37866833],[113.96896861,22.37913604],[113.96810673,22.37862877],[113.9722767,22.37125076],[113.97274595,22.37092671],[113.97404486,22.37094532],[113.97407016,22.37084392],[113.97267634,22.37076485],[113.97119329,22.3709009],[113.96634384,22.37213113],[113.96596131,22.3711717],[113.96581972,22.37130669],[113.965694,22.37095623],[113.96596308,22.37222859],[113.96504333,22.37251828],[113.96292149,22.37277503],[113.96125484,22.37275047],[113.96067736,22.3724684],[113.96070903,22.3722832],[113.96059773,22.37249823],[113.96016864,22.37244582],[113.95999239,22.37269069],[113.96023765,22.3726557],[113.96025902,22.37277356],[113.96005848,22.37304728],[113.95925564,22.37326637],[113.95774947,22.37308363],[113.95611007,22.37266826],[113.95431746,22.37174016],[113.95344262,22.37073529],[113.95146796,22.36991551],[113.95127798,22.36924642],[113.95148706,22.36855269],[113.95126189,22.36822726],[113.94900705,22.36626032],[113.94666852,22.36491663],[113.94635648,22.36491819],[113.94829353,22.36189625],[113.94737944,22.35964852],[113.94558678,22.36034783],[113.9465264,22.36242866],[113.94518513,22.36295279],[113.94424673,22.36087153],[113.94155756,22.36192151],[113.94249706,22.3640013],[113.94183139,22.36426587],[113.94115215,22.3645225],[113.94021698,22.36244119],[113.93753078,22.36349111],[113.9384695,22.36557167],[113.93713158,22.36609646],[113.93506091,22.36150786],[113.93762002,22.35987865],[113.93766034,22.35940079],[113.93715516,22.35926388],[113.92938722,22.36412605],[113.92360263,22.36845948],[113.92349443,22.36813556],[113.9247334,22.36722655],[113.92464796,22.36711636],[113.92306646,22.36827807],[113.92340981,22.36883282],[113.922914,22.36838655],[113.92055755,22.36945522],[113.92064099,22.36962047],[113.92275276,22.3686618],[113.92301374,22.36889072],[113.91979533,22.37098582],[113.91802222,22.3725443],[113.91778206,22.37258582],[113.91751813,22.37233324],[113.91707987,22.37272606],[113.91742216,22.37307801],[113.91695895,22.37349299],[113.9155096,22.37271091],[113.91548979,22.37260055],[113.91930272,22.36917152],[113.91896097,22.36941797],[113.91884067,22.36930212],[113.91503017,22.37271484],[113.91515613,22.37283633],[113.91501457,22.37300948],[113.91526316,22.37280811],[113.91679332,22.37363473],[113.91651066,22.37388795],[113.91638122,22.3736006],[113.91616149,22.37379852],[113.91645652,22.37393625],[113.91504916,22.37520091],[113.91480477,22.37583708],[113.91492557,22.37629265],[113.91523566,22.37667201],[113.91513574,22.37674685],[113.91665869,22.3783484],[113.91666065,22.3787518],[113.91631859,22.37899396],[113.91668733,22.37877142],[113.91695261,22.37853868],[113.91699091,22.378656],[113.91665081,22.37886689],[113.91663337,22.37892004],[113.91678275,22.37881964],[113.91680224,22.37903659],[113.91711872,22.3790726],[113.91719344,22.37920983],[113.91723011,22.37907459],[113.91749533,22.37931419],[113.91825121,22.37861451],[113.91892629,22.37900674],[113.91946142,22.3796661],[113.92018208,22.38111264],[113.92008413,22.38167704],[113.92042509,22.38278495],[113.92043713,22.38337079],[113.92031876,22.38346688],[113.92048344,22.38359363],[113.92096701,22.38514404],[113.92093387,22.38591533],[113.92071165,22.38750403],[113.9204208,22.38836022],[113.92015261,22.3889066],[113.91819131,22.39136646],[113.91822996,22.39145259],[113.91853656,22.39131652],[113.91819607,22.39156425],[113.9179502,22.39129141],[113.9174077,22.39107899],[113.9174957,22.39121178],[113.91721089,22.39141787],[113.91724784,22.39160823],[113.91653315,22.3921174],[113.91652528,22.3923127],[113.91618976,22.39248889],[113.91541992,22.39240635],[113.91504814,22.39258786],[113.91509673,22.39291768],[113.91490091,22.39307856],[113.91493464,22.39380226],[113.91469757,22.39406274],[113.91459929,22.39489997],[113.91410879,22.39563218],[113.91390712,22.395605],[113.91389276,22.39578433],[113.9137697,22.39575573],[113.91375206,22.39597772],[113.91336008,22.3959623],[113.91341066,22.39624883],[113.91357797,22.39622152],[113.91379064,22.39650735],[113.91369642,22.39664186],[113.91388052,22.39660518],[113.9144384,22.39699511],[113.91474289,22.39695698],[113.91510127,22.39714965],[113.91539392,22.39800094],[113.91499322,22.39962064],[113.9151353,22.39964804],[113.91510063,22.39977902],[113.91543536,22.39998723],[113.91566103,22.40051326],[113.91606439,22.40065624],[113.91562213,22.4005678],[113.91571384,22.40104393],[113.91521786,22.40018277],[113.91503905,22.3996313],[113.91405448,22.40161755],[113.91237578,22.40345275],[113.91126023,22.40259787],[113.91017375,22.40363343],[113.91002548,22.40361602],[113.91003899,22.40376203],[113.90966046,22.40396316],[113.90940703,22.4043271],[113.90864537,22.4044201],[113.90836974,22.40410196],[113.90812319,22.40405025],[113.90805925,22.40377359],[113.90760982,22.40374229],[113.90698664,22.404049],[113.9068394,22.40398601],[113.90690138,22.40408723],[113.90658979,22.40427279],[113.90580291,22.40445554],[113.9056855,22.40431155],[113.90572363,22.40444677],[113.90542386,22.40443233],[113.90537137,22.40456729],[113.90500007,22.40448627],[113.90492473,22.40466119],[113.90394101,22.4049112],[113.90356844,22.40520034],[113.90249655,22.40532379],[113.90153145,22.40576221],[113.90141948,22.40590735],[113.90162927,22.40599889],[113.901692,22.4063053],[113.90156079,22.4065348],[113.90244091,22.4071755],[113.90240502,22.40745456],[113.9028489,22.40773333],[113.90308947,22.40829186],[113.90377403,22.40916471],[113.90375181,22.4094045],[113.90384635,22.40925143],[113.9039616,22.40942643],[113.9038995,22.40959029],[113.90400913,22.40959182],[113.90420689,22.4101911],[113.90477366,22.41011891],[113.90492651,22.41024368],[113.90779188,22.41314928],[113.90789693,22.41305528],[113.90852025,22.41369375],[113.90860421,22.41362062],[113.90899842,22.4140213],[113.90895443,22.41415433],[113.91062348,22.41581581],[113.91090637,22.41588812],[113.91144016,22.41660899],[113.91318504,22.41828324],[113.91360058,22.41849688],[113.91384275,22.41846764],[113.91387467,22.41998303],[113.91373626,22.41998295],[113.91373753,22.42053902],[113.91387794,22.42054154],[113.91408977,22.4209399],[113.91564995,22.42155889],[113.91930268,22.42241979],[113.92223008,22.42348668],[113.92333002,22.42370389],[113.92480754,22.423765],[113.92691064,22.42342607],[113.92773687,22.42311253],[113.92797884,22.42273747],[113.92806541,22.42197531],[113.92775293,22.42062573],[113.92736009,22.42029395],[113.92593626,22.42048507],[113.9269202,22.42011814],[113.92696469,22.419789],[113.92799486,22.42031495],[113.92841905,22.42071446],[113.92867385,22.42122407],[113.92921219,22.42370555],[113.93015456,22.42435743],[113.93057085,22.424416],[113.93810541,22.42343045],[113.93863879,22.4231987],[113.93914502,22.42142502],[113.93904424,22.42070148],[113.93926579,22.42065741],[113.9393012,22.4207986],[113.93917317,22.42026968],[113.93908072,22.42001275],[113.93893197,22.41964152],[113.93997532,22.41953335],[113.94006378,22.4197016],[113.94000395,22.4202946],[113.94030058,22.42052314],[113.94078717,22.42058418],[113.94084475,22.42062826],[113.94089909,22.42082768],[113.94089153,22.42093491],[113.94080805,22.42135932],[113.94088606,22.4215423],[113.94172819,22.42227889],[113.94218252,22.42232404],[113.9423255,22.42238423],[113.94238281,22.42244101],[113.94259832,22.42297157],[113.94271769,22.42316162],[113.94289246,22.42320739],[113.94406152,22.42286266],[113.94444663,22.42297026],[113.94440319,22.42320793],[113.94420859,22.42338266],[113.94401848,22.42351271],[113.94394546,22.42360791],[113.9438921,22.42429176],[113.94396215,22.42433045],[113.94510126,22.42433528],[113.94523448,22.42442092],[113.94541033,22.42463613],[113.94555452,22.42475577],[113.94571029,22.42483836],[113.94598594,22.42495071],[113.9460132,22.42529023],[113.94581672,22.42606979],[113.94610684,22.42683737],[113.94632823,22.42718941],[113.94673621,22.42753378],[113.94690426,22.42805456],[113.9471955,22.42848309],[113.94791076,22.42874426],[113.94806153,22.42886338],[113.9480717,22.42896928],[113.94796419,22.42972922],[113.94797165,22.42986754],[113.94835039,22.43007473],[113.9484175,22.4302368],[113.94819716,22.43069896],[113.94847355,22.431237],[113.95021736,22.43335088],[113.97036315,22.43339596],[113.97041412,22.43054861]]]]}},{"type":"Feature","properties":{"divisionCode":"TW","area":"New Territories"},"geometry":{"type":"MultiPolygon","coordinates":[[[[114.02234478,22.33634495],[114.023309,22.33577414],[114.02384284,22.33571122],[114.02376667,22.33515795],[114.02406416,22.33503615],[114.02425687,22.33469279],[114.02411768,22.33476049],[114.02402376,22.33433572],[114.02409775,22.3337651],[114.02447124,22.33343303],[114.02441244,22.33319177],[114.0240939,22.33310545],[114.02379008,22.3332983],[114.02384542,22.33377844],[114.02336467,22.33481126],[114.02254622,22.33518972],[114.02243764,22.33565784],[114.02208985,22.33608657],[114.02211591,22.3363118],[114.02234478,22.33634495]]],[[[114.06238657,22.34132209],[114.06268724,22.34113302],[114.06242334,22.34104868],[114.06276924,22.3408518],[114.06308332,22.34017009],[114.06387019,22.34001726],[114.06375804,22.3397509],[114.06388696,22.33962541],[114.06354432,22.33941934],[114.06347922,22.33917042],[114.06290588,22.33906883],[114.06209798,22.33930559],[114.06196036,22.33997545],[114.06220073,22.34005845],[114.06216472,22.34016098],[114.0617803,22.34016141],[114.06181491,22.34050897],[114.06143619,22.34067555],[114.06207204,22.34092536],[114.06210041,22.34112709],[114.06233381,22.34099594],[114.06239496,22.34100672],[114.06212581,22.34117194],[114.06239194,22.34121479],[114.06238657,22.34132209]]],[[[114.04585489,22.34746464],[114.04619269,22.34701416],[114.04781866,22.34637131],[114.04930478,22.34639288],[114.04983026,22.34618321],[114.0508251,22.34549475],[114.05109738,22.34512066],[114.05187954,22.34487414],[114.05147633,22.34424539],[114.05148307,22.3440552],[114.05171002,22.34389479],[114.052808,22.3433488],[114.05313852,22.34360692],[114.05338723,22.3434466],[114.05351218,22.34353848],[114.0538945,22.34343188],[114.05421847,22.34298022],[114.05423051,22.34266146],[114.05380732,22.34254998],[114.05371875,22.34223499],[114.05428973,22.34197989],[114.05549932,22.34102662],[114.05538739,22.34098926],[114.05580908,22.34061772],[114.05582563,22.34020489],[114.05558552,22.33992803],[114.05625949,22.33835364],[114.05737873,22.33741314],[114.05725224,22.3362073],[114.05752176,22.33599789],[114.05755024,22.33566348],[114.05783715,22.33585615],[114.05822157,22.33565282],[114.05795036,22.33532006],[114.05765837,22.33539821],[114.05759244,22.33558947],[114.05760138,22.33535935],[114.05734064,22.33523395],[114.05648953,22.33508194],[114.05623179,22.33480358],[114.05603672,22.33491191],[114.05578214,22.33461652],[114.05587097,22.33426717],[114.05566851,22.33451195],[114.05505796,22.33453497],[114.05485146,22.33422665],[114.05511017,22.33411665],[114.05481368,22.33422492],[114.05475677,22.33402837],[114.05493839,22.33366911],[114.0560012,22.33314393],[114.05588734,22.3329789],[114.05601528,22.33294382],[114.05577125,22.33270942],[114.05547656,22.33270371],[114.05566077,22.33254872],[114.05551424,22.33248898],[114.05559781,22.33226493],[114.05535312,22.33210974],[114.05529755,22.3317783],[114.05558945,22.33161016],[114.05539566,22.33140879],[114.05563001,22.33135732],[114.05548894,22.33136046],[114.05549103,22.33114385],[114.05520313,22.33093931],[114.05531425,22.33055461],[114.05572713,22.33016213],[114.05613405,22.33041962],[114.05672104,22.33049095],[114.05670142,22.3303461],[114.05687147,22.33031725],[114.05689632,22.32981987],[114.05712901,22.32973817],[114.05730568,22.3294482],[114.05691443,22.32934659],[114.05698114,22.32925684],[114.05647415,22.32921096],[114.0566665,22.32892757],[114.05634638,22.32892911],[114.05647264,22.32873459],[114.05620587,22.32879603],[114.0563203,22.32864652],[114.05568461,22.32840511],[114.05558129,22.32812853],[114.05569081,22.32798807],[114.05554074,22.32798796],[114.05577245,22.32782625],[114.05531041,22.32759463],[114.05544568,22.32755887],[114.05523143,22.32731276],[114.05535542,22.32710597],[114.0549327,22.32698334],[114.05501515,22.32669507],[114.05481813,22.32641088],[114.05502823,22.3262922],[114.05481413,22.32624935],[114.05486299,22.32604232],[114.05472142,22.32601506],[114.05484006,22.32591474],[114.05464579,22.32571167],[114.05489706,22.32544326],[114.05463037,22.32532953],[114.05489907,22.32526181],[114.05499585,22.32502324],[114.05475093,22.32495373],[114.05477806,22.32479392],[114.05419394,22.3246808],[114.05393062,22.32364198],[114.05411325,22.32347528],[114.05402846,22.32339421],[114.0542528,22.32329067],[114.05416331,22.32305734],[114.05443493,22.3226485],[114.05518343,22.32249445],[114.05508671,22.32242529],[114.05526991,22.32232741],[114.05522831,22.32215491],[114.05546349,22.32216],[114.05532562,22.32209186],[114.05543577,22.32191978],[114.05591432,22.32176796],[114.05619794,22.3212331],[114.05618269,22.32088827],[114.05637126,22.32074191],[114.05608024,22.32072003],[114.05628934,22.32057286],[114.05597317,22.3202417],[114.05553558,22.32029292],[114.05564514,22.320359],[114.05534828,22.32065563],[114.05541261,22.32083193],[114.05508029,22.32103488],[114.05500085,22.32134609],[114.05456906,22.32163917],[114.05423212,22.32163537],[114.05393231,22.32147214],[114.0538018,22.32097971],[114.05365245,22.3209846],[114.05370184,22.32086042],[114.05339221,22.32062123],[114.05341881,22.32034112],[114.05312089,22.32022523],[114.05341251,22.32012464],[114.05300911,22.31983172],[114.05310649,22.31961321],[114.05297629,22.31954823],[114.05339194,22.31921664],[114.05350352,22.31852999],[114.05486486,22.31588499],[114.05534505,22.31406602],[114.05544663,22.31289966],[114.01046456,22.31385515],[114.01009213,22.31401856],[114.01003719,22.31419914],[114.0100596,22.3143232],[114.01013736,22.31449684],[114.01011356,22.31474703],[114.0098099,22.31501135],[114.00923306,22.31443154],[114.00896654,22.3143963],[114.00787278,22.31452687],[114.00696615,22.31392893],[113.99460004,22.31418915],[113.99581519,22.31545195],[113.99720019,22.31733062],[113.9969852,22.31814581],[113.99611989,22.31872178],[113.99721486,22.31993547],[113.99789643,22.31973416],[113.9983125,22.31979367],[113.99892163,22.32064271],[113.99938913,22.32090452],[113.99962261,22.32094408],[114.00039601,22.32065692],[114.00188534,22.32095942],[114.00300882,22.32151383],[114.00302331,22.32172791],[114.00334299,22.32205665],[114.00369796,22.32210145],[114.00795281,22.32396857],[114.00843618,22.32490312],[114.00911854,22.32516331],[114.01082294,22.32525245],[114.01144392,22.32544956],[114.01166086,22.32586903],[114.01152215,22.3263169],[114.01113762,22.32669865],[114.01148638,22.32668889],[114.01103856,22.327633],[114.01120898,22.32797268],[114.01216248,22.32848718],[114.01369343,22.32877548],[114.01408511,22.32903978],[114.0149772,22.32918137],[114.01588948,22.32900253],[114.01705511,22.32941281],[114.01792123,22.33022485],[114.01852796,22.3312314],[114.01862236,22.33208159],[114.01917547,22.33250985],[114.01971019,22.33347142],[114.0200032,22.33363988],[114.02015168,22.33358175],[114.02022745,22.33313972],[114.02052977,22.33299154],[114.02057059,22.33252287],[114.02093736,22.33214308],[114.02134737,22.33198775],[114.02190442,22.33200074],[114.02228352,22.332115],[114.02247409,22.33236792],[114.02311854,22.33208653],[114.02367149,22.33240983],[114.0238897,22.33273899],[114.02434486,22.33232797],[114.02433919,22.3321659],[114.02408472,22.33201691],[114.02439096,22.33181335],[114.02408147,22.33199499],[114.02398056,22.33162099],[114.02294033,22.33116609],[114.02278682,22.32978327],[114.02244,22.32932854],[114.02260294,22.32888945],[114.02283594,22.32886344],[114.02224223,22.32848956],[114.02180562,22.32751033],[114.02056715,22.32658836],[114.02058039,22.32625846],[114.02083943,22.32611964],[114.02066933,22.32589593],[114.02132426,22.32590559],[114.02379885,22.32706292],[114.02544908,22.32855098],[114.02728531,22.3307192],[114.02761957,22.33204158],[114.02739835,22.33286451],[114.02936194,22.33475562],[114.03045223,22.33626696],[114.03097136,22.33654095],[114.03153359,22.33659248],[114.03319475,22.33602036],[114.03836514,22.33887851],[114.03861784,22.3392007],[114.03843002,22.33933289],[114.03889007,22.3399042],[114.03917161,22.33970776],[114.03956044,22.34019283],[114.03933376,22.34051671],[114.04000911,22.34060109],[114.04006171,22.3412348],[114.04127761,22.34111313],[114.04134878,22.34091285],[114.04171488,22.34093384],[114.04206151,22.34235859],[114.04328581,22.34278926],[114.04302815,22.34342251],[114.04316591,22.34347],[114.04338892,22.34292136],[114.04355171,22.34297858],[114.04332824,22.34352931],[114.04341731,22.34355846],[114.04363875,22.34291177],[114.04468095,22.3433928],[114.04450958,22.34363263],[114.04461957,22.34370191],[114.0446072,22.34427329],[114.04424609,22.34469988],[114.04416249,22.34522376],[114.04416653,22.34548503],[114.04446918,22.34555284],[114.0445842,22.34601347],[114.04441494,22.34666963],[114.0454971,22.3475127],[114.04585489,22.34746464]]],[[[114.06773461,22.34852895],[114.06719307,22.34872705],[114.06692545,22.34941722],[114.06696525,22.34977576],[114.06741025,22.35011319],[114.06739593,22.35034035],[114.06767445,22.3503562],[114.06768974,22.35012086],[114.06813216,22.3499097],[114.06840844,22.34935119],[114.06828134,22.34878919],[114.06773461,22.34852895]]],[[[114.06474089,22.3559199],[114.065114,22.35559513],[114.0652331,22.35511404],[114.06468893,22.35474909],[114.06458686,22.35429588],[114.06413762,22.3540196],[114.06353602,22.35392796],[114.06329632,22.35356423],[114.06326021,22.35310535],[114.06330307,22.35283938],[114.06347644,22.35280694],[114.06489966,22.35320792],[114.06500123,22.35294837],[114.06424869,22.35268793],[114.06401969,22.35234607],[114.06326751,22.35237898],[114.06301398,22.35221794],[114.06299219,22.35188465],[114.06281386,22.35198906],[114.06256442,22.35191429],[114.06187825,22.3514341],[114.06167969,22.35057598],[114.06174565,22.34941315],[114.06192397,22.348936],[114.06206333,22.34898629],[114.06221147,22.34876898],[114.06231479,22.34891739],[114.06252357,22.34884564],[114.06222068,22.3487603],[114.06231358,22.34862097],[114.06379095,22.34881452],[114.06419597,22.3490281],[114.06424658,22.34887573],[114.06448756,22.34882859],[114.06473484,22.34832741],[114.06461606,22.34786272],[114.06508498,22.34634371],[114.06516744,22.34625371],[114.06600693,22.3464289],[114.06622789,22.34561796],[114.06427726,22.34490677],[114.06471949,22.34447099],[114.06445808,22.34424258],[114.06322729,22.34420182],[114.06260473,22.34374407],[114.06270085,22.34361726],[114.06166157,22.3435232],[114.06181923,22.34360515],[114.0617205,22.34361305],[114.06143869,22.34336744],[114.06091938,22.34328657],[114.06070834,22.34291255],[114.061102,22.3424719],[114.06092743,22.3423924],[114.06058212,22.34274871],[114.05999684,22.34254979],[114.05923527,22.34263476],[114.05922251,22.34304487],[114.05874107,22.34349679],[114.05841726,22.34422835],[114.05793537,22.34455694],[114.05710962,22.34465415],[114.05685043,22.34494642],[114.05673971,22.34547077],[114.05688827,22.34581734],[114.05655361,22.34623926],[114.05671928,22.34623175],[114.05685662,22.34660529],[114.05675619,22.34693716],[114.05655052,22.34701024],[114.05673618,22.34700667],[114.05669741,22.34728922],[114.05691211,22.34747448],[114.05718513,22.34747232],[114.05685738,22.34813272],[114.05649235,22.34826183],[114.0563001,22.34818736],[114.05597039,22.34854124],[114.05569144,22.3483482],[114.05593728,22.34814147],[114.05551455,22.34826888],[114.05561741,22.34787658],[114.05539322,22.34781083],[114.05555948,22.34796966],[114.05545558,22.34823348],[114.05437211,22.3486463],[114.05399461,22.34865985],[114.05449853,22.34910431],[114.05454758,22.34937745],[114.05497255,22.34960095],[114.05526044,22.3499616],[114.05634005,22.35003709],[114.05657052,22.35025399],[114.05653907,22.35053359],[114.0565861,22.35026562],[114.05710438,22.35062152],[114.05728478,22.35107302],[114.05688654,22.35120457],[114.05713028,22.35129883],[114.05711036,22.35163752],[114.05730937,22.35168542],[114.05724979,22.35182308],[114.05751284,22.35202537],[114.05766631,22.35269415],[114.0571291,22.35296875],[114.05719413,22.35341652],[114.0569618,22.35352403],[114.05683476,22.35382902],[114.05621151,22.35397997],[114.05632537,22.35424409],[114.05621795,22.35474309],[114.05648701,22.35534567],[114.05654125,22.3552677],[114.0569626,22.35553266],[114.05800504,22.35547907],[114.05809561,22.35565489],[114.05949892,22.35578304],[114.05999201,22.3556679],[114.05991215,22.35584782],[114.06006201,22.35589261],[114.06057418,22.35566616],[114.06071942,22.35544934],[114.06061627,22.35536607],[114.060958,22.35500022],[114.06154159,22.35469051],[114.06218689,22.35464407],[114.06247405,22.35480485],[114.06240739,22.35498129],[114.06255722,22.35502714],[114.06272208,22.35481835],[114.0633499,22.35547012],[114.06381928,22.35552174],[114.06390503,22.35561183],[114.06376659,22.35575212],[114.06442033,22.35591218],[114.06451361,22.35571792],[114.06474089,22.3559199]]],[[[114.13848471,22.41716488],[114.13878456,22.41718511],[114.13925845,22.41734142],[114.13945354,22.41731403],[114.13975587,22.41715678],[114.13993053,22.41708515],[114.14084107,22.41680765],[114.14187519,22.4160196],[114.14315965,22.41578417],[114.1438768,22.41588342],[114.1461654,22.41685859],[114.14657362,22.41643862],[114.14686306,22.41608092],[114.14694314,22.41589202],[114.14677703,22.41531956],[114.14677709,22.41505338],[114.14689417,22.41459831],[114.14720828,22.41403454],[114.14728115,22.41383209],[114.14723387,22.41350477],[114.14704829,22.41289804],[114.14732743,22.41183398],[114.14824681,22.41229885],[114.14852257,22.41237],[114.14930354,22.41250339],[114.14987046,22.41251924],[114.15041026,22.41258251],[114.15064331,22.41253608],[114.1509468,22.4124863],[114.15131772,22.41248076],[114.15179281,22.41250325],[114.15262078,22.4124009],[114.15299228,22.41255716],[114.15514429,22.4129001],[114.15597759,22.41257473],[114.15656244,22.41231914],[114.15684544,22.41225647],[114.15762946,22.41218714],[114.15782456,22.41215133],[114.15796545,22.41207857],[114.15823529,22.41185475],[114.15836342,22.41209084],[114.15871966,22.41218626],[114.15889653,22.41239782],[114.15884336,22.41256817],[114.15866919,22.41292149],[114.15874538,22.41302546],[114.1594711,22.41253171],[114.15986084,22.41238252],[114.16009284,22.41205109],[114.16015051,22.41205228],[114.15997356,22.41270684],[114.16047204,22.41307769],[114.16053868,22.41305623],[114.16078476,22.41285834],[114.16089753,22.4128655],[114.16147853,22.41309424],[114.16919477,22.41292776],[114.16866395,22.4124527],[114.16783838,22.41207863],[114.1673937,22.41195911],[114.16694297,22.41179804],[114.16609623,22.4114624],[114.16593719,22.41141121],[114.1656036,22.41137824],[114.16536613,22.41138892],[114.16521665,22.41124476],[114.16527069,22.4111329],[114.16556414,22.41092163],[114.16564463,22.41081098],[114.16558298,22.41047417],[114.16559908,22.41037456],[114.16568104,22.41015843],[114.16563024,22.41003148],[114.16528193,22.4097563],[114.16521154,22.40964342],[114.16527782,22.4089546],[114.16571867,22.40829953],[114.16598977,22.40775273],[114.16619129,22.40759663],[114.16629818,22.4074746],[114.16648935,22.40734232],[114.16651954,22.40721371],[114.16649702,22.40697776],[114.16650172,22.40693718],[114.16668732,22.40672588],[114.16672684,22.40663592],[114.16672148,22.40656118],[114.16664539,22.40630167],[114.16666209,22.40620939],[114.1668901,22.4060193],[114.16717628,22.40582338],[114.16722522,22.4057354],[114.16728059,22.40550323],[114.16769043,22.40505164],[114.16772128,22.40499957],[114.16768654,22.40489648],[114.16721488,22.40452679],[114.16708616,22.40392158],[114.16713967,22.40365895],[114.16713391,22.40362762],[114.16716749,22.40353574],[114.16732608,22.40321858],[114.16734624,22.40314499],[114.16730581,22.40290605],[114.16718766,22.40257108],[114.16760187,22.40263268],[114.16769176,22.40254778],[114.16760584,22.40225358],[114.16729396,22.40198453],[114.16727558,22.40192179],[114.16784485,22.40117928],[114.16789203,22.40102009],[114.16766902,22.40077536],[114.16759731,22.40063661],[114.1675556,22.40058434],[114.16725565,22.40036219],[114.16708818,22.39971152],[114.16696153,22.39945196],[114.166122,22.39907334],[114.16606381,22.39887157],[114.16595959,22.39866521],[114.16613102,22.39852721],[114.16638829,22.39857433],[114.16644436,22.39856032],[114.16644917,22.39851716],[114.16624255,22.3983868],[114.16621454,22.39825992],[114.16626196,22.39824126],[114.16651647,22.39825963],[114.16672735,22.39818995],[114.16687314,22.39795092],[114.16769369,22.39745063],[114.16773636,22.39737122],[114.1675756,22.39677214],[114.16763799,22.39643921],[114.16764786,22.39613073],[114.16769709,22.39596275],[114.16765117,22.39559317],[114.16818268,22.39494429],[114.16782144,22.39417979],[114.16728648,22.39360554],[114.16704033,22.39347724],[114.16573182,22.39297806],[114.16547253,22.39284365],[114.16515928,22.39228173],[114.16477525,22.3922326],[114.16465382,22.39218067],[114.16430267,22.39178358],[114.16372174,22.39165524],[114.16327408,22.39134486],[114.16308372,22.39125322],[114.16290322,22.39109132],[114.16271948,22.39040407],[114.16233937,22.38954822],[114.16174105,22.38851969],[114.16130043,22.38789091],[114.16093563,22.38751912],[114.16068404,22.38696427],[114.16060097,22.38683605],[114.15962333,22.38627552],[114.15877334,22.38571667],[114.15867521,22.38563492],[114.15840974,22.38550276],[114.15829898,22.38543893],[114.15800039,22.38524462],[114.15774033,22.38512197],[114.15742549,22.38506427],[114.15700998,22.38462261],[114.15701001,22.38442703],[114.15714996,22.38364777],[114.15690981,22.38311866],[114.15678281,22.38302402],[114.15654864,22.38292434],[114.15602345,22.38279311],[114.15584404,22.3827263],[114.1552823,22.38213504],[114.15451161,22.38169907],[114.15429428,22.38160275],[114.15385301,22.38159205],[114.1532552,22.38172801],[114.15278445,22.38156446],[114.15260986,22.38158795],[114.1524738,22.38158065],[114.15217884,22.38143056],[114.1519567,22.38145684],[114.15186219,22.3814473],[114.15175564,22.38139075],[114.15145649,22.38109565],[114.15007078,22.38050532],[114.14984742,22.38052096],[114.14955728,22.38042292],[114.1491717,22.38039942],[114.14900951,22.3802802],[114.14753312,22.37892488],[114.14735167,22.37890867],[114.14715652,22.37895429],[114.14695089,22.37866296],[114.14668678,22.37861726],[114.14659861,22.37828492],[114.14636995,22.37813517],[114.14619471,22.37811434],[114.14610393,22.37832066],[114.14541897,22.3789083],[114.14495169,22.37870535],[114.14455334,22.37871683],[114.14440863,22.37835731],[114.14428869,22.37834342],[114.14422467,22.37839368],[114.14423197,22.37905603],[114.14381371,22.37919003],[114.1435636,22.38037362],[114.14379661,22.38049851],[114.14410737,22.38037142],[114.14439626,22.38071479],[114.14377665,22.38086262],[114.14358827,22.38119721],[114.14288345,22.38155424],[114.14287598,22.38159065],[114.14288094,22.38165654],[114.14291511,22.38167966],[114.14379635,22.38162262],[114.1437204,22.38222137],[114.14385085,22.38243466],[114.14389124,22.38247166],[114.1441771,22.38250987],[114.14458596,22.3827839],[114.14464496,22.38295845],[114.14464987,22.38322662],[114.14441482,22.38379586],[114.14446687,22.38444508],[114.14351503,22.38450231],[114.14141408,22.38360147],[114.1391046,22.38221227],[114.13853467,22.38200719],[114.1375634,22.38214347],[114.13671532,22.38168395],[114.13504299,22.3815336],[114.13523461,22.38119351],[114.13604302,22.38089363],[114.13599468,22.38042551],[114.13666161,22.38038436],[114.13712883,22.3801053],[114.13748574,22.37931445],[114.13640159,22.37586824],[114.13635598,22.3725631],[114.13603941,22.3720437],[114.1346802,22.37093396],[114.13446744,22.3698025],[114.13394195,22.37000566],[114.13277994,22.36950652],[114.13078276,22.37071616],[114.12986236,22.37094542],[114.12338902,22.37037213],[114.12295092,22.36939432],[114.12120338,22.36667552],[114.12090909,22.36559668],[114.12059862,22.36498665],[114.11992557,22.36410731],[114.11924175,22.36367409],[114.11680012,22.36282732],[114.11577719,22.36230812],[114.11388037,22.36085049],[114.11163909,22.36028505],[114.11137416,22.36187335],[114.11237238,22.36423009],[114.11230096,22.36493246],[114.11082751,22.36660863],[114.11089824,22.3664818],[114.11059961,22.36667545],[114.11032169,22.3663307],[114.11023385,22.3664019],[114.1105653,22.36670344],[114.11047871,22.36685893],[114.11061003,22.36679601],[114.11026762,22.36706946],[114.11019348,22.36697436],[114.10999512,22.36710813],[114.11007103,22.3672055],[114.10926312,22.3676542],[114.10901029,22.36771173],[114.10879571,22.367464],[114.10894495,22.36774936],[114.10838771,22.3681699],[114.10806225,22.36868256],[114.10800721,22.3696969],[114.10555796,22.37201495],[114.10401415,22.3721829],[114.09916866,22.36850432],[114.09847781,22.36833518],[114.0985366,22.36818975],[114.09839967,22.36833266],[114.09771347,22.36815255],[114.09507226,22.36804793],[114.09383306,22.36787288],[114.09374586,22.36773195],[114.09301436,22.36780939],[114.09266193,22.36756451],[114.09121131,22.36718866],[114.08732691,22.36728059],[114.08595262,22.36745538],[114.08497317,22.3674331],[114.08493111,22.36729123],[114.0848734,22.36744964],[114.08427987,22.36773131],[114.08428367,22.36767174],[114.08425562,22.36763439],[114.08406984,22.36785316],[114.08401486,22.36776008],[114.08402227,22.36797428],[114.08379849,22.36787089],[114.08392299,22.36801101],[114.08368168,22.3681729],[114.08361245,22.36806916],[114.08367057,22.36817963],[114.08346412,22.36828136],[114.08339584,22.36817598],[114.08345493,22.36828568],[114.08304885,22.36836812],[114.08308062,22.368471],[114.08266834,22.36865756],[114.08260642,22.36855455],[114.08265948,22.36866214],[114.08211749,22.36893256],[114.08119193,22.36919481],[114.08018201,22.36913953],[114.07943082,22.36885348],[114.0794695,22.36865713],[114.07934124,22.36878658],[114.07921605,22.3686695],[114.07954376,22.36770052],[114.07862637,22.36685294],[114.07774319,22.36708624],[114.07730318,22.36777762],[114.07569215,22.36782273],[114.07534616,22.36748764],[114.07464294,22.36749601],[114.07421051,22.3670805],[114.07390522,22.36699596],[114.07304998,22.36611635],[114.07251954,22.36598728],[114.07261772,22.36569549],[114.07248301,22.36555966],[114.07129054,22.36526326],[114.07091318,22.36491554],[114.07078889,22.3644105],[114.07112066,22.36412188],[114.0711374,22.36393116],[114.07164279,22.36389584],[114.07111821,22.36389541],[114.07096097,22.36360146],[114.07077404,22.36356035],[114.06926227,22.36407173],[114.06909712,22.36397504],[114.06909432,22.36358269],[114.06850348,22.36354934],[114.06822169,22.36323589],[114.06680999,22.36359095],[114.06678087,22.36339461],[114.06652452,22.36371779],[114.06588287,22.36407667],[114.06454957,22.36399935],[114.06369012,22.36517577],[114.06309987,22.36527589],[114.06306585,22.36544992],[114.0607692,22.36534494],[114.0602667,22.36646948],[114.05776631,22.36560588],[114.05794977,22.36512788],[114.05814341,22.36508405],[114.05793139,22.36499],[114.05770207,22.36555182],[114.05689219,22.36520165],[114.05710007,22.364817],[114.05705831,22.36479781],[114.05687437,22.36519455],[114.05583079,22.36470507],[114.05534611,22.36423494],[114.05497058,22.36411646],[114.05381407,22.36297096],[114.0535037,22.36279891],[114.05312261,22.36280965],[114.05294782,22.36222233],[114.05238979,22.3621417],[114.05197667,22.36220246],[114.05182753,22.36243915],[114.05163157,22.36239271],[114.05155022,22.3621765],[114.05109489,22.36218446],[114.0500519,22.36145499],[114.04974396,22.36147029],[114.04931894,22.36114362],[114.04824287,22.36088512],[114.04797266,22.36056726],[114.04759217,22.36067149],[114.04746159,22.36045918],[114.04715518,22.36037344],[114.04694313,22.36052095],[114.04722635,22.3608904],[114.04517396,22.36136493],[114.04518551,22.36077424],[114.04507688,22.36075365],[114.04495808,22.36133152],[114.04272829,22.3605836],[114.0426065,22.36069086],[114.04246824,22.36048956],[114.04040019,22.35947004],[114.04007516,22.35901441],[114.0395958,22.35869363],[114.03937218,22.35822059],[114.03750005,22.35803563],[114.03663136,22.35743599],[114.03438217,22.35702411],[114.03370979,22.35649587],[114.03271804,22.35626529],[114.03185163,22.35582081],[114.03023229,22.35561203],[114.0299298,22.35536722],[114.02883686,22.35529556],[114.02844253,22.35869352],[114.02861893,22.35919641],[114.02868557,22.35926199],[114.02924352,22.35966609],[114.02984185,22.36039103],[114.03035128,22.36063499],[114.03050048,22.36074269],[114.03065605,22.36092672],[114.03103882,22.36155117],[114.03155352,22.36204757],[114.03218233,22.36224391],[114.03354603,22.36237048],[114.03400326,22.36266679],[114.03471496,22.36391552],[114.03493889,22.36410442],[114.03494778,22.36462501],[114.03452859,22.365153],[114.03500627,22.36603487],[114.03621259,22.36661702],[114.03983521,22.36765171],[114.04029652,22.36820646],[114.04023617,22.36981821],[114.03796648,22.36937871],[114.03738618,22.36937511],[114.03554194,22.36995706],[114.03460077,22.37066368],[114.03397044,22.37474188],[114.03048708,22.37476658],[114.03066883,22.3751443],[114.03085307,22.37534473],[114.03093477,22.3756118],[114.0311395,22.37581702],[114.0311809,22.37603937],[114.03148819,22.3763617],[114.03151982,22.37646658],[114.03155742,22.376709],[114.03166807,22.37685314],[114.03191356,22.37728566],[114.03204406,22.37743478],[114.03200082,22.37773453],[114.0323647,22.37827906],[114.03229526,22.37855554],[114.03241039,22.3786963],[114.03278983,22.37842247],[114.0328744,22.3783987],[114.03316374,22.37853723],[114.03321752,22.3785492],[114.03346941,22.3783736],[114.03362958,22.37832368],[114.03365792,22.37816159],[114.03342463,22.37770543],[114.0337354,22.37755133],[114.03445498,22.37782853],[114.03589089,22.37782621],[114.03616299,22.37796174],[114.03637709,22.37841072],[114.03664453,22.37867201],[114.03662397,22.37874113],[114.03643611,22.37893467],[114.03642819,22.37895282],[114.0364403,22.37922851],[114.03623543,22.37976794],[114.03616238,22.37982488],[114.03595345,22.3799427],[114.03542118,22.38062646],[114.03618387,22.38059086],[114.03672954,22.3801734],[114.03734058,22.38029096],[114.0377657,22.38058109],[114.03823895,22.38068737],[114.03855618,22.3810164],[114.03886368,22.381192],[114.03955072,22.38111198],[114.04024704,22.38113337],[114.04050421,22.38104309],[114.04057099,22.38095731],[114.0406067,22.38071128],[114.04063376,22.38062409],[114.04081834,22.3804979],[114.04156901,22.38048423],[114.04234416,22.38032871],[114.04249787,22.38034075],[114.04285562,22.38064682],[114.04316655,22.38066108],[114.04375373,22.38014659],[114.04387358,22.3800865],[114.04464166,22.37995539],[114.04493003,22.37979828],[114.04500824,22.37971728],[114.04512629,22.37951352],[114.04585968,22.37948729],[114.04649999,22.37968331],[114.04690701,22.38005318],[114.04733728,22.38020373],[114.04756812,22.3806302],[114.04733671,22.38100544],[114.04722646,22.38191018],[114.04686774,22.38258487],[114.04632309,22.38326124],[114.04595273,22.38406804],[114.04594511,22.38442643],[114.04624207,22.38488045],[114.04837462,22.38633155],[114.04873885,22.38623138],[114.04997592,22.38536599],[114.05036193,22.38534879],[114.05089464,22.38551684],[114.05118106,22.38556448],[114.05175465,22.38549662],[114.05193428,22.38550749],[114.05201461,22.38526767],[114.05186009,22.38500059],[114.05298829,22.38435747],[114.05323681,22.38410822],[114.05466415,22.38404579],[114.05499698,22.38422309],[114.05511247,22.38436758],[114.05526988,22.38470192],[114.0555795,22.38491253],[114.05852671,22.38527991],[114.05907902,22.38525661],[114.05916887,22.38522168],[114.0596024,22.38498494],[114.06005767,22.38487578],[114.06224117,22.38506077],[114.06346954,22.38506615],[114.06466814,22.38487787],[114.06489438,22.38528726],[114.06498713,22.3861836],[114.06494404,22.38769731],[114.06489689,22.38821371],[114.06474627,22.38910537],[114.06468416,22.38937003],[114.06458507,22.38956469],[114.06458196,22.38965442],[114.0647984,22.39000966],[114.06515436,22.3902221],[114.06555646,22.39043457],[114.06606887,22.39049021],[114.06614592,22.39054387],[114.06584419,22.39141116],[114.06596212,22.39181707],[114.06628772,22.39157292],[114.06653245,22.39151824],[114.0667139,22.3913032],[114.06677544,22.39124363],[114.06693687,22.3912366],[114.06743205,22.39201417],[114.06775836,22.3923093],[114.06818555,22.3925851],[114.06892799,22.39253136],[114.06922768,22.39267341],[114.06912161,22.39316031],[114.06932963,22.39338517],[114.06960257,22.39331501],[114.06966666,22.39326022],[114.06982639,22.3929629],[114.06995686,22.39289098],[114.07028897,22.39284638],[114.07058719,22.39237271],[114.07073831,22.39244792],[114.07095133,22.39281462],[114.07131897,22.39287566],[114.07158643,22.39296373],[114.07164562,22.39291878],[114.0717349,22.39259281],[114.07192586,22.39250591],[114.07239313,22.39296279],[114.0736362,22.39332658],[114.07358215,22.39363768],[114.07364105,22.3937021],[114.07385641,22.39353892],[114.07398347,22.39321594],[114.07418304,22.39361303],[114.0737644,22.39425198],[114.07341179,22.39446668],[114.07333212,22.39479327],[114.0735739,22.39528337],[114.07390159,22.39568413],[114.07407499,22.39616332],[114.07424237,22.39632479],[114.07463777,22.39632714],[114.07511623,22.39653643],[114.07548183,22.39666025],[114.07569452,22.39664846],[114.07612253,22.39650806],[114.07625964,22.39648311],[114.07691595,22.39641507],[114.07707729,22.39642727],[114.07750348,22.39672827],[114.07798517,22.39678817],[114.07825926,22.39689801],[114.07832248,22.39717402],[114.07842492,22.39725396],[114.07854277,22.39727906],[114.07864529,22.39724575],[114.07915475,22.39699273],[114.0793495,22.3969559],[114.07952359,22.39705839],[114.08031361,22.39740541],[114.0807719,22.39747353],[114.08108438,22.39766087],[114.08115194,22.39813777],[114.0812326,22.39821588],[114.08242828,22.39870775],[114.08259739,22.3996812],[114.08263961,22.39978018],[114.08324902,22.40044809],[114.08376277,22.40046987],[114.08403172,22.40063215],[114.08440319,22.40076111],[114.08450053,22.40080885],[114.08485494,22.40154219],[114.08530706,22.40178206],[114.08580739,22.40177103],[114.08599457,22.40181168],[114.08642286,22.40200682],[114.08672394,22.40201414],[114.08688598,22.40180254],[114.08732578,22.4015418],[114.08797867,22.40135798],[114.08808757,22.40137473],[114.08838215,22.40153225],[114.08906958,22.40145096],[114.08935288,22.40122701],[114.08933695,22.40106905],[114.08940109,22.40093676],[114.08940572,22.4006894],[114.08943301,22.40060457],[114.08990714,22.39994581],[114.09022053,22.39976181],[114.09034754,22.39947934],[114.0904129,22.39945554],[114.09076967,22.39949924],[114.09087605,22.39944326],[114.09111448,22.39924909],[114.09143585,22.39928018],[114.09164214,22.39948714],[114.09196854,22.39937046],[114.09222538,22.39936552],[114.09243488,22.39951628],[114.09265941,22.39965372],[114.09272181,22.39968317],[114.09281942,22.39970389],[114.09303892,22.3996959],[114.09337538,22.39982121],[114.09348949,22.39992809],[114.09357983,22.40016484],[114.09362397,22.40021311],[114.09495974,22.40084583],[114.09503366,22.40095049],[114.09515267,22.40137013],[114.0952498,22.40146425],[114.09587459,22.40195522],[114.09601121,22.40211418],[114.09601954,22.40249395],[114.09610037,22.40266857],[114.09664563,22.40283621],[114.09689386,22.4030045],[114.09680806,22.40335567],[114.0968484,22.40352122],[114.09729591,22.40366043],[114.09743874,22.40374381],[114.09757066,22.40394586],[114.09758108,22.40422447],[114.09764096,22.40436633],[114.09786628,22.40454993],[114.09811489,22.40479725],[114.09839299,22.40500285],[114.09941562,22.40581338],[114.10006026,22.40660057],[114.10024398,22.40698671],[114.10034899,22.40704765],[114.10065063,22.40705237],[114.10078125,22.40733456],[114.10090177,22.40734203],[114.100963,22.40732532],[114.1012266,22.40718754],[114.10142711,22.40715844],[114.10153728,22.40717755],[114.1019967,22.40753839],[114.10207682,22.40754915],[114.10318173,22.4073041],[114.1038685,22.40730679],[114.1044436,22.4074063],[114.10457128,22.40732081],[114.10473672,22.40704431],[114.10507057,22.40686386],[114.10534043,22.40657729],[114.1054125,22.40596338],[114.10526333,22.40562694],[114.1063768,22.40492274],[114.10662013,22.40480422],[114.10700007,22.40493376],[114.10708792,22.40511436],[114.10699858,22.40540989],[114.10702552,22.40554725],[114.10733701,22.406051],[114.10757896,22.40616855],[114.10794979,22.40608047],[114.10890436,22.40539994],[114.10971575,22.40551358],[114.11031454,22.40576919],[114.11092729,22.40631819],[114.11105546,22.40635403],[114.11172868,22.40642228],[114.11189658,22.40649749],[114.11200679,22.40656552],[114.11250174,22.40681868],[114.11265161,22.40709067],[114.11272044,22.40794492],[114.11290494,22.40816803],[114.11341917,22.40834009],[114.11432061,22.40838338],[114.11468461,22.40850756],[114.11483453,22.40865194],[114.11571078,22.41012207],[114.11578548,22.4101794],[114.11696889,22.41041818],[114.1170649,22.41062682],[114.11685957,22.41094344],[114.11680333,22.41105351],[114.11680448,22.4113575],[114.11741164,22.41181788],[114.11756283,22.41182031],[114.11819273,22.41151358],[114.11831062,22.41148739],[114.11859114,22.41162473],[114.11868583,22.41164339],[114.11889612,22.41150255],[114.11974706,22.41109985],[114.1204784,22.41095961],[114.12077774,22.4109823],[114.12119845,22.41089211],[114.12131523,22.41090772],[114.12163527,22.41105035],[114.12174043,22.41107298],[114.12236316,22.41098561],[114.12279266,22.41094956],[114.12336749,22.41099205],[114.12324574,22.4111231],[114.12321156,22.41124958],[114.12334735,22.41176482],[114.12332306,22.41185515],[114.12314503,22.41198685],[114.12316925,22.41209226],[114.12408617,22.41279851],[114.12451058,22.41243764],[114.12462881,22.41237847],[114.12428679,22.41308928],[114.1240857,22.41309185],[114.12380826,22.41288621],[114.12371198,22.41285456],[114.12359584,22.41289932],[114.123593,22.4129494],[114.12377698,22.41320505],[114.1238109,22.41348069],[114.12385337,22.41350706],[114.1242923,22.41358625],[114.12437442,22.41361527],[114.12441402,22.41375494],[114.12359602,22.4139043],[114.12351102,22.41403339],[114.12404018,22.41412757],[114.1244026,22.41432532],[114.12470752,22.41486901],[114.12502523,22.41498581],[114.12510131,22.41549061],[114.12557297,22.41593487],[114.12571472,22.4161275],[114.12581098,22.41620923],[114.12588462,22.41621452],[114.12603756,22.41619085],[114.12636324,22.41621204],[114.12643121,22.41623314],[114.12662286,22.4163641],[114.12682676,22.41641159],[114.12745481,22.41645416],[114.1278513,22.41640684],[114.12789093,22.41648064],[114.12786817,22.41677575],[114.1284393,22.41689872],[114.12861206,22.41684605],[114.12902124,22.41679085],[114.12923085,22.41671713],[114.12957071,22.41667507],[114.12992469,22.41676214],[114.13000681,22.41675952],[114.13010312,22.4167332],[114.13053005,22.41650976],[114.13087273,22.41647824],[114.13109489,22.41655691],[114.13136387,22.41677569],[114.13170937,22.41679951],[114.13208325,22.41669421],[114.13243243,22.41688227],[114.13325739,22.41687466],[114.13371946,22.41667544],[114.1340162,22.41660724],[114.13417637,22.41663639],[114.13551844,22.41714231],[114.13624282,22.41722928],[114.13679265,22.41705417],[114.13688898,22.41710011],[114.137314,22.41746524],[114.13752234,22.41753584],[114.13818234,22.41744866],[114.13848471,22.41716488]]]]}},{"type":"Feature","properties":{"divisionCode":"SK","area":"New Territories"},"geometry":{"type":"MultiPolygon","coordinates":[[[[114.29053089,22.24122248],[114.29076931,22.24112154],[114.29089544,22.24082298],[114.29051157,22.24087503],[114.29033231,22.24126722],[114.29053089,22.24122248]]],[[[114.28065277,22.24287799],[114.28097413,22.24272804],[114.28109219,22.242435],[114.28037758,22.24254886],[114.28035685,22.24275659],[114.28065277,22.24287799]]],[[[114.28196093,22.24278553],[114.28180813,22.24308191],[114.28199673,22.24315313],[114.2820393,22.2430619],[114.28196093,22.24278553]]],[[[114.28195927,22.24328074],[114.28182475,22.24327138],[114.28191725,22.24343198],[114.28194104,22.24334549],[114.28195927,22.24328074]]],[[[114.34650485,22.25514345],[114.34722079,22.25465313],[114.34754341,22.25384066],[114.34738023,22.25347221],[114.34606138,22.25374776],[114.34535128,22.25414822],[114.34559805,22.25435819],[114.34539594,22.25455945],[114.34578509,22.25468651],[114.34543528,22.25484507],[114.34540835,22.25509679],[114.34596181,22.25533524],[114.34650485,22.25514345]]],[[[114.35272626,22.25597575],[114.35262823,22.2559992],[114.35279357,22.25632269],[114.35294491,22.25636083],[114.35296582,22.2560662],[114.35272626,22.25597575]]],[[[114.35307465,22.25798203],[114.35328202,22.25755732],[114.35317289,22.25737217],[114.35295284,22.25738975],[114.3525765,22.2579532],[114.35293629,22.25808147],[114.35307465,22.25798203]]],[[[114.29557475,22.258767],[114.29577886,22.25875066],[114.29577415,22.25861574],[114.29616788,22.2586747],[114.29615949,22.25829727],[114.29589543,22.25807771],[114.2960134,22.25797576],[114.29584757,22.25776092],[114.29510895,22.25776601],[114.29550661,22.25750989],[114.2951981,22.25719697],[114.29535643,22.25656333],[114.29563324,22.25647898],[114.29575124,22.25662349],[114.29590672,22.25657588],[114.29632018,22.25595509],[114.29733124,22.2558425],[114.29774993,22.25488512],[114.29766348,22.25463116],[114.2975019,22.25474826],[114.29729274,22.25459991],[114.29742419,22.2544609],[114.29729443,22.25434982],[114.2968378,22.25440024],[114.29676308,22.25454084],[114.29668291,22.25443082],[114.29637743,22.25470692],[114.29630333,22.2546131],[114.29589126,22.25512373],[114.29560398,22.25488876],[114.29558555,22.25475845],[114.29614469,22.2545021],[114.29627129,22.25412194],[114.29597905,22.25405635],[114.29641907,22.25363321],[114.29618121,22.25346379],[114.29559355,22.25384809],[114.29582011,22.25355168],[114.29575785,22.25316709],[114.29597311,22.25276997],[114.29582853,22.25265456],[114.29565913,22.25282014],[114.29564135,22.25272443],[114.29610531,22.25216183],[114.29608185,22.2524687],[114.29654183,22.25209307],[114.29642511,22.251916],[114.29665798,22.25171272],[114.29660358,22.25158835],[114.29617226,22.251355],[114.29655295,22.25074843],[114.29696302,22.25055572],[114.29735326,22.2506871],[114.29748639,22.25046409],[114.29781357,22.2505742],[114.29835021,22.25028468],[114.29842405,22.25001445],[114.29824388,22.24983044],[114.29829048,22.24964481],[114.29846742,22.24963774],[114.29845264,22.24942365],[114.29819201,22.24950277],[114.29810972,22.24933136],[114.29832705,22.24868818],[114.29829505,22.2477825],[114.29816098,22.24759187],[114.297627,22.24777231],[114.29696882,22.24770526],[114.29647788,22.24804435],[114.29612532,22.24789819],[114.296158,22.24773421],[114.29596771,22.24758887],[114.29590585,22.24726786],[114.29604346,22.24714744],[114.29588464,22.24711099],[114.29587015,22.24682302],[114.29559934,22.24656607],[114.29640676,22.24588097],[114.29649061,22.24560431],[114.29633411,22.24535804],[114.2966507,22.24430758],[114.29645756,22.24447057],[114.29642565,22.24410557],[114.29612198,22.24414662],[114.29615224,22.24338495],[114.29555048,22.24295546],[114.29564279,22.24234726],[114.29552522,22.24204747],[114.29578711,22.24209575],[114.2958241,22.24257858],[114.29604229,22.24227676],[114.29581282,22.24198224],[114.29578699,22.24166953],[114.29522577,22.24132803],[114.29526,22.24167981],[114.29472684,22.24161081],[114.29444997,22.24188795],[114.29433321,22.24160986],[114.29387566,22.24174465],[114.29378737,22.24210384],[114.2934116,22.24218887],[114.29326776,22.24280368],[114.29294172,22.24273445],[114.29280886,22.24209402],[114.29264536,22.24201136],[114.2920645,22.24245354],[114.29189665,22.24285889],[114.2916468,22.24285644],[114.29186093,22.24232116],[114.2915445,22.24202695],[114.2912917,22.24231236],[114.29138207,22.24288906],[114.29106685,22.24285207],[114.29089649,22.2430491],[114.29080787,22.24289987],[114.2905326,22.24301326],[114.29060219,22.24290849],[114.29025577,22.2428979],[114.28985305,22.24227812],[114.29038687,22.24190103],[114.29020212,22.24181886],[114.29023225,22.24155612],[114.28987018,22.24166213],[114.28970426,22.24202713],[114.28967749,22.24148146],[114.28948181,22.24139429],[114.28930052,22.24156367],[114.28914326,22.24152094],[114.28885566,22.24138666],[114.28874951,22.24108515],[114.28919124,22.24095564],[114.289737,22.24038555],[114.28991854,22.23955687],[114.28974881,22.23874777],[114.28949813,22.23855799],[114.28914303,22.23874676],[114.28918226,22.23795601],[114.28895988,22.23772628],[114.28793982,22.23751344],[114.28782701,22.23781206],[114.28796865,22.23816021],[114.28752246,22.23848355],[114.28777628,22.23811854],[114.28751136,22.23802747],[114.28717839,22.23828358],[114.28727374,22.23852586],[114.28683968,22.23835908],[114.28662185,22.23876102],[114.28713296,22.24000096],[114.28785488,22.2404568],[114.28797872,22.24070713],[114.28800421,22.24132495],[114.28775668,22.24176774],[114.28737591,22.24203554],[114.28677046,22.24194026],[114.28677049,22.24227701],[114.28619604,22.24252237],[114.28573636,22.24221497],[114.28562588,22.24236898],[114.28586061,22.24243276],[114.2854674,22.24244289],[114.28535842,22.24269066],[114.2851926,22.24271343],[114.28514757,22.24243167],[114.28476818,22.2428228],[114.2846251,22.24262861],[114.28431207,22.24293591],[114.28419182,22.24273395],[114.28386659,22.24307744],[114.28392302,22.24290725],[114.28356891,22.24298532],[114.28329132,22.24325454],[114.2829897,22.24318848],[114.2828354,22.24354674],[114.28267419,22.24346176],[114.28244717,22.24358518],[114.28268473,22.24335165],[114.28263814,22.2432036],[114.2820299,22.24377411],[114.28219298,22.24382545],[114.28196633,22.24405458],[114.28149291,22.24422117],[114.28039429,22.24501991],[114.2801788,22.24574108],[114.2808032,22.24614086],[114.28093813,22.24704045],[114.28087858,22.24760077],[114.28067799,22.24779665],[114.28078231,22.24815018],[114.28038417,22.249771],[114.28065216,22.25000184],[114.28059931,22.25018021],[114.28115199,22.2505626],[114.28106169,22.25072953],[114.28125839,22.25095624],[114.28121021,22.25120827],[114.28202307,22.251625],[114.28200579,22.25193735],[114.28226627,22.25204313],[114.28218579,22.25212863],[114.2824561,22.25252224],[114.28236864,22.25269052],[114.28263332,22.25287936],[114.28261081,22.25301198],[114.28285413,22.25300559],[114.28384507,22.25411459],[114.28426913,22.25411897],[114.28479001,22.25469326],[114.28511892,22.25463575],[114.28549058,22.25487087],[114.28583766,22.25479504],[114.28621343,22.25419014],[114.28644544,22.25414339],[114.2868083,22.25367694],[114.28872702,22.25406804],[114.28907521,22.25435209],[114.28858478,22.25460275],[114.28867928,22.25472534],[114.28905985,22.25437857],[114.28919852,22.25446666],[114.28866079,22.254775],[114.28872056,22.25485272],[114.28920982,22.25447812],[114.28919085,22.25517485],[114.28946426,22.2555407],[114.29021835,22.25582247],[114.29076997,22.25648969],[114.2914821,22.25704882],[114.29149616,22.25730759],[114.29225175,22.25721534],[114.29294667,22.25791531],[114.29310603,22.25785387],[114.29310134,22.25850163],[114.29335261,22.25850082],[114.29315871,22.25842881],[114.2931531,22.25786485],[114.29333858,22.25784141],[114.29336122,22.25808416],[114.29349626,22.25771567],[114.29393894,22.25765021],[114.29463486,22.25803931],[114.29456152,22.258218],[114.29470865,22.25822599],[114.29484325,22.25874266],[114.29557475,22.258767]]],[[[114.35219126,22.25885604],[114.35209459,22.25904001],[114.35217138,22.25908485],[114.35219656,22.25904001],[114.35219126,22.25885604]]],[[[114.35318046,22.2594662],[114.35298616,22.2594641],[114.35277989,22.25978399],[114.35296315,22.25986962],[114.35320802,22.25973227],[114.35318046,22.2594662]]],[[[114.3517161,22.26007776],[114.35175338,22.26032134],[114.35208724,22.26009864],[114.35229487,22.25972771],[114.35229185,22.25943202],[114.35214765,22.25959088],[114.35193472,22.25956166],[114.35203044,22.25870485],[114.35220181,22.25848695],[114.3518465,22.25827401],[114.35228371,22.25807312],[114.35265612,22.25715983],[114.35262424,22.25704113],[114.35183357,22.2570293],[114.35258001,22.25680156],[114.35283389,22.25647513],[114.3526304,22.25607888],[114.35200265,22.25623208],[114.35224544,22.25595755],[114.35219229,22.25584562],[114.35156787,22.25617761],[114.35260494,22.25458569],[114.35264013,22.25405317],[114.35241569,22.2537576],[114.35162079,22.25369826],[114.35076972,22.2540271],[114.35061,22.2543583],[114.35007886,22.25440956],[114.34960229,22.25474442],[114.34957445,22.25446399],[114.34988975,22.25428849],[114.34946074,22.25427087],[114.34958154,22.25391318],[114.34936583,22.25371473],[114.34968562,22.25341355],[114.34959684,22.25327267],[114.34971512,22.2531111],[114.34955765,22.25308688],[114.3486662,22.25362637],[114.34824977,22.25413022],[114.34850989,22.25483747],[114.34835697,22.25507066],[114.3486418,22.25509528],[114.34804753,22.25573624],[114.34788317,22.25612705],[114.34798259,22.25627312],[114.34780625,22.25678477],[114.34808275,22.25661664],[114.34797984,22.25706451],[114.34819652,22.25715298],[114.34824911,22.25750406],[114.34801025,22.25764071],[114.34789432,22.25797202],[114.34833264,22.25816623],[114.34903425,22.25814049],[114.34990998,22.25777578],[114.35055692,22.25729648],[114.35121923,22.25711928],[114.35085662,22.25770427],[114.35098444,22.2579958],[114.35136318,22.25793595],[114.3514236,22.25885388],[114.3513039,22.25913185],[114.35158357,22.25911082],[114.35139717,22.25949657],[114.35151482,22.2599631],[114.35103609,22.26022246],[114.35113628,22.26053914],[114.3516395,22.26030763],[114.3517161,22.26007776]]],[[[114.35180803,22.26045953],[114.3516719,22.26059803],[114.35171108,22.26076426],[114.35185374,22.26050256],[114.35180803,22.26045953]]],[[[114.35206953,22.26077486],[114.35230222,22.26080398],[114.35238486,22.26058617],[114.35194677,22.26059068],[114.3518394,22.26083386],[114.35206953,22.26077486]]],[[[114.35143615,22.26099096],[114.35154209,22.26059573],[114.35112512,22.26067105],[114.35113518,22.26099911],[114.35143615,22.26099096]]],[[[114.35224113,22.26144257],[114.35219216,22.26136545],[114.35170518,22.2613783],[114.35192339,22.26169081],[114.35218946,22.26168592],[114.35224113,22.26144257]]],[[[114.35271244,22.26176703],[114.35275639,22.26172594],[114.35275199,22.26164362],[114.35264152,22.26170318],[114.35271244,22.26176703]]],[[[114.34549618,22.26313433],[114.3453856,22.2624511],[114.34480364,22.26272125],[114.34485765,22.26306775],[114.34549618,22.26313433]]],[[[114.36791752,22.26431242],[114.36768439,22.26440984],[114.36755688,22.26475805],[114.36782998,22.26455786],[114.36791752,22.26431242]]],[[[114.27955635,22.26530081],[114.27998681,22.26522804],[114.28000304,22.26480184],[114.27926975,22.26464741],[114.27911085,22.26489817],[114.27950734,22.26500945],[114.27943295,22.26540744],[114.27955635,22.26530081]]],[[[114.37009242,22.26565718],[114.37059691,22.26510228],[114.37050816,22.26455503],[114.36985419,22.26484703],[114.36914781,22.26594264],[114.36950305,22.2661763],[114.37009242,22.26565718]]],[[[114.36986148,22.26622572],[114.37011172,22.26606455],[114.37017542,22.2658931],[114.3697678,22.26616008],[114.36986148,22.26622572]]],[[[114.367085,22.26719876],[114.36728912,22.26710098],[114.3673749,22.26678269],[114.36728976,22.26643151],[114.36707639,22.26632816],[114.36650886,22.2666671],[114.36664198,22.26718204],[114.367085,22.26719876]]],[[[114.34991172,22.27104004],[114.35045404,22.27096593],[114.35043594,22.27081748],[114.35074536,22.27069609],[114.35059711,22.2705687],[114.35120858,22.27019979],[114.35140722,22.26984788],[114.35101072,22.26956414],[114.3508411,22.26918118],[114.35023439,22.26901739],[114.34944998,22.26923861],[114.34993725,22.26868142],[114.35025602,22.26853006],[114.35020882,22.2683441],[114.35076573,22.26794711],[114.35030487,22.26805704],[114.35000204,22.26781715],[114.34998483,22.26753252],[114.35041893,22.26751063],[114.35042662,22.26734513],[114.3502072,22.26736065],[114.35026748,22.26719943],[114.34965691,22.26727861],[114.34897037,22.26690815],[114.34927997,22.2668028],[114.34913499,22.26673265],[114.34934609,22.2662891],[114.34869574,22.26618981],[114.34925868,22.26607629],[114.34894221,22.26583176],[114.34844652,22.26571777],[114.34862274,22.26547049],[114.34847093,22.26541153],[114.3488357,22.26535607],[114.34925303,22.26499541],[114.34891473,22.2639748],[114.34847531,22.26342782],[114.3480123,22.26316623],[114.34783413,22.26315433],[114.34760276,22.26343184],[114.34765153,22.26288359],[114.34702276,22.26282493],[114.3461613,22.26307827],[114.34594234,22.26366718],[114.34563704,22.26388029],[114.34617455,22.26424874],[114.34617227,22.26460567],[114.34595213,22.26501052],[114.34620684,22.26503344],[114.34641725,22.26526321],[114.34605251,22.26552019],[114.34622728,22.26553769],[114.34627853,22.26585408],[114.34650602,22.26605547],[114.34647664,22.26663696],[114.3460723,22.26739691],[114.34640873,22.26752197],[114.34628353,22.26769491],[114.3463597,22.26789332],[114.34700274,22.26796227],[114.34751417,22.2684962],[114.34889231,22.26927139],[114.34898857,22.26946],[114.34865458,22.27049514],[114.34892417,22.27100712],[114.34928524,22.27083254],[114.34944977,22.27104777],[114.34991172,22.27104004]]],[[[114.35118626,22.27208636],[114.35125681,22.27204255],[114.35123243,22.27199079],[114.35115192,22.27199568],[114.35118626,22.27208636]]],[[[114.35071443,22.27210958],[114.35089586,22.27196603],[114.35062464,22.27177429],[114.35129576,22.27150395],[114.35140746,22.27125686],[114.35132488,22.27096234],[114.35034296,22.2714315],[114.3502992,22.27205708],[114.35071443,22.27210958]]],[[[114.3146735,22.27785087],[114.31513435,22.27756449],[114.31550054,22.27710795],[114.31578229,22.27495208],[114.31541428,22.27426817],[114.31494427,22.27411098],[114.31480977,22.27424189],[114.31490702,22.27444238],[114.31475064,22.2744743],[114.31440922,22.2739423],[114.31415348,22.27457337],[114.31426713,22.27472874],[114.3139716,22.27460041],[114.31376665,22.27484288],[114.31362386,22.27444298],[114.31336867,22.27481782],[114.3134099,22.27509982],[114.313102,22.27495236],[114.31294031,22.27576375],[114.31274749,22.27566368],[114.31269171,22.2753022],[114.31248855,22.27541981],[114.312483,22.27598996],[114.31234066,22.27547345],[114.31232093,22.27585558],[114.31211628,22.27597436],[114.31301751,22.27698585],[114.31347988,22.27738426],[114.313687,22.27739576],[114.31366584,22.27753857],[114.31378325,22.27741348],[114.31409037,22.27750041],[114.3142334,22.27758439],[114.31412001,22.27779485],[114.31436776,22.27768092],[114.3146735,22.27785087]]],[[[114.31834632,22.3004187],[114.31872783,22.30041216],[114.31882714,22.30025516],[114.31872754,22.30012544],[114.31842915,22.30014488],[114.31832454,22.29986277],[114.31801394,22.29985938],[114.31832686,22.29976063],[114.31814541,22.29964701],[114.3178246,22.29988616],[114.31817112,22.30051481],[114.31834632,22.3004187]]],[[[114.31913006,22.30050494],[114.31888653,22.30048415],[114.31883731,22.30070894],[114.31919999,22.30068549],[114.31913006,22.30050494]]],[[[114.31222251,22.30079315],[114.31209498,22.30084865],[114.31213673,22.30103455],[114.31241477,22.30118373],[114.31250425,22.30097009],[114.31222251,22.30079315]]],[[[114.32005472,22.30161757],[114.32052975,22.30149366],[114.32074273,22.30092902],[114.32126028,22.30052156],[114.31996149,22.30052237],[114.31914328,22.30087779],[114.31917518,22.3010528],[114.31943236,22.3011518],[114.31931704,22.30118159],[114.31943201,22.30142672],[114.32005472,22.30161757]]],[[[114.31132836,22.3025328],[114.31150587,22.30255992],[114.31133105,22.3023841],[114.31162769,22.30213825],[114.31210266,22.30207964],[114.31213799,22.30182466],[114.31178191,22.30148835],[114.31136451,22.30196683],[114.311351,22.30174293],[114.311163,22.30184505],[114.31127268,22.30279159],[114.31132836,22.3025328]]],[[[114.3173298,22.30330034],[114.31712745,22.30364121],[114.3172308,22.3039093],[114.31729505,22.303814],[114.3173298,22.30330034]]],[[[114.31678899,22.30397904],[114.31694843,22.30382207],[114.31686226,22.30340118],[114.31661502,22.30372658],[114.31678899,22.30397904]]],[[[114.31149425,22.30385568],[114.31156457,22.30349529],[114.31138721,22.3034938],[114.31150183,22.30327996],[114.31133522,22.30305073],[114.31115157,22.30305336],[114.31086286,22.30331187],[114.31069124,22.30439211],[114.31107784,22.30454641],[114.31149425,22.30385568]]],[[[114.3086755,22.30480805],[114.30886078,22.30466321],[114.30870781,22.30452961],[114.30856765,22.30464697],[114.3086755,22.30480805]]],[[[114.31027314,22.30487938],[114.31031107,22.30475187],[114.31029253,22.30466031],[114.31006976,22.30485339],[114.3101529,22.30496268],[114.31027314,22.30487938]]],[[[114.30989414,22.30717749],[114.31003685,22.30705195],[114.31007235,22.30682339],[114.3097591,22.30708383],[114.30989414,22.30717749]]],[[[114.36829833,22.30719192],[114.36840439,22.30709201],[114.36860648,22.30661563],[114.36805868,22.30693125],[114.36801241,22.30720497],[114.36829833,22.30719192]]],[[[114.30932141,22.3077033],[114.30934691,22.30764841],[114.30922454,22.30746927],[114.30919079,22.30765407],[114.30932141,22.3077033]]],[[[114.30975232,22.30773078],[114.3098134,22.30756018],[114.3095818,22.30759817],[114.30958347,22.30766007],[114.30975232,22.30773078]]],[[[114.36486579,22.30732327],[114.36452251,22.30745111],[114.36466731,22.3080877],[114.36498742,22.30756044],[114.36486579,22.30732327]]],[[[114.31010191,22.30951665],[114.31018621,22.30934362],[114.31004402,22.30919662],[114.30996739,22.30946137],[114.31010191,22.30951665]]],[[[114.36911747,22.31051359],[114.36935967,22.31033015],[114.36912169,22.31026069],[114.36916111,22.3101705],[114.36894264,22.3102506],[114.36870286,22.31067455],[114.36911747,22.31051359]]],[[[114.37275928,22.31144361],[114.37247166,22.31146175],[114.37247753,22.31174906],[114.37278294,22.31159969],[114.37275928,22.31144361]]],[[[114.37187937,22.3123207],[114.37209582,22.31169491],[114.37204708,22.31154304],[114.37112826,22.31225578],[114.37187937,22.3123207]]],[[[114.37130939,22.3115174],[114.37114126,22.31141942],[114.37054421,22.31152542],[114.37005455,22.3120018],[114.37006508,22.31218308],[114.37052186,22.31240398],[114.37095675,22.31221338],[114.37130939,22.3115174]]],[[[114.3183811,22.31269251],[114.31878374,22.3122014],[114.31903674,22.31218017],[114.31916249,22.31109624],[114.31891148,22.31096533],[114.31860307,22.31104105],[114.3183181,22.3117054],[114.31822614,22.31166889],[114.31821518,22.31264365],[114.31831784,22.3127716],[114.3183811,22.31269251]]],[[[114.34663893,22.3143913],[114.34652793,22.31471383],[114.34682047,22.31488952],[114.34684684,22.31468637],[114.34663893,22.3143913]]],[[[114.36565272,22.32118282],[114.36640527,22.32101024],[114.36626149,22.32081811],[114.36603949,22.32079942],[114.36607877,22.32061976],[114.36639262,22.32044369],[114.36593111,22.32057818],[114.36576126,22.32079939],[114.36534553,22.32067851],[114.36577454,22.32046185],[114.36518468,22.3206041],[114.3651046,22.32035792],[114.36522821,22.32000911],[114.36551963,22.32009274],[114.36593216,22.31997653],[114.36655915,22.31942437],[114.36657794,22.31912426],[114.36736711,22.31905535],[114.36735421,22.31890917],[114.36781154,22.31857685],[114.36747541,22.31872977],[114.3675724,22.31848061],[114.36813968,22.31823922],[114.3681941,22.3178829],[114.36798985,22.31779792],[114.36819131,22.31756649],[114.3680718,22.31757295],[114.36806334,22.31732068],[114.3684183,22.31676303],[114.36845751,22.3163272],[114.36873485,22.3161546],[114.36875904,22.31581818],[114.36906313,22.31593378],[114.3689805,22.31575756],[114.36949502,22.31514492],[114.36925858,22.31489868],[114.36922486,22.31460637],[114.36867441,22.31492389],[114.3683102,22.31463109],[114.36848561,22.31405721],[114.3683058,22.31378531],[114.36836716,22.31346134],[114.36882791,22.31289233],[114.36934615,22.31278872],[114.36949013,22.31247554],[114.36936367,22.31244205],[114.36987401,22.311978],[114.36961577,22.31161803],[114.37053301,22.31126876],[114.37080016,22.31091215],[114.37101942,22.31084864],[114.37020971,22.31078216],[114.36999641,22.31114105],[114.36980338,22.31087173],[114.36935547,22.31107732],[114.36919883,22.31101312],[114.36966619,22.31065673],[114.36957089,22.31054765],[114.36899025,22.31065867],[114.36853251,22.31097194],[114.36838897,22.31090511],[114.36849205,22.31041809],[114.36808949,22.31053718],[114.36786095,22.31035088],[114.36790092,22.30987941],[114.36767106,22.30997329],[114.36754556,22.31033233],[114.36709327,22.31012898],[114.36706213,22.31000136],[114.36757525,22.30947275],[114.36758941,22.30883918],[114.36740133,22.30874671],[114.36743285,22.30862874],[114.36683786,22.30880226],[114.36660246,22.30863301],[114.36767715,22.30792457],[114.36773673,22.30698417],[114.36743521,22.3067062],[114.36656769,22.30687637],[114.36539714,22.30759016],[114.36502683,22.30799124],[114.36491683,22.3083784],[114.36561693,22.30855565],[114.36515053,22.3089397],[114.36528052,22.30927391],[114.36554218,22.3093076],[114.36530775,22.30967625],[114.3655985,22.3103263],[114.36525062,22.31020556],[114.36547593,22.31052283],[114.36508598,22.31064101],[114.3654902,22.31087693],[114.36541508,22.31105921],[114.3651018,22.31087442],[114.364878,22.31088687],[114.36477746,22.31105332],[114.3652515,22.31188973],[114.36425674,22.31175631],[114.36391646,22.31209079],[114.36340522,22.31214344],[114.36267873,22.31276169],[114.36221886,22.31338862],[114.36185664,22.31426609],[114.36203138,22.31456624],[114.3622134,22.31449069],[114.36229618,22.31472006],[114.36176049,22.31529878],[114.36135286,22.31543049],[114.36135434,22.31574951],[114.36101731,22.31574976],[114.36088363,22.31610898],[114.36093917,22.31655165],[114.36139888,22.31661856],[114.36125019,22.31671162],[114.36134061,22.31676622],[114.36096884,22.31775501],[114.36111418,22.31809555],[114.36079191,22.31867151],[114.36091312,22.31891428],[114.36107978,22.31870081],[114.36087817,22.31923779],[114.3611274,22.31997335],[114.36151441,22.32019434],[114.36158167,22.32000429],[114.36200167,22.32014464],[114.36216974,22.32038599],[114.36203462,22.32055587],[114.36236065,22.32068013],[114.36294209,22.32048501],[114.36290707,22.32070716],[114.36316173,22.32081315],[114.36399047,22.32056424],[114.36565272,22.32118282]]],[[[114.36658147,22.3219361],[114.36663339,22.32179215],[114.36611641,22.32172634],[114.3656806,22.32186522],[114.36555804,22.32248865],[114.36601294,22.32247147],[114.36658147,22.3219361]]],[[[114.30128676,22.32242823],[114.30140056,22.32264433],[114.30140023,22.3225116],[114.3021162,22.32196892],[114.30199557,22.32160962],[114.30170821,22.32178198],[114.30141003,22.32233981],[114.30137173,22.32194874],[114.30101917,22.32217273],[114.30117447,22.3226527],[114.30128676,22.32242823]]],[[[114.30165907,22.32300444],[114.30181444,22.32284063],[114.30181154,22.32280979],[114.30150488,22.32286756],[114.30165907,22.32300444]]],[[[114.36764378,22.32616854],[114.36884875,22.32579326],[114.36917317,22.32553937],[114.3679511,22.32527492],[114.36754385,22.32563022],[114.36748137,22.32609603],[114.36764378,22.32616854]]],[[[114.31994774,22.32623535],[114.32014596,22.32611988],[114.32064761,22.32560616],[114.31986734,22.32572579],[114.31981014,22.32611335],[114.31994774,22.32623535]]],[[[114.36721528,22.32620122],[114.3673027,22.32562808],[114.36707528,22.32528767],[114.36674232,22.32528958],[114.36656805,22.32587845],[114.36674251,22.32590016],[114.36694053,22.32618298],[114.36721528,22.32620122]]],[[[114.35553099,22.32654745],[114.3568735,22.3261382],[114.35756004,22.3261293],[114.35771071,22.32583282],[114.35706326,22.325715],[114.35700274,22.3253613],[114.357136,22.3251906],[114.35691135,22.32504636],[114.35701922,22.32495649],[114.35686026,22.32494257],[114.35693012,22.32454457],[114.35660735,22.32357189],[114.35624393,22.32353504],[114.35615775,22.32377188],[114.35589818,22.32383965],[114.35569233,22.32363389],[114.35528227,22.32388411],[114.35528764,22.3236545],[114.35514962,22.32359114],[114.35531734,22.32346932],[114.35481197,22.32334876],[114.35535239,22.32323542],[114.35550074,22.32301678],[114.35540836,22.32285416],[114.35460542,22.32301673],[114.35434329,22.32336809],[114.35421214,22.32337698],[114.35427023,22.32323185],[114.35406751,22.32327387],[114.35462441,22.3228341],[114.35465579,22.32253405],[114.35419141,22.32246096],[114.35357495,22.32254542],[114.35341875,22.32270063],[114.35326226,22.32235233],[114.35308466,22.32235852],[114.35315089,22.32194586],[114.35346556,22.32148507],[114.35287325,22.32117804],[114.35289761,22.32054624],[114.35307819,22.32058926],[114.35343646,22.32014439],[114.35370634,22.32012894],[114.35386469,22.31993217],[114.35374315,22.31970374],[114.35407193,22.31947519],[114.3539678,22.31925345],[114.35365223,22.31939947],[114.35349041,22.31925553],[114.35360903,22.31877448],[114.35343707,22.31855725],[114.35361638,22.31816901],[114.35341944,22.31810963],[114.35377225,22.31780709],[114.35368728,22.31729204],[114.35327418,22.31712373],[114.35282109,22.3173766],[114.35230009,22.31711572],[114.35221624,22.31696016],[114.3524417,22.31671413],[114.35198728,22.31602748],[114.35129463,22.3159339],[114.35091834,22.31605352],[114.35060337,22.31676849],[114.35026017,22.3168792],[114.34953721,22.31666725],[114.34886225,22.31624742],[114.34853679,22.31584688],[114.34865585,22.31519401],[114.34844253,22.31509023],[114.34860321,22.31500788],[114.34856751,22.31478877],[114.34754257,22.3147017],[114.34820315,22.31424626],[114.34813569,22.31403685],[114.3486085,22.31396208],[114.34884007,22.31350145],[114.34875957,22.31312504],[114.34840005,22.31268415],[114.34802775,22.31262893],[114.34758248,22.31289508],[114.34737008,22.31338211],[114.34755947,22.31388244],[114.347137,22.31401924],[114.34704248,22.31446324],[114.3469121,22.31443079],[114.34699989,22.31500553],[114.346394,22.31510582],[114.34682877,22.31517807],[114.34659396,22.31538395],[114.34666991,22.31568816],[114.34653896,22.31582394],[114.34677761,22.31606171],[114.34620792,22.31643941],[114.3461597,22.31697326],[114.34620125,22.31788209],[114.3466119,22.31789154],[114.34654049,22.31820493],[114.3467462,22.31837461],[114.34668167,22.31853177],[114.34736471,22.31869869],[114.34783198,22.31936425],[114.34795622,22.31978641],[114.34786652,22.32027669],[114.34754953,22.32052563],[114.34745984,22.3211776],[114.3481194,22.32131561],[114.34822373,22.32185071],[114.34796419,22.32199223],[114.34806697,22.32236642],[114.34825501,22.32240156],[114.34826529,22.3226426],[114.34853178,22.32266178],[114.34836141,22.32286707],[114.34864885,22.32299727],[114.34858714,22.32321827],[114.34874243,22.32311138],[114.34878248,22.32345545],[114.348973,22.3234801],[114.34886104,22.32367123],[114.34918253,22.32388969],[114.34939012,22.32382347],[114.34934323,22.32403344],[114.34957122,22.32404781],[114.34946641,22.32419057],[114.35009552,22.32457283],[114.35021544,22.32492728],[114.35012192,22.32502206],[114.35046621,22.32517921],[114.35111057,22.32494249],[114.35109819,22.32482121],[114.35134377,22.32484625],[114.35276874,22.3234674],[114.35374087,22.32369085],[114.35444801,22.32453433],[114.35459153,22.32541206],[114.3548588,22.32578927],[114.35471463,22.32594374],[114.35489811,22.32614641],[114.35474795,22.32624393],[114.35496428,22.32627555],[114.35496713,22.32645896],[114.35553099,22.32654745]]],[[[114.36817264,22.32681966],[114.36904541,22.32676145],[114.36931641,22.32653147],[114.36937997,22.32626847],[114.36898297,22.32612192],[114.36869722,22.32626647],[114.3678393,22.32632868],[114.36760479,22.32649351],[114.36779025,22.32681258],[114.36817264,22.32681966]]],[[[114.36201142,22.33013802],[114.36187739,22.33020686],[114.36193995,22.33036409],[114.36203866,22.33023603],[114.36201142,22.33013802]]],[[[114.36706106,22.33003836],[114.36689137,22.33013228],[114.36684726,22.33051013],[114.36709414,22.33019222],[114.36706106,22.33003836]]],[[[114.36757252,22.33074906],[114.36787074,22.33072154],[114.36808912,22.33045638],[114.36784452,22.3299439],[114.3676213,22.32998532],[114.36759513,22.33023849],[114.36742875,22.33028956],[114.36738395,22.33055368],[114.36753997,22.33068639],[114.36727744,22.33063089],[114.36757252,22.33074906]]],[[[114.36706117,22.33064286],[114.36724694,22.33057887],[114.367239,22.33044253],[114.36692724,22.33070467],[114.36704736,22.33089577],[114.36706117,22.33064286]]],[[[114.29388174,22.33168841],[114.29428869,22.33163683],[114.29518222,22.33117236],[114.29534055,22.33080124],[114.29548439,22.33086533],[114.29561836,22.33064192],[114.29596111,22.33057852],[114.2959551,22.33030967],[114.2962258,22.32996235],[114.29674111,22.33005562],[114.2966185,22.32987245],[114.29681943,22.32983569],[114.29664542,22.32969779],[114.29703326,22.32976856],[114.29681076,22.32943714],[114.29739057,22.32937202],[114.29732784,22.32886191],[114.29758109,22.32904475],[114.29765594,22.32895377],[114.29826788,22.32905185],[114.29843902,22.32876369],[114.29818083,22.32880137],[114.29798045,22.32864641],[114.29867163,22.32844398],[114.29925237,22.32845472],[114.29925964,22.32822539],[114.29861235,22.32817307],[114.29862751,22.32785518],[114.29898838,22.32785676],[114.29888669,22.32764592],[114.29911016,22.32752915],[114.29933914,22.3275867],[114.29955289,22.32689422],[114.29968614,22.32687673],[114.29984904,22.32713355],[114.30077427,22.32693144],[114.30082415,22.32682459],[114.30044322,22.3268396],[114.30035613,22.32670902],[114.30039779,22.32635584],[114.30081243,22.3261928],[114.30063764,22.32600927],[114.30126307,22.32577699],[114.30173653,22.32577296],[114.302021,22.32557306],[114.30216528,22.32533764],[114.30198176,22.32536537],[114.30214602,22.32519937],[114.30203123,22.32518043],[114.30225959,22.32492645],[114.30199349,22.32481304],[114.30205736,22.32452735],[114.30172007,22.32450632],[114.30160823,22.3241922],[114.30140585,22.32418189],[114.30136172,22.32434977],[114.30117303,22.32429874],[114.30108591,22.32406012],[114.30090179,22.32409224],[114.30078972,22.32389763],[114.30082946,22.32355352],[114.30127472,22.32344591],[114.30142971,22.32317471],[114.30095814,22.32250634],[114.30056347,22.32247308],[114.30055726,22.32231777],[114.30011556,22.32212141],[114.29989275,22.32226691],[114.30015226,22.32242051],[114.299889,22.32237208],[114.29934406,22.32200536],[114.29888322,22.32221867],[114.29848234,22.3226243],[114.298497,22.32239799],[114.29833534,22.32244999],[114.29815014,22.32272718],[114.2979639,22.32232976],[114.29712578,22.32269266],[114.29694323,22.32252545],[114.29647385,22.32256361],[114.29616155,22.32277171],[114.29631868,22.32291961],[114.29576864,22.32303748],[114.29567766,22.32324986],[114.2955327,22.32323911],[114.2955139,22.32346486],[114.29527213,22.32332285],[114.29483554,22.32412214],[114.29464669,22.32415317],[114.29458672,22.32513936],[114.29430744,22.32539409],[114.29390528,22.32547437],[114.29390465,22.32586496],[114.29363135,22.32608342],[114.29355902,22.32654239],[114.29329244,22.32673471],[114.29314945,22.32724463],[114.29281497,22.32734493],[114.29276348,22.32754551],[114.29318225,22.32893785],[114.29335885,22.33028687],[114.29384254,22.33104382],[114.29353784,22.33160387],[114.29388174,22.33168841]]],[[[114.37212972,22.33308998],[114.3723038,22.33286272],[114.37206452,22.3325949],[114.37198159,22.33298483],[114.37212972,22.33308998]]],[[[114.37115854,22.33392833],[114.37116444,22.3336885],[114.370421,22.33345995],[114.37041761,22.33333607],[114.37061282,22.33327975],[114.37118072,22.33357466],[114.37143174,22.33346583],[114.37144728,22.33326026],[114.37175621,22.33324944],[114.37196618,22.33263044],[114.37184452,22.33240065],[114.37146611,22.33227509],[114.37175688,22.33221477],[114.37160569,22.33193325],[114.371843,22.33179633],[114.37242853,22.33215694],[114.37245966,22.33203516],[114.37205679,22.33173232],[114.37248395,22.33185329],[114.37266077,22.33179291],[114.37268757,22.33159188],[114.37291082,22.33166898],[114.37308843,22.33150644],[114.37317029,22.33123288],[114.37289864,22.33071133],[114.37295209,22.33053965],[114.37339262,22.33060411],[114.37399682,22.33040752],[114.37418294,22.33052702],[114.37433975,22.33034057],[114.37480862,22.33053302],[114.37526912,22.33049287],[114.37585143,22.32908664],[114.37593741,22.32938379],[114.37611169,22.32925294],[114.3761913,22.32942667],[114.37749267,22.32900021],[114.37755967,22.32862476],[114.37796455,22.32852232],[114.37813275,22.3279431],[114.37787035,22.32759486],[114.3775953,22.32743322],[114.37724357,22.32795573],[114.37703474,22.32785891],[114.37679467,22.32797322],[114.37639274,22.32857515],[114.37633164,22.32818003],[114.37618014,22.32818236],[114.37600674,22.32848554],[114.37580692,22.32789316],[114.37545881,22.327963],[114.37530495,22.32770413],[114.3750507,22.32779291],[114.37513079,22.32809774],[114.37492125,22.32793149],[114.3746508,22.32801535],[114.37464783,22.3276214],[114.37412294,22.3278526],[114.37393398,22.32820943],[114.37331128,22.32837001],[114.37337658,22.32803418],[114.37354414,22.32792358],[114.37338154,22.32791418],[114.37314372,22.32810884],[114.37298001,22.32870943],[114.37291571,22.32822137],[114.37281227,22.32824017],[114.37287541,22.32845681],[114.37248185,22.32854322],[114.37236301,22.32823668],[114.37206963,22.3283112],[114.37223973,22.32804307],[114.37206123,22.32806919],[114.37160448,22.32880146],[114.3721084,22.32958693],[114.37172612,22.32937665],[114.37166928,22.32968865],[114.3714538,22.3294587],[114.37100049,22.33053995],[114.37108575,22.33118975],[114.37146066,22.33158433],[114.37079988,22.33144561],[114.37060466,22.33163909],[114.37073705,22.3318495],[114.37034096,22.33203659],[114.37033963,22.33191094],[114.37000573,22.33227409],[114.37048401,22.33326359],[114.37037554,22.33331474],[114.37004982,22.33373958],[114.37115854,22.33392833]]],[[[114.37074334,22.33451921],[114.37089397,22.33450033],[114.37097932,22.33425685],[114.37051213,22.33402571],[114.37016457,22.33409525],[114.36999125,22.33393911],[114.36950816,22.33391423],[114.36926379,22.33421452],[114.36933752,22.33436875],[114.36958005,22.33434241],[114.36958386,22.33448545],[114.36995081,22.33423938],[114.37001507,22.33439083],[114.37074334,22.33451921]]],[[[114.37015353,22.33474711],[114.37034863,22.33472285],[114.370314,22.33457698],[114.3698322,22.33450918],[114.36993048,22.33481201],[114.37015353,22.33474711]]],[[[114.37044527,22.33496735],[114.37022795,22.33511203],[114.37023363,22.33521602],[114.37050359,22.33515058],[114.37044527,22.33496735]]],[[[114.3679054,22.33683602],[114.36802414,22.33636979],[114.36785965,22.33636638],[114.36798337,22.33627332],[114.36780545,22.33616178],[114.36782332,22.33636721],[114.36775504,22.33647382],[114.3676718,22.33634287],[114.36756267,22.33661887],[114.3679054,22.33683602]]],[[[114.33452636,22.33730685],[114.33491737,22.33709415],[114.33480968,22.33699374],[114.33504329,22.3368087],[114.33510081,22.33634056],[114.33490398,22.33617548],[114.33500952,22.33608246],[114.3348858,22.33585095],[114.33524607,22.33565271],[114.33539196,22.33521064],[114.33604337,22.33496822],[114.33602508,22.33461997],[114.3357951,22.33457904],[114.3357861,22.33491858],[114.33565623,22.33500013],[114.3355002,22.33446177],[114.33532084,22.33435725],[114.33501476,22.33437449],[114.33461739,22.33473768],[114.33429503,22.33421324],[114.33349996,22.33426722],[114.3330253,22.33456513],[114.33274231,22.33494768],[114.33283316,22.33535899],[114.33331362,22.33587893],[114.33325171,22.33605555],[114.33305587,22.33609217],[114.33314296,22.33658342],[114.33368078,22.33720674],[114.33452636,22.33730685]]],[[[114.37464599,22.33919328],[114.37550077,22.33907249],[114.37557772,22.33867873],[114.37486453,22.33861979],[114.37451002,22.33874832],[114.37448018,22.33909716],[114.37453621,22.33924779],[114.37464599,22.33919328]]],[[[114.37510471,22.33956194],[114.37488312,22.33936291],[114.37469955,22.33944896],[114.37497246,22.33961578],[114.37510471,22.33956194]]],[[[114.36594254,22.33966333],[114.36676653,22.33955397],[114.36686706,22.33943],[114.36629311,22.33941681],[114.3663148,22.33930672],[114.36671669,22.33932781],[114.36746771,22.33897745],[114.36768825,22.33861157],[114.36768684,22.33816896],[114.36794606,22.33782185],[114.36773037,22.33696936],[114.3673106,22.33676627],[114.36776462,22.33602412],[114.36768239,22.33534409],[114.36713894,22.33544802],[114.36688463,22.33492342],[114.36706587,22.33435654],[114.36631309,22.33431101],[114.36601521,22.33394074],[114.36608189,22.33378711],[114.36582961,22.33358628],[114.36627304,22.33270188],[114.36610618,22.33282209],[114.36626527,22.33253664],[114.36610368,22.33222918],[114.36637304,22.33221294],[114.36641476,22.33202183],[114.36614725,22.33195213],[114.36617262,22.33178174],[114.3665563,22.33149442],[114.36675514,22.33018185],[114.36656756,22.33000572],[114.36632451,22.33004393],[114.36640015,22.33023158],[114.36609008,22.33009605],[114.36612592,22.33039449],[114.3658573,22.33013612],[114.36568315,22.33017877],[114.36576943,22.33003795],[114.36554196,22.33004186],[114.36531501,22.32952708],[114.36547428,22.32962726],[114.3657352,22.32936778],[114.36618341,22.32929577],[114.3664339,22.32877704],[114.36631914,22.32849154],[114.36583315,22.3284244],[114.36552083,22.32865796],[114.36551976,22.32893603],[114.36531594,22.32916059],[114.36512694,22.32895966],[114.36503812,22.32922956],[114.36476684,22.32915142],[114.36490778,22.3293711],[114.3646746,22.32941546],[114.3644443,22.32977122],[114.36414601,22.32984147],[114.36424985,22.32932398],[114.36403199,22.32930528],[114.36339322,22.33005366],[114.36311744,22.33016548],[114.36317945,22.33056923],[114.36302811,22.33059697],[114.36288981,22.33039721],[114.36286866,22.33056031],[114.36275033,22.33048141],[114.36259567,22.33066384],[114.36244458,22.33041906],[114.3622411,22.33081841],[114.36212377,22.33066624],[114.36185823,22.33075455],[114.36146555,22.33059341],[114.3614749,22.33036428],[114.36140081,22.33073584],[114.36123089,22.33025705],[114.36107459,22.33021284],[114.36114999,22.3300104],[114.36083433,22.32986654],[114.36057984,22.33003463],[114.36060951,22.33055122],[114.36041526,22.33071552],[114.3602816,22.33063127],[114.36023505,22.33092419],[114.3604821,22.33104948],[114.36033179,22.33117181],[114.36044701,22.33119226],[114.36038961,22.33144778],[114.36079627,22.33152473],[114.3608239,22.33167116],[114.36065504,22.33175741],[114.36092926,22.3318001],[114.36104408,22.33204819],[114.36081761,22.33218731],[114.36104509,22.33211191],[114.36103334,22.33222229],[114.36130416,22.33224229],[114.36147773,22.33268975],[114.36138299,22.3332083],[114.36103156,22.33344378],[114.36077293,22.33331263],[114.36072412,22.33339739],[114.36088499,22.33348034],[114.36060235,22.33397851],[114.3611052,22.33396591],[114.36074479,22.33433618],[114.36088608,22.33437064],[114.36086271,22.33450239],[114.36057996,22.33454564],[114.36036784,22.3353008],[114.36111505,22.33633771],[114.3608713,22.33793286],[114.36115057,22.33841752],[114.36112754,22.33844125],[114.36087269,22.33832114],[114.36084694,22.33834183],[114.36104655,22.33840506],[114.36105079,22.33874737],[114.36123236,22.33879671],[114.36128924,22.33855932],[114.36144065,22.33883107],[114.36142829,22.33868362],[114.36164179,22.33872118],[114.36161441,22.33858741],[114.36173946,22.33871825],[114.36185324,22.3385059],[114.36232282,22.33849689],[114.36242696,22.33879818],[114.36271475,22.33883679],[114.36351243,22.33839619],[114.36340431,22.33829698],[114.36366685,22.3381488],[114.36399569,22.33818624],[114.36442737,22.33751072],[114.36500528,22.33776233],[114.36527996,22.33905214],[114.36553975,22.33928307],[114.36547993,22.33948729],[114.36560848,22.33957893],[114.36579436,22.33938522],[114.36571432,22.33954269],[114.36594254,22.33966333]]],[[[114.32233373,22.34173997],[114.32352648,22.34147335],[114.32397641,22.34115641],[114.32444309,22.34119618],[114.32497603,22.34069466],[114.32613526,22.34056892],[114.3264957,22.33968323],[114.32641473,22.33917708],[114.32673604,22.33785029],[114.32743456,22.33766668],[114.32758901,22.33715459],[114.32743574,22.33705877],[114.32758966,22.33692257],[114.32744402,22.33644534],[114.32756209,22.33600396],[114.32839578,22.33536399],[114.32831403,22.33523757],[114.328562,22.33520128],[114.32863429,22.33496731],[114.32919119,22.33489228],[114.32970431,22.3343407],[114.33006847,22.33433039],[114.33056933,22.33357274],[114.33052478,22.33342357],[114.33027207,22.33357837],[114.33021583,22.3333307],[114.33070676,22.33281998],[114.33052086,22.3321825],[114.33060772,22.33180716],[114.33078402,22.33171573],[114.33080164,22.33135266],[114.33060164,22.33069583],[114.33052975,22.3308453],[114.33068881,22.33107272],[114.33047499,22.33083956],[114.33044813,22.33019304],[114.33026547,22.33023877],[114.33052944,22.32994385],[114.33048049,22.32954355],[114.33025043,22.32938998],[114.33074261,22.32895638],[114.3307498,22.32865129],[114.33058701,22.32872971],[114.33033592,22.32784612],[114.3300021,22.3277601],[114.32921764,22.32796728],[114.32915692,22.32780588],[114.32882145,22.32777668],[114.32853078,22.3279785],[114.32840415,22.32768616],[114.32851672,22.32757603],[114.32833221,22.32753149],[114.32823849,22.32772326],[114.32818945,22.32730497],[114.32789528,22.32727403],[114.32762023,22.32747968],[114.3283196,22.326496],[114.32798844,22.32629708],[114.32815172,22.32610794],[114.32781724,22.32620071],[114.32755216,22.32717542],[114.32729184,22.32712798],[114.32747868,22.32609657],[114.32695978,22.32617427],[114.3266862,22.32601674],[114.32710316,22.32571751],[114.32702851,22.32549031],[114.32619114,22.32563359],[114.32630977,22.32582427],[114.32577412,22.32611198],[114.32508978,22.32707355],[114.32487767,22.32703928],[114.32462713,22.3273788],[114.32439379,22.32721465],[114.3245762,22.32702743],[114.32446155,22.32691303],[114.32360176,22.32707461],[114.32373655,22.32675361],[114.32304803,22.3264976],[114.3228411,22.32666095],[114.32290808,22.32690606],[114.32261223,22.32660862],[114.32250681,22.32667196],[114.32265478,22.32741854],[114.32232186,22.32703125],[114.32178295,22.3267746],[114.32189783,22.32652339],[114.32159113,22.32620866],[114.32077439,22.32618085],[114.31994913,22.32662711],[114.31990277,22.3269261],[114.32013787,22.32709068],[114.32001048,22.32720291],[114.32012076,22.32727147],[114.31992203,22.32729558],[114.31976737,22.32762309],[114.3200334,22.32784176],[114.31973188,22.32785297],[114.31968089,22.32809375],[114.31949512,22.32812015],[114.31952324,22.3282706],[114.31925246,22.32848334],[114.31911613,22.32879127],[114.31927284,22.3287841],[114.31903786,22.32898289],[114.3189458,22.32949211],[114.31884599,22.32939171],[114.31866565,22.32949262],[114.31912945,22.3296032],[114.31863451,22.32983449],[114.31834985,22.33044384],[114.31886293,22.33064677],[114.31922931,22.33059968],[114.31917782,22.33075022],[114.31956887,22.3309344],[114.3195764,22.33134786],[114.3187312,22.33143367],[114.31777192,22.33209945],[114.31769724,22.33242754],[114.31784275,22.33249491],[114.3176264,22.33261311],[114.31740558,22.3335391],[114.31768009,22.33362897],[114.31736945,22.33376288],[114.31746184,22.33399546],[114.31795456,22.33400456],[114.31780457,22.33469754],[114.31669698,22.33599575],[114.3162467,22.33717386],[114.31590464,22.33731466],[114.31570938,22.33758081],[114.31568227,22.33774319],[114.31589157,22.33788491],[114.315572,22.33812386],[114.31563824,22.33851379],[114.31589377,22.33849931],[114.31610616,22.33897749],[114.31667937,22.33916365],[114.31679697,22.34001285],[114.31715137,22.34056981],[114.31765569,22.3403986],[114.31778015,22.34066108],[114.31796989,22.34057531],[114.31814128,22.3406722],[114.31885074,22.34038218],[114.31909701,22.34051417],[114.31929259,22.34045136],[114.32036801,22.3411899],[114.32163623,22.34165358],[114.32233373,22.34173997]]],[[[114.35204542,22.34275006],[114.3521772,22.34212041],[114.3516615,22.34193841],[114.35145574,22.34212506],[114.35152904,22.34245693],[114.35170771,22.34269379],[114.35204542,22.34275006]]],[[[114.36071843,22.34352141],[114.36061767,22.34348045],[114.36077715,22.34340499],[114.36075878,22.3432503],[114.36057745,22.34319475],[114.36057641,22.34367281],[114.36071843,22.34352141]]],[[[114.36998013,22.34562377],[114.37015463,22.34533891],[114.3700436,22.34497735],[114.37016421,22.34491635],[114.37016054,22.34445466],[114.36979948,22.34421518],[114.36926964,22.34428922],[114.36874063,22.34477355],[114.36888799,22.34516676],[114.36905039,22.34530586],[114.36902196,22.34508026],[114.36911665,22.34529516],[114.36957235,22.34557854],[114.36998013,22.34562377]]],[[[114.35996747,22.34665783],[114.3599047,22.34651374],[114.35979094,22.34650524],[114.35992109,22.34686652],[114.35996747,22.34665783]]],[[[114.36568963,22.34820588],[114.36609184,22.34790743],[114.36608305,22.34773389],[114.36555133,22.34796441],[114.36553348,22.34814441],[114.36568963,22.34820588]]],[[[114.36536947,22.34904407],[114.36538486,22.3489989],[114.36562717,22.34887714],[114.36542042,22.348783],[114.36512491,22.34893453],[114.36511895,22.34904028],[114.36536947,22.34904407]]],[[[114.36572741,22.34926869],[114.36557608,22.34940255],[114.36553285,22.3495843],[114.36575744,22.34945868],[114.36572741,22.34926869]]],[[[114.32897503,22.35060911],[114.32863204,22.35067639],[114.3285151,22.35089876],[114.3287782,22.3510788],[114.32902782,22.35104384],[114.32919517,22.35084965],[114.32897503,22.35060911]]],[[[114.37159758,22.35165653],[114.37176169,22.35141845],[114.37154279,22.35134492],[114.37143243,22.35156945],[114.37159758,22.35165653]]],[[[114.26550093,22.35282182],[114.26561992,22.35272113],[114.26548859,22.35265889],[114.26498296,22.35274335],[114.26550093,22.35282182]]],[[[114.35058382,22.35400101],[114.35098826,22.35321581],[114.35132296,22.35306753],[114.35123554,22.35276955],[114.35047657,22.35295691],[114.35034263,22.35340713],[114.35012942,22.35340584],[114.35023332,22.35394181],[114.35058382,22.35400101]]],[[[114.37747714,22.3592098],[114.37861505,22.35875123],[114.37910218,22.3583975],[114.37948528,22.35762916],[114.37911575,22.35751809],[114.37890347,22.3578362],[114.37860993,22.35779819],[114.37815373,22.35807351],[114.37728525,22.35898899],[114.37734016,22.35919759],[114.37747714,22.3592098]]],[[[114.39128602,22.36479568],[114.39154242,22.36476255],[114.39165612,22.36456659],[114.39197395,22.3645635],[114.39181287,22.36431939],[114.39209909,22.36346509],[114.39197828,22.36326177],[114.39224404,22.36278343],[114.39201151,22.36259095],[114.39165193,22.36281109],[114.39117086,22.36342007],[114.39071251,22.3644028],[114.39076831,22.3646918],[114.39128602,22.36479568]]],[[[114.32491644,22.36741333],[114.32516166,22.36729218],[114.32535761,22.36689583],[114.32531158,22.36655559],[114.32508936,22.3664045],[114.32457308,22.36643755],[114.3240116,22.36668343],[114.32397556,22.36682847],[114.32360111,22.366797],[114.32354942,22.36726491],[114.32473856,22.36749617],[114.32491644,22.36741333]]],[[[114.26397486,22.37142036],[114.26416581,22.37145022],[114.26405259,22.37120057],[114.26361753,22.3715277],[114.26381136,22.37159909],[114.26397486,22.37142036]]],[[[114.30183911,22.37095079],[114.30104229,22.37091923],[114.30075308,22.37120674],[114.3007471,22.37145573],[114.30133853,22.37184434],[114.30193694,22.37109181],[114.30183911,22.37095079]]],[[[114.2959211,22.37123667],[114.29642628,22.37110933],[114.2965015,22.37088682],[114.29588848,22.37016765],[114.29559192,22.37009693],[114.29527334,22.3703139],[114.2950581,22.37095214],[114.29464915,22.37119561],[114.29466109,22.37189238],[114.29513964,22.37176577],[114.2959211,22.37123667]]],[[[114.29619968,22.37400621],[114.29638462,22.37358135],[114.29605891,22.37303818],[114.29587463,22.37301848],[114.29551612,22.37358111],[114.29507203,22.37311641],[114.29487325,22.37313371],[114.29500472,22.37329148],[114.29482439,22.37377635],[114.29497648,22.37399622],[114.29529388,22.37400567],[114.29562102,22.37427891],[114.29619968,22.37400621]]],[[[114.29389934,22.3756368],[114.2941996,22.3755573],[114.29443031,22.37527328],[114.29470819,22.37542422],[114.2949789,22.37529295],[114.29478725,22.37394847],[114.2942668,22.37343922],[114.29377621,22.37373888],[114.29332692,22.37335476],[114.2929769,22.37346229],[114.29282678,22.37369407],[114.29266412,22.37360733],[114.29292199,22.37295269],[114.29329516,22.37283986],[114.29326393,22.37265451],[114.29287272,22.3726421],[114.29268506,22.37231304],[114.29338505,22.37194494],[114.2942673,22.37109138],[114.2942609,22.37082848],[114.29376441,22.37055697],[114.29367153,22.37021858],[114.29470243,22.36818288],[114.29507395,22.36783386],[114.29519574,22.36802587],[114.2954752,22.36786203],[114.29578372,22.3678359],[114.29588665,22.36796624],[114.29578395,22.36766162],[114.29541525,22.36733794],[114.29564761,22.36655902],[114.29656299,22.36650992],[114.29768358,22.36576912],[114.29759379,22.36507279],[114.29776238,22.36468215],[114.29758456,22.36444975],[114.29763296,22.36421198],[114.29712952,22.36407265],[114.29684363,22.36366137],[114.29646448,22.36372618],[114.29622695,22.36358177],[114.29613616,22.36341545],[114.29629923,22.36307387],[114.29610791,22.36314678],[114.29583835,22.36277671],[114.29632063,22.3617476],[114.29623958,22.36120128],[114.29646176,22.36055866],[114.29646798,22.35887088],[114.29660194,22.35866162],[114.29642772,22.35848814],[114.29639459,22.35810752],[114.29692246,22.35737848],[114.29677623,22.35691613],[114.29714067,22.35632293],[114.29742101,22.35615864],[114.29728183,22.35599189],[114.29743655,22.35578402],[114.29731933,22.35561973],[114.29754919,22.35553316],[114.29758101,22.35522111],[114.29774833,22.35536659],[114.29772243,22.35495228],[114.29749327,22.3550471],[114.29726179,22.35480276],[114.29744136,22.35410608],[114.29783161,22.35386743],[114.29773354,22.3536229],[114.29746023,22.35359228],[114.29721815,22.35409364],[114.29691356,22.35406806],[114.29695504,22.35374219],[114.29682088,22.35349473],[114.29640412,22.35328928],[114.29633902,22.35297002],[114.29586689,22.35313828],[114.29583932,22.35351435],[114.29519419,22.35339088],[114.29486924,22.3541212],[114.29486465,22.35441092],[114.29515774,22.35460745],[114.29523754,22.35520525],[114.29599504,22.35552671],[114.29618879,22.35621204],[114.29582489,22.35697262],[114.29565984,22.35711895],[114.29542043,22.35707348],[114.29550734,22.35714508],[114.29539061,22.35719654],[114.29512139,22.35704197],[114.29478795,22.35735064],[114.29430034,22.35718338],[114.29450612,22.35734349],[114.29445001,22.35760165],[114.2940398,22.35777891],[114.29381377,22.35778278],[114.2937853,22.357658],[114.29364145,22.35779344],[114.29341509,22.35750284],[114.29321036,22.35774767],[114.29306978,22.35751209],[114.29279403,22.35754038],[114.29272471,22.35800515],[114.29293312,22.35849487],[114.29319176,22.35860866],[114.2932566,22.35899126],[114.29250218,22.36019465],[114.29239625,22.36087569],[114.29250133,22.36121508],[114.292274,22.36214589],[114.29236777,22.36286378],[114.29215589,22.36321875],[114.29173964,22.36343187],[114.2911357,22.36431948],[114.2899281,22.36477322],[114.28874435,22.36606494],[114.28847612,22.36608232],[114.28734772,22.36430498],[114.28735307,22.3637211],[114.28706488,22.36349647],[114.2872695,22.36293713],[114.28711574,22.36292092],[114.28717536,22.36269406],[114.28699691,22.36231095],[114.28680073,22.36221921],[114.285875,22.36310026],[114.28675145,22.36432557],[114.28731194,22.36445531],[114.28853636,22.36636079],[114.2884814,22.36646096],[114.28815887,22.36640592],[114.28841797,22.36652175],[114.287771,22.36713297],[114.28747238,22.36677696],[114.28770797,22.36715663],[114.28710248,22.36717754],[114.2871894,22.3674134],[114.28735392,22.36729107],[114.28720917,22.36765726],[114.28747274,22.36749099],[114.28747905,22.36785393],[114.28770974,22.36764737],[114.28790302,22.36770826],[114.28931506,22.36860358],[114.28984989,22.36929728],[114.29048384,22.37094789],[114.29115248,22.37164592],[114.29112861,22.37208498],[114.29090005,22.37222062],[114.29078704,22.37211356],[114.29088796,22.37223322],[114.29068131,22.3724901],[114.29040365,22.37233905],[114.29065905,22.37250895],[114.29045177,22.37268908],[114.29061639,22.37284607],[114.29053477,22.3729183],[114.2908309,22.37289813],[114.29114519,22.37321514],[114.29144451,22.37410382],[114.29169503,22.37440062],[114.2918112,22.37431096],[114.29253787,22.37447339],[114.29304765,22.37516782],[114.29389934,22.3756368]]],[[[114.30067932,22.37485272],[114.30125818,22.37478093],[114.30134532,22.37490981],[114.30118601,22.37506607],[114.30131801,22.37513156],[114.30139278,22.37493088],[114.30178145,22.37485654],[114.30206109,22.37456841],[114.30241419,22.37356133],[114.30215699,22.37335643],[114.30189627,22.37279944],[114.30108649,22.37271863],[114.30057396,22.37287574],[114.30017041,22.37353721],[114.30042994,22.37396888],[114.30040921,22.37429482],[114.29943196,22.37516762],[114.30004489,22.37571183],[114.30067932,22.37485272]]],[[[114.28644208,22.37508331],[114.2864304,22.37461325],[114.28673292,22.37460265],[114.28696096,22.37451426],[114.28643281,22.37458681],[114.28639878,22.37402856],[114.28595825,22.37372654],[114.28570904,22.37372895],[114.28563359,22.37352936],[114.28558177,22.37373208],[114.28539366,22.3736464],[114.28531293,22.37378681],[114.28478778,22.37384558],[114.28452214,22.37411411],[114.28456911,22.3750884],[114.28549373,22.37510127],[114.28583673,22.37531058],[114.28618268,22.37589737],[114.28694253,22.37604059],[114.28644208,22.37508331]]],[[[114.32247386,22.37713872],[114.32296571,22.37694299],[114.3233281,22.37639377],[114.32371075,22.37630507],[114.32399851,22.37580565],[114.32434111,22.3763218],[114.32464659,22.37635221],[114.32640503,22.37566387],[114.3268887,22.37539546],[114.32822093,22.37420209],[114.32907209,22.37386945],[114.32936745,22.37358271],[114.32957908,22.37089419],[114.32937255,22.37057214],[114.32904284,22.37055783],[114.32890824,22.37035307],[114.32845457,22.37021175],[114.32830286,22.36984764],[114.32840698,22.36955576],[114.32877727,22.36930313],[114.32869813,22.36873611],[114.32896249,22.36867064],[114.32887105,22.36851839],[114.32882662,22.36863382],[114.3285975,22.36859335],[114.32850898,22.36830478],[114.32877146,22.36784375],[114.32883113,22.36693438],[114.32858014,22.36578544],[114.32828841,22.36569947],[114.32816028,22.36586327],[114.32751391,22.36569785],[114.32759058,22.36557834],[114.32745622,22.36540603],[114.32719935,22.36553461],[114.32714171,22.36576912],[114.32687233,22.36584459],[114.32719852,22.36600871],[114.32727777,22.36666824],[114.32679451,22.36781086],[114.32653483,22.36810362],[114.32648504,22.36873311],[114.32592666,22.36916664],[114.32566617,22.36988738],[114.32575105,22.37034026],[114.32557981,22.37087893],[114.32581656,22.37111205],[114.32608366,22.37109946],[114.32582889,22.37163845],[114.32578114,22.37259462],[114.32618842,22.37266955],[114.32620342,22.37290115],[114.32566835,22.37355955],[114.32528007,22.37365071],[114.32475909,22.37424454],[114.32440841,22.37447158],[114.32430231,22.37440611],[114.32433595,22.37262405],[114.32412387,22.37212904],[114.32335124,22.37153066],[114.32321766,22.37090285],[114.32292591,22.37069087],[114.32257887,22.37070816],[114.32210692,22.37103182],[114.32262707,22.37084794],[114.32273064,22.37115198],[114.32232111,22.37151918],[114.32200284,22.37152549],[114.32197993,22.37129422],[114.32169565,22.37208216],[114.32130637,22.37247683],[114.32047303,22.37282365],[114.32056236,22.37333077],[114.32118377,22.37352082],[114.32075354,22.37400364],[114.32070431,22.37427894],[114.32088079,22.37446841],[114.3206468,22.37452243],[114.3209524,22.37485876],[114.32075789,22.37561912],[114.32059998,22.37569618],[114.32102571,22.37612382],[114.32097696,22.37641421],[114.32084528,22.37642687],[114.32100696,22.37649913],[114.32102627,22.37689684],[114.3212191,22.37688872],[114.32107117,22.37684099],[114.32105441,22.37648848],[114.32194875,22.37626405],[114.32221648,22.3765496],[114.32215875,22.37705102],[114.32247386,22.37713872]]],[[[114.28783756,22.38033236],[114.28853936,22.37978776],[114.28917256,22.37959567],[114.28971266,22.37898066],[114.28911528,22.37818655],[114.28871842,22.37828101],[114.28837287,22.37902045],[114.28751839,22.37974193],[114.28760718,22.38019079],[114.28783756,22.38033236]]],[[[114.30747033,22.38100102],[114.30776122,22.38068994],[114.30832052,22.38080919],[114.30860003,22.38069186],[114.30857742,22.38031969],[114.30990501,22.37938172],[114.31037609,22.37973682],[114.3107219,22.37974222],[114.31138581,22.38003543],[114.31184702,22.38039425],[114.31237411,22.38029696],[114.31264224,22.38041011],[114.31345635,22.38008295],[114.31370555,22.3794956],[114.31347021,22.37845753],[114.31321247,22.37790673],[114.31285079,22.37754659],[114.31233958,22.37765313],[114.31236111,22.37711781],[114.31212658,22.37684708],[114.31243456,22.37643455],[114.31262074,22.37583175],[114.31232898,22.37575478],[114.31198486,22.37615492],[114.31132152,22.37581978],[114.31170348,22.37540152],[114.31211543,22.37574334],[114.3123187,22.37569423],[114.31234967,22.37557097],[114.3120676,22.37539264],[114.31241203,22.37508411],[114.3128041,22.37505817],[114.31301383,22.37523094],[114.31291242,22.37552948],[114.31327169,22.37557127],[114.31314068,22.37428141],[114.31352161,22.37503602],[114.31347569,22.37594016],[114.31448078,22.3777628],[114.31502877,22.37798755],[114.31524633,22.37817568],[114.3152272,22.37836674],[114.31542259,22.37837143],[114.31575687,22.37867889],[114.31622903,22.37845606],[114.31670748,22.37791825],[114.31711589,22.37808091],[114.31754618,22.37804965],[114.31785458,22.37754964],[114.31721552,22.37710013],[114.31714441,22.37663448],[114.31725628,22.37631375],[114.31759952,22.37643292],[114.31778575,22.37634583],[114.31778069,22.37574426],[114.31796191,22.37555968],[114.31791368,22.37546076],[114.31775243,22.37567374],[114.31757176,22.37567878],[114.31760597,22.37530995],[114.31748059,22.37523139],[114.31730848,22.37546577],[114.31690138,22.37556997],[114.31658159,22.3749906],[114.31717644,22.37395948],[114.31713884,22.37353885],[114.31730662,22.37339383],[114.31724298,22.3730846],[114.31745792,22.37243809],[114.31739621,22.37218931],[114.31663166,22.37165773],[114.31718663,22.37136716],[114.31709836,22.37108898],[114.31772109,22.37058104],[114.31803481,22.3693701],[114.31861497,22.36997339],[114.31918522,22.36985528],[114.31949308,22.36956146],[114.31955775,22.36892365],[114.31932975,22.36790102],[114.3200204,22.36756304],[114.32000703,22.36723422],[114.32033018,22.3669387],[114.32035575,22.36607319],[114.32080703,22.36509587],[114.32061161,22.36454042],[114.32088647,22.36423702],[114.32060716,22.36415343],[114.32015829,22.36461498],[114.31943178,22.36463011],[114.31935849,22.3647583],[114.31909714,22.36471652],[114.31887347,22.36445116],[114.31897685,22.36403039],[114.31971906,22.36379033],[114.3200405,22.36324802],[114.31955347,22.36274187],[114.31951427,22.36102122],[114.31912845,22.36112089],[114.31883178,22.36091458],[114.31907194,22.36104667],[114.31884612,22.36089683],[114.31914514,22.36045833],[114.31895114,22.35979977],[114.31953334,22.36000843],[114.3198896,22.35962188],[114.3204954,22.35821275],[114.32121176,22.35743036],[114.32116218,22.35788089],[114.32035956,22.35910191],[114.32036184,22.36025974],[114.32066167,22.36029259],[114.32164643,22.35976028],[114.3222564,22.3598946],[114.32280923,22.35917741],[114.32365155,22.35907186],[114.32404566,22.35865694],[114.32451058,22.35857059],[114.3246993,22.35814169],[114.32453252,22.35762607],[114.32460147,22.35737101],[114.32479897,22.35761019],[114.32550027,22.35762658],[114.32568104,22.35782984],[114.32653872,22.35753286],[114.32697463,22.35714038],[114.32725566,22.35633769],[114.32784096,22.35616026],[114.32771225,22.35588212],[114.32741132,22.3559969],[114.32700318,22.3553886],[114.32725486,22.35479357],[114.32661418,22.35450606],[114.32638218,22.35457934],[114.32639825,22.35432673],[114.32613928,22.35419696],[114.32599482,22.3539031],[114.32631571,22.35335709],[114.32663881,22.35322709],[114.32666397,22.35277753],[114.3272132,22.35168478],[114.3273058,22.35104573],[114.32708189,22.35090391],[114.32719846,22.35060013],[114.32697962,22.35080147],[114.32689391,22.3506743],[114.3265887,22.3507061],[114.32637636,22.35094869],[114.32597979,22.35078277],[114.32537534,22.35103468],[114.32543865,22.35090937],[114.32527619,22.35078047],[114.32559967,22.3495641],[114.32628506,22.3484719],[114.32595339,22.34813834],[114.32561502,22.34820413],[114.32567151,22.34775853],[114.32531401,22.34794043],[114.32487666,22.34763667],[114.3236894,22.34784504],[114.32321726,22.34744922],[114.32308781,22.34714846],[114.32333918,22.34674955],[114.32420178,22.34617747],[114.32444342,22.3458404],[114.32433808,22.34526908],[114.32475138,22.34402283],[114.32376399,22.34285592],[114.32349333,22.34232306],[114.32314145,22.34235014],[114.32276189,22.34208228],[114.32166426,22.34219113],[114.3214382,22.34204919],[114.32086312,22.34245391],[114.32063176,22.34238223],[114.32054348,22.34243514],[114.32064972,22.34266139],[114.32041794,22.34260783],[114.32014382,22.34274887],[114.31988628,22.34262635],[114.31837112,22.34343202],[114.31773879,22.34326747],[114.31740548,22.34343509],[114.31738829,22.34363472],[114.31719477,22.34343655],[114.31675055,22.34338359],[114.31648883,22.34356465],[114.31656388,22.34377185],[114.31637734,22.34403892],[114.31630204,22.34391251],[114.31613615,22.34418755],[114.31594111,22.34414878],[114.31566208,22.34436563],[114.31560041,22.34463458],[114.3153648,22.34478625],[114.31540308,22.34500495],[114.31525158,22.34491185],[114.31496517,22.34514144],[114.31504026,22.34538881],[114.31485505,22.34534644],[114.31481499,22.34559917],[114.31471309,22.34552549],[114.31465984,22.34611615],[114.31445054,22.34609183],[114.31440811,22.34622845],[114.31398515,22.34638229],[114.3139699,22.34626487],[114.31328213,22.34605324],[114.31320065,22.34466476],[114.31298954,22.34415576],[114.31274321,22.34407307],[114.3128594,22.34391239],[114.31272234,22.34367083],[114.31188156,22.34345595],[114.31207602,22.34318545],[114.31169766,22.34312812],[114.31090572,22.34361215],[114.31088296,22.3434935],[114.31051742,22.34357591],[114.30988037,22.34428039],[114.309623,22.3449976],[114.30945802,22.34485826],[114.30925493,22.34508607],[114.3093913,22.34544771],[114.30905621,22.34523862],[114.30896264,22.3453035],[114.30907294,22.34545123],[114.30891876,22.34553428],[114.30870907,22.34542291],[114.3084216,22.34570648],[114.30811949,22.34538519],[114.30785611,22.34548164],[114.30768143,22.34578254],[114.3074283,22.34569542],[114.30708561,22.34609587],[114.30717126,22.34629118],[114.30663593,22.34694273],[114.30619369,22.34727199],[114.30575714,22.3473011],[114.3054155,22.34838087],[114.30524115,22.34851598],[114.30509853,22.34831678],[114.30501433,22.34844853],[114.30510659,22.34899709],[114.3047943,22.35026664],[114.3045811,22.35038797],[114.30444508,22.35031494],[114.30442372,22.35057611],[114.3043087,22.35037327],[114.30426858,22.35059353],[114.30388715,22.35081027],[114.30363495,22.35134],[114.30376418,22.35164333],[114.30345323,22.35170266],[114.30340289,22.35200389],[114.3032394,22.35190255],[114.30359137,22.35273023],[114.30394565,22.35294638],[114.30415267,22.35363915],[114.30385466,22.35440612],[114.3035461,22.35460618],[114.30393928,22.35499257],[114.30458181,22.35488911],[114.30506545,22.35550575],[114.30528093,22.35617808],[114.30594983,22.35661521],[114.30599518,22.35684194],[114.30632506,22.35673617],[114.3068941,22.35765264],[114.30637384,22.35806833],[114.30577529,22.35817766],[114.30567472,22.35855219],[114.30537372,22.35878233],[114.30546727,22.35953674],[114.30516052,22.3598587],[114.30537251,22.36076553],[114.30594741,22.3610326],[114.30631554,22.36081953],[114.30635632,22.36029911],[114.30663123,22.36027479],[114.30701438,22.35995599],[114.30789827,22.3597312],[114.3084653,22.35974587],[114.30811564,22.36018776],[114.30821228,22.36079057],[114.30794855,22.36077918],[114.30791541,22.36093625],[114.3076846,22.36089586],[114.3074717,22.36104331],[114.30727648,22.36097052],[114.30699742,22.36151235],[114.30617658,22.36215437],[114.3058871,22.36275692],[114.30590556,22.36303345],[114.30562551,22.36335145],[114.30573392,22.36378539],[114.30619634,22.3641404],[114.30593371,22.36398311],[114.30577763,22.36415366],[114.30531442,22.36423782],[114.30545336,22.3652057],[114.30420533,22.36528866],[114.30420618,22.36551202],[114.3047503,22.36551965],[114.30560571,22.36624237],[114.30573162,22.36655776],[114.30549184,22.36712688],[114.30555372,22.36777759],[114.3050576,22.36806132],[114.30465043,22.36808422],[114.30441701,22.36830338],[114.30405039,22.36820323],[114.30389793,22.36804869],[114.3039268,22.36776533],[114.30405028,22.36742716],[114.30424196,22.36734009],[114.30414342,22.36707546],[114.30429803,22.36694721],[114.30394881,22.36661167],[114.30306439,22.36697753],[114.30279247,22.36691678],[114.3026504,22.36752815],[114.30202201,22.36783512],[114.30209393,22.36886058],[114.30243673,22.36945972],[114.30224532,22.36985834],[114.30227606,22.3702963],[114.30280796,22.37063791],[114.30446113,22.37012357],[114.30489296,22.37051775],[114.30475037,22.37054157],[114.3045485,22.37094483],[114.30416155,22.37111034],[114.30427609,22.37139852],[114.30451065,22.37135189],[114.30466006,22.37179837],[114.30445998,22.37209973],[114.30490218,22.37214559],[114.30523014,22.37181057],[114.30563556,22.37183701],[114.30565516,22.37198888],[114.30490196,22.37231497],[114.30491526,22.3729108],[114.30473555,22.37297756],[114.30472299,22.37309383],[114.30420994,22.37360337],[114.3040598,22.3738939],[114.30345896,22.37384385],[114.30341123,22.37427631],[114.30311143,22.37462139],[114.30332015,22.37508801],[114.30317791,22.37542557],[114.30277064,22.37497524],[114.30220367,22.37507136],[114.3020474,22.3752804],[114.30207853,22.37591201],[114.30177954,22.37615609],[114.30135488,22.37571178],[114.30088913,22.37553687],[114.30055057,22.37580675],[114.30080291,22.37647025],[114.30071366,22.376789],[114.30099161,22.37691963],[114.30112551,22.37717709],[114.30094199,22.37743361],[114.30053109,22.37718915],[114.30045391,22.37731617],[114.30090043,22.3775002],[114.30057763,22.3782105],[114.30081897,22.37838219],[114.3010504,22.37909104],[114.30092162,22.379451],[114.30050547,22.37983639],[114.30068191,22.38029341],[114.30166876,22.38059585],[114.30274647,22.38056555],[114.30327493,22.38032847],[114.30336829,22.38011005],[114.3030222,22.37960777],[114.30330129,22.37939093],[114.30415824,22.37947853],[114.30509004,22.38005706],[114.30564313,22.37982683],[114.3056563,22.37959268],[114.30527328,22.37907943],[114.30551885,22.37867567],[114.30597362,22.37873616],[114.3060668,22.37859989],[114.30598792,22.37833583],[114.30621501,22.37800895],[114.30631175,22.37700053],[114.30610998,22.37672852],[114.30575675,22.37663323],[114.30558086,22.37629562],[114.30547796,22.37600026],[114.3056456,22.37556712],[114.30542072,22.3753688],[114.30522962,22.37548934],[114.30503878,22.37539821],[114.3048163,22.37466674],[114.30449633,22.37444723],[114.30412261,22.37384559],[114.30471891,22.37315122],[114.30482248,22.37328181],[114.30535302,22.37324074],[114.30576638,22.37386821],[114.30559481,22.37400505],[114.30555166,22.37434308],[114.30611058,22.37457943],[114.30618644,22.37482632],[114.30597183,22.37489863],[114.30623908,22.37507561],[114.30620698,22.37493769],[114.30651648,22.37485749],[114.30659365,22.37443037],[114.30646738,22.37425994],[114.30664218,22.3736826],[114.30642522,22.37355822],[114.30646917,22.37334416],[114.30628819,22.3731356],[114.30647741,22.37277064],[114.30682706,22.37298782],[114.30683256,22.37354749],[114.30699368,22.37388234],[114.30725459,22.3735853],[114.30739304,22.37365603],[114.30729195,22.3748724],[114.30784834,22.37539002],[114.30773491,22.37572284],[114.30792955,22.37605438],[114.30818029,22.37598644],[114.30830105,22.37542647],[114.30862261,22.3755178],[114.30842398,22.37554048],[114.30837912,22.37570452],[114.30872628,22.37570854],[114.30841704,22.37597042],[114.30837669,22.37628815],[114.30818584,22.37621948],[114.30829541,22.3763322],[114.3081311,22.37638405],[114.30816409,22.37658024],[114.30828344,22.37674882],[114.30848428,22.37680671],[114.30858515,22.37668706],[114.3089535,22.37689376],[114.30898171,22.37710065],[114.30880075,22.3772676],[114.30942886,22.37804137],[114.30935301,22.37845043],[114.30978671,22.37923488],[114.30919186,22.37970249],[114.30882655,22.37975956],[114.30883642,22.37995503],[114.30840672,22.38026488],[114.30800636,22.38021885],[114.30739429,22.38081085],[114.30660245,22.38081607],[114.30747033,22.38100102]]],[[[114.28073827,22.38146679],[114.28109615,22.38148389],[114.28155002,22.38093225],[114.28193867,22.3810098],[114.282904,22.3802091],[114.28258541,22.37948182],[114.28267945,22.37904729],[114.28225672,22.37868742],[114.28120947,22.37891223],[114.28078309,22.37967603],[114.28063714,22.3804148],[114.27997803,22.38049576],[114.27999571,22.38023209],[114.27970308,22.37994529],[114.27972379,22.38102612],[114.27952272,22.38130525],[114.27928779,22.38131797],[114.27943472,22.38180657],[114.27969598,22.38189729],[114.28073827,22.38146679]]],[[[114.28168593,22.38226574],[114.2818611,22.38220516],[114.2820042,22.38203066],[114.28177716,22.38195744],[114.28152348,22.38220711],[114.28168593,22.38226574]]],[[[114.31844492,22.3875282],[114.31836312,22.38695131],[114.31812948,22.38658367],[114.31782192,22.38640994],[114.31781957,22.3859361],[114.31753247,22.38571308],[114.31737058,22.38526352],[114.3170484,22.38503765],[114.31674374,22.38443621],[114.31631051,22.38428889],[114.31636511,22.38404494],[114.31627686,22.3843294],[114.31608535,22.38434165],[114.31573094,22.38408612],[114.31543921,22.38409851],[114.3150322,22.38558691],[114.31553524,22.38621376],[114.31542247,22.38673268],[114.31605578,22.38765146],[114.316292,22.38784732],[114.31686689,22.38796852],[114.31697244,22.38784966],[114.31664832,22.38754145],[114.31668033,22.38738253],[114.31689726,22.38734901],[114.31761853,22.38771247],[114.31806947,22.38813738],[114.31844492,22.3875282]]],[[[114.39453067,22.43881118],[114.39476505,22.43865768],[114.39464271,22.43835136],[114.39416727,22.43831276],[114.39453067,22.43881118]]],[[[114.39238163,22.44086298],[114.39230621,22.44071402],[114.39197967,22.44066461],[114.39183181,22.44107861],[114.39213484,22.44119849],[114.39238163,22.44086298]]],[[[114.36834293,22.44155046],[114.36849609,22.44097251],[114.36876401,22.44077092],[114.3690121,22.44023689],[114.36901784,22.43983277],[114.36916605,22.43983482],[114.36910027,22.43949787],[114.36932249,22.43944974],[114.36919675,22.43929657],[114.36933683,22.4391627],[114.36926894,22.4390425],[114.36953016,22.43885691],[114.36952549,22.43788328],[114.37068498,22.43714653],[114.3715147,22.43686819],[114.37176683,22.43691029],[114.37276444,22.43780203],[114.37313826,22.43796799],[114.37348623,22.43792238],[114.37383383,22.43806494],[114.37425885,22.43790181],[114.37435589,22.43813169],[114.37438098,22.43795773],[114.37465735,22.43802415],[114.37504536,22.43873534],[114.37509709,22.4384705],[114.37531157,22.43837079],[114.37570374,22.43862945],[114.37618024,22.43860029],[114.37643718,22.43843034],[114.37648179,22.43860335],[114.3767067,22.4385991],[114.37691886,22.43797114],[114.37843796,22.43702518],[114.38018829,22.43648288],[114.38220085,22.43627913],[114.38357855,22.43699878],[114.3844667,22.43813383],[114.38483559,22.43816191],[114.38482405,22.43830419],[114.38532922,22.43816395],[114.38600646,22.43840357],[114.38664416,22.43842445],[114.38716109,22.43877429],[114.3871702,22.43867422],[114.38751313,22.4388571],[114.38781273,22.43874653],[114.38776881,22.43894707],[114.38801906,22.43904256],[114.38866822,22.43902029],[114.38859342,22.43889024],[114.38872216,22.43874539],[114.38878703,22.43890206],[114.38890194,22.43853453],[114.3892642,22.43868988],[114.38967395,22.43857675],[114.38970368,22.43876779],[114.39019037,22.43871219],[114.39029171,22.43891253],[114.39059508,22.43888],[114.39056774,22.43917666],[114.39089231,22.43904613],[114.39122006,22.43925253],[114.39125206,22.4402034],[114.3915151,22.44036468],[114.39151856,22.44054326],[114.3917185,22.44055751],[114.39156998,22.44067408],[114.39177853,22.44084908],[114.39192851,22.44059987],[114.39242248,22.44043053],[114.39228406,22.44034753],[114.39251309,22.44018902],[114.39192092,22.43994436],[114.39208269,22.43974667],[114.39183653,22.43984626],[114.39201936,22.43971027],[114.39178015,22.43971676],[114.39204082,22.43964622],[114.39183809,22.43957089],[114.39216866,22.439389],[114.39181882,22.43939216],[114.39205285,22.43922773],[114.39181362,22.43901252],[114.39193627,22.43900219],[114.39162646,22.43891855],[114.39175391,22.43868969],[114.39160296,22.43858979],[114.39173253,22.43852253],[114.39152329,22.43819116],[114.39176435,22.43796985],[114.39165698,22.43781954],[114.39202525,22.43747586],[114.39200292,22.43728713],[114.39249958,22.43696526],[114.39279141,22.43701443],[114.39376684,22.4381765],[114.39457812,22.43821795],[114.39477077,22.43781007],[114.39494212,22.43776517],[114.39495085,22.43792024],[114.39505351,22.43777659],[114.39492642,22.43710699],[114.39506683,22.43707534],[114.39504746,22.43686898],[114.39522469,22.43708709],[114.39556684,22.43699408],[114.3954848,22.43648069],[114.39576522,22.43630605],[114.39559395,22.43606332],[114.39572491,22.43600901],[114.39560135,22.43595677],[114.39565763,22.43579336],[114.39613076,22.43581016],[114.39638856,22.43558222],[114.39689428,22.43450322],[114.39669549,22.43422324],[114.39693845,22.43445386],[114.39682603,22.43559103],[114.39728601,22.43578558],[114.39743885,22.43600787],[114.39775866,22.43611588],[114.39787376,22.43590195],[114.39799823,22.4362071],[114.398204,22.43622608],[114.39859301,22.43602322],[114.39912323,22.43617128],[114.39921237,22.43598097],[114.39927896,22.43617597],[114.39971214,22.43609761],[114.40034215,22.43641127],[114.40054223,22.43608019],[114.40103434,22.43627398],[114.40122858,22.4358908],[114.40071975,22.43546057],[114.40039516,22.4354044],[114.40045272,22.43520307],[114.40063491,22.43525217],[114.40065119,22.43500974],[114.39999423,22.43457547],[114.40019791,22.4343704],[114.40011964,22.43421412],[114.39991138,22.43428146],[114.39992186,22.43457269],[114.39977908,22.43398418],[114.3995378,22.43381769],[114.39907429,22.43445034],[114.39865454,22.4341724],[114.39886317,22.43376262],[114.39821074,22.43338523],[114.39861806,22.43332761],[114.3987162,22.43322785],[114.39856881,22.43314428],[114.3987734,22.43307186],[114.39873196,22.43218471],[114.39858931,22.43200334],[114.3987588,22.4319293],[114.3984489,22.43178891],[114.39863809,22.43156784],[114.39860071,22.43117831],[114.39827931,22.4311555],[114.39828051,22.43090897],[114.39800729,22.43085236],[114.39820679,22.43073766],[114.39795206,22.43063377],[114.39777005,22.4306863],[114.39775434,22.43093335],[114.39729457,22.43059234],[114.39660461,22.43080517],[114.39663194,22.43035545],[114.39630972,22.43017307],[114.39592045,22.4302147],[114.39573719,22.42994504],[114.3954232,22.42999664],[114.39551611,22.42984344],[114.39533243,22.42982393],[114.39526808,22.42948058],[114.39534752,22.42916737],[114.39601707,22.42900668],[114.39602317,22.42880281],[114.39636821,22.42859427],[114.39624939,22.42848896],[114.39656901,22.42845013],[114.39673365,22.42827116],[114.39692779,22.42793906],[114.39688065,22.42776858],[114.39658552,22.42765483],[114.39685157,22.42739995],[114.3966747,22.42737476],[114.3967052,22.42704879],[114.39798052,22.42680813],[114.3977839,22.42646467],[114.39790606,22.42607206],[114.3976739,22.42612947],[114.39777354,22.42593415],[114.39763895,22.42589728],[114.39788643,22.42573358],[114.39768257,22.42561242],[114.39801614,22.42550795],[114.3977632,22.42553723],[114.39778661,22.42515224],[114.39745155,22.42517449],[114.39765502,22.42503254],[114.39756661,22.4246131],[114.3969599,22.42480855],[114.39735195,22.42445169],[114.39747708,22.42405919],[114.39681389,22.42315731],[114.39740084,22.4229761],[114.39768869,22.42270223],[114.39749038,22.42259901],[114.39805273,22.42215277],[114.39891541,22.42184366],[114.39884324,22.42175864],[114.39910835,22.4215356],[114.39905689,22.42127144],[114.39938133,22.42074229],[114.39961261,22.42102679],[114.39977133,22.42093886],[114.39958639,22.42092316],[114.39983257,22.42063104],[114.40011832,22.42062326],[114.40010411,22.42047397],[114.40050182,22.42036778],[114.40082515,22.42058018],[114.40136687,22.42033442],[114.40159643,22.42040829],[114.40185215,22.42005802],[114.40174681,22.41992268],[114.40218965,22.41979479],[114.4023362,22.41926315],[114.40258581,22.41974602],[114.4028976,22.41958265],[114.40334546,22.419632],[114.40340483,22.41934578],[114.40327581,22.41925277],[114.40355167,22.41906117],[114.40350237,22.4187913],[114.40332227,22.41856724],[114.40302528,22.41856296],[114.40285467,22.41775846],[114.4032066,22.4173273],[114.40338962,22.41753667],[114.40348549,22.41738535],[114.40337474,22.41721161],[114.40406656,22.41705874],[114.40406833,22.41684338],[114.40443463,22.41642458],[114.4040951,22.41642205],[114.40446069,22.41592988],[114.40432706,22.4156956],[114.40400841,22.41570834],[114.40400004,22.41588237],[114.40339979,22.41558407],[114.40373154,22.41549233],[114.40378134,22.41513915],[114.40496775,22.41441722],[114.40518665,22.41400622],[114.40519747,22.41344286],[114.40539972,22.41336398],[114.40567382,22.41280218],[114.40558081,22.41267029],[114.40531967,22.41279031],[114.40528661,22.41258653],[114.40502654,22.41267536],[114.40428185,22.41354983],[114.40417331,22.41349589],[114.40430142,22.41285206],[114.40452832,22.41259387],[114.40436212,22.41210348],[114.40408377,22.4121964],[114.40391575,22.41203358],[114.40325709,22.41210491],[114.40284708,22.41229935],[114.40235538,22.41179992],[114.40203564,22.41223543],[114.40203273,22.41202072],[114.40172453,22.41219659],[114.40162882,22.41272029],[114.40128677,22.41261668],[114.40111089,22.41281536],[114.40086187,22.41264592],[114.40113121,22.41221854],[114.40098108,22.41181903],[114.39970323,22.41174721],[114.39945605,22.41190497],[114.39949717,22.41200556],[114.399177,22.41193755],[114.3983053,22.41264187],[114.39838554,22.41301047],[114.39826556,22.41338934],[114.39840981,22.41371628],[114.39770448,22.4139756],[114.39777231,22.41414974],[114.39751605,22.41428846],[114.39657044,22.41423035],[114.39610249,22.41484994],[114.39618628,22.41507805],[114.39584245,22.41490903],[114.39481316,22.41557627],[114.39463606,22.41588642],[114.39483535,22.41618463],[114.39472541,22.41622648],[114.39474413,22.41692114],[114.3945576,22.4171359],[114.39504305,22.41745087],[114.39499309,22.41779859],[114.39461349,22.41835888],[114.39417617,22.41836142],[114.39349965,22.41871783],[114.39345594,22.41897234],[114.39366524,22.41900967],[114.39333111,22.41907173],[114.3933684,22.41924728],[114.39316046,22.41947659],[114.39329037,22.41968237],[114.3931751,22.41987762],[114.39336339,22.41994996],[114.39297554,22.42001315],[114.39305902,22.42020007],[114.39289393,22.42020171],[114.39291284,22.42032786],[114.39260107,22.42008468],[114.39261175,22.42038939],[114.39220777,22.42063323],[114.39201036,22.42039195],[114.39170392,22.42037512],[114.39175332,22.42024164],[114.3915103,22.42018308],[114.39136352,22.42030938],[114.39116714,22.42007925],[114.39079207,22.42006654],[114.39058703,22.41981371],[114.39021492,22.4201199],[114.39009419,22.41985306],[114.39010455,22.42002557],[114.38964706,22.41980807],[114.38964414,22.42003087],[114.38930338,22.41990194],[114.38877983,22.42020088],[114.38847687,22.42011929],[114.38786451,22.42042035],[114.387243,22.42042072],[114.38681972,22.42090329],[114.38595205,22.42068807],[114.38516704,22.42024275],[114.3849004,22.41984554],[114.38466168,22.41979683],[114.38452425,22.41937232],[114.38400411,22.41924017],[114.38401031,22.41908317],[114.38383238,22.41917204],[114.38395562,22.41903208],[114.3835244,22.41892815],[114.38369504,22.41880873],[114.3836014,22.41865615],[114.38344528,22.41861546],[114.3833062,22.41885579],[114.38334104,22.41862682],[114.38320045,22.41856424],[114.38333003,22.41837013],[114.38276736,22.41822089],[114.38304391,22.41799933],[114.38301624,22.41787474],[114.38271067,22.41812167],[114.38281257,22.41795402],[114.38256443,22.41793665],[114.38278119,22.41772388],[114.38260352,22.4170393],[114.3823913,22.4169535],[114.38228748,22.41709126],[114.38211046,22.41693996],[114.38191041,22.41710264],[114.38193875,22.41691585],[114.38139379,22.41727962],[114.38064444,22.41652496],[114.37919525,22.41446521],[114.37795139,22.41197275],[114.37831239,22.41183291],[114.37814986,22.41174029],[114.37842378,22.41154641],[114.37829344,22.41111739],[114.37883447,22.41094387],[114.37906508,22.41062205],[114.37922032,22.41061826],[114.37914435,22.4105067],[114.37852724,22.4107515],[114.37908155,22.41022004],[114.37884173,22.41004834],[114.37904464,22.4099759],[114.37904937,22.40983603],[114.37893903,22.40987194],[114.37911694,22.40954274],[114.37911826,22.40936429],[114.37893535,22.40932611],[114.37902737,22.40928076],[114.3782488,22.40930297],[114.37721579,22.41053915],[114.37662568,22.41101965],[114.37608667,22.41080117],[114.3754286,22.41076546],[114.37489655,22.41131503],[114.37414549,22.41174073],[114.37410352,22.41225719],[114.37390818,22.41235411],[114.37396658,22.41171537],[114.37482601,22.41110351],[114.3745228,22.41075134],[114.37436445,22.41079146],[114.37452243,22.41069846],[114.37472367,22.41088489],[114.37459006,22.41053405],[114.37419182,22.41041789],[114.37412301,22.41029754],[114.37457906,22.41047012],[114.37493254,22.41095072],[114.37535694,22.41047382],[114.37610118,22.41058918],[114.37608788,22.40965392],[114.3754575,22.40951313],[114.37488487,22.40873753],[114.37448222,22.40854313],[114.37442915,22.40862499],[114.37438496,22.40842708],[114.37409399,22.40844463],[114.37452045,22.40823364],[114.37490746,22.40764303],[114.37479912,22.40734942],[114.3745251,22.40742382],[114.37470762,22.40697632],[114.37459315,22.40706561],[114.37454944,22.40672618],[114.37442698,22.40679022],[114.3743401,22.40660821],[114.37418991,22.40663287],[114.37414046,22.40625879],[114.37478421,22.40613767],[114.37484488,22.40565779],[114.37508923,22.40572912],[114.37485071,22.40524734],[114.3745801,22.40515865],[114.37466436,22.40507021],[114.37436051,22.40459805],[114.37433654,22.40436919],[114.37452844,22.40432122],[114.37437484,22.40420773],[114.37457826,22.40420947],[114.37464428,22.40396867],[114.37427328,22.40376934],[114.37516319,22.40342321],[114.37519768,22.40314722],[114.37492662,22.40309652],[114.3746493,22.40347776],[114.37427258,22.40346311],[114.37415632,22.40363905],[114.37390051,22.40355363],[114.37364905,22.40314881],[114.37391253,22.40279917],[114.37450364,22.40251983],[114.37405599,22.40221953],[114.37347731,22.40231922],[114.37362326,22.40211189],[114.37304476,22.40215097],[114.37374545,22.40193881],[114.3738839,22.40172514],[114.37309867,22.40148647],[114.37326157,22.40136528],[114.37311541,22.40118511],[114.37251026,22.4012254],[114.3725833,22.40144267],[114.37193286,22.40138384],[114.37194625,22.40105265],[114.37185278,22.40097106],[114.37169524,22.40086447],[114.37168879,22.40085375],[114.37208867,22.40095235],[114.37223618,22.40078725],[114.37210643,22.40061561],[114.37190694,22.40069682],[114.371549,22.40052911],[114.37151565,22.40073288],[114.37124304,22.40055504],[114.37083336,22.40061174],[114.37070543,22.40036487],[114.36998407,22.40026903],[114.36989343,22.40000562],[114.37039107,22.39826798],[114.37095342,22.39803088],[114.37157562,22.39815646],[114.37162822,22.39799492],[114.37140171,22.39797157],[114.37146167,22.39781298],[114.37131097,22.39774074],[114.37140537,22.39751474],[114.37238955,22.39663154],[114.37286796,22.39641482],[114.37400372,22.39699272],[114.37401315,22.39728505],[114.37435898,22.39753804],[114.37454454,22.39798129],[114.37540266,22.39827268],[114.37572695,22.39813124],[114.37587197,22.39832532],[114.37608755,22.39832289],[114.37628739,22.39811433],[114.37648698,22.39826755],[114.37669582,22.39739695],[114.37648203,22.39652578],[114.37668802,22.39649153],[114.37700844,22.39694002],[114.3775521,22.39698712],[114.37811418,22.39649662],[114.37839681,22.39578557],[114.37854743,22.39616569],[114.37858325,22.39593843],[114.37881264,22.39613378],[114.37879844,22.39588688],[114.37906874,22.39609645],[114.37901085,22.39578675],[114.37928468,22.39609127],[114.37964204,22.39610443],[114.38005733,22.39554185],[114.37982866,22.39535429],[114.38024965,22.39512139],[114.38058892,22.39443522],[114.38090804,22.39420159],[114.38093093,22.39405853],[114.38061504,22.39398137],[114.38135434,22.39370263],[114.38159971,22.39319728],[114.3816717,22.392215],[114.3813654,22.39156658],[114.38161803,22.391683],[114.38218936,22.39153502],[114.38224137,22.39140025],[114.38245455,22.39163622],[114.38270828,22.39146448],[114.38255397,22.39162179],[114.38262524,22.39171849],[114.38305718,22.39163406],[114.38375043,22.39091764],[114.38443113,22.38926388],[114.38505874,22.38926448],[114.38505161,22.38945925],[114.38533362,22.38927343],[114.38541134,22.3893755],[114.38521582,22.38965502],[114.3854816,22.38996324],[114.38579427,22.39007587],[114.38587055,22.39029526],[114.38597016,22.39021624],[114.3861407,22.39054915],[114.38669348,22.39060334],[114.38693081,22.39037601],[114.38660351,22.39009974],[114.38695959,22.3901337],[114.38712972,22.38999422],[114.38694583,22.389904],[114.38705058,22.38959763],[114.38722792,22.38970876],[114.38787011,22.38943031],[114.3877524,22.38920515],[114.38810713,22.38903048],[114.38860712,22.38925458],[114.38886953,22.38915063],[114.38883143,22.38890977],[114.3894323,22.38896652],[114.38942957,22.38882394],[114.38974143,22.38864737],[114.3895334,22.38855597],[114.38981782,22.38823833],[114.38973313,22.38809708],[114.39011661,22.3881829],[114.39073667,22.38773835],[114.3906292,22.38746295],[114.39018185,22.38766358],[114.38992147,22.3876074],[114.39059137,22.38677515],[114.39052516,22.38658857],[114.39069544,22.38641561],[114.39021543,22.3856659],[114.38975594,22.3855897],[114.39038074,22.38531057],[114.39019631,22.38518622],[114.39036709,22.38492651],[114.39010484,22.38489298],[114.39027667,22.38480991],[114.3903823,22.38417527],[114.39004874,22.38378948],[114.39012165,22.38336644],[114.39035302,22.38314868],[114.39031354,22.38302085],[114.39020182,22.38310151],[114.39028934,22.38228869],[114.39010297,22.3823303],[114.38982084,22.38212447],[114.39019578,22.38184501],[114.3898729,22.38181244],[114.38981778,22.38167009],[114.3902197,22.38161104],[114.39003899,22.38150301],[114.390151,22.38140863],[114.39005588,22.38131225],[114.39025896,22.38118997],[114.39046949,22.38129781],[114.39069706,22.38105937],[114.39054136,22.38084442],[114.39098987,22.3808464],[114.39133356,22.38053759],[114.39135704,22.3802198],[114.39098274,22.38036737],[114.39085737,22.38029355],[114.39150672,22.37950976],[114.39081773,22.3796008],[114.39112366,22.37911205],[114.39087141,22.3791492],[114.39140102,22.37873573],[114.39129687,22.37822321],[114.39153068,22.37832515],[114.39184258,22.37786822],[114.39144931,22.37782253],[114.39139269,22.37755295],[114.39158952,22.37745889],[114.39157721,22.37720786],[114.39128478,22.37706848],[114.3911666,22.37680513],[114.39086162,22.37685897],[114.39096153,22.3767237],[114.39071543,22.37675809],[114.39072636,22.37736296],[114.39058896,22.37729444],[114.39052332,22.37750473],[114.39052128,22.37716157],[114.39027337,22.37675074],[114.39005805,22.37683004],[114.38988471,22.37721445],[114.389779,22.37700526],[114.3900047,22.37668955],[114.38996724,22.37635787],[114.38972854,22.37659896],[114.38972924,22.37691385],[114.38945822,22.37664582],[114.38867455,22.3768067],[114.38880484,22.37649032],[114.38859189,22.37646348],[114.38839655,22.37668832],[114.3884192,22.37700719],[114.38815023,22.37708013],[114.38804841,22.37693072],[114.38794726,22.37710714],[114.38797473,22.37682525],[114.38761433,22.37680329],[114.3875052,22.37704108],[114.38744263,22.37689758],[114.38714616,22.37702416],[114.38685175,22.37746005],[114.38667439,22.37727391],[114.38684681,22.37684098],[114.38643472,22.376897],[114.38692758,22.37657387],[114.38713777,22.37621664],[114.3868472,22.3759761],[114.38736365,22.3756952],[114.38721572,22.3751578],[114.38748362,22.37522953],[114.38767513,22.37511441],[114.38768654,22.37484546],[114.38740394,22.37454665],[114.38796285,22.37466808],[114.38829077,22.37442679],[114.38872345,22.37327728],[114.38957321,22.372384],[114.38945033,22.37206729],[114.38994449,22.37174661],[114.39010949,22.3710696],[114.38977799,22.3697521],[114.39042764,22.37080459],[114.39070686,22.37088628],[114.39098165,22.37065616],[114.39129229,22.36991448],[114.39108445,22.36941668],[114.39144957,22.36912693],[114.39142251,22.36868289],[114.39156541,22.3685791],[114.39141305,22.36824564],[114.39154849,22.36819813],[114.39146292,22.36769743],[114.39121975,22.36746708],[114.3910192,22.36747524],[114.39118445,22.36740145],[114.3907139,22.3675641],[114.39079756,22.36745779],[114.39064898,22.3674581],[114.38953964,22.36804507],[114.39000151,22.36740532],[114.38976241,22.36706553],[114.39046315,22.3667439],[114.39081324,22.36632173],[114.39061101,22.36589804],[114.39036578,22.36582727],[114.39003245,22.3661373],[114.39017206,22.36618825],[114.38938984,22.36655857],[114.38999455,22.36583977],[114.3896272,22.36568756],[114.38921915,22.36576059],[114.38986948,22.36531896],[114.38969475,22.36506247],[114.3891997,22.36511935],[114.38836048,22.36557273],[114.38823101,22.36577795],[114.38842285,22.36576344],[114.38798148,22.36621484],[114.38790495,22.36599435],[114.38803905,22.36584698],[114.38779845,22.36567189],[114.38733597,22.36571781],[114.38697146,22.36592477],[114.38598705,22.36702842],[114.38587997,22.3673551],[114.38638949,22.36710688],[114.38578153,22.36765765],[114.38589222,22.36796469],[114.3857592,22.36787079],[114.38548188,22.36799088],[114.3855824,22.36805442],[114.38531516,22.36845878],[114.38533136,22.36864556],[114.38568303,22.36864956],[114.38557921,22.36907595],[114.38555346,22.36889884],[114.38545297,22.36909856],[114.38563495,22.36911504],[114.38557101,22.36925552],[114.38601727,22.36910891],[114.38520507,22.36994137],[114.38475995,22.37075412],[114.38481208,22.37104171],[114.38460944,22.37090287],[114.38461182,22.37119874],[114.38432859,22.3711194],[114.38396241,22.37134695],[114.38335447,22.37235519],[114.38321526,22.37280204],[114.38336022,22.37292614],[114.38313451,22.37293689],[114.38306139,22.37311693],[114.38333713,22.3733282],[114.38316678,22.37357312],[114.38322163,22.37332917],[114.38306162,22.37337636],[114.38292827,22.37383834],[114.38308106,22.37428026],[114.38336458,22.37435074],[114.38309384,22.37445542],[114.38328953,22.37472389],[114.38295379,22.37463704],[114.38287122,22.37479613],[114.38300837,22.37499347],[114.38279754,22.37494972],[114.38294757,22.37525008],[114.38268102,22.37524758],[114.38241824,22.3759132],[114.38167616,22.37579889],[114.38169032,22.37501125],[114.38161514,22.37456392],[114.38147483,22.37450757],[114.38158987,22.37442178],[114.38140645,22.37427506],[114.38110252,22.37430336],[114.38131892,22.37417636],[114.38121659,22.37407324],[114.38080652,22.37417963],[114.38044761,22.37372812],[114.38003153,22.37389123],[114.38011658,22.37406318],[114.37949201,22.37393137],[114.37935148,22.3742269],[114.37923229,22.37390851],[114.3785142,22.37442895],[114.37837739,22.37439332],[114.37809425,22.37491824],[114.37752602,22.37493851],[114.37698089,22.37473121],[114.37586105,22.37366487],[114.37525137,22.37273005],[114.37519007,22.37248266],[114.37544896,22.3723263],[114.37521561,22.37224551],[114.37541755,22.37214721],[114.37519432,22.37206588],[114.37579398,22.37162102],[114.3756624,22.37154715],[114.37574865,22.3712578],[114.37555912,22.37121018],[114.37550934,22.37096841],[114.37585766,22.37092509],[114.37589152,22.37074274],[114.37573608,22.37062386],[114.37609403,22.37051625],[114.37598095,22.37024483],[114.37574265,22.37027221],[114.37569513,22.37010847],[114.37584823,22.37000011],[114.37572045,22.36975583],[114.37586542,22.36984581],[114.37599636,22.36975221],[114.37588749,22.36941836],[114.37600585,22.36912924],[114.37754322,22.36895228],[114.37936919,22.3679189],[114.37950377,22.36771719],[114.37942057,22.36751924],[114.37966549,22.36751873],[114.37986144,22.36721295],[114.37930641,22.36662924],[114.38018179,22.36689243],[114.38084673,22.36656821],[114.38090539,22.36625653],[114.38063669,22.36592383],[114.38102378,22.36597527],[114.38110706,22.36548903],[114.38069243,22.3638571],[114.38015434,22.36325064],[114.37933604,22.36296471],[114.37811382,22.3629909],[114.37802277,22.36331019],[114.37744001,22.36321085],[114.37708473,22.36351628],[114.37424724,22.35953662],[114.37460813,22.3593527],[114.3749455,22.35970594],[114.37506474,22.35963102],[114.37490745,22.35950965],[114.37495065,22.3593511],[114.37566351,22.35967457],[114.37622462,22.35940066],[114.37628704,22.35913001],[114.37669322,22.35920705],[114.37717001,22.35897347],[114.37776771,22.35830783],[114.37758521,22.35798784],[114.37779064,22.35765363],[114.37744908,22.35784572],[114.3770529,22.35779021],[114.37686238,22.35731633],[114.37656609,22.35728389],[114.3758485,22.35781421],[114.37595278,22.3576136],[114.37571486,22.3576776],[114.37570048,22.3575675],[114.37536293,22.35787296],[114.37536337,22.35766272],[114.37518245,22.35775858],[114.37498948,22.35761811],[114.37471771,22.35715173],[114.37466198,22.35664317],[114.37508299,22.35658083],[114.37496225,22.3563919],[114.37525506,22.35628568],[114.37519437,22.35620131],[114.37554665,22.35621433],[114.37539385,22.35594443],[114.37521234,22.35589473],[114.37472293,22.35612747],[114.37485961,22.35580687],[114.37470705,22.35571464],[114.37440388,22.35567618],[114.37415943,22.35593281],[114.37395646,22.35577189],[114.37369388,22.35579335],[114.37366371,22.35565682],[114.37352233,22.35573315],[114.37318188,22.35537356],[114.37319271,22.35524094],[114.37363766,22.35507406],[114.37408199,22.35448996],[114.37394878,22.35443537],[114.37416491,22.35385922],[114.37393876,22.35394619],[114.3736842,22.35384805],[114.37393759,22.35368122],[114.37388078,22.35332202],[114.37268078,22.35358993],[114.37182648,22.35402981],[114.37106582,22.35336136],[114.37128252,22.35311077],[114.37093087,22.35309192],[114.37140214,22.35266184],[114.37120212,22.35185417],[114.3708274,22.35175214],[114.37040702,22.35233428],[114.37049106,22.3525745],[114.37026079,22.35239098],[114.37017967,22.3526047],[114.36962612,22.35298352],[114.36953846,22.35337187],[114.36926908,22.35362628],[114.36972909,22.35335265],[114.36927972,22.35374308],[114.36924713,22.3539838],[114.36863637,22.35405202],[114.36842724,22.35400404],[114.36834174,22.35381289],[114.36820262,22.35408935],[114.36805746,22.35387891],[114.36801998,22.35415099],[114.36790504,22.35384691],[114.36740003,22.35426812],[114.36743513,22.35402083],[114.36722474,22.35405106],[114.36744074,22.35371238],[114.3671855,22.35367596],[114.3664304,22.35425738],[114.366379,22.35468911],[114.36615553,22.35436965],[114.36591281,22.35490397],[114.36558884,22.3550801],[114.36484431,22.35476451],[114.36477038,22.35448435],[114.36507422,22.3543539],[114.36509975,22.35422282],[114.36491891,22.35425637],[114.36512172,22.35411597],[114.36509463,22.35401517],[114.36494152,22.35409278],[114.36479916,22.35404702],[114.36502969,22.35394905],[114.3649519,22.35374413],[114.36511317,22.353791],[114.36520789,22.35360045],[114.3649402,22.35362185],[114.3647946,22.35387462],[114.36449067,22.3534829],[114.3639942,22.35361715],[114.36383385,22.35323044],[114.36387458,22.35266918],[114.36481473,22.35260559],[114.36581952,22.35228973],[114.36570209,22.35212611],[114.3659638,22.35217797],[114.36668673,22.3518813],[114.36663804,22.35150675],[114.36713848,22.35134737],[114.36653542,22.35093722],[114.36657391,22.35076978],[114.3672556,22.35111493],[114.36734789,22.35091058],[114.36705502,22.35050862],[114.36749035,22.35078498],[114.36766586,22.35074364],[114.36749574,22.3506517],[114.36733171,22.35021005],[114.36681957,22.34994308],[114.36759605,22.34979528],[114.36755838,22.34950561],[114.36676881,22.34982467],[114.3665849,22.35011056],[114.36668233,22.35023609],[114.36650984,22.35015188],[114.36622257,22.35035572],[114.3655693,22.349923],[114.3656137,22.34976988],[114.36542219,22.34987676],[114.36544176,22.34976],[114.36529167,22.34977602],[114.36553071,22.34916189],[114.36480638,22.34905191],[114.3643885,22.34929379],[114.36441459,22.34913626],[114.36343878,22.35071545],[114.36305759,22.35085542],[114.36320839,22.35061306],[114.3630914,22.35061474],[114.36295352,22.3509755],[114.36270242,22.35094857],[114.36247538,22.35121683],[114.36254031,22.35133523],[114.36216639,22.35141171],[114.36165936,22.35207195],[114.36030895,22.35173442],[114.35954752,22.35133641],[114.35939224,22.35113432],[114.35953087,22.35050259],[114.35938153,22.35025424],[114.35954824,22.35011598],[114.35939046,22.35014024],[114.3594905,22.34983456],[114.35936401,22.34989737],[114.35930854,22.34977676],[114.35938095,22.34922602],[114.35950263,22.34927556],[114.35960798,22.34896822],[114.35991711,22.34878367],[114.36021126,22.34794373],[114.36008315,22.34776587],[114.35976467,22.34776594],[114.35968325,22.3475765],[114.36003961,22.34740359],[114.36007719,22.3470986],[114.359715,22.34689939],[114.35970556,22.34649586],[114.35957128,22.34654159],[114.35918327,22.34599301],[114.35920778,22.34527848],[114.35938656,22.34511819],[114.3594942,22.34519339],[114.35965212,22.3448208],[114.35932493,22.34507326],[114.35915956,22.3450164],[114.3600265,22.34427424],[114.35998854,22.34410675],[114.36034026,22.34352328],[114.36043131,22.34275243],[114.3606205,22.34256511],[114.36082057,22.34271806],[114.36124205,22.34259322],[114.36135124,22.34237143],[114.36125172,22.34205511],[114.36101998,22.34182241],[114.36088504,22.34197214],[114.36081137,22.3419008],[114.36151645,22.34121595],[114.36113831,22.34107795],[114.36076962,22.34138049],[114.36066605,22.34123051],[114.36034269,22.34147342],[114.36031809,22.3410957],[114.35975094,22.34045993],[114.35990927,22.34053704],[114.35991068,22.34044451],[114.35939347,22.34016704],[114.3593874,22.33997441],[114.35867703,22.33946494],[114.35914463,22.33936109],[114.35939563,22.33872682],[114.35935252,22.33837487],[114.35942618,22.33858396],[114.3594745,22.3384689],[114.35929671,22.3381109],[114.35939205,22.33786699],[114.35933877,22.33777628],[114.35928226,22.33791946],[114.35922665,22.33716311],[114.35908116,22.3371386],[114.35922816,22.33708987],[114.35914189,22.33643339],[114.35881544,22.33629055],[114.35870752,22.33648885],[114.35840233,22.33654537],[114.35854719,22.33634624],[114.35837131,22.33620707],[114.35820505,22.33623666],[114.35829181,22.33644665],[114.35800335,22.33622047],[114.35765392,22.33628435],[114.35757998,22.33603383],[114.3574994,22.33616321],[114.35743314,22.33616645],[114.35751861,22.3358795],[114.35739995,22.33563311],[114.35723144,22.33555306],[114.35699993,22.33577539],[114.35705654,22.33535509],[114.35674129,22.33530629],[114.35609335,22.33550009],[114.3560916,22.33573352],[114.35579502,22.33569646],[114.35564567,22.33597343],[114.35589276,22.33615494],[114.35521781,22.33615864],[114.35489698,22.33636987],[114.35488905,22.33660235],[114.3550345,22.33668183],[114.35483085,22.33683864],[114.3548567,22.33702377],[114.35504338,22.33727519],[114.3548671,22.33738499],[114.35503686,22.33744073],[114.35475688,22.33776175],[114.35482653,22.33807801],[114.35419063,22.33911832],[114.35425564,22.33927702],[114.35441779,22.33914985],[114.35439872,22.33943135],[114.35459222,22.33934056],[114.3548571,22.33965473],[114.35431939,22.34068001],[114.35449764,22.34071842],[114.35428289,22.34089517],[114.35445466,22.34136248],[114.3542473,22.34135128],[114.35446571,22.34173552],[114.35395801,22.34217007],[114.3534997,22.34224355],[114.35347761,22.34239553],[114.35304411,22.34237071],[114.35290304,22.34252202],[114.35312055,22.34241465],[114.35319407,22.34241858],[114.35277055,22.34271564],[114.35289525,22.34332213],[114.3527483,22.34353034],[114.35261263,22.34474872],[114.35250724,22.34497345],[114.35244915,22.34483447],[114.3523274,22.34493904],[114.35221319,22.34528916],[114.35229179,22.34567194],[114.35243638,22.34545979],[114.35248571,22.3457431],[114.35273988,22.34579392],[114.3527684,22.34602659],[114.35244235,22.34652591],[114.35250164,22.34721303],[114.35214104,22.34728079],[114.35214337,22.34706516],[114.35191596,22.34696219],[114.35143746,22.34714205],[114.35130622,22.34732384],[114.35150402,22.34735155],[114.35134443,22.34745358],[114.3514138,22.34757153],[114.35128407,22.34754115],[114.351052,22.34786032],[114.35118484,22.34805817],[114.35186317,22.34803301],[114.35199604,22.3477665],[114.35246025,22.34782114],[114.35246174,22.34794684],[114.3524789,22.34782393],[114.35273013,22.34782343],[114.35262687,22.34831092],[114.35281816,22.34833934],[114.35279368,22.3481006],[114.35321378,22.34823893],[114.35484074,22.34779774],[114.35497691,22.3481189],[114.35385615,22.34897995],[114.35393317,22.34915461],[114.35362876,22.34953816],[114.35382036,22.34973837],[114.3535061,22.34983414],[114.35362253,22.34985297],[114.35362492,22.35028824],[114.3533852,22.350269],[114.35291544,22.35047397],[114.35315798,22.35044671],[114.35290759,22.35086626],[114.35315959,22.3511775],[114.3527545,22.35169534],[114.35274814,22.35214142],[114.35231011,22.35298845],[114.35174028,22.35498268],[114.35162564,22.35480085],[114.35145358,22.35494702],[114.35117652,22.35486387],[114.35127291,22.35472299],[114.35118748,22.35429146],[114.35132027,22.35392408],[114.35130436,22.35386817],[114.35093104,22.35443781],[114.35093272,22.3543316],[114.35033026,22.35430971],[114.35028638,22.35412869],[114.34967097,22.35408042],[114.34947925,22.35388099],[114.34939006,22.35349269],[114.34981782,22.35322465],[114.34946232,22.35337967],[114.34929969,22.35323726],[114.34924354,22.35298297],[114.34970681,22.35281802],[114.3496874,22.35267382],[114.34932583,22.35281289],[114.34941268,22.35183589],[114.34881619,22.35142216],[114.34886943,22.35103978],[114.34851845,22.35077548],[114.34856559,22.35030052],[114.34883149,22.34995039],[114.34867039,22.34983336],[114.34857043,22.34996858],[114.34843717,22.34944612],[114.34825504,22.34938717],[114.34818713,22.34952488],[114.34837174,22.35042963],[114.34772978,22.35015087],[114.34760553,22.35020062],[114.34776109,22.35049023],[114.34747796,22.35033949],[114.34746321,22.3505968],[114.34719419,22.35058676],[114.34706887,22.35072517],[114.34663545,22.35022852],[114.34663492,22.35051824],[114.34642515,22.35034363],[114.34612156,22.35053536],[114.34602969,22.35042154],[114.34558406,22.35050188],[114.34529022,22.35021553],[114.34523473,22.34992786],[114.34535331,22.34984445],[114.34512644,22.34970094],[114.34523272,22.34944105],[114.34508469,22.34938378],[114.3451054,22.34918286],[114.34485161,22.34912572],[114.34507587,22.34896178],[114.34476853,22.34886429],[114.3449191,22.34863855],[114.34480177,22.34816497],[114.3444057,22.34804952],[114.34450505,22.34790023],[114.34436594,22.34774752],[114.34407335,22.34773765],[114.34431395,22.34726402],[114.34370215,22.34689437],[114.34321638,22.34699984],[114.34289672,22.34719445],[114.34311679,22.34751281],[114.34268566,22.34734766],[114.34240322,22.34759264],[114.34225171,22.34790597],[114.34245853,22.34807809],[114.34212829,22.34815797],[114.34203864,22.3483992],[114.34186585,22.34836377],[114.34176773,22.3488011],[114.34135891,22.3488942],[114.34128196,22.34870304],[114.3410768,22.34881135],[114.34097753,22.34950181],[114.34064989,22.34979399],[114.34093107,22.35004934],[114.34082251,22.35032887],[114.3406009,22.35023626],[114.34048902,22.35046911],[114.3401853,22.35054422],[114.34028431,22.35084587],[114.34000305,22.35074191],[114.34006429,22.35099689],[114.33980973,22.35098501],[114.33912629,22.35145713],[114.33896509,22.35214204],[114.33908697,22.35266517],[114.33951407,22.35320632],[114.33937841,22.35364986],[114.33881113,22.35396639],[114.33852989,22.35387638],[114.33837963,22.35427166],[114.33810361,22.35424947],[114.33812385,22.35466729],[114.33843371,22.35470435],[114.33857865,22.35450993],[114.33882578,22.35449801],[114.33921358,22.35469733],[114.34005847,22.35482033],[114.34015502,22.35467601],[114.34054669,22.35472172],[114.34124656,22.3542639],[114.34203633,22.35402204],[114.34211046,22.35487938],[114.34157684,22.35558251],[114.34132048,22.35545826],[114.34167555,22.35573347],[114.34117816,22.35612149],[114.34093854,22.35676051],[114.34031634,22.35695788],[114.33955113,22.35749208],[114.33923839,22.35757829],[114.33905119,22.35738204],[114.33881653,22.3574537],[114.3386849,22.35772836],[114.33856247,22.35765587],[114.33823228,22.35801065],[114.33836038,22.35823102],[114.33803905,22.35902644],[114.33739814,22.35966925],[114.33720132,22.35958709],[114.336918,22.35979354],[114.33659172,22.35973769],[114.33620973,22.35879153],[114.33602526,22.35897355],[114.33566419,22.35894238],[114.33539745,22.35919034],[114.33507211,22.35909109],[114.33463093,22.35964175],[114.33432223,22.35968654],[114.33362363,22.3603211],[114.3337275,22.36037426],[114.33358273,22.36063097],[114.33284206,22.3614155],[114.33180219,22.36205898],[114.33186191,22.36225644],[114.33114655,22.36339595],[114.33104879,22.36398272],[114.33144482,22.36486585],[114.33210666,22.36518464],[114.33215938,22.36557037],[114.33259935,22.36594865],[114.33248248,22.36612389],[114.33259576,22.36679725],[114.33297506,22.36722876],[114.33307958,22.36783199],[114.33334332,22.36807662],[114.33401711,22.36768522],[114.33412892,22.36779818],[114.33482887,22.36768398],[114.33523278,22.36797079],[114.33654833,22.36805781],[114.33752434,22.36837749],[114.33750982,22.36850725],[114.33712757,22.36864734],[114.33682573,22.36911008],[114.33613849,22.36893394],[114.33512141,22.36957387],[114.33487924,22.36937112],[114.3350172,22.36962859],[114.33479604,22.36970426],[114.33440111,22.37032295],[114.33421378,22.37035197],[114.33416877,22.37081897],[114.33455298,22.37095388],[114.33458041,22.37456847],[114.33538931,22.37676237],[114.33503042,22.37695446],[114.33517486,22.37698306],[114.33546286,22.37754866],[114.3354747,22.37810368],[114.33567225,22.3781984],[114.33544309,22.37824028],[114.33541259,22.3785882],[114.33490088,22.378635],[114.33433278,22.37780079],[114.33295558,22.37667275],[114.33262178,22.37658196],[114.33232753,22.37667823],[114.33143605,22.37745612],[114.33014604,22.37771251],[114.32787521,22.37859244],[114.32674008,22.37872983],[114.3260109,22.37898066],[114.32480457,22.37993012],[114.32433026,22.3800023],[114.32346733,22.38075051],[114.32342683,22.38096504],[114.32277647,22.38138623],[114.32290251,22.38231795],[114.32403484,22.38350069],[114.32378927,22.38362098],[114.32340478,22.38425991],[114.32307487,22.38415293],[114.32313997,22.38370643],[114.32274449,22.38354039],[114.32274293,22.38316935],[114.32246306,22.38282853],[114.32204705,22.38264961],[114.32156889,22.38276559],[114.32127587,22.38241251],[114.3204769,22.38272326],[114.31982031,22.38255244],[114.31950448,22.38172615],[114.31929676,22.38161954],[114.31889524,22.38162976],[114.31851842,22.38208229],[114.31805819,22.38229275],[114.31806479,22.38377372],[114.31848571,22.3842881],[114.3188399,22.38550075],[114.31911597,22.38564359],[114.3191354,22.38699913],[114.31999094,22.38744507],[114.32002871,22.38830832],[114.31979408,22.38825173],[114.32029079,22.38865278],[114.31982458,22.38860977],[114.31966468,22.38882398],[114.31947526,22.38834165],[114.31919764,22.38825805],[114.31785998,22.38862912],[114.31756373,22.38988768],[114.31778084,22.39010316],[114.31792571,22.38999508],[114.31823944,22.39005207],[114.31834133,22.39034677],[114.31825445,22.39055455],[114.31773612,22.39067556],[114.31745872,22.39041869],[114.31738011,22.39071087],[114.31709505,22.39076903],[114.31732817,22.39085371],[114.3171861,22.39136361],[114.31748705,22.39176927],[114.3189362,22.39242996],[114.31915216,22.39282699],[114.31993745,22.39270404],[114.32048422,22.39218437],[114.32068499,22.39156671],[114.32077388,22.391608],[114.32111453,22.39239749],[114.32092925,22.39252295],[114.32111693,22.39242208],[114.32116727,22.39254403],[114.32136698,22.39382323],[114.32001817,22.39357338],[114.31996361,22.39368165],[114.31965828,22.39361838],[114.31913025,22.39380375],[114.31838412,22.39352873],[114.31788349,22.39366269],[114.31752603,22.39400516],[114.31723712,22.39406242],[114.317064,22.39384717],[114.31720682,22.39408069],[114.31711157,22.39438091],[114.31691182,22.39444471],[114.3158181,22.39369057],[114.31569418,22.39332627],[114.3150579,22.39340177],[114.31501129,22.39305164],[114.31459232,22.39310397],[114.31419884,22.39291732],[114.31427593,22.39275657],[114.31417331,22.39290629],[114.31378209,22.39284856],[114.31335992,22.39311674],[114.31248733,22.39316429],[114.31198099,22.39285994],[114.31135553,22.39273002],[114.31131443,22.39252107],[114.31017531,22.39257351],[114.30990206,22.39226318],[114.30978713,22.39062359],[114.31008914,22.38995976],[114.30936961,22.38964687],[114.30931024,22.38924877],[114.30882166,22.38970775],[114.30841727,22.38987744],[114.30831027,22.38976104],[114.3084904,22.38930519],[114.3084538,22.38889712],[114.30805975,22.38840669],[114.30850007,22.38842322],[114.3087076,22.38854708],[114.30870068,22.38870256],[114.30884577,22.38856155],[114.30872638,22.38755693],[114.30838785,22.38731906],[114.30865189,22.38720226],[114.30866809,22.38672372],[114.3092708,22.38670224],[114.30965057,22.38652742],[114.30973149,22.38661155],[114.30991402,22.38626256],[114.31042274,22.38606702],[114.31053483,22.38550397],[114.31016473,22.38530964],[114.31016096,22.38490777],[114.30985599,22.38488993],[114.30955899,22.38529962],[114.30880208,22.38538136],[114.30815132,22.38480605],[114.30751795,22.38540554],[114.30767965,22.38574724],[114.30709821,22.38575502],[114.30689231,22.38559756],[114.30641232,22.38587411],[114.30608091,22.3856155],[114.30613487,22.38476171],[114.30596461,22.38445129],[114.30583513,22.38449285],[114.30546003,22.38415082],[114.30472559,22.38400602],[114.30442225,22.38405538],[114.30424491,22.38429117],[114.304469,22.38583468],[114.30318324,22.38639974],[114.30241752,22.38759105],[114.3021284,22.38742088],[114.30154996,22.38822068],[114.30189175,22.3866639],[114.30247774,22.38601159],[114.30237819,22.38536722],[114.30119723,22.38491379],[114.29992864,22.38494607],[114.29953202,22.38462059],[114.29936928,22.38419872],[114.2987508,22.38411192],[114.29863223,22.38453852],[114.29907948,22.38490194],[114.29930574,22.3854742],[114.29971828,22.38581754],[114.2996952,22.38635996],[114.29917259,22.38720922],[114.29807581,22.38679148],[114.29923276,22.38725366],[114.29918446,22.38758871],[114.29888967,22.38758522],[114.29910776,22.38766975],[114.29906354,22.38777106],[114.29854137,22.38817547],[114.29803616,22.38826583],[114.29768582,22.38805458],[114.29724393,22.38822397],[114.29712746,22.38804424],[114.29693287,22.38826714],[114.29697389,22.38842376],[114.29649524,22.38854233],[114.2966946,22.3885735],[114.29658521,22.38902745],[114.29698173,22.38964796],[114.29694167,22.39005072],[114.2965654,22.39044037],[114.29664676,22.39072419],[114.29649153,22.39078477],[114.29584299,22.39070479],[114.29572319,22.39060138],[114.29578572,22.390305],[114.29568112,22.39053332],[114.29561757,22.39034658],[114.29549415,22.39036546],[114.29531053,22.39071163],[114.29527107,22.38964218],[114.29473337,22.38859323],[114.294145,22.38822321],[114.29304905,22.38818491],[114.29157138,22.38912325],[114.29106075,22.38916024],[114.29073737,22.38945208],[114.2906781,22.38971741],[114.29043771,22.38976639],[114.29011976,22.39058658],[114.28977713,22.39091968],[114.2891933,22.39258585],[114.28844229,22.39206017],[114.28917391,22.3926424],[114.28897368,22.39397761],[114.2881092,22.394316],[114.28785332,22.39423945],[114.28760824,22.39438005],[114.28742044,22.39421732],[114.28735238,22.39494998],[114.28637906,22.39559106],[114.28637678,22.39616725],[114.28581423,22.39570015],[114.28540172,22.39628763],[114.28542744,22.39601755],[114.28421719,22.39523777],[114.2831969,22.39523196],[114.28285859,22.39508774],[114.28276553,22.39535651],[114.28264007,22.39459557],[114.28160857,22.39372924],[114.2812423,22.39308123],[114.28128004,22.39287898],[114.28091794,22.39271665],[114.28051679,22.39314871],[114.28080524,22.39356866],[114.27969696,22.3946481],[114.27874859,22.39484038],[114.27841532,22.39442953],[114.27763678,22.39398268],[114.27751093,22.39380508],[114.27753092,22.3929721],[114.27653673,22.39138198],[114.27641661,22.39029325],[114.27663987,22.3901852],[114.27642775,22.38980984],[114.27663127,22.38971066],[114.27640525,22.38977062],[114.27618752,22.3893283],[114.27595869,22.38756576],[114.27640875,22.38580871],[114.27754333,22.38415604],[114.27709506,22.38360726],[114.27612466,22.38364135],[114.27470359,22.3820609],[114.2758056,22.38113213],[114.27467647,22.38203338],[114.27419324,22.38149778],[114.27480065,22.3810482],[114.27472628,22.3809672],[114.2741495,22.38144968],[114.27251448,22.37963523],[114.27184959,22.37928519],[114.27192685,22.37912283],[114.27179713,22.37930757],[114.27156658,22.37904442],[114.27078043,22.37919482],[114.2707503,22.37899906],[114.27037703,22.37893266],[114.27002405,22.37829987],[114.27211441,22.37758298],[114.27246693,22.37791675],[114.27247738,22.37780834],[114.27305314,22.37772253],[114.27311995,22.3775994],[114.27331425,22.37808095],[114.27425841,22.37799943],[114.27458301,22.3776852],[114.27413582,22.37586526],[114.27507777,22.37535778],[114.27377931,22.37275289],[114.27332507,22.37241656],[114.27335407,22.37212442],[114.27315757,22.37213784],[114.27302524,22.37195342],[114.27316667,22.37180089],[114.27298644,22.37178421],[114.27219382,22.37106193],[114.27223854,22.37069278],[114.27195975,22.37061665],[114.27166519,22.37006759],[114.27175718,22.36886929],[114.27197824,22.36836157],[114.27200252,22.36800507],[114.2718833,22.36794972],[114.27244817,22.3670017],[114.27250045,22.36648692],[114.27278252,22.36651466],[114.27301918,22.36612835],[114.27278489,22.3656819],[114.27291003,22.36563857],[114.27264288,22.36529188],[114.2726349,22.36460623],[114.27322245,22.36383666],[114.27388541,22.36387862],[114.27423095,22.36370994],[114.27409356,22.36343041],[114.27435013,22.36317648],[114.27445581,22.36261752],[114.27466191,22.36247338],[114.27495882,22.36255781],[114.27480713,22.36238403],[114.27488515,22.3618842],[114.27501673,22.361843],[114.27487131,22.36172181],[114.27531839,22.36093646],[114.27604709,22.36095078],[114.27605583,22.36079168],[114.27635884,22.36067381],[114.27714618,22.36088247],[114.27708941,22.36073238],[114.27737697,22.36062875],[114.27732402,22.36044799],[114.27754545,22.36031937],[114.27751446,22.36015793],[114.27791956,22.36026259],[114.27816362,22.36014539],[114.27827435,22.35966895],[114.27876069,22.35912797],[114.27825939,22.35832848],[114.27787845,22.35809736],[114.27709233,22.35803125],[114.27711194,22.35780795],[114.27681283,22.35754797],[114.27704697,22.35760518],[114.27684886,22.35715656],[114.27708856,22.35717523],[114.27715718,22.35704962],[114.27695442,22.35665783],[114.27709472,22.35668122],[114.27706271,22.35655074],[114.27741881,22.35617165],[114.27737316,22.35585909],[114.27759336,22.35573794],[114.27752764,22.35561679],[114.27778205,22.3556276],[114.27789342,22.35488547],[114.27759875,22.35449158],[114.2772293,22.35428516],[114.27687691,22.35438448],[114.27678832,22.35419003],[114.27649005,22.3540862],[114.27628501,22.35412544],[114.27616802,22.35433544],[114.2756998,22.35389503],[114.2759058,22.3533003],[114.27581726,22.35317586],[114.27565289,22.35323816],[114.27555448,22.35292355],[114.27525389,22.35286772],[114.27551365,22.35269184],[114.27561306,22.35231148],[114.27553568,22.35184791],[114.27527376,22.35173424],[114.27530789,22.35082125],[114.27513504,22.35065163],[114.27480034,22.35096773],[114.27480467,22.35062947],[114.27479092,22.35086075],[114.2741193,22.35131254],[114.27382638,22.35122857],[114.27367315,22.35139253],[114.27363168,22.35121457],[114.27344203,22.35126855],[114.27372165,22.35182259],[114.27326778,22.35250151],[114.27308234,22.35248089],[114.27268793,22.35354211],[114.27244499,22.3535144],[114.27233223,22.35421887],[114.27205975,22.35448921],[114.27182813,22.35509719],[114.27155422,22.35529484],[114.27153353,22.35604015],[114.27128649,22.35609944],[114.27147944,22.35615994],[114.27130552,22.35624683],[114.27142394,22.35634906],[114.27136121,22.35666985],[114.2711493,22.35670154],[114.27136672,22.35667543],[114.27140753,22.3568976],[114.2712593,22.35694321],[114.27141317,22.35691144],[114.27146872,22.35710977],[114.2713158,22.35723294],[114.27156928,22.35706375],[114.27170096,22.35712968],[114.27187144,22.35740745],[114.27168879,22.35750743],[114.27203871,22.35754658],[114.27181357,22.35767822],[114.27210748,22.35772633],[114.27227141,22.35814936],[114.2722887,22.35865974],[114.27246377,22.35897778],[114.27234261,22.35955608],[114.27251944,22.36005351],[114.27185008,22.35969706],[114.2717974,22.35926813],[114.27150531,22.35886916],[114.27056804,22.35795221],[114.26953699,22.35722783],[114.26906837,22.35739471],[114.26875206,22.35730562],[114.26860469,22.35765232],[114.26757265,22.35763178],[114.26737022,22.35736623],[114.26700565,22.35764629],[114.26648513,22.3573927],[114.26632912,22.35706518],[114.26618895,22.35720144],[114.26590498,22.35701316],[114.26603534,22.35680186],[114.2659449,22.35672491],[114.2658823,22.35693819],[114.26577846,22.35684668],[114.26593176,22.35655292],[114.26569975,22.35636217],[114.26588232,22.35621141],[114.26576779,22.35602033],[114.26562962,22.35596571],[114.26520809,22.35639854],[114.26506803,22.35619972],[114.26494103,22.35625195],[114.26538414,22.35721507],[114.26523071,22.35747216],[114.265561,22.35888558],[114.26539004,22.35907994],[114.26510296,22.35904734],[114.26549428,22.35913211],[114.26540746,22.35967137],[114.26562201,22.35989557],[114.26592276,22.35979354],[114.26716451,22.36018921],[114.26748621,22.3600262],[114.26802785,22.36077318],[114.268852,22.36120114],[114.26897453,22.36189306],[114.26978924,22.36267563],[114.27014405,22.36346599],[114.26973727,22.36482926],[114.26974611,22.36516934],[114.27009249,22.3655096],[114.26984286,22.36651249],[114.26854119,22.36795694],[114.26828375,22.3692506],[114.26789484,22.36988615],[114.26796065,22.37027397],[114.26740324,22.37044207],[114.26656044,22.37021208],[114.26615419,22.37070255],[114.26545598,22.37116992],[114.26497892,22.37129172],[114.26451401,22.37172057],[114.26415783,22.37235138],[114.26357985,22.37234201],[114.26301904,22.37191292],[114.26291897,22.37164404],[114.26303884,22.37157805],[114.26318825,22.37172301],[114.26385837,22.37112559],[114.26382999,22.37089041],[114.26414356,22.37065988],[114.26381216,22.37087416],[114.26371885,22.37056439],[114.26394622,22.37025775],[114.2637412,22.37012358],[114.26382922,22.3698913],[114.26413313,22.36986774],[114.26419284,22.36958205],[114.26402597,22.36932476],[114.26368514,22.36918293],[114.26338266,22.36931757],[114.26322953,22.36967395],[114.26279775,22.3695083],[114.26270094,22.36961331],[114.262625,22.3693378],[114.26291797,22.36912719],[114.262863,22.36842315],[114.26309887,22.36829881],[114.2628763,22.36807793],[114.26296894,22.36781028],[114.26286347,22.36750944],[114.26261159,22.36749154],[114.26202752,22.3677906],[114.26123807,22.36776946],[114.26078839,22.36849905],[114.26045108,22.36874499],[114.25998843,22.36867119],[114.2600694,22.36804831],[114.26036446,22.36796218],[114.26057604,22.36748646],[114.26074338,22.36630005],[114.2607291,22.36585544],[114.26030466,22.36594964],[114.26024196,22.36552065],[114.26113117,22.36512767],[114.26083806,22.36451411],[114.26060355,22.36466874],[114.26057539,22.36498698],[114.26015218,22.36520834],[114.2601688,22.36508216],[114.25996828,22.36504284],[114.26004619,22.36466893],[114.25947812,22.36466135],[114.25959108,22.36446573],[114.25970502,22.36451445],[114.26006976,22.36453303],[114.25980654,22.36450526],[114.25983739,22.36411864],[114.259667,22.36389404],[114.25985795,22.36375161],[114.25938832,22.36337236],[114.26011885,22.36213116],[114.25991571,22.36201599],[114.26001482,22.36215557],[114.25914532,22.36341818],[114.25896273,22.36338324],[114.25902441,22.36323661],[114.25904533,22.36311744],[114.25893797,22.36341837],[114.25856202,22.36308671],[114.25875731,22.36288711],[114.25901759,22.36251943],[114.2585479,22.36307203],[114.25837223,22.36286954],[114.25822372,22.36298555],[114.25784539,22.36268693],[114.25762828,22.36197256],[114.25781596,22.36186584],[114.25762349,22.36195384],[114.25742928,22.36184194],[114.25717262,22.36127208],[114.2570008,22.36122361],[114.25762552,22.36100586],[114.25715251,22.36109694],[114.25713077,22.36070479],[114.2572627,22.36070577],[114.25734943,22.36031923],[114.25908586,22.35842604],[114.25911091,22.3580887],[114.25681595,22.35694579],[114.25472002,22.35646469],[114.25371251,22.35581386],[114.25716695,22.3558152],[114.25982024,22.35523764],[114.25976136,22.35647962],[114.26012354,22.35676355],[114.26061428,22.35683751],[114.26080081,22.35651969],[114.26076391,22.35621821],[114.26006973,22.35557994],[114.26030385,22.35549397],[114.26072041,22.35455282],[114.26141405,22.35416011],[114.26230934,22.35443941],[114.26248618,22.35470005],[114.26278817,22.35465057],[114.26299656,22.35439103],[114.26289692,22.35415249],[114.26387085,22.35287881],[114.26460301,22.3525631],[114.26453426,22.35231522],[114.26484461,22.35222382],[114.26480448,22.35168624],[114.26458119,22.35153519],[114.26464603,22.35137833],[114.26440462,22.35094482],[114.26439403,22.35052555],[114.26463156,22.35012011],[114.26486768,22.35012236],[114.26506445,22.35043449],[114.26609228,22.35117082],[114.26801923,22.35118384],[114.26824819,22.35108155],[114.26833142,22.35087057],[114.26813518,22.35081563],[114.26837475,22.35073341],[114.26823422,22.35058523],[114.26838476,22.35061769],[114.26836172,22.3504431],[114.26863162,22.35023073],[114.26857651,22.35005876],[114.26839896,22.35014449],[114.26864206,22.34948336],[114.26820144,22.34903624],[114.26745018,22.3486931],[114.26662812,22.3480113],[114.26655003,22.34757235],[114.26672944,22.34704511],[114.26688352,22.34695974],[114.26718716,22.34707397],[114.26724906,22.3468876],[114.26637647,22.34690949],[114.26607386,22.3465143],[114.2661306,22.34619546],[114.26601376,22.34620903],[114.26597851,22.34579802],[114.2662192,22.34491996],[114.26607547,22.34471602],[114.26581518,22.3447562],[114.26581283,22.3444271],[114.26551836,22.34407085],[114.26576852,22.34350635],[114.26559851,22.34340798],[114.26583441,22.34304902],[114.2657397,22.34287976],[114.26620349,22.3425447],[114.26603061,22.34247801],[114.26613845,22.34214968],[114.26601676,22.34201844],[114.26616019,22.34202156],[114.26618074,22.34186845],[114.26593559,22.34200407],[114.26532506,22.34188523],[114.2657102,22.34168092],[114.26594418,22.34180942],[114.26597571,22.34040693],[114.26584993,22.34038896],[114.26615848,22.340088],[114.26612719,22.33990598],[114.26645978,22.33990472],[114.26643855,22.33973947],[114.26663028,22.33964472],[114.26655097,22.33943368],[114.26698871,22.33831507],[114.26739227,22.33839133],[114.26769301,22.33811355],[114.26904251,22.33774977],[114.26894618,22.33796087],[114.26955759,22.33786491],[114.26941694,22.33724381],[114.26993598,22.33710658],[114.26969406,22.33619685],[114.26987848,22.33605292],[114.26995867,22.33520109],[114.27023336,22.33507823],[114.27015203,22.33472934],[114.27080583,22.33388033],[114.27065349,22.33343457],[114.27038877,22.33334108],[114.27030677,22.3324639],[114.27056654,22.33211596],[114.27056743,22.33158888],[114.27087221,22.33087204],[114.27165224,22.33052153],[114.27196841,22.32951901],[114.27203208,22.32966184],[114.2722329,22.32947124],[114.27242676,22.32891692],[114.27209518,22.32868416],[114.27216264,22.32813215],[114.2719462,22.32778726],[114.27188138,22.32681335],[114.27198505,22.32655857],[114.27168208,22.32634125],[114.2718773,22.3256643],[114.27213903,22.32553725],[114.27226824,22.32456795],[114.27170297,22.32306763],[114.2722147,22.32240877],[114.27340555,22.32222952],[114.27370194,22.32231765],[114.2756842,22.32188363],[114.27575461,22.32197072],[114.27673416,22.32155224],[114.27704217,22.32120116],[114.27714176,22.32064897],[114.27744715,22.32016411],[114.27752002,22.32025925],[114.27761705,22.3201969],[114.27745821,22.32015172],[114.2775307,22.31960599],[114.27779466,22.3194009],[114.27838536,22.31926155],[114.2785167,22.31953661],[114.27968532,22.31983332],[114.28080437,22.3204451],[114.28172887,22.32069899],[114.28247128,22.32136523],[114.28340895,22.32114353],[114.28433263,22.32134071],[114.28445636,22.32148273],[114.28463278,22.32139852],[114.28486985,22.32156382],[114.2849031,22.32142117],[114.28549629,22.3213469],[114.28531641,22.32130195],[114.28534149,22.3208831],[114.28517991,22.32063757],[114.28568811,22.32016135],[114.28613455,22.31995756],[114.28706163,22.32003432],[114.28739034,22.31987335],[114.28852296,22.32013557],[114.28863504,22.32039383],[114.28842357,22.32092435],[114.28882653,22.32121426],[114.28899189,22.3211611],[114.28895366,22.32129369],[114.28964078,22.32102432],[114.28959188,22.32071784],[114.28923328,22.32078628],[114.28964701,22.32060879],[114.28947071,22.32058155],[114.28965901,22.32045616],[114.28954811,22.32027113],[114.2898008,22.32006447],[114.28947242,22.31981106],[114.28958252,22.31960951],[114.28869606,22.31978655],[114.28847469,22.31956312],[114.28844648,22.31929435],[114.28912912,22.31891317],[114.28918841,22.3187032],[114.28896843,22.31863718],[114.2893604,22.31858487],[114.28945248,22.31843019],[114.2893407,22.31834476],[114.28969096,22.31806728],[114.29004648,22.31733284],[114.29008902,22.31702396],[114.28974812,22.31709294],[114.29010328,22.31676027],[114.29007957,22.31632121],[114.29022802,22.31631027],[114.29013889,22.31622931],[114.29033616,22.3160033],[114.29023366,22.31572464],[114.28986897,22.31566782],[114.28983818,22.31534974],[114.28998539,22.31530689],[114.2897918,22.31516461],[114.28991957,22.31512969],[114.28981058,22.31506102],[114.28998354,22.31423147],[114.2907098,22.31366967],[114.29112837,22.31373854],[114.29141272,22.31347158],[114.29220288,22.31328481],[114.29240193,22.31302883],[114.29226319,22.31285039],[114.29245737,22.31277907],[114.29242174,22.31233743],[114.29193342,22.31215488],[114.29156809,22.31168087],[114.29174237,22.3113438],[114.29242334,22.31097571],[114.2925425,22.3103441],[114.29239566,22.3101283],[114.29219691,22.3101456],[114.29226467,22.30993234],[114.29186165,22.30926861],[114.29046953,22.30784113],[114.2903849,22.30757461],[114.29059151,22.30718771],[114.2911164,22.30690041],[114.29167919,22.30701705],[114.29200905,22.30675131],[114.29232055,22.30671795],[114.29243501,22.30691286],[114.29296471,22.30696212],[114.29295153,22.30641348],[114.29233041,22.30557442],[114.29249311,22.30523087],[114.29226192,22.30504625],[114.29212406,22.30464042],[114.2924319,22.30425999],[114.29235449,22.30406947],[114.29272184,22.30418246],[114.29257224,22.30410264],[114.29302812,22.304103],[114.29336251,22.3042701],[114.29411773,22.30403362],[114.29436567,22.30413418],[114.29439407,22.30429638],[114.29598554,22.30449829],[114.29573172,22.30532457],[114.29576512,22.30608386],[114.29530295,22.30674895],[114.29468783,22.30696441],[114.29490373,22.30727445],[114.29605794,22.3078172],[114.29658108,22.30835903],[114.29655692,22.30848584],[114.29717983,22.30880797],[114.29719424,22.30897504],[114.29771953,22.30925559],[114.29793285,22.30958875],[114.29885,22.31028129],[114.29919569,22.31025881],[114.29922805,22.31007365],[114.29942255,22.310116],[114.29953228,22.30994031],[114.29979562,22.3100259],[114.29975648,22.30989534],[114.3002969,22.31001399],[114.30127351,22.3094128],[114.30162205,22.30946709],[114.301731,22.30969017],[114.30207559,22.30974318],[114.30213785,22.3099084],[114.3023524,22.30982612],[114.30229781,22.31007867],[114.3024526,22.31031052],[114.30263951,22.31029918],[114.30270998,22.31055145],[114.30289269,22.31051333],[114.30283789,22.31024236],[114.30326433,22.31054904],[114.30330137,22.31018952],[114.30303048,22.30999994],[114.30315177,22.30981488],[114.30350498,22.30950913],[114.30417965,22.30958047],[114.30469221,22.30890556],[114.30462069,22.30843285],[114.30439274,22.30829731],[114.3041484,22.30845792],[114.30382989,22.30832735],[114.30356671,22.30788352],[114.3047803,22.3072442],[114.30512975,22.30696648],[114.30521633,22.30663159],[114.3053827,22.30673143],[114.30573613,22.30663842],[114.30610534,22.30627342],[114.30592827,22.30593117],[114.30625074,22.30605289],[114.30633498,22.30596452],[114.30625413,22.30566412],[114.30668729,22.30578133],[114.30711967,22.30550072],[114.30716139,22.30525092],[114.30738333,22.30532846],[114.30748742,22.30513562],[114.30726939,22.3051277],[114.30757294,22.30502782],[114.30753332,22.30484693],[114.30764795,22.30494096],[114.30782729,22.30477013],[114.30876161,22.30340819],[114.30890698,22.30339004],[114.30895206,22.30361975],[114.30906118,22.30329418],[114.30937814,22.30307134],[114.31039878,22.30270395],[114.31042069,22.30226615],[114.3109578,22.30160326],[114.311082,22.30113745],[114.31098997,22.3008657],[114.31049111,22.30076494],[114.31062095,22.30059008],[114.31052168,22.30051018],[114.31154609,22.30017491],[114.31183487,22.29980734],[114.31211829,22.29861391],[114.31212022,22.29818248],[114.31170583,22.29828481],[114.31100732,22.29807689],[114.31160122,22.29802009],[114.31150738,22.29793833],[114.3117681,22.29787855],[114.31185886,22.29764652],[114.31152669,22.29782452],[114.31112571,22.29765407],[114.31124658,22.29756583],[114.30991588,22.29753988],[114.30997743,22.29736178],[114.30938341,22.29725648],[114.30917404,22.29700105],[114.30916751,22.29671454],[114.30979471,22.29659972],[114.31056959,22.29621508],[114.3103927,22.29600851],[114.30996753,22.29604012],[114.31033963,22.29568832],[114.31019307,22.29561935],[114.31075904,22.29538333],[114.31063179,22.29525329],[114.31075572,22.29510345],[114.31070791,22.29479034],[114.31034645,22.29383222],[114.30994945,22.29356717],[114.31014086,22.29323631],[114.3100274,22.29286706],[114.30976151,22.29276819],[114.30976123,22.29258568],[114.30898387,22.29257442],[114.30888666,22.29238465],[114.30855287,22.29227137],[114.30860244,22.2920992],[114.30752696,22.29246657],[114.30765654,22.29227533],[114.30755902,22.29215774],[114.30723824,22.29230187],[114.30665753,22.29228186],[114.30576701,22.29196654],[114.30576118,22.29181961],[114.30610551,22.29155922],[114.3059407,22.29131701],[114.30573346,22.29121431],[114.30533568,22.29145241],[114.3052164,22.29139791],[114.30515435,22.29127935],[114.3052537,22.29115964],[114.30485101,22.29110977],[114.30472773,22.29088659],[114.30444594,22.29093477],[114.30460205,22.29077341],[114.30406816,22.29068901],[114.30379109,22.29053137],[114.30411863,22.29044695],[114.30379734,22.29042069],[114.30381037,22.29022322],[114.30344125,22.28996479],[114.30363246,22.28988005],[114.30335992,22.28971015],[114.30350859,22.2895254],[114.30300388,22.28931712],[114.30293854,22.28905239],[114.30246072,22.28870662],[114.30228344,22.28835958],[114.30244164,22.28817168],[114.30230067,22.28813962],[114.30201576,22.28736626],[114.30162953,22.2873264],[114.30150059,22.28753985],[114.30103091,22.28703131],[114.30031248,22.28727208],[114.30034144,22.28713745],[114.29967701,22.28712243],[114.29873306,22.28737548],[114.29834096,22.28774959],[114.2980919,22.28775437],[114.29792353,22.28812664],[114.29769286,22.28822196],[114.29735471,22.28824603],[114.29715871,22.28778754],[114.29601879,22.28794276],[114.29506398,22.28838381],[114.29458143,22.28830238],[114.29409576,22.28869594],[114.2939444,22.2891149],[114.29401649,22.28954034],[114.2945533,22.29000538],[114.29414189,22.29083512],[114.29365265,22.29094153],[114.29266303,22.29087855],[114.29164225,22.29131185],[114.29065674,22.29096928],[114.29061702,22.29067424],[114.29030721,22.29056865],[114.29017819,22.29007624],[114.2895892,22.28953781],[114.28920282,22.28952406],[114.28898123,22.28909345],[114.28812888,22.28865425],[114.28813636,22.28841292],[114.28789359,22.28807193],[114.28789411,22.28683192],[114.2880932,22.28633054],[114.28838756,22.28625016],[114.28870461,22.28584588],[114.28896053,22.28593713],[114.28944569,22.28563803],[114.2899535,22.28577146],[114.29046575,22.28535403],[114.28999815,22.28468215],[114.28934879,22.28471069],[114.28908113,22.28439445],[114.28883279,22.28452114],[114.28858252,22.28435854],[114.28859143,22.28404018],[114.28817304,22.2837286],[114.28813712,22.28346509],[114.28792734,22.28330743],[114.2878717,22.2829113],[114.28800675,22.28266221],[114.28789128,22.28251278],[114.28785089,22.2813376],[114.28825435,22.28105714],[114.28812378,22.28074223],[114.28837183,22.28041079],[114.28948476,22.27971322],[114.28977722,22.27976537],[114.29027278,22.27951871],[114.29198963,22.27927587],[114.29310247,22.27875098],[114.29367118,22.27913511],[114.29380155,22.27943306],[114.29439399,22.27918658],[114.2948873,22.27923802],[114.29482476,22.27913592],[114.29546178,22.27908207],[114.29599946,22.27923278],[114.296112,22.27892291],[114.29635119,22.2788147],[114.29620301,22.27856477],[114.29573894,22.27836338],[114.29587089,22.27809006],[114.29568153,22.27772477],[114.295328,22.27766266],[114.29522792,22.27736917],[114.29449176,22.27693015],[114.29381687,22.27716313],[114.29329812,22.27620519],[114.29278988,22.27596167],[114.29280069,22.27498105],[114.29260132,22.27458727],[114.2925975,22.27405336],[114.29279675,22.27365132],[114.29347167,22.2731963],[114.2951195,22.27296859],[114.29537828,22.27358824],[114.29531643,22.27409078],[114.29548928,22.27445924],[114.29522349,22.27466937],[114.29536699,22.27472156],[114.2952062,22.2748211],[114.2954797,22.27525777],[114.2952939,22.27535285],[114.2956026,22.27555273],[114.29543537,22.27578175],[114.29553489,22.27591272],[114.29522059,22.27606754],[114.29562744,22.27609924],[114.29583904,22.27632962],[114.29543375,22.27659518],[114.29553505,22.27670609],[114.29584394,22.27639127],[114.29680238,22.27701895],[114.29742313,22.27720982],[114.29826095,22.27887514],[114.29951869,22.28026687],[114.30040854,22.28058055],[114.30152541,22.28055065],[114.30312312,22.27945776],[114.30310077,22.2793036],[114.30273939,22.27928353],[114.30264287,22.27912863],[114.3023084,22.27908792],[114.30234712,22.27898103],[114.30201407,22.27904107],[114.30194449,22.2788694],[114.30150057,22.27900561],[114.30077547,22.27897341],[114.30065243,22.27876508],[114.30031189,22.27900973],[114.30048774,22.27830424],[114.30022739,22.2773153],[114.30043944,22.27587978],[114.3003317,22.27571423],[114.30051355,22.27561187],[114.30101626,22.27454641],[114.30107761,22.27395018],[114.30165859,22.27350795],[114.30141857,22.27331542],[114.301613,22.2732121],[114.30162559,22.27299111],[114.30146417,22.27297792],[114.30179253,22.27203534],[114.30436511,22.26999934],[114.30441162,22.26974759],[114.30414562,22.26948805],[114.30378422,22.26955652],[114.30147198,22.27147637],[114.30077073,22.27076154],[114.30045515,22.2701225],[114.30062645,22.27003728],[114.30054288,22.26975857],[114.30027641,22.26940903],[114.30043018,22.26916615],[114.30131779,22.26908454],[114.30156446,22.26868584],[114.30214172,22.26825009],[114.3023655,22.26837435],[114.30227052,22.26821482],[114.30247213,22.2682878],[114.3024291,22.26808923],[114.3036299,22.26889112],[114.30451838,22.26863222],[114.30483284,22.26872513],[114.30483812,22.26901441],[114.3054373,22.26980778],[114.30583013,22.26982092],[114.30613826,22.26955826],[114.30687949,22.26858479],[114.30707821,22.26775497],[114.30661597,22.26755142],[114.30670829,22.26723978],[114.30636294,22.26711728],[114.30665912,22.26640251],[114.30658514,22.26633013],[114.3062825,22.2667141],[114.30647134,22.26633681],[114.30647565,22.26583092],[114.30625069,22.26588447],[114.30622815,22.26567537],[114.30594617,22.26548158],[114.30562902,22.26563423],[114.30577276,22.26537628],[114.3055649,22.26532408],[114.3051143,22.26540655],[114.30470516,22.26577872],[114.30497659,22.26538334],[114.30467655,22.26563445],[114.30450444,22.2655498],[114.30457305,22.26522194],[114.30493256,22.26505741],[114.3053008,22.26459994],[114.30506785,22.26451824],[114.30422847,22.26467417],[114.30318333,22.26518105],[114.30290221,22.26586805],[114.30260698,22.26572271],[114.30220496,22.26581299],[114.3019637,22.26612728],[114.30193238,22.26646986],[114.30171545,22.26640576],[114.30145317,22.26684842],[114.30147272,22.2665464],[114.30116243,22.26685929],[114.30065579,22.26645373],[114.30052846,22.26648011],[114.30064684,22.26670005],[114.30044459,22.26660228],[114.30038806,22.26633279],[114.30021827,22.26625556],[114.3001444,22.26549535],[114.30000609,22.26559182],[114.29970266,22.26537722],[114.30003527,22.26490097],[114.29955316,22.26500384],[114.30022042,22.26445087],[114.3003125,22.26376272],[114.30046586,22.26393193],[114.30068238,22.26362838],[114.30067259,22.26335642],[114.30047207,22.26345984],[114.30064574,22.26278373],[114.30041099,22.26249109],[114.3007145,22.26239148],[114.3009543,22.26203261],[114.30073013,22.26197189],[114.30072018,22.2622556],[114.30060209,22.26201629],[114.30037807,22.26210893],[114.30052655,22.26184561],[114.30046373,22.26124705],[114.30027487,22.26122506],[114.30031304,22.26135655],[114.30015635,22.26124334],[114.29991167,22.26078444],[114.29979154,22.26082614],[114.29960932,22.26049472],[114.29937099,22.26040775],[114.29898568,22.26057816],[114.29892076,22.26098741],[114.29874732,22.26085438],[114.298526,22.26108156],[114.29829613,22.2608927],[114.29824386,22.26106372],[114.29765469,22.26116572],[114.29721233,22.26146611],[114.29744054,22.26205907],[114.29734312,22.26223197],[114.29717947,22.26209687],[114.29706677,22.26229476],[114.29738258,22.26237262],[114.29738423,22.26250479],[114.29687051,22.26318715],[114.29686894,22.26338312],[114.29651949,22.26362078],[114.29633566,22.26395988],[114.29622627,22.26390239],[114.29584491,22.26472568],[114.29589608,22.2649697],[114.29514262,22.26568178],[114.29388852,22.26619773],[114.29315445,22.26628656],[114.29244301,22.26656484],[114.29209667,22.26685869],[114.2908418,22.26712705],[114.29082764,22.26738761],[114.29045401,22.26764058],[114.29034354,22.26798104],[114.29035568,22.26853063],[114.29018042,22.26897683],[114.29038414,22.26934274],[114.29025092,22.26961109],[114.28923219,22.27030566],[114.28861492,22.26972003],[114.28854836,22.26978521],[114.28922691,22.2703564],[114.28911931,22.27065003],[114.28874205,22.27050065],[114.28857875,22.27058787],[114.28820879,22.27026005],[114.28717757,22.27076418],[114.28587972,22.27061924],[114.28573397,22.27073447],[114.28526934,22.27061939],[114.2840899,22.27075772],[114.28389008,22.27102594],[114.28297585,22.27122782],[114.28253456,22.27164813],[114.28211017,22.27170546],[114.28146483,22.27098583],[114.28176643,22.27027179],[114.28193189,22.27020117],[114.28203343,22.26962862],[114.28223182,22.26953535],[114.28221373,22.26862457],[114.28171501,22.26824462],[114.28083116,22.26826637],[114.27991619,22.26733368],[114.27950195,22.26672955],[114.27928286,22.26610147],[114.27935436,22.26591928],[114.27809234,22.2649493],[114.2783435,22.26480426],[114.27805299,22.26436898],[114.27778067,22.26452502],[114.27748524,22.26407386],[114.27771103,22.26360069],[114.27749019,22.26353345],[114.27765881,22.26331562],[114.2774536,22.26319722],[114.27733412,22.26275226],[114.2767753,22.26245197],[114.2762525,22.26283147],[114.27599557,22.26287522],[114.2758908,22.26271462],[114.27571576,22.26285486],[114.27519885,22.2628732],[114.27497131,22.26312193],[114.27500222,22.26362794],[114.27523869,22.26374151],[114.27562079,22.26373007],[114.27614793,22.26388137],[114.27508533,22.26378688],[114.27467159,22.26329302],[114.27384646,22.26286707],[114.26908246,22.27065315],[114.26841878,22.27033969],[114.26743556,22.27187489],[114.27010104,22.2729021],[114.26921612,22.27495404],[114.26684132,22.27406886],[114.26665145,22.27450724],[114.26626861,22.2744171],[114.26658019,22.27420696],[114.26608652,22.27416208],[114.26620312,22.27375294],[114.26594604,22.27352719],[114.26557462,22.2740444],[114.26555704,22.27429558],[114.26577679,22.27440551],[114.26537485,22.27458465],[114.26511928,22.27507449],[114.26513654,22.27535162],[114.26504626,22.27512536],[114.26490466,22.2752306],[114.26505943,22.27558234],[114.26483991,22.27566112],[114.26471554,22.27547563],[114.2644507,22.27564343],[114.26466243,22.275772],[114.26455946,22.27599162],[114.2648209,22.27609137],[114.26463486,22.27632006],[114.26470891,22.27737153],[114.26459748,22.27763629],[114.26484554,22.27765592],[114.26492282,22.27809216],[114.26518004,22.27822579],[114.26544417,22.27875619],[114.26594662,22.27923963],[114.26621392,22.27946807],[114.2669688,22.2797239],[114.26735961,22.28061927],[114.2670504,22.2811885],[114.26724751,22.28120308],[114.26749979,22.28176755],[114.26633297,22.28247747],[114.26755376,22.28439778],[114.26741615,22.28447386],[114.26759508,22.28475532],[114.26773005,22.28496667],[114.2678698,22.28488937],[114.27009279,22.28841067],[114.26998852,22.28847621],[114.27008396,22.28862091],[114.27018919,22.2885654],[114.27087683,22.28962479],[114.27102247,22.29115124],[114.27102386,22.29188449],[114.26670411,22.29188577],[114.26667138,22.2958063],[114.2651741,22.29649974],[114.26452055,22.29706315],[114.26417484,22.29768464],[114.26404863,22.29765246],[114.26379269,22.29967243],[114.26389995,22.30037227],[114.26690433,22.30569475],[114.26598323,22.30602803],[114.26615579,22.30712144],[114.26577224,22.30777452],[114.26581924,22.3080597],[114.26550641,22.30830641],[114.26535645,22.30824535],[114.26525178,22.30850853],[114.26506513,22.3084872],[114.26513133,22.30862846],[114.2648463,22.30905009],[114.26447501,22.30877333],[114.26431027,22.30808634],[114.26521601,22.30579273],[114.26530017,22.30523291],[114.26511054,22.30465834],[114.26342636,22.30168888],[114.26278934,22.30134255],[114.26135302,22.30130802],[114.26135151,22.30118923],[114.2606542,22.30131083],[114.26056431,22.30090145],[114.26036347,22.30165235],[114.259973,22.30183942],[114.25965603,22.30162865],[114.25948736,22.30089845],[114.25937822,22.30130454],[114.25719389,22.30129514],[114.25675045,22.30088099],[114.25618057,22.30088127],[114.25616976,22.29912555],[114.25588145,22.29753599],[114.25533591,22.29639017],[114.25460506,22.29540049],[114.25207715,22.29370464],[114.25079142,22.29337117],[114.25051052,22.29317113],[114.25049467,22.29337392],[114.25030948,22.29339897],[114.24976755,22.29275093],[114.24932375,22.29259245],[114.24942227,22.29255938],[114.24921007,22.2924633],[114.24927781,22.29237455],[114.24909867,22.2925823],[114.24873339,22.29253595],[114.24890151,22.29239505],[114.2488824,22.29220154],[114.24868945,22.29217833],[114.24862946,22.29251865],[114.24819916,22.29203166],[114.24832368,22.29196615],[114.2482971,22.29147032],[114.24773694,22.29102296],[114.24730326,22.29092953],[114.24740959,22.29078991],[114.24688068,22.28984015],[114.24650978,22.28981452],[114.24622622,22.28932791],[114.24570177,22.28903618],[114.24505727,22.28913092],[114.24499967,22.28885493],[114.24544084,22.28874093],[114.2455523,22.2883608],[114.2452014,22.2881202],[114.24488436,22.28837244],[114.24496679,22.28770508],[114.24382175,22.28653312],[114.24367277,22.2862158],[114.24317037,22.2865965],[114.24196664,22.28634524],[114.24192334,22.28702084],[114.24234805,22.28729352],[114.24166532,22.28798715],[114.24107031,22.28921307],[114.24152037,22.29017939],[114.24126011,22.29063087],[114.2412881,22.29106692],[114.24106611,22.2913872],[114.24103832,22.29146168],[114.24121097,22.29174971],[114.24105788,22.29212572],[114.2415239,22.29227257],[114.24146028,22.29257675],[114.24155514,22.29282405],[114.24198096,22.29287106],[114.24224975,22.29341876],[114.24215507,22.29420884],[114.24264428,22.29421179],[114.24315302,22.29458691],[114.243668,22.29484064],[114.24415269,22.29500405],[114.24447981,22.29508132],[114.24465438,22.29510588],[114.24466003,22.29506249],[114.24463921,22.29500795],[114.24413369,22.29479704],[114.24497681,22.29462838],[114.24539092,22.29479065],[114.24544208,22.29501289],[114.24542959,22.29524924],[114.24482177,22.29590748],[114.24482376,22.29610746],[114.24535578,22.29638404],[114.24543652,22.29653706],[114.24541224,22.29713173],[114.24514858,22.29794876],[114.24477054,22.29812486],[114.24485638,22.29839282],[114.24438035,22.29925567],[114.2443869,22.29974654],[114.2437053,22.30038194],[114.24366149,22.30101415],[114.24386278,22.3012199],[114.24389989,22.30186098],[114.24372486,22.30220379],[114.24357619,22.30236509],[114.24337797,22.30239833],[114.24248543,22.30278767],[114.24220509,22.30284229],[114.24216642,22.30287106],[114.24223247,22.30323499],[114.24202797,22.3032887],[114.2416793,22.30381513],[114.2413773,22.30398619],[114.24149381,22.30428758],[114.24147035,22.30441595],[114.24129911,22.30448287],[114.24103735,22.30463611],[114.24094311,22.30477513],[114.24071426,22.30467975],[114.24061692,22.30500761],[114.24015172,22.30499177],[114.2401237,22.30514086],[114.23995653,22.30532679],[114.24019911,22.3054987],[114.24020358,22.30553953],[114.23986004,22.30590753],[114.23988714,22.30598843],[114.2401268,22.30626218],[114.24002322,22.30658566],[114.24040371,22.30743992],[114.2407447,22.30887069],[114.24095499,22.30899944],[114.2410649,22.30910581],[114.24118175,22.30912651],[114.24141006,22.30906918],[114.24186865,22.3092447],[114.24180883,22.30988585],[114.24187702,22.31011578],[114.2418127,22.31033425],[114.2418972,22.31062015],[114.24196308,22.31062148],[114.24230958,22.31039568],[114.24263453,22.3107834],[114.24298451,22.31061077],[114.24349939,22.31078394],[114.24351151,22.31100091],[114.24362689,22.31114179],[114.24353812,22.31139461],[114.24389783,22.31157088],[114.24406559,22.31193992],[114.24377864,22.31234705],[114.24388162,22.31259442],[114.24449729,22.31292696],[114.24442576,22.31316047],[114.24471649,22.31350499],[114.24503893,22.31357897],[114.24527372,22.31346399],[114.2455757,22.31359721],[114.24534138,22.31398689],[114.24455718,22.31480549],[114.24445927,22.31509747],[114.2443858,22.3152161],[114.2441064,22.3153257],[114.24402797,22.31533941],[114.24375343,22.31535777],[114.24355734,22.31540803],[114.24316514,22.31538539],[114.24304747,22.31539],[114.24269452,22.31543576],[114.24245212,22.31543748],[114.24213811,22.31537382],[114.24206792,22.31542403],[114.24204935,22.31551204],[114.24205558,22.31560696],[114.2420265,22.31583369],[114.24197247,22.31598767],[114.24159033,22.31651273],[114.24209646,22.31712998],[114.24226903,22.31764246],[114.24228163,22.31793608],[114.24242156,22.31821495],[114.24243512,22.31827078],[114.24245102,22.3186926],[114.2426162,22.31902782],[114.24267116,22.31921168],[114.24290349,22.31965953],[114.24294125,22.31971607],[114.24301866,22.31996024],[114.24292792,22.32035434],[114.24305053,22.32110348],[114.24304976,22.32119234],[114.24302957,22.32130607],[114.24283584,22.32165143],[114.24263262,22.32143472],[114.24230511,22.32135029],[114.24191803,22.32100092],[114.24184896,22.32082196],[114.24174899,22.32072691],[114.24122919,22.32081372],[114.24119206,22.32056077],[114.24108878,22.32018963],[114.24104972,22.32011051],[114.24074997,22.31967716],[114.24066664,22.31960711],[114.24050609,22.31952166],[114.23920202,22.31939098],[114.2385923,22.31966151],[114.23808582,22.32062407],[114.23777788,22.32107764],[114.23712896,22.32131493],[114.23663426,22.32186733],[114.23641739,22.32220564],[114.2361064,22.32223918],[114.23583541,22.32204767],[114.23560801,22.32199053],[114.23451127,22.32197372],[114.23403695,22.32212853],[114.2339284,22.32221831],[114.23383684,22.32232332],[114.23293528,22.32357833],[114.23262351,22.32370881],[114.23256723,22.324102],[114.23241176,22.324306],[114.23245573,22.32467942],[114.23240972,22.32476748],[114.23221107,22.32498952],[114.2321179,22.32528433],[114.23213487,22.32555177],[114.23178227,22.32609166],[114.23136829,22.32785621],[114.23091521,22.32842505],[114.23083474,22.32860387],[114.23077525,22.32887832],[114.23040037,22.32898681],[114.23027848,22.32912288],[114.23024773,22.32962916],[114.23001981,22.33010278],[114.22980077,22.33003342],[114.22970613,22.330047],[114.22934711,22.33038069],[114.22925435,22.33053762],[114.22942527,22.33173355],[114.22923434,22.3321891],[114.22864362,22.33269274],[114.22849932,22.33292589],[114.22889037,22.33385591],[114.2288916,22.33390106],[114.22887705,22.33394396],[114.22859139,22.33435559],[114.22850426,22.33440603],[114.22839571,22.3344198],[114.22754204,22.33441275],[114.22493184,22.33414217],[114.22403468,22.3345172],[114.22112045,22.35318005],[114.22136708,22.35344335],[114.2214513,22.35399424],[114.22128872,22.35457763],[114.2218161,22.35518094],[114.22174123,22.35547339],[114.22185977,22.3557444],[114.22186493,22.35583092],[114.22167799,22.35606887],[114.22164036,22.35617821],[114.22171494,22.35654372],[114.22247602,22.35691768],[114.22229996,22.35724949],[114.22227381,22.35737321],[114.22229091,22.35752109],[114.22240871,22.35792531],[114.22233749,22.35840942],[114.22473349,22.35857696],[114.22450422,22.35914614],[114.22378856,22.36147692],[114.22379949,22.363588],[114.22377803,22.36366519],[114.22361547,22.36402182],[114.2242744,22.36430912],[114.22509613,22.36498856],[114.22524169,22.36588719],[114.2256409,22.36673575],[114.22572236,22.36733759],[114.22623015,22.36789787],[114.22691666,22.36907114],[114.22675617,22.36943518],[114.22687836,22.3696943],[114.22669797,22.3702671],[114.22674378,22.37046136],[114.2268799,22.37064495],[114.22699491,22.37073674],[114.22771394,22.37056733],[114.2282181,22.37072851],[114.22853171,22.3706965],[114.22870463,22.37078019],[114.22897031,22.37078936],[114.2296322,22.37094137],[114.22976102,22.37094133],[114.22992714,22.37087801],[114.2305375,22.37078655],[114.23102933,22.37083062],[114.23121111,22.37082104],[114.23155457,22.37074277],[114.23181063,22.37076149],[114.23321997,22.37126813],[114.2336792,22.37138758],[114.23460547,22.37196703],[114.23528964,22.37274613],[114.23600673,22.3730734],[114.23746245,22.37340542],[114.23975071,22.37524857],[114.24153389,22.37719938],[114.24171823,22.37761677],[114.24202912,22.37788425],[114.24275261,22.37913047],[114.24335474,22.37945552],[114.24448463,22.37972304],[114.24470881,22.38048922],[114.24514183,22.38072434],[114.24564537,22.38124648],[114.24564253,22.38158969],[114.24601933,22.38192293],[114.24628826,22.38242862],[114.24617972,22.38260927],[114.24626751,22.38300408],[114.24710518,22.38398139],[114.24747117,22.38487092],[114.24740247,22.38583452],[114.24698922,22.38655524],[114.24654007,22.38699267],[114.25444418,22.38674165],[114.25443972,22.38860376],[114.25345067,22.38913282],[114.25313565,22.38945806],[114.25278173,22.39022771],[114.25264076,22.39169063],[114.25232582,22.39256589],[114.25248138,22.3928392],[114.25244738,22.39360018],[114.25806046,22.39845937],[114.27049947,22.39789704],[114.27088814,22.39791391],[114.2710944,22.3980056],[114.27137475,22.39801399],[114.27172522,22.3981425],[114.27232596,22.3979213],[114.27476319,22.40126223],[114.27536899,22.40169822],[114.2766148,22.40275887],[114.27673381,22.40281836],[114.27704952,22.40281817],[114.28184201,22.40137836],[114.28312042,22.40400349],[114.28348017,22.40443926],[114.28410155,22.40490865],[114.28435527,22.40518145],[114.28500065,22.40643931],[114.28589519,22.40702253],[114.28644035,22.40753548],[114.2872983,22.40895763],[114.28756759,22.40967171],[114.28719264,22.41105981],[114.2867397,22.41155989],[114.28671416,22.41220744],[114.28722511,22.41372472],[114.28764143,22.41395912],[114.28765197,22.41433623],[114.2882717,22.41506524],[114.28952477,22.4154149],[114.29069118,22.41602413],[114.29102906,22.41664663],[114.29249149,22.41598825],[114.29409096,22.41607244],[114.29529613,22.41555665],[114.29610486,22.41560563],[114.29644716,22.41556561],[114.29746021,22.41522464],[114.29761471,22.41531219],[114.29787018,22.41528835],[114.29813148,22.41517655],[114.29820747,22.4151843],[114.29959643,22.41567107],[114.30146396,22.4152216],[114.30232251,22.41480349],[114.30246014,22.41476245],[114.30259658,22.41475138],[114.30292963,22.41477995],[114.30333713,22.41484248],[114.30362375,22.41496739],[114.30447465,22.4156869],[114.30572802,22.41637148],[114.30603273,22.4165967],[114.30616943,22.41688778],[114.30615965,22.41704923],[114.30609964,22.41719112],[114.30557988,22.41781139],[114.30563661,22.41850514],[114.30710694,22.4195479],[114.30680353,22.42052392],[114.30609018,22.42134391],[114.30651032,22.422326],[114.3061143,22.42378804],[114.30647279,22.42515845],[114.30646044,22.42564348],[114.30721831,22.42698427],[114.30800426,22.42770809],[114.308611,22.4273662],[114.30996865,22.42736277],[114.31118001,22.42680823],[114.31380493,22.42635166],[114.31733497,22.4261618],[114.31799851,22.42607589],[114.31855305,22.4255432],[114.31924873,22.42520472],[114.31994264,22.42429444],[114.32091669,22.42376631],[114.32167634,22.4236774],[114.32239972,22.42306017],[114.32256645,22.42295565],[114.32286023,22.42222204],[114.32232085,22.42140732],[114.32222993,22.42070024],[114.32342191,22.41918167],[114.32408955,22.41805897],[114.32476767,22.41743539],[114.32529291,22.41715643],[114.32940272,22.41562207],[114.33153978,22.41469001],[114.33295552,22.4146874],[114.33428568,22.41515175],[114.33479255,22.41567269],[114.3348458,22.41610156],[114.33569948,22.41644283],[114.33637245,22.41706144],[114.33759303,22.41880517],[114.33825409,22.41844906],[114.33851986,22.41844803],[114.3387142,22.41817021],[114.33906053,22.41806618],[114.33974983,22.41700905],[114.34105446,22.41578763],[114.34171201,22.41536214],[114.34184102,22.41490117],[114.34280942,22.4144537],[114.34344203,22.41357571],[114.3436176,22.41260735],[114.34448143,22.4116701],[114.34473129,22.41104127],[114.34543669,22.41077357],[114.3462739,22.41079922],[114.3469444,22.41039027],[114.34887268,22.41009993],[114.35170056,22.4086623],[114.35204497,22.4083471],[114.35205679,22.40788753],[114.3517127,22.40745371],[114.351524,22.40681562],[114.35072714,22.40632002],[114.35116521,22.40603412],[114.35230718,22.40580168],[114.35265815,22.40578111],[114.35461114,22.40597214],[114.35558017,22.40580039],[114.35553407,22.40660654],[114.3562248,22.40750296],[114.3566578,22.40762185],[114.35823896,22.40750303],[114.35837909,22.40796012],[114.35899076,22.40813587],[114.35955976,22.40839873],[114.36030826,22.41028455],[114.36053421,22.41045728],[114.36088927,22.41118109],[114.361901,22.41233142],[114.36213058,22.41289277],[114.36263832,22.41323873],[114.36330122,22.41413458],[114.36472332,22.41512239],[114.36533039,22.41599063],[114.36558483,22.41704033],[114.3660654,22.41790871],[114.3656211,22.41863805],[114.36595201,22.42001751],[114.36639362,22.42075502],[114.36602246,22.42099936],[114.3666713,22.42155157],[114.36699552,22.42235729],[114.36755839,22.42262301],[114.36802764,22.42317093],[114.36807065,22.42350281],[114.36783532,22.42401897],[114.36777245,22.42475563],[114.36786271,22.42536142],[114.36700003,22.42590056],[114.36643745,22.4265487],[114.36626071,22.42701942],[114.36642008,22.42816966],[114.36628312,22.4286779],[114.36593193,22.42913064],[114.36637681,22.42984926],[114.3661933,22.43036208],[114.36677068,22.43169278],[114.36668922,22.43245053],[114.36650079,22.43299564],[114.36609577,22.43345279],[114.36468798,22.43402873],[114.36452849,22.43396492],[114.36392895,22.4355831],[114.3640648,22.43665012],[114.36460561,22.43780558],[114.36478752,22.43885421],[114.36379374,22.44201977],[114.36768641,22.44304228],[114.36834293,22.44155046]],[[114.27689258,22.26411427],[114.27695457,22.26412716],[114.27708582,22.26422108],[114.27699449,22.2641667],[114.27689258,22.26411427]]],[[[114.39538964,22.44822339],[114.39545639,22.44797851],[114.39536219,22.44771022],[114.39527508,22.44798214],[114.39538964,22.44822339]]],[[[114.39521095,22.44830964],[114.39532946,22.44820487],[114.3950708,22.44781407],[114.3949958,22.44802452],[114.39521095,22.44830964]]],[[[114.39566275,22.44835402],[114.39591157,22.44815553],[114.39585165,22.44795664],[114.39560343,22.44801516],[114.39566275,22.44835402]]],[[[114.39597201,22.44869311],[114.39608117,22.44857867],[114.39602112,22.44818061],[114.39575679,22.44830931],[114.39597201,22.44869311]]],[[[114.39500734,22.44914114],[114.39519064,22.44843855],[114.39511451,22.44822034],[114.3949968,22.44813925],[114.39483502,22.44829273],[114.39456344,22.44805821],[114.39419815,22.44857855],[114.39473942,22.44895315],[114.39451315,22.44919072],[114.39468309,22.44912562],[114.39478029,22.44933006],[114.39500734,22.44914114]]]]}},{"type":"Feature","properties":{"divisionCode":"YTM","area":"Kowloon"},"geometry":{"type":"Polygon","coordinates":[[[114.17447434,22.32664808],[114.1729596,22.32355915],[114.17276313,22.32110544],[114.17312971,22.31965179],[114.17385758,22.31784258],[114.17560356,22.31393618],[114.17707028,22.31181662],[114.17782169,22.31102157],[114.17849578,22.31035885],[114.18149017,22.30730755],[114.1817339,22.30703755],[114.18192733,22.30669193],[114.18209417,22.30573733],[114.18248395,22.30472656],[114.1834971,22.30392618],[114.18395511,22.30385203],[114.18460825,22.30402805],[114.18537484,22.30284852],[114.18554403,22.30172739],[114.18571327,22.30127336],[114.18658941,22.30108801],[114.18685815,22.29981179],[114.18420555,22.29870819],[114.18381023,22.29953045],[114.18303323,22.29952552],[114.18304446,22.29768083],[114.18223315,22.29724612],[114.18199123,22.29763743],[114.18258009,22.29795305],[114.18257018,22.2994129],[114.18086565,22.29913987],[114.18086429,22.29895927],[114.18054078,22.2990169],[114.17706073,22.29612485],[114.17658739,22.29555852],[114.17606187,22.29436608],[114.17481514,22.29302773],[114.1732768,22.29290263],[114.17278356,22.29324948],[114.16956922,22.29291621],[114.16935,22.29349456],[114.16915384,22.29354156],[114.16846221,22.29295149],[114.16840349,22.29305492],[114.16877077,22.29355312],[114.1684382,22.29391796],[114.16801552,22.2934649],[114.1678868,22.29351848],[114.16850736,22.29425272],[114.1683539,22.29492692],[114.16475813,22.29422393],[114.16459105,22.29486608],[114.16803737,22.2955726],[114.16785488,22.29563012],[114.16782579,22.29580055],[114.1681513,22.29582551],[114.16782811,22.29726263],[114.16613884,22.29694366],[114.16607197,22.29703165],[114.16747693,22.29734556],[114.16743172,22.29754947],[114.16774976,22.29761054],[114.16762593,22.29815533],[114.1655505,22.29775],[114.1655004,22.2979763],[114.16757356,22.29837726],[114.16738844,22.29919658],[114.16488867,22.29870124],[114.16475399,22.29878909],[114.16484339,22.29892702],[114.16687898,22.29933661],[114.16685804,22.29954546],[114.16708203,22.29958909],[114.16704883,22.29972853],[114.16666056,22.29969159],[114.16709964,22.29991223],[114.16700221,22.30090191],[114.16630061,22.30085113],[114.16582711,22.30056673],[114.16622667,22.3009315],[114.1602245,22.30021379],[114.15903024,22.29978839],[114.15797067,22.29859857],[114.15530907,22.29861836],[114.15474982,22.29900166],[114.15429668,22.29954431],[114.15430957,22.30186352],[114.15483692,22.30284725],[114.15487333,22.30402681],[114.15471736,22.30446305],[114.15419182,22.30466759],[114.15414476,22.304813],[114.15448385,22.30479607],[114.15489995,22.30450209],[114.1550428,22.30339579],[114.15719412,22.30339713],[114.15992047,22.30703411],[114.1599185,22.31552509],[114.15937641,22.31683332],[114.15503808,22.31683364],[114.15506318,22.31581383],[114.15489945,22.3157582],[114.15493619,22.32103659],[114.15415824,22.32229173],[114.15366927,22.32267293],[114.15262605,22.32150066],[114.15208008,22.321924],[114.15497308,22.32505634],[114.15673819,22.32313561],[114.15688922,22.32291309],[114.15767457,22.3218321],[114.1579534,22.32195958],[114.15860628,22.32207014],[114.15901245,22.32278588],[114.159005,22.32364847],[114.15807911,22.3244799],[114.15836711,22.32475646],[114.15909924,22.32499469],[114.161652,22.3249582],[114.1619232,22.32461547],[114.16189154,22.32522923],[114.16058711,22.32620969],[114.16345115,22.32632376],[114.16785058,22.32652919],[114.17399518,22.32677411],[114.17447434,22.32664808]]]}},{"type":"Feature","properties":{"divisionCode":"KT","area":"Kowloon"},"geometry":{"type":"MultiPolygon","coordinates":[[[[114.21727498,22.30498421],[114.2172805,22.30497705],[114.21712347,22.30512757],[114.21722027,22.30504084],[114.21727498,22.30498421]]],[[[114.21532218,22.30686539],[114.21532178,22.30685446],[114.21541591,22.30738854],[114.21532608,22.30688101],[114.21532218,22.30686539]]],[[[114.21545585,22.30761417],[114.21541941,22.30740827],[114.2154488,22.3078033],[114.21545585,22.30761417]]],[[[114.21310887,22.30962571],[114.21285027,22.3093794],[114.21284818,22.30938001],[114.21285026,22.30937945],[114.21310887,22.30962571]]],[[[114.21316836,22.30995557],[114.21297032,22.30976997],[114.21296981,22.30977042],[114.21316437,22.30995914],[114.21316836,22.30995557]]],[[[114.20526798,22.33447134],[114.20717689,22.3329025],[114.2083899,22.33404802],[114.21056375,22.33443364],[114.21128631,22.3344047],[114.21213191,22.33393888],[114.21327213,22.33258743],[114.21362274,22.33239376],[114.21390362,22.3323237],[114.21413475,22.33229487],[114.21439623,22.33229198],[114.21828403,22.33304934],[114.21814508,22.33386745],[114.21881935,22.33373579],[114.22153917,22.33390947],[114.22397644,22.33451665],[114.22403468,22.3345172],[114.22412143,22.33450701],[114.22423183,22.33447425],[114.22493184,22.33414217],[114.2252346,22.33419893],[114.22754204,22.33441275],[114.22850426,22.33440603],[114.2288916,22.33390106],[114.2286659,22.33356955],[114.22864872,22.33334294],[114.22862381,22.33325603],[114.22850544,22.33307884],[114.22848965,22.33303595],[114.22849932,22.33292589],[114.22864362,22.33269274],[114.22913549,22.33228847],[114.22923434,22.3321891],[114.22942527,22.33173355],[114.2292788,22.33103373],[114.22925435,22.33053762],[114.22934711,22.33038069],[114.22953331,22.33024799],[114.22970613,22.330047],[114.22980077,22.33003342],[114.22992759,22.33010619],[114.23001981,22.33010278],[114.23007609,22.32976467],[114.23010217,22.32972685],[114.23024773,22.32962916],[114.23023976,22.3294113],[114.23024577,22.32927584],[114.23027848,22.32912288],[114.23040037,22.32898681],[114.23065637,22.32895117],[114.23077525,22.32887832],[114.2307995,22.32883937],[114.23083474,22.32860387],[114.23091521,22.32842505],[114.23125339,22.32802421],[114.23136829,22.32785621],[114.23174321,22.32665873],[114.23178227,22.32609166],[114.23186998,22.32590837],[114.23213487,22.32555177],[114.23214281,22.32549997],[114.23213382,22.32537846],[114.2321179,22.32528433],[114.23221107,22.32498952],[114.23224444,22.32493214],[114.23240972,22.32476748],[114.23245573,22.32467942],[114.23247351,22.3245151],[114.23241176,22.324306],[114.23244077,22.32424471],[114.23256723,22.324102],[114.23259685,22.32378121],[114.23262351,22.32370881],[114.23269843,22.32364343],[114.23293528,22.32357833],[114.23333061,22.3230911],[114.2339284,22.32221831],[114.23451127,22.32197372],[114.23523743,22.32201071],[114.23560801,22.32199053],[114.23583541,22.32204767],[114.23601517,22.32220193],[114.2361064,22.32223918],[114.23641739,22.32220564],[114.23663426,22.32186733],[114.2367236,22.32180472],[114.23679212,22.32174148],[114.23712896,22.32131493],[114.23751368,22.32124777],[114.23777788,22.32107764],[114.23786847,22.32091547],[114.23808582,22.32062407],[114.2385923,22.31966151],[114.23920202,22.31939098],[114.24066664,22.31960711],[114.24108878,22.32018963],[114.24119206,22.32056077],[114.24122919,22.32081372],[114.24160889,22.32070727],[114.24174899,22.32072691],[114.24184896,22.32082196],[114.24188459,22.32094682],[114.24191803,22.32100092],[114.24230511,22.32135029],[114.24238682,22.32139751],[114.24263262,22.32143472],[114.24278249,22.32162108],[114.24283584,22.32165143],[114.24304976,22.32119234],[114.24305053,22.32110348],[114.24300131,22.32096976],[114.2429424,22.32062593],[114.24292792,22.32035434],[114.24301866,22.31996024],[114.24294125,22.31971607],[114.24290349,22.31965953],[114.24270083,22.31925704],[114.24267116,22.31921168],[114.2426162,22.31902782],[114.24251928,22.3188716],[114.24245102,22.3186926],[114.24243512,22.31827078],[114.24242156,22.31821495],[114.24232513,22.31804002],[114.24228163,22.31793608],[114.24226903,22.31764246],[114.24212793,22.31739475],[114.24209646,22.31712998],[114.24190958,22.31694661],[114.24160684,22.31660057],[114.24159033,22.31651273],[114.24197247,22.31598767],[114.2420265,22.31583369],[114.24203516,22.31567373],[114.24205558,22.31560696],[114.24204935,22.31551204],[114.24206792,22.31542403],[114.24213811,22.31537382],[114.24217492,22.31537161],[114.24245212,22.31543748],[114.24269452,22.31543576],[114.2428514,22.31542201],[114.24304747,22.31539],[114.24316514,22.31538539],[114.24355734,22.31540803],[114.24363579,22.31539432],[114.24375343,22.31535777],[114.24391031,22.31533946],[114.24402797,22.31533941],[114.2441064,22.3153257],[114.24430248,22.31526632],[114.24432207,22.31524806],[114.24435149,22.31523893],[114.2443858,22.3152161],[114.24440048,22.31518417],[114.24445927,22.31509747],[114.244518,22.31487849],[114.24455718,22.31480549],[114.24499315,22.31426138],[114.24534138,22.31398689],[114.2455757,22.31359721],[114.24527372,22.31346399],[114.24503893,22.31357897],[114.24471649,22.31350499],[114.24465274,22.31336791],[114.24442576,22.31316047],[114.24449729,22.31292696],[114.24407455,22.31276193],[114.24388162,22.31259442],[114.24377864,22.31234705],[114.24383429,22.31221933],[114.24406559,22.31193992],[114.2439493,22.31166264],[114.24389783,22.31157088],[114.24356776,22.31143135],[114.24353812,22.31139461],[114.24354049,22.31134539],[114.24362689,22.31114179],[114.24351151,22.31100091],[114.24352824,22.3108309],[114.24349939,22.31078394],[114.24298451,22.31061077],[114.24263453,22.3107834],[114.24241178,22.31044859],[114.24230958,22.31039568],[114.242194,22.31043328],[114.24196308,22.31062148],[114.2418972,22.31062015],[114.2418127,22.31033425],[114.24187702,22.31011578],[114.24180883,22.30988585],[114.24189105,22.3096637],[114.24186865,22.3092447],[114.24141006,22.30906918],[114.2413368,22.30907493],[114.24118175,22.30912651],[114.2410649,22.30910581],[114.24102651,22.30907996],[114.24095499,22.30899944],[114.2407447,22.30887069],[114.24057591,22.30851735],[114.24040371,22.30743992],[114.24002322,22.30658566],[114.2400103,22.30640285],[114.2401268,22.30626218],[114.24010318,22.30620644],[114.23988714,22.30598843],[114.23986004,22.30590753],[114.23991712,22.30580479],[114.24020358,22.30553953],[114.24019911,22.3054987],[114.24001642,22.30539145],[114.23995653,22.30532679],[114.2400196,22.30519979],[114.2401237,22.30514086],[114.2401386,22.3050953],[114.24015172,22.30499177],[114.24043399,22.30492759],[114.24056195,22.30500033],[114.24061692,22.30500761],[114.24066413,22.30494619],[114.24071426,22.30467975],[114.24075538,22.30467735],[114.24094311,22.30477513],[114.24100833,22.30473247],[114.24103735,22.30463611],[114.24129911,22.30448287],[114.24144067,22.30443985],[114.24147035,22.30441595],[114.24149381,22.30428758],[114.24137153,22.30401841],[114.2413773,22.30398619],[114.24143859,22.30391613],[114.24153979,22.30386109],[114.2416793,22.30381513],[114.24177778,22.30355912],[114.24182571,22.30348622],[114.24202797,22.3032887],[114.24223247,22.30323499],[114.2422361,22.30314238],[114.24216642,22.30287106],[114.24220509,22.30284229],[114.24240976,22.30281579],[114.24248543,22.30278767],[114.2425834,22.30272002],[114.2428004,22.30261782],[114.24337797,22.30239833],[114.2435139,22.30238795],[114.24357619,22.30236509],[114.24372486,22.30220379],[114.24389989,22.30186098],[114.24386278,22.3012199],[114.24366149,22.30101415],[114.2437053,22.30038194],[114.2443869,22.29974654],[114.24440826,22.29961985],[114.24438035,22.29925567],[114.24468695,22.29859815],[114.24485638,22.29839282],[114.24477054,22.29812486],[114.24481084,22.29807851],[114.24514858,22.29794876],[114.24525551,22.29753058],[114.24541224,22.29713173],[114.24543652,22.29653706],[114.24535578,22.29638404],[114.24507089,22.29631202],[114.24482376,22.29610746],[114.24482177,22.29590748],[114.24509203,22.29570855],[114.24542959,22.29524924],[114.24539092,22.29479065],[114.24497681,22.29462838],[114.24413369,22.29479704],[114.24466003,22.29506249],[114.24447981,22.29508132],[114.243668,22.29484064],[114.24264428,22.29421179],[114.24215507,22.29420884],[114.24222582,22.29392861],[114.24221389,22.29377473],[114.24224975,22.29341876],[114.24213432,22.29330798],[114.24198096,22.29287106],[114.24188861,22.29280901],[114.24155514,22.29282405],[114.24146028,22.29257675],[114.24153749,22.29232453],[114.2415239,22.29227257],[114.24116531,22.29221012],[114.24105788,22.29212572],[114.24106004,22.29204041],[114.24121097,22.29174971],[114.24120037,22.29169989],[114.24103832,22.29146168],[114.24106611,22.2913872],[114.24121774,22.29120494],[114.2412881,22.29106692],[114.241304,22.29093058],[114.24126011,22.29063087],[114.24146852,22.29033434],[114.24152037,22.29017939],[114.2412136,22.28971309],[114.24107031,22.28921307],[114.24138967,22.28846327],[114.24166532,22.28798715],[114.24234805,22.28729352],[114.24225503,22.2872014],[114.24192334,22.28702084],[114.24196664,22.28634524],[114.24219947,22.28631764],[114.24317037,22.2865965],[114.24338218,22.28651777],[114.24367277,22.2862158],[114.24341027,22.28571914],[114.24264814,22.28562517],[114.2426072,22.28551295],[114.24235444,22.2857603],[114.24215261,22.28562011],[114.24174929,22.2859063],[114.24047536,22.28604037],[114.24034511,22.28620846],[114.23974458,22.28619236],[114.23962301,22.28652149],[114.23837942,22.28707758],[114.23803263,22.28751175],[114.23669312,22.28807906],[114.23684273,22.2884646],[114.23673245,22.28857784],[114.23704662,22.28886645],[114.23688655,22.28896721],[114.23706186,22.28887819],[114.23704441,22.28918426],[114.23726994,22.28916174],[114.23726415,22.28946664],[114.23764015,22.2898347],[114.2378582,22.29059153],[114.23826471,22.290898],[114.23856644,22.29158402],[114.23781586,22.29231557],[114.2364668,22.29111746],[114.23724308,22.29030469],[114.23705978,22.29014501],[114.23337063,22.29364139],[114.23269316,22.29530985],[114.23610732,22.29696593],[114.23534239,22.29861825],[114.2309242,22.29810545],[114.23002476,22.29824728],[114.22913111,22.29868053],[114.22839651,22.29945106],[114.22734848,22.30136251],[114.22505162,22.30255897],[114.22259648,22.30529282],[114.22325822,22.30581177],[114.22278341,22.30579016],[114.22181939,22.30634471],[114.22128975,22.30590866],[114.22113039,22.30603912],[114.22165306,22.30652541],[114.22068472,22.30792834],[114.21874323,22.30677934],[114.2205119,22.30815371],[114.22019912,22.30855063],[114.22003168,22.30843724],[114.2199511,22.30854024],[114.22011872,22.30865356],[114.21965114,22.30925214],[114.21946889,22.30913122],[114.21736483,22.31162147],[114.21429003,22.31475464],[114.21343146,22.31552184],[114.21097796,22.31315022],[114.21033006,22.31372868],[114.21049185,22.31387995],[114.20982773,22.31451733],[114.21081379,22.31548652],[114.21056705,22.31573102],[114.21086389,22.31602947],[114.20997378,22.31683564],[114.20917974,22.31697758],[114.2085943,22.31728369],[114.20640728,22.32000228],[114.20599107,22.32037907],[114.20554405,22.32036659],[114.20500339,22.32084635],[114.20493799,22.32138451],[114.20437121,22.32194711],[114.20357495,22.32265776],[114.20344795,22.32273437],[114.20327083,22.32279558],[114.20310994,22.32280879],[114.20263408,22.32273501],[114.20251859,22.32272534],[114.20242269,22.32273976],[114.20225518,22.32281906],[114.2021509,22.32290228],[114.20203903,22.32314787],[114.20203906,22.32329445],[114.20215171,22.32363836],[114.20171005,22.32376643],[114.20175469,22.32447941],[114.20511634,22.32789048],[114.20513838,22.32821052],[114.2048221,22.32890475],[114.20479089,22.33435177],[114.20464751,22.33496028],[114.20526798,22.33447134]]]]}},{"type":"Feature","properties":{"divisionCode":"YL","area":"New Territories"},"geometry":{"type":"MultiPolygon","coordinates":[[[[113.93802497,22.42538655],[113.93863879,22.4231987],[113.93828885,22.42337146],[113.93810541,22.42343045],[113.93791654,22.4234725],[113.93057085,22.424416],[113.93699938,22.42653462],[113.93771513,22.4262157],[113.93802497,22.42538655]]],[[[114.09175804,22.51945926],[114.09175037,22.5190924],[114.09154287,22.5186251],[114.09119974,22.51811776],[114.09115815,22.51794948],[114.09118594,22.51784832],[114.09119244,22.51772695],[114.09118164,22.51756251],[114.09119439,22.51749981],[114.09135003,22.51701107],[114.09135152,22.51688077],[114.09130863,22.51672429],[114.09130116,22.51666882],[114.09135066,22.51654664],[114.0911488,22.51642273],[114.09104935,22.51583904],[114.09073157,22.5155127],[114.09052715,22.51492724],[114.09122115,22.5147976],[114.09144032,22.51451214],[114.09164556,22.51379763],[114.09161576,22.51273043],[114.09182394,22.51203633],[114.09226355,22.51133671],[114.09326895,22.51039092],[114.09263294,22.50925258],[114.09235607,22.50903627],[114.09182436,22.50886557],[114.09141021,22.50853459],[114.08966424,22.50835776],[114.08975114,22.50809363],[114.09020696,22.5073768],[114.09037734,22.50723678],[114.09041555,22.5071814],[114.09043811,22.50703596],[114.09002821,22.50575068],[114.08994935,22.50562057],[114.08968424,22.50538317],[114.08935888,22.50481826],[114.0893111,22.50448261],[114.09050542,22.5047436],[114.09136783,22.50485225],[114.0912404,22.50349746],[114.09122495,22.50320035],[114.09162251,22.50198417],[114.0916985,22.5012633],[114.09106132,22.49939957],[114.09039193,22.49877652],[114.09024456,22.49781123],[114.09041942,22.49740981],[114.09031544,22.49709439],[114.08970308,22.49653195],[114.0897971,22.49637077],[114.09057041,22.49590061],[114.09084671,22.49534387],[114.09100787,22.4951733],[114.09105516,22.49508681],[114.09116927,22.49472393],[114.09118308,22.49457612],[114.09122856,22.49442105],[114.09131072,22.49431198],[114.09134573,22.49425163],[114.09138263,22.49416248],[114.09148557,22.49413084],[114.09167651,22.49417058],[114.09181412,22.49416505],[114.09207401,22.49400907],[114.09213789,22.49389719],[114.09213652,22.49386092],[114.09206789,22.49367571],[114.0921131,22.4935266],[114.09229315,22.49342008],[114.09242309,22.49313511],[114.09261079,22.49298315],[114.09271719,22.49293561],[114.09275323,22.49290936],[114.09278795,22.49286611],[114.09277627,22.49283974],[114.09256395,22.4926669],[114.09245849,22.49251342],[114.09316194,22.49210583],[114.09319835,22.49201458],[114.09260657,22.49141545],[114.0924585,22.49108669],[114.09265474,22.49057695],[114.09240834,22.48983973],[114.09248096,22.48875884],[114.0920978,22.48713098],[114.09229117,22.48489575],[114.0919512,22.48467376],[114.09158626,22.48455052],[114.09124809,22.48435958],[114.0907579,22.48348337],[114.09046534,22.48320158],[114.08964074,22.48196566],[114.08926523,22.48157941],[114.08955184,22.48069802],[114.08964474,22.47929094],[114.08944225,22.47696496],[114.08932825,22.47668722],[114.08953405,22.47487504],[114.08960118,22.4746369],[114.08953202,22.473924],[114.0897738,22.47312967],[114.0895545,22.47144065],[114.0898653,22.47029443],[114.08988433,22.46945482],[114.09010897,22.46825522],[114.08969791,22.46729409],[114.08893363,22.46609333],[114.08915954,22.46593947],[114.08979524,22.4661788],[114.09015428,22.46623766],[114.09056797,22.46615203],[114.09104441,22.46590758],[114.09126094,22.46591411],[114.09192579,22.4660695],[114.09203503,22.46604385],[114.09244075,22.46602023],[114.09281029,22.46628439],[114.09301265,22.46637148],[114.09370715,22.46648047],[114.09422615,22.4668171],[114.09454651,22.46682103],[114.09524189,22.46673918],[114.09627885,22.4667471],[114.0972169,22.4668911],[114.09739905,22.46698444],[114.09835129,22.46738437],[114.09947016,22.467394],[114.10070575,22.46788023],[114.10091842,22.46821091],[114.10195748,22.46874781],[114.10258539,22.4693468],[114.10287826,22.46937714],[114.10339081,22.4694941],[114.10376899,22.46974931],[114.10425456,22.46998427],[114.1088659,22.46917374],[114.10915912,22.46934657],[114.10937714,22.46993961],[114.10982258,22.47030878],[114.1108676,22.47069325],[114.11162113,22.47064838],[114.11212324,22.47113805],[114.11234198,22.47121344],[114.11340671,22.47132987],[114.11417322,22.47094879],[114.11438582,22.47094887],[114.11456861,22.47126141],[114.11487507,22.47142694],[114.11513223,22.47129838],[114.11534003,22.47094924],[114.116088,22.47026282],[114.11622325,22.4698723],[114.11609986,22.46963658],[114.11610174,22.46942477],[114.116864,22.46934289],[114.11731123,22.46894324],[114.11881602,22.468017],[114.12029838,22.46776263],[114.12053778,22.46742972],[114.12076363,22.46660952],[114.12150712,22.46594917],[114.12265441,22.46568061],[114.12333454,22.46590553],[114.12366977,22.46625538],[114.12387908,22.4662238],[114.1245315,22.46595894],[114.12503198,22.46602467],[114.12558793,22.4657625],[114.1259542,22.46569453],[114.12657739,22.46617047],[114.12790925,22.46650797],[114.12749073,22.46467433],[114.12732324,22.4643616],[114.12685827,22.46383147],[114.12541727,22.46383441],[114.1248162,22.46355484],[114.12498715,22.46273681],[114.12493241,22.46233657],[114.12446128,22.46210885],[114.12406982,22.46140202],[114.12414257,22.46098351],[114.12438164,22.4604257],[114.12393174,22.46002934],[114.12388102,22.45977281],[114.1239029,22.45948254],[114.12385949,22.45915398],[114.12339666,22.45892496],[114.12301715,22.45869203],[114.12291851,22.45858701],[114.12259455,22.45816407],[114.12230004,22.45785521],[114.12205754,22.45723256],[114.12179887,22.45564431],[114.12169812,22.45553082],[114.12145467,22.45539247],[114.12092899,22.45516571],[114.12057672,22.45493156],[114.12003426,22.45424962],[114.11952126,22.45386745],[114.11908439,22.45326497],[114.11889926,22.453108],[114.11862974,22.45291262],[114.11850956,22.45279047],[114.11835755,22.45252],[114.11841678,22.45202958],[114.11841565,22.45185098],[114.11808514,22.45146735],[114.11809973,22.45114488],[114.11807637,22.45093288],[114.11783067,22.45073832],[114.11746996,22.4505579],[114.1172159,22.45011017],[114.11707779,22.44993877],[114.11658552,22.44973794],[114.11653379,22.44958452],[114.11607928,22.44906087],[114.11526648,22.44850254],[114.11195472,22.44379819],[114.11208307,22.44311136],[114.11252015,22.4425438],[114.11285732,22.44195553],[114.11250562,22.4413803],[114.11250244,22.44112894],[114.1131237,22.44034666],[114.11367848,22.43951134],[114.11393819,22.43878666],[114.11406885,22.43850451],[114.11412861,22.43827447],[114.11421962,22.43806716],[114.11427186,22.43800001],[114.1145942,22.43743462],[114.11463521,22.43737818],[114.11504029,22.43702105],[114.11513647,22.4363914],[114.11598691,22.43548752],[114.11689851,22.43480923],[114.11659895,22.43253239],[114.1166223,22.43190253],[114.11693285,22.43114803],[114.11716246,22.43085688],[114.11751291,22.4305116],[114.11754641,22.4302486],[114.11744215,22.43011546],[114.11744218,22.43003623],[114.11795653,22.428945],[114.11832349,22.42846535],[114.1184523,22.42838553],[114.11896232,22.42828847],[114.1194144,22.42838636],[114.11980893,22.42801875],[114.12015476,22.42777084],[114.12101925,22.42760053],[114.12131516,22.42713737],[114.12142694,22.42701118],[114.12144532,22.42695443],[114.12133528,22.42641772],[114.12135424,22.42578295],[114.12198461,22.42464063],[114.12214146,22.424467],[114.12224694,22.42425652],[114.12269641,22.4236369],[114.12282654,22.42349475],[114.12290669,22.42335145],[114.12296332,22.42329324],[114.12383177,22.42305391],[114.12437145,22.42273663],[114.12492052,22.42147319],[114.12517661,22.42103378],[114.12597001,22.42009737],[114.12600497,22.42002963],[114.12594245,22.41975416],[114.12595461,22.41940425],[114.12593786,22.41915062],[114.12589694,22.4190655],[114.12602289,22.4187901],[114.12605548,22.41857232],[114.12555568,22.41694071],[114.12556113,22.41682817],[114.12566241,22.41654716],[114.12565041,22.41642622],[114.12557942,22.41620504],[114.12557297,22.41593487],[114.12510131,22.41549061],[114.12506453,22.41541946],[114.12502523,22.41498581],[114.1249941,22.41494101],[114.12470752,22.41486901],[114.1244026,22.41432532],[114.12434033,22.41426733],[114.12404018,22.41412757],[114.12351102,22.41403339],[114.12359602,22.4139043],[114.12441402,22.41375494],[114.12437442,22.41361527],[114.12385337,22.41350706],[114.1238109,22.41348069],[114.12377698,22.41320505],[114.12359584,22.41289932],[114.12371198,22.41285456],[114.1240857,22.41309185],[114.12428679,22.41308928],[114.12462881,22.41237847],[114.12408617,22.41279851],[114.12316925,22.41209226],[114.12314503,22.41198685],[114.12334735,22.41176482],[114.12321156,22.41124958],[114.12336749,22.41099205],[114.12174043,22.41107298],[114.12131523,22.41090772],[114.12119845,22.41089211],[114.1204784,22.41095961],[114.11974706,22.41109985],[114.11868583,22.41164339],[114.11831062,22.41148739],[114.11756283,22.41182031],[114.11741164,22.41181788],[114.11680448,22.4113575],[114.11680333,22.41105351],[114.1170649,22.41062682],[114.11696889,22.41041818],[114.11571078,22.41012207],[114.11483453,22.40865194],[114.11468461,22.40850756],[114.11459362,22.40845386],[114.11432061,22.40838338],[114.11341917,22.40834009],[114.11300747,22.40821578],[114.11290494,22.40816803],[114.11282164,22.40810478],[114.11272044,22.40794492],[114.11265005,22.40769311],[114.11265161,22.40709067],[114.11263369,22.40701792],[114.11255044,22.40687119],[114.11250174,22.40681868],[114.1124505,22.40678408],[114.11189658,22.40649749],[114.11172868,22.40642228],[114.11092729,22.40631819],[114.11070558,22.40617975],[114.11031454,22.40576919],[114.11012743,22.4056546],[114.10971575,22.40551358],[114.10909153,22.40536901],[114.10890436,22.40539994],[114.10858276,22.40553739],[114.10828282,22.40581508],[114.10818418,22.40587757],[114.10805661,22.40599672],[114.10794979,22.40608047],[114.10789262,22.40611258],[114.1076826,22.40617912],[114.10757896,22.40616855],[114.10748664,22.40614456],[114.10733701,22.406051],[114.10727297,22.40597266],[114.10702552,22.40554725],[114.10700168,22.40549406],[114.10699858,22.40540989],[114.107086,22.40519759],[114.10708792,22.40511436],[114.10705908,22.40502086],[114.10700007,22.40493376],[114.10690275,22.40484992],[114.10679286,22.40480254],[114.10662013,22.40480422],[114.1063768,22.40492274],[114.10526333,22.40562694],[114.1054125,22.40596338],[114.10534043,22.40657729],[114.10473672,22.40704431],[114.1044436,22.4074063],[114.10318173,22.4073041],[114.10207682,22.40754915],[114.10153728,22.40717755],[114.10142711,22.40715844],[114.1012266,22.40718754],[114.10090177,22.40734203],[114.10078125,22.40733456],[114.10065063,22.40705237],[114.10024398,22.40698671],[114.09941562,22.40581338],[114.09811489,22.40479725],[114.09764096,22.40436633],[114.09757066,22.40394586],[114.09743874,22.40374381],[114.0968484,22.40352122],[114.09689386,22.4030045],[114.09610037,22.40266857],[114.09601121,22.40211418],[114.09587459,22.40195522],[114.09515267,22.40137013],[114.09495974,22.40084583],[114.09362397,22.40021311],[114.09348949,22.39992809],[114.09337538,22.39982121],[114.09328442,22.39977262],[114.09303892,22.3996959],[114.09272181,22.39968317],[114.09222538,22.39936552],[114.09164214,22.39948714],[114.09143585,22.39928018],[114.09111448,22.39924909],[114.09076967,22.39949924],[114.09034754,22.39947934],[114.09022053,22.39976181],[114.08990714,22.39994581],[114.08943301,22.40060457],[114.08940109,22.40093676],[114.08933695,22.40106905],[114.08935288,22.40122701],[114.0892149,22.40139779],[114.08906958,22.40145096],[114.08838215,22.40153225],[114.08797867,22.40135798],[114.08732578,22.4015418],[114.08672394,22.40201414],[114.08642286,22.40200682],[114.08580739,22.40177103],[114.08530706,22.40178206],[114.08485494,22.40154219],[114.08450053,22.40080885],[114.08403172,22.40063215],[114.08376277,22.40046987],[114.08324902,22.40044809],[114.08263961,22.39978018],[114.08242828,22.39870775],[114.0812326,22.39821588],[114.08108438,22.39766087],[114.0807719,22.39747353],[114.08031361,22.39740541],[114.0793495,22.3969559],[114.07915475,22.39699273],[114.07854277,22.39727906],[114.07842492,22.39725396],[114.07825926,22.39689801],[114.07750348,22.39672827],[114.07707729,22.39642727],[114.07625964,22.39648311],[114.07569452,22.39664846],[114.07548183,22.39666025],[114.07463777,22.39632714],[114.07424237,22.39632479],[114.07407499,22.39616332],[114.07390159,22.39568413],[114.07333212,22.39479327],[114.07341179,22.39446668],[114.0737644,22.39425198],[114.07418304,22.39361303],[114.07398347,22.39321594],[114.07364105,22.3937021],[114.0736362,22.39332658],[114.07239313,22.39296279],[114.07192586,22.39250591],[114.0717349,22.39259281],[114.07158643,22.39296373],[114.07095133,22.39281462],[114.07058719,22.39237271],[114.07028897,22.39284638],[114.06982639,22.3929629],[114.06960257,22.39331501],[114.06932963,22.39338517],[114.06922716,22.39336363],[114.06912161,22.39316031],[114.06922768,22.39267341],[114.06892799,22.39253136],[114.06818555,22.3925851],[114.06743205,22.39201417],[114.06709689,22.39138095],[114.06693687,22.3912366],[114.06684079,22.39122103],[114.06677544,22.39124363],[114.06653245,22.39151824],[114.06628772,22.39157292],[114.06613894,22.39179335],[114.06596212,22.39181707],[114.06581856,22.39770428],[114.05737379,22.39783089],[114.05744547,22.40487359],[114.05972594,22.40487357],[114.05977745,22.40860207],[114.0516247,22.40861684],[114.0516095,22.40458303],[114.01217272,22.40457476],[114.01216627,22.41469001],[114.00694142,22.41477377],[114.00676908,22.42191381],[114.00119491,22.4219408],[114.00006149,22.42211213],[113.99949121,22.42227882],[113.99892068,22.42264672],[113.99884454,22.42265132],[113.99826478,22.42236404],[113.99786321,22.42246187],[113.99734666,22.42236617],[113.9965546,22.42332328],[113.99625022,22.42417118],[113.99561042,22.42505554],[113.99375697,22.42570415],[113.9935851,22.42727986],[113.99378727,22.42751846],[113.99451762,22.4277531],[113.99468767,22.42808358],[113.99465698,22.42900524],[113.99524737,22.42940389],[113.99565566,22.43023135],[113.99651803,22.43230424],[113.99645725,22.43271971],[113.99325143,22.43031894],[113.99292468,22.43087665],[113.99278471,22.43200807],[113.99200684,22.43199029],[113.99206228,22.43184192],[113.99146265,22.4316973],[113.99108557,22.43128824],[113.99089058,22.43091382],[113.99071589,22.43079792],[113.99010236,22.43015266],[113.98995996,22.42995608],[113.98988415,22.42990013],[113.98950009,22.42972415],[113.98923403,22.42983616],[113.98905731,22.43032698],[113.98891642,22.43036068],[113.98845512,22.43029072],[113.98838128,22.43012357],[113.98809708,22.43017573],[113.988184,22.4296515],[113.98799034,22.42964337],[113.98781069,22.42960874],[113.98771417,22.42960354],[113.98756905,22.42961749],[113.98664415,22.42983482],[113.98650626,22.42988941],[113.98616929,22.42991497],[113.985851,22.43003651],[113.98557735,22.42992443],[113.98551483,22.42991758],[113.98546928,22.42992825],[113.9851057,22.4303167],[113.9847572,22.43033603],[113.98441135,22.43019226],[113.98446536,22.43064442],[113.98421861,22.43083602],[113.98277993,22.43072649],[113.98236133,22.43051434],[113.98190672,22.43086485],[113.98137608,22.43088848],[113.98105191,22.43087511],[113.98098405,22.43034956],[113.97041412,22.43054861],[113.97036315,22.43339596],[113.95021736,22.43335088],[113.94847355,22.431237],[113.94819716,22.43069896],[113.9484175,22.4302368],[113.94797165,22.42986754],[113.94796419,22.42972922],[113.94806153,22.42886338],[113.9471955,22.42848309],[113.94673621,22.42753378],[113.94610684,22.42683737],[113.94582545,22.42613587],[113.94581672,22.42606979],[113.94580864,22.42593581],[113.9460132,22.42529023],[113.94600239,22.42497319],[113.94598594,22.42495071],[113.94591943,22.42490954],[113.94555452,22.42475577],[113.94523448,22.42442092],[113.94510126,22.42433528],[113.94396215,22.42433045],[113.9438921,22.42429176],[113.94385159,22.42424025],[113.94394546,22.42360791],[113.94401848,22.42351271],[113.94440319,22.42320793],[113.94444663,22.42297026],[113.94406152,22.42286266],[113.94271769,22.42316162],[113.94238281,22.42244101],[113.9423255,22.42238423],[113.94172819,22.42227889],[113.94088606,22.4215423],[113.94080805,22.42135932],[113.94084475,22.42062826],[113.94030058,22.42052314],[113.94000395,22.4202946],[113.93995247,22.42015017],[113.94006378,22.4197016],[113.94001486,22.41956497],[113.93997532,22.41953335],[113.93990626,22.41951779],[113.93893197,22.41964152],[113.93917317,22.42026968],[113.93950622,22.42158805],[113.93942595,22.42226635],[113.93890689,22.42383651],[113.93939934,22.42386161],[113.93909725,22.4239439],[113.93936169,22.42398932],[113.93940853,22.42422301],[113.9391779,22.42432322],[113.93912615,22.42472234],[113.93931597,22.42493508],[113.93942424,22.42484073],[113.93954031,22.42516769],[113.93959146,22.42522137],[113.93976893,22.42526358],[113.93981954,22.42529716],[113.9398414,22.42532622],[113.93964709,22.42524444],[113.93944782,22.42567314],[113.93830454,22.42667083],[113.93813945,22.42707168],[113.94023099,22.42821928],[113.94250026,22.42972379],[113.94491296,22.43100127],[113.9458584,22.43175754],[113.9463708,22.43254588],[113.94612841,22.43310741],[113.9465098,22.43373357],[113.94682975,22.43494089],[113.94670563,22.43531653],[113.94678296,22.43713906],[113.94653951,22.43856192],[113.94724098,22.43942639],[113.9503305,22.44175009],[113.95102196,22.4422387],[113.95179772,22.44250031],[113.95273563,22.44308349],[113.95279841,22.44343242],[113.95253567,22.443712],[113.95281774,22.44349566],[113.95326885,22.44360128],[113.95384275,22.44472391],[113.95386221,22.4457467],[113.95357734,22.44664697],[113.95403891,22.4470364],[113.95434157,22.4476702],[113.95461695,22.44765259],[113.95463848,22.44776839],[113.95422953,22.44777716],[113.95427481,22.44795713],[113.95518427,22.44910604],[113.95613937,22.44984334],[113.95675675,22.45003133],[113.95912364,22.44989274],[113.95917284,22.44978408],[113.96036202,22.45032101],[113.96085734,22.45013434],[113.96070354,22.44977279],[113.9610203,22.4501934],[113.96149148,22.45039862],[113.96191869,22.45120759],[113.96253136,22.45158937],[113.96270181,22.45190215],[113.96330763,22.45220109],[113.96356595,22.45203267],[113.96334468,22.45140363],[113.96360909,22.45149986],[113.96373495,22.45185945],[113.96402563,22.45201183],[113.96398636,22.45231185],[113.96438435,22.45249261],[113.9644338,22.45222139],[113.96493339,22.45210015],[113.96525099,22.45236562],[113.96505793,22.45266115],[113.96541423,22.45286937],[113.96694731,22.45326647],[113.9676323,22.45286515],[113.96737041,22.45323625],[113.96744821,22.45331594],[113.96909129,22.45375565],[113.96992128,22.45379227],[113.97133938,22.45442565],[113.97240778,22.45461947],[113.97361695,22.45529884],[113.97396434,22.45609282],[113.97440248,22.45628301],[113.97474472,22.45623278],[113.97505985,22.45644469],[113.97523084,22.4565896],[113.97526921,22.45695235],[113.97571159,22.45681528],[113.97635249,22.45719642],[113.97721012,22.45808945],[113.97709562,22.45825302],[113.97717914,22.45849908],[113.97824151,22.45941205],[113.97858853,22.46005139],[113.97890734,22.46085473],[113.97892033,22.46128807],[113.97908141,22.46144637],[113.97894156,22.46153385],[113.9790836,22.46149202],[113.97916447,22.46168966],[113.97905305,22.46174927],[113.97922458,22.46175658],[113.97925737,22.46184294],[113.97903858,22.46195732],[113.97929114,22.46192678],[113.97922157,22.46205928],[113.97937332,22.46214596],[113.97935096,22.4624927],[113.97945775,22.4624766],[113.97964005,22.46332757],[113.98016239,22.46419066],[113.9801903,22.46431795],[113.97984546,22.46434695],[113.98049008,22.46571661],[113.98045462,22.46593197],[113.98102647,22.4668673],[113.98184455,22.46742728],[113.98164436,22.46762631],[113.9817389,22.4677667],[113.98190566,22.46769413],[113.98180364,22.46779759],[113.9819396,22.46835893],[113.98170484,22.46840708],[113.98193544,22.46856823],[113.98143239,22.46891364],[113.98212498,22.46852529],[113.98234224,22.46874763],[113.98218336,22.46889868],[113.9822281,22.46894073],[113.98248961,22.46868705],[113.98272653,22.46869345],[113.98468453,22.4706947],[113.9846385,22.47152526],[113.98501282,22.47224218],[113.98551799,22.47235247],[113.98626242,22.47312821],[113.98691621,22.47308705],[113.98756856,22.47362525],[113.98775659,22.47350535],[113.98902975,22.4744349],[113.98999909,22.47571475],[113.99011583,22.47568777],[113.9900105,22.4757697],[113.99010463,22.47585793],[113.99023102,22.47577548],[113.99037178,22.47597376],[113.9909589,22.47604873],[113.99207834,22.47700145],[113.99335354,22.47746021],[113.99298391,22.47734442],[113.99276284,22.47739832],[113.99273647,22.47754408],[113.99284655,22.47800555],[113.99323285,22.47842486],[113.99313373,22.47906991],[113.99347986,22.47948231],[113.99352242,22.4798946],[113.99328575,22.48007981],[113.994093,22.48033766],[113.99422136,22.48129955],[113.9948263,22.48234392],[113.99510263,22.4844369],[113.99558075,22.48540861],[113.99558508,22.48581531],[113.99584668,22.48577138],[113.99597245,22.48600482],[113.99617925,22.4858384],[113.99624065,22.48613899],[113.99585899,22.48647662],[113.99627564,22.48616206],[113.99649574,22.48617879],[113.99601449,22.48649698],[113.9963054,22.48633284],[113.99649387,22.4864097],[113.99628657,22.48659128],[113.9963901,22.48681475],[113.99650618,22.48682572],[113.99640092,22.48673887],[113.99660769,22.48639142],[113.99739367,22.48683742],[113.9968747,22.48739788],[113.9970643,22.48739201],[113.99747188,22.48695972],[113.99814375,22.48771748],[113.99830351,22.48768504],[113.99828253,22.48831451],[113.99855487,22.48912879],[113.99879383,22.48929713],[113.9992608,22.48912778],[113.99936324,22.48949113],[113.99939239,22.48909989],[113.99962942,22.48899037],[114.0000642,22.48916018],[114.0015222,22.48912646],[114.0025277,22.4893161],[114.00356491,22.4889449],[114.00357839,22.48860781],[114.00383256,22.48828669],[114.00468815,22.4881705],[114.00625415,22.48748115],[114.00749914,22.48767082],[114.00766611,22.48743667],[114.00837445,22.48710259],[114.00917486,22.48696352],[114.00904562,22.48657863],[114.00989686,22.48647948],[114.01089211,22.48678575],[114.01162799,22.48644301],[114.01307742,22.48722734],[114.01405367,22.48734186],[114.01295819,22.48715205],[114.01227925,22.48661489],[114.01235413,22.48648551],[114.01222793,22.48659921],[114.01203694,22.48648877],[114.01191971,22.48612549],[114.01149931,22.48602498],[114.0117631,22.48417097],[114.01156627,22.4812212],[114.01115213,22.47936323],[114.01134794,22.47851065],[114.01034388,22.47600342],[114.01147382,22.47453704],[114.01244783,22.47399297],[114.01258838,22.47495032],[114.01329081,22.47517443],[114.01309724,22.47492309],[114.01362323,22.4747138],[114.01383244,22.47386848],[114.01401479,22.47368304],[114.01538058,22.47517263],[114.01578635,22.47581819],[114.01604416,22.47553557],[114.01633069,22.47560956],[114.01687633,22.47659402],[114.01769218,22.47707083],[114.01780834,22.47741086],[114.01825866,22.47763603],[114.01959222,22.47823576],[114.01998721,22.47820473],[114.02024163,22.47845045],[114.02047375,22.47834826],[114.02094454,22.47845963],[114.02461858,22.47956155],[114.02514103,22.47946819],[114.02558894,22.479696],[114.02645283,22.47954245],[114.02750976,22.480211],[114.02819663,22.48014837],[114.02853855,22.48027928],[114.02811918,22.48238289],[114.02730891,22.48315325],[114.0273451,22.48328521],[114.02657024,22.48375633],[114.02769522,22.4834545],[114.02786832,22.48356594],[114.02824658,22.48350923],[114.02836933,22.48383161],[114.02870534,22.48375888],[114.0285818,22.48428026],[114.02875208,22.48462301],[114.02796468,22.48489601],[114.02755419,22.48482396],[114.02748717,22.48501747],[114.02757381,22.48522132],[114.02856018,22.48574712],[114.02851932,22.48646161],[114.02779684,22.48679901],[114.02661734,22.48682219],[114.02604372,22.48708692],[114.02808866,22.48766112],[114.02800397,22.48790204],[114.02814934,22.48828032],[114.02791822,22.48858037],[114.02624257,22.48910032],[114.0263657,22.48925846],[114.02751824,22.48947119],[114.02826721,22.48994992],[114.02808045,22.49022631],[114.02832739,22.49046979],[114.02849387,22.49269537],[114.02873316,22.4932724],[114.02905051,22.49356788],[114.02860808,22.49380395],[114.02863207,22.49409069],[114.02838446,22.49446805],[114.02850888,22.4945658],[114.02915035,22.49448907],[114.02941031,22.49506104],[114.03006734,22.49521177],[114.03074761,22.4957971],[114.03007062,22.49729102],[114.03073819,22.49667023],[114.03147228,22.49632209],[114.03245535,22.4966046],[114.03299916,22.49700694],[114.03292409,22.4973568],[114.03309524,22.49748395],[114.03256681,22.49748122],[114.03214571,22.49764959],[114.03192374,22.49791353],[114.0318029,22.4984575],[114.03091043,22.49923613],[114.03083482,22.49951149],[114.03128016,22.49940015],[114.03195789,22.49894585],[114.03402069,22.49888052],[114.03413661,22.49896416],[114.03404209,22.49933602],[114.03415061,22.49952801],[114.03385874,22.50006864],[114.03429881,22.49968669],[114.03454331,22.49923467],[114.03475229,22.49918933],[114.03490703,22.4993317],[114.03424195,22.50049151],[114.03372022,22.50105376],[114.03361841,22.5014177],[114.03514303,22.50020334],[114.03527426,22.50018426],[114.03542889,22.50043217],[114.03590665,22.50009847],[114.03614013,22.50047286],[114.03634969,22.50046402],[114.03621517,22.50075344],[114.03631706,22.50090592],[114.03693397,22.5011181],[114.03713598,22.50136831],[114.0373945,22.50359063],[114.03753235,22.50354501],[114.03750285,22.5032816],[114.03805943,22.50300586],[114.03752978,22.50299299],[114.03770119,22.5028763],[114.03765944,22.50271316],[114.03805669,22.50271576],[114.03818647,22.50231232],[114.03970192,22.50298751],[114.03966359,22.50366475],[114.03982564,22.50380373],[114.04017861,22.50374026],[114.04036129,22.5032872],[114.04063301,22.5030628],[114.04115296,22.50307001],[114.04085323,22.50335647],[114.04075859,22.50385025],[114.04112995,22.50424564],[114.04250223,22.50413729],[114.04287347,22.5040219],[114.04306319,22.50376765],[114.04404325,22.50428119],[114.04535265,22.50407475],[114.04655858,22.50373467],[114.04855096,22.50278985],[114.05039027,22.50236721],[114.05148914,22.50236872],[114.05248283,22.50255641],[114.05516279,22.50361487],[114.05610616,22.50431068],[114.05697598,22.50555256],[114.05768454,22.50991004],[114.05888176,22.51234496],[114.05976275,22.51334078],[114.06067598,22.51410478],[114.06363164,22.51607863],[114.06475734,22.51666037],[114.06904824,22.51735648],[114.07195957,22.51809254],[114.07254833,22.51794391],[114.07388591,22.51724896],[114.07568008,22.51535738],[114.07662369,22.51514925],[114.0777138,22.51536114],[114.07890623,22.51588964],[114.08251633,22.51857487],[114.08411422,22.52048477],[114.08465466,22.52029681],[114.08472311,22.52018616],[114.08490731,22.51962859],[114.08550411,22.51915275],[114.08597855,22.519166],[114.08627793,22.51935468],[114.08669147,22.51959139],[114.08692829,22.51974899],[114.08826822,22.52102189],[114.08860309,22.52176821],[114.08864696,22.52249969],[114.08866595,22.52252423],[114.08873738,22.52255643],[114.08906354,22.52295982],[114.08912137,22.52300651],[114.0894156,22.52316969],[114.08952349,22.52300771],[114.08928914,22.52237434],[114.08975533,22.52153146],[114.08966591,22.52095184],[114.09166123,22.52080248],[114.09173143,22.52025956],[114.09164114,22.51987854],[114.0916698,22.51971488],[114.09175804,22.51945926]]]]}},{"type":"Feature","properties":{"divisionCode":"NTH","area":"New Territories"},"geometry":{"type":"MultiPolygon","coordinates":[[[[114.30511329,22.50171496],[114.30469634,22.50109207],[114.30418293,22.50089217],[114.30372354,22.50094413],[114.30385149,22.50125955],[114.30422313,22.50149087],[114.30511329,22.50171496]]],[[[114.30034419,22.51478338],[114.3007101,22.51463714],[114.30074467,22.51439352],[114.30057423,22.51424105],[114.30033901,22.5143787],[114.30021512,22.51471573],[114.30034419,22.51478338]]],[[[114.28603469,22.52129495],[114.28600419,22.52080267],[114.28644469,22.52033836],[114.28725836,22.52015612],[114.28751253,22.52053488],[114.28795205,22.52061565],[114.28843841,22.52047592],[114.28841579,22.52032296],[114.2886125,22.52030551],[114.28861614,22.52013338],[114.28897994,22.51994632],[114.28890871,22.51949394],[114.28855965,22.51960635],[114.28772597,22.51928257],[114.28656037,22.51909181],[114.28593562,22.51923589],[114.28538044,22.51980861],[114.2853298,22.52033985],[114.28496622,22.52079879],[114.28511327,22.52098572],[114.28550773,22.52097882],[114.2857218,22.52124679],[114.28603469,22.52129495]]],[[[114.30926394,22.52622547],[114.30981045,22.52590064],[114.31040201,22.52607099],[114.31060797,22.52567872],[114.3109825,22.52565591],[114.31112133,22.52509585],[114.31147776,22.52490956],[114.31192144,22.52501262],[114.31206216,22.52461449],[114.31256513,22.52449911],[114.31295362,22.52471511],[114.31329728,22.5243354],[114.31407612,22.52432484],[114.31407247,22.52385734],[114.31467131,22.52377026],[114.31533968,22.5232528],[114.31615637,22.52179514],[114.3163639,22.52169699],[114.31628283,22.52133558],[114.31658933,22.52126465],[114.31669712,22.52094357],[114.31719137,22.52062626],[114.31716259,22.52048688],[114.3172578,22.52061455],[114.31741637,22.52051274],[114.31729093,22.52030923],[114.31649805,22.51997762],[114.31639668,22.51966075],[114.31669686,22.51885112],[114.31746471,22.51820072],[114.31723145,22.51803779],[114.31680541,22.5181254],[114.31626722,22.51791794],[114.31592357,22.51772736],[114.31577997,22.51758391],[114.31614056,22.51782802],[114.31627057,22.517852],[114.31607486,22.51775872],[114.31581847,22.51754708],[114.31574072,22.51742924],[114.31590418,22.51758033],[114.316199,22.51735742],[114.31635962,22.51752273],[114.31632837,22.51782037],[114.31646919,22.51761287],[114.31662439,22.51769876],[114.31707391,22.51754637],[114.31768948,22.51846953],[114.31826366,22.51838077],[114.3183176,22.5185875],[114.31890357,22.51892866],[114.31906852,22.51881288],[114.31897041,22.51866626],[114.31913036,22.51842556],[114.31948785,22.51827474],[114.31963548,22.51799246],[114.31986121,22.51808074],[114.32031106,22.51784782],[114.3201155,22.51769857],[114.32045538,22.51741262],[114.3205203,22.5170091],[114.32089806,22.51682062],[114.32108344,22.51698757],[114.32127824,22.51694734],[114.32138513,22.51673431],[114.32129086,22.51640484],[114.31972927,22.51606084],[114.31875447,22.5155102],[114.31838525,22.51389471],[114.31766029,22.51334394],[114.31717078,22.51317084],[114.31616966,22.51192873],[114.31525204,22.51146952],[114.3143697,22.51136716],[114.31336134,22.51100064],[114.31212174,22.51105969],[114.31172667,22.5108303],[114.31149649,22.51045471],[114.31156273,22.51032086],[114.31128346,22.51000697],[114.31094618,22.50864544],[114.31072806,22.50854593],[114.3105132,22.50812039],[114.310317,22.50802954],[114.30990079,22.50817691],[114.30912318,22.50814921],[114.30844608,22.50868509],[114.3082375,22.50852094],[114.3084234,22.50870003],[114.30763589,22.50908393],[114.30732845,22.50953065],[114.3057295,22.50989915],[114.30536094,22.50951151],[114.304717,22.50935817],[114.30444828,22.50913728],[114.30417852,22.50844728],[114.30475653,22.50784025],[114.3037072,22.50736893],[114.30320006,22.50638262],[114.30314321,22.50591946],[114.30228645,22.50598454],[114.30196871,22.50567222],[114.30148054,22.50569825],[114.30100511,22.50536151],[114.30072861,22.50548979],[114.30035449,22.50539442],[114.30007822,22.50483648],[114.29907697,22.50432703],[114.29866958,22.50464549],[114.29802508,22.50474612],[114.29788576,22.50487495],[114.29798458,22.50510882],[114.29745704,22.50523552],[114.29721046,22.50554197],[114.29816392,22.50689769],[114.29763017,22.50687211],[114.2972606,22.50648337],[114.29669353,22.50653075],[114.29636716,22.5063772],[114.29599821,22.50696809],[114.29566187,22.50717722],[114.29639347,22.50729749],[114.2967035,22.50719233],[114.29713663,22.5075136],[114.29726355,22.50771705],[114.29660578,22.50839087],[114.29660477,22.50855465],[114.29746927,22.5083183],[114.29770441,22.50837955],[114.29800007,22.50865033],[114.29786209,22.5096167],[114.29741936,22.51016025],[114.29625345,22.51099747],[114.29580277,22.51111513],[114.29547901,22.51081889],[114.29501936,22.51102088],[114.29514054,22.51177087],[114.29505895,22.5120223],[114.29475666,22.5120931],[114.29456129,22.5123803],[114.2945629,22.51342563],[114.29511614,22.5131513],[114.2951739,22.51295577],[114.29500676,22.51264287],[114.29513908,22.51243025],[114.29642654,22.51194847],[114.29702058,22.51252513],[114.29720929,22.51314197],[114.29787729,22.51315415],[114.2978025,22.51269905],[114.29791153,22.51247101],[114.29815308,22.51243113],[114.29812026,22.51226293],[114.29918834,22.51183914],[114.29980656,22.51126297],[114.30016462,22.51116437],[114.29960844,22.51271311],[114.29970462,22.5126443],[114.30000892,22.51299927],[114.30007455,22.51336691],[114.30095062,22.51301044],[114.30114834,22.51308752],[114.30128829,22.51346631],[114.30157329,22.51345689],[114.30179315,22.51317713],[114.30164706,22.51284021],[114.30146028,22.51260772],[114.30081934,22.51242827],[114.30080253,22.51224115],[114.30198359,22.51182983],[114.30219671,22.51251324],[114.30243083,22.51261127],[114.30251218,22.512279],[114.3023667,22.51167635],[114.30248344,22.51123865],[114.30232589,22.51068917],[114.30290917,22.51016946],[114.30316656,22.51043673],[114.30368832,22.51050469],[114.30399248,22.50975925],[114.3040051,22.51002171],[114.30436456,22.51026579],[114.30468387,22.51081911],[114.30520683,22.51075048],[114.30587822,22.51090181],[114.30570471,22.51124441],[114.30513203,22.5115083],[114.30471787,22.51194393],[114.30399005,22.51208104],[114.30381525,22.51248084],[114.30457993,22.5129173],[114.30526917,22.51266138],[114.30577163,22.51209894],[114.30617682,22.51216703],[114.30607155,22.51305116],[114.3070562,22.51308328],[114.30744413,22.51353777],[114.30747124,22.51380955],[114.3066185,22.51351322],[114.30584744,22.51361315],[114.30564286,22.51385086],[114.30586697,22.5143255],[114.30579983,22.51445229],[114.3063288,22.51461809],[114.30646419,22.51447034],[114.30676661,22.51456104],[114.30722173,22.51429539],[114.30798339,22.51469483],[114.30802001,22.51496761],[114.30772607,22.51549704],[114.30796632,22.51611803],[114.3078618,22.51625444],[114.30835669,22.51628634],[114.30901238,22.51661815],[114.30951847,22.51662417],[114.30957926,22.51675209],[114.30920095,22.51717215],[114.30929294,22.51772394],[114.30984649,22.51809557],[114.31027633,22.51878685],[114.31032089,22.51958706],[114.30950971,22.52006592],[114.30944464,22.52083597],[114.30909789,22.52142937],[114.3095106,22.5226169],[114.30942476,22.52294877],[114.30955835,22.52307795],[114.30944238,22.52311441],[114.31007647,22.52353065],[114.31033772,22.52393159],[114.31018932,22.52414206],[114.30941574,22.52449583],[114.30864615,22.52456055],[114.30830318,22.52515343],[114.30880888,22.52555511],[114.30899462,22.5261249],[114.30926394,22.52622547]]],[[[114.27341703,22.52693814],[114.27310159,22.52717534],[114.27309889,22.52732299],[114.27345764,22.52716306],[114.27341703,22.52693814]]],[[[114.20924482,22.52783283],[114.20920573,22.52794328],[114.2092645,22.52799636],[114.20933295,22.52790579],[114.20924482,22.52783283]]],[[[114.21091183,22.52826952],[114.21140584,22.52768002],[114.21139765,22.52731513],[114.21125553,22.5272165],[114.21045851,22.52732949],[114.2102782,22.52773815],[114.21030615,22.5279817],[114.21091183,22.52826952]]],[[[114.22748457,22.53233682],[114.22762879,22.53230353],[114.22747418,22.53181196],[114.22715695,22.53140726],[114.22686133,22.53152293],[114.22717095,22.53199159],[114.22715382,22.53221705],[114.22748457,22.53233682]]],[[[114.28875688,22.53288642],[114.28854169,22.53269194],[114.28804296,22.53274266],[114.28815186,22.53291813],[114.28875688,22.53288642]]],[[[114.28088858,22.53235281],[114.28003264,22.53227927],[114.27991816,22.53279221],[114.28019682,22.53299032],[114.28062735,22.53291946],[114.28096835,22.53255784],[114.28088858,22.53235281]]],[[[114.27289203,22.5333386],[114.27301055,22.53263781],[114.27283678,22.53241999],[114.27256482,22.53243073],[114.27237446,22.53261073],[114.27252622,22.53331511],[114.27289203,22.5333386]]],[[[114.2750721,22.53463832],[114.27519588,22.53469981],[114.2752837,22.53455775],[114.27510421,22.53403941],[114.27543766,22.53371635],[114.27618348,22.53341995],[114.27647532,22.5334295],[114.27676539,22.53370521],[114.2772435,22.53348445],[114.2771817,22.53323106],[114.27596635,22.53203356],[114.27516515,22.53204286],[114.27504625,22.5340713],[114.27458838,22.53488284],[114.2750721,22.53463832]]],[[[114.32004782,22.53754345],[114.3202628,22.53671575],[114.32009602,22.53653246],[114.32028675,22.5358398],[114.32021542,22.53525279],[114.32032146,22.53531737],[114.32041205,22.53506307],[114.3205735,22.53511115],[114.32084057,22.53551671],[114.32098532,22.53552888],[114.32160737,22.53374403],[114.32147077,22.53276397],[114.32115104,22.53222783],[114.32057757,22.53225318],[114.32059444,22.53204414],[114.32007676,22.53184095],[114.32009236,22.53158233],[114.31981095,22.53164036],[114.31973941,22.53133831],[114.31990402,22.53109804],[114.31965966,22.53110166],[114.31988021,22.53072468],[114.31982422,22.53045702],[114.31963697,22.53051493],[114.31998217,22.52990852],[114.31990517,22.52932331],[114.3201434,22.52879772],[114.32018406,22.52775429],[114.31990457,22.52763031],[114.32006776,22.52745897],[114.32004789,22.5269267],[114.32062686,22.52611719],[114.32069402,22.5247022],[114.32056124,22.52448441],[114.32034008,22.52444626],[114.320245,22.52403918],[114.32013858,22.52409605],[114.32017964,22.52359224],[114.31980619,22.52361092],[114.3196263,22.5233429],[114.31947874,22.52340916],[114.31898866,22.52301078],[114.31856759,22.52333181],[114.31854766,22.52381091],[114.318311,22.52433094],[114.31780198,22.52482853],[114.31622552,22.52452731],[114.31616831,22.52476123],[114.31575837,22.52474358],[114.31530836,22.52495041],[114.31534086,22.52508636],[114.31498412,22.52543861],[114.31428897,22.52574173],[114.31333511,22.52660535],[114.31269062,22.52692606],[114.31232558,22.5274004],[114.31171313,22.52758451],[114.31143801,22.52794795],[114.31101359,22.5278756],[114.31056238,22.52814392],[114.31030912,22.52810651],[114.30944999,22.52840713],[114.30885123,22.52884988],[114.30809478,22.52901469],[114.30824723,22.52942597],[114.30800104,22.53002343],[114.30801102,22.53102662],[114.30775018,22.53244926],[114.30797409,22.53330588],[114.30883697,22.53410349],[114.30936278,22.53503867],[114.31005372,22.53517954],[114.31053808,22.53452128],[114.31197,22.53391501],[114.31202365,22.53289737],[114.31270327,22.53210536],[114.31266535,22.53179189],[114.31317689,22.53173396],[114.31338442,22.53155445],[114.31367994,22.53057291],[114.31399608,22.53030793],[114.31413302,22.52987717],[114.31411794,22.52886894],[114.31482563,22.528541],[114.31564559,22.52857487],[114.31608292,22.52915543],[114.31688379,22.52920505],[114.31741128,22.52966182],[114.31744507,22.52987187],[114.31815058,22.53052518],[114.3183231,22.5312132],[114.31867972,22.5313846],[114.319003,22.53202018],[114.31907835,22.53251779],[114.31839994,22.53315276],[114.31847503,22.53350282],[114.31804025,22.53449589],[114.31800566,22.5348348],[114.31828872,22.53575007],[114.31822468,22.53689599],[114.31848253,22.53726308],[114.31895924,22.53724898],[114.31913751,22.53757041],[114.31981917,22.53775168],[114.32004782,22.53754345]]],[[[114.26711963,22.53884828],[114.2676609,22.53843764],[114.26774668,22.53825667],[114.26760886,22.53804566],[114.26717458,22.53824275],[114.2669919,22.53864053],[114.26711963,22.53884828]]],[[[114.30758757,22.5420093],[114.30784624,22.54189527],[114.30832716,22.54196757],[114.30878098,22.54163541],[114.30892454,22.54168308],[114.30930182,22.5411455],[114.30986835,22.54080808],[114.30981635,22.54058448],[114.30959051,22.54052665],[114.30940208,22.54022047],[114.30930266,22.53961781],[114.30852099,22.53922959],[114.30810732,22.53871961],[114.30774839,22.5385368],[114.30784165,22.53841491],[114.30678096,22.53771168],[114.30601186,22.53755795],[114.30576876,22.53718652],[114.30549229,22.53724657],[114.30529019,22.53741286],[114.30548359,22.53804015],[114.30528978,22.53824731],[114.30538046,22.53865562],[114.30517909,22.53928679],[114.30540906,22.53999694],[114.30538768,22.54061996],[114.30604015,22.54126003],[114.30678104,22.54154272],[114.30731155,22.54199047],[114.30758757,22.5420093]]],[[[114.21945601,22.54121858],[114.21903412,22.54118615],[114.21945742,22.5412878],[114.22008432,22.54198236],[114.22015198,22.54223581],[114.22006056,22.54173473],[114.21945601,22.54121858]]],[[[114.31164941,22.54218205],[114.31199902,22.54204347],[114.31176744,22.54171736],[114.31135577,22.5418979],[114.31159217,22.54227738],[114.31164941,22.54218205]]],[[[114.26586027,22.54249627],[114.26606135,22.54212524],[114.26600476,22.5417553],[114.26585987,22.54166503],[114.2655137,22.54175188],[114.26503261,22.54230258],[114.26586027,22.54249627]]],[[[114.33021507,22.54243102],[114.33097247,22.54229454],[114.33129216,22.54187083],[114.33117526,22.54160285],[114.33141176,22.54145866],[114.33147469,22.54105365],[114.33128464,22.54090283],[114.33133896,22.54050261],[114.33109323,22.53962873],[114.33020598,22.54057519],[114.32965602,22.5409179],[114.32909798,22.54175566],[114.32961108,22.5422847],[114.33021507,22.54243102]]],[[[114.22298843,22.54351489],[114.2219379,22.54292557],[114.22160541,22.54313823],[114.22199819,22.54338804],[114.22290365,22.54355485],[114.22302354,22.54399324],[114.22298843,22.54351489]]],[[[114.224391,22.54358425],[114.22464084,22.54362295],[114.2243105,22.54348554],[114.22382366,22.54428393],[114.224391,22.54358425]]],[[[114.26164679,22.54673133],[114.26197999,22.54669654],[114.26215641,22.54652723],[114.26222839,22.54585027],[114.26134835,22.54513327],[114.26080528,22.5449351],[114.26017937,22.54497769],[114.25944556,22.54467246],[114.2586316,22.54501453],[114.25857709,22.54513151],[114.25883052,22.54526803],[114.25902719,22.54579977],[114.25947856,22.54593253],[114.25965162,22.54585362],[114.25964126,22.54548794],[114.25928643,22.54519523],[114.25943466,22.54504337],[114.26006091,22.54529276],[114.26049008,22.54629462],[114.26116557,22.54670036],[114.26164679,22.54673133]]],[[[114.26256186,22.55198229],[114.26259389,22.55139678],[114.26176005,22.55153271],[114.26077357,22.55131556],[114.26053271,22.55158818],[114.26077961,22.55178691],[114.26176818,22.55181323],[114.2623013,22.55207601],[114.26256186,22.55198229]]],[[[114.26497427,22.55267445],[114.26516222,22.55250645],[114.26510252,22.55233964],[114.2646112,22.55241265],[114.26467765,22.55260211],[114.26497427,22.55267445]]],[[[114.26797748,22.55366798],[114.2682571,22.55359245],[114.26890645,22.55276479],[114.26942012,22.55232372],[114.26960793,22.55233427],[114.26964035,22.55212972],[114.27105237,22.55097239],[114.27111294,22.5507394],[114.27086936,22.55022927],[114.27075955,22.55034877],[114.27086558,22.55018798],[114.27070843,22.54981175],[114.27029053,22.54974026],[114.2700956,22.55039558],[114.2697593,22.55035754],[114.26978001,22.55051696],[114.27013629,22.55042616],[114.27027634,22.55076028],[114.27018052,22.55099811],[114.26975287,22.55122809],[114.26883847,22.55133196],[114.26861018,22.55156599],[114.26812839,22.55318158],[114.26764579,22.5534432],[114.26776081,22.55356338],[114.26787151,22.5534593],[114.26797748,22.55366798]]],[[[114.29184804,22.55520439],[114.29242221,22.55488571],[114.29298857,22.55489353],[114.29329184,22.55439897],[114.29358142,22.5543962],[114.29339791,22.55424479],[114.29337135,22.55365651],[114.29287726,22.55320563],[114.29272239,22.55266096],[114.2930174,22.55175809],[114.29372085,22.55107201],[114.29533742,22.55123939],[114.29552532,22.55109434],[114.29622915,22.55106395],[114.29628763,22.55090084],[114.29662886,22.55078127],[114.29768553,22.55127011],[114.29797722,22.55097132],[114.29813045,22.55101265],[114.29821415,22.55080554],[114.29879107,22.55060023],[114.29946894,22.55069021],[114.30087705,22.55059431],[114.30193563,22.55035024],[114.30238547,22.55048104],[114.30253817,22.55067523],[114.30271952,22.55045977],[114.30298948,22.55047422],[114.30366057,22.55014296],[114.30471953,22.55052888],[114.30508225,22.55138964],[114.30542738,22.55144756],[114.3057727,22.55100957],[114.30619911,22.55080656],[114.30743883,22.55050831],[114.30765098,22.55064549],[114.30807166,22.55037508],[114.30814445,22.55052165],[114.30869341,22.55057427],[114.30927943,22.55035707],[114.30982795,22.55056883],[114.30991852,22.5507304],[114.31125881,22.5510088],[114.31352709,22.54980799],[114.31385275,22.54984594],[114.31427934,22.55029984],[114.31500628,22.55054113],[114.31557349,22.55052392],[114.31589137,22.55069673],[114.31638384,22.55045837],[114.31650477,22.55024311],[114.31713108,22.55006464],[114.31715857,22.5499255],[114.3167694,22.54977418],[114.31560866,22.54997239],[114.31493133,22.54965849],[114.31456499,22.54935544],[114.31452916,22.54890042],[114.31412512,22.54895419],[114.31424297,22.54849642],[114.3133265,22.54828078],[114.31309854,22.54849343],[114.3130746,22.54823925],[114.31276061,22.54805502],[114.31225379,22.54796809],[114.31200252,22.54807783],[114.31155708,22.54768695],[114.31157933,22.54744713],[114.31126453,22.54748714],[114.31150547,22.54731021],[114.31149943,22.54713556],[114.31096572,22.54743067],[114.31067446,22.54734291],[114.31041521,22.54798539],[114.30968474,22.54832433],[114.30964667,22.54846788],[114.30910109,22.54853677],[114.30854376,22.54883571],[114.30826602,22.54877851],[114.30791014,22.54832752],[114.30808136,22.54811673],[114.30793764,22.54782458],[114.30824913,22.5472807],[114.30809388,22.54731666],[114.30800455,22.54713646],[114.30725024,22.54725776],[114.30718877,22.54737458],[114.3070453,22.54723346],[114.30601295,22.54733254],[114.3057367,22.54722412],[114.30549094,22.54693921],[114.30562421,22.54665533],[114.30542207,22.54633692],[114.30550924,22.54615599],[114.30523914,22.54562999],[114.30500087,22.54556407],[114.30507932,22.54532095],[114.30382577,22.54503051],[114.30373252,22.54487147],[114.30350146,22.54500224],[114.30306877,22.5447216],[114.30262914,22.54487006],[114.30243627,22.54572008],[114.30188919,22.54636968],[114.30065111,22.54693079],[114.29943496,22.54782067],[114.29880987,22.54869266],[114.29818897,22.54887765],[114.29767051,22.54870313],[114.29719074,22.54826503],[114.29654064,22.54844459],[114.29575562,22.54840931],[114.29556195,22.54847878],[114.29553479,22.54867392],[114.2954043,22.54833041],[114.29484787,22.54778026],[114.29461433,22.54686022],[114.2942572,22.54637038],[114.29436295,22.54611032],[114.29406462,22.54637232],[114.29435406,22.54673542],[114.29408165,22.54688205],[114.29415678,22.54707437],[114.29365103,22.54661885],[114.29383932,22.54637945],[114.29358563,22.54573358],[114.29365885,22.54517995],[114.29344976,22.54485926],[114.29355169,22.5437],[114.29400595,22.54405264],[114.29441467,22.54356513],[114.29538241,22.54323162],[114.29597085,22.54321326],[114.29649821,22.54349437],[114.29717565,22.54321674],[114.29737562,22.5428364],[114.29721784,22.5426798],[114.29728517,22.54205425],[114.29757076,22.54162662],[114.29753186,22.54091375],[114.29734408,22.54053393],[114.2974321,22.54018258],[114.29801774,22.53992892],[114.29798537,22.53982033],[114.29832147,22.53957052],[114.29865582,22.53959884],[114.29881332,22.5388782],[114.29958577,22.53852775],[114.2996008,22.53838312],[114.30054954,22.53816146],[114.30044001,22.5380654],[114.30058942,22.53770182],[114.30095414,22.5376096],[114.30116714,22.53709223],[114.30155095,22.53699714],[114.30178148,22.53665428],[114.30218515,22.5364826],[114.30212901,22.53612613],[114.30243981,22.53586439],[114.30349876,22.53563197],[114.30345752,22.53576694],[114.30353884,22.53563053],[114.30392161,22.53659889],[114.30452296,22.53649562],[114.30473286,22.5368296],[114.30530624,22.53654498],[114.30530988,22.53624617],[114.30569831,22.53551958],[114.30565308,22.53515815],[114.30534714,22.53475783],[114.30540692,22.53455206],[114.30525313,22.53450232],[114.30534739,22.53436314],[114.30522296,22.53412848],[114.30455738,22.53341663],[114.30464845,22.53221846],[114.30432621,22.53189518],[114.30379223,22.53204509],[114.30321056,22.53256308],[114.30196416,22.5328619],[114.300764,22.5327291],[114.30000731,22.53233964],[114.29957815,22.53261511],[114.2993646,22.53312066],[114.29964944,22.53339877],[114.30006197,22.53428184],[114.30068275,22.53460457],[114.30096131,22.5345662],[114.30136527,22.5341697],[114.30130034,22.53375361],[114.30147153,22.53369673],[114.30227091,22.53411292],[114.30214712,22.53427153],[114.30229157,22.53470315],[114.30205967,22.53481637],[114.30196687,22.53508625],[114.30180178,22.53501277],[114.30053658,22.53529097],[114.3001777,22.535199],[114.30004141,22.53549619],[114.3007036,22.53637245],[114.30027598,22.53669406],[114.29921654,22.53711397],[114.29900907,22.53741724],[114.29870837,22.53708676],[114.29880366,22.53647838],[114.29822489,22.53605529],[114.29841211,22.53571954],[114.29783422,22.53555516],[114.29782794,22.53540932],[114.2968799,22.53547219],[114.29653731,22.53531082],[114.29603915,22.5357508],[114.29595496,22.53479104],[114.29578761,22.5345201],[114.29517436,22.53451491],[114.29411932,22.53376109],[114.29396497,22.53404329],[114.29440721,22.53477823],[114.29396315,22.53499838],[114.29354763,22.535009],[114.29342669,22.53471162],[114.29305203,22.53458822],[114.292719,22.53425021],[114.29241187,22.5342044],[114.29213825,22.53444],[114.29197537,22.53426248],[114.29100521,22.53433334],[114.29031178,22.53367182],[114.28980417,22.53374786],[114.28922037,22.53415115],[114.28856497,22.53435516],[114.28670187,22.53312998],[114.28626596,22.53258786],[114.28583928,22.53367077],[114.28584669,22.53413966],[114.28625395,22.53489674],[114.28718166,22.5357116],[114.28784213,22.53683618],[114.28778493,22.53757881],[114.28751607,22.53810313],[114.28757749,22.53845587],[114.28803535,22.53848943],[114.28875436,22.53882463],[114.28918001,22.53879182],[114.28951037,22.53854299],[114.29047925,22.53869393],[114.29133893,22.53940513],[114.29151079,22.54011492],[114.2919054,22.54032673],[114.29213173,22.54010829],[114.29210142,22.53988694],[114.2918702,22.5390738],[114.29166073,22.53895531],[114.29189247,22.53832756],[114.29438332,22.53885337],[114.29472884,22.53859657],[114.29480154,22.53881786],[114.29446476,22.53956267],[114.29423324,22.53964364],[114.29328119,22.54081581],[114.29298782,22.54176792],[114.29250625,22.54261247],[114.29207137,22.54278564],[114.29154589,22.54278119],[114.29114489,22.5430035],[114.29066997,22.54347288],[114.29011874,22.54448437],[114.28955285,22.54488958],[114.28882896,22.54488033],[114.28838258,22.54567064],[114.28759872,22.54656243],[114.2863539,22.54704237],[114.28660236,22.54768421],[114.28720214,22.54754384],[114.28795474,22.54791095],[114.2886052,22.54770447],[114.28940486,22.54816286],[114.28982502,22.54798198],[114.29008954,22.54802936],[114.29021523,22.54789917],[114.29006413,22.54762103],[114.28945722,22.54743992],[114.28953838,22.54662335],[114.28936139,22.54584915],[114.289623,22.54549885],[114.28994168,22.54547202],[114.29036304,22.54565139],[114.29062314,22.54599054],[114.29056664,22.54661426],[114.29102498,22.54706268],[114.29105926,22.54775442],[114.29128018,22.54811499],[114.29113045,22.54825348],[114.29132231,22.54819603],[114.29145119,22.54831282],[114.29181674,22.54947247],[114.29101829,22.55003901],[114.29091647,22.54994928],[114.29049598,22.55034662],[114.29027866,22.55037935],[114.29022287,22.55012524],[114.29011333,22.55019131],[114.29023906,22.55041021],[114.28998966,22.55004316],[114.28990851,22.55009102],[114.2902694,22.55052134],[114.28938307,22.55143583],[114.28899778,22.55158672],[114.28891033,22.55143372],[114.2887126,22.55164197],[114.2885956,22.55215225],[114.28849101,22.5521311],[114.28859404,22.55216295],[114.28856271,22.55285173],[114.28832584,22.55303361],[114.28843986,22.5530189],[114.28870254,22.5536139],[114.28962343,22.55403284],[114.28957703,22.5541684],[114.28969044,22.55409012],[114.29005521,22.554422],[114.29038015,22.55504253],[114.29156556,22.55532767],[114.29184804,22.55520439]]],[[[114.16387644,22.55917972],[114.16470255,22.55919373],[114.16548108,22.55946585],[114.16720024,22.56108524],[114.16755134,22.56121539],[114.1689734,22.56111731],[114.16949205,22.56074239],[114.17006834,22.55998432],[114.17100811,22.55960942],[114.17340618,22.55960948],[114.17558708,22.56009158],[114.1770277,22.55974549],[114.17732026,22.55944471],[114.17745324,22.55888437],[114.17775262,22.55655964],[114.17772201,22.5556762],[114.18099633,22.55414684],[114.18121207,22.55435286],[114.18126825,22.55514949],[114.18168904,22.5554536],[114.18460281,22.5551262],[114.18660148,22.55460447],[114.18699788,22.55472302],[114.18733995,22.55550424],[114.18774098,22.55569006],[114.18830872,22.55534335],[114.18900623,22.55430768],[114.18960112,22.55417816],[114.19065449,22.55443587],[114.19085938,22.5549745],[114.19214465,22.55608801],[114.19304998,22.55552398],[114.1946046,22.55537345],[114.19583731,22.55584203],[114.1963005,22.55715948],[114.19750135,22.5565204],[114.1981321,22.55670318],[114.19900917,22.55663035],[114.19951662,22.55682805],[114.20016473,22.55741523],[114.20065818,22.55754634],[114.20107878,22.55722442],[114.20112551,22.5566315],[114.20154949,22.55608876],[114.20673786,22.55652489],[114.20849388,22.55693398],[114.20910275,22.5565062],[114.21054847,22.55591344],[114.21121587,22.55633904],[114.21153409,22.55631865],[114.21197021,22.55569319],[114.21246073,22.55541284],[114.21270325,22.55506169],[114.21341725,22.55481079],[114.21522533,22.55496902],[114.21584693,22.55539802],[114.21623664,22.55506597],[114.21668722,22.55515663],[114.21694792,22.55535995],[114.21695122,22.55574371],[114.2177694,22.5559879],[114.21833525,22.55563882],[114.2192299,22.55476486],[114.21980157,22.55372055],[114.22006977,22.55358054],[114.22043388,22.55368088],[114.22083391,22.55307628],[114.22088579,22.55239572],[114.22127885,22.55174343],[114.22267784,22.55132265],[114.22326221,22.5509414],[114.22419983,22.55090868],[114.22458642,22.55014336],[114.22553741,22.54924673],[114.22606883,22.54851135],[114.22690387,22.54800808],[114.22662094,22.54705952],[114.22565599,22.5459645],[114.22539933,22.54526523],[114.22617385,22.54415487],[114.22634929,22.54367023],[114.22606736,22.54350935],[114.22747235,22.54137328],[114.22769476,22.54138515],[114.22731591,22.54117029],[114.22743046,22.54134953],[114.22602752,22.54348675],[114.22530708,22.54301801],[114.22506872,22.54302712],[114.2248589,22.5433618],[114.22497414,22.54362024],[114.22420915,22.54463003],[114.22389444,22.54464314],[114.22314275,22.54423789],[114.2218414,22.54415045],[114.22093327,22.543752],[114.22004266,22.54402954],[114.21975123,22.54431849],[114.21960558,22.54477422],[114.21890262,22.54422124],[114.21861061,22.54437052],[114.21946597,22.54351466],[114.21840079,22.54296459],[114.21765073,22.54286784],[114.21709541,22.54172319],[114.21579524,22.54088736],[114.21528672,22.53999657],[114.21489349,22.54003414],[114.21562659,22.53891983],[114.21515776,22.53849377],[114.21496248,22.5379695],[114.21499888,22.53687743],[114.21466558,22.53620958],[114.21405411,22.53608787],[114.21270848,22.53453181],[114.21214375,22.53416253],[114.21152216,22.53429767],[114.21107784,22.53478798],[114.21111643,22.53505615],[114.21097364,22.53486727],[114.21050224,22.53510665],[114.21042546,22.53575178],[114.2101593,22.53555592],[114.20981291,22.53589389],[114.20931249,22.53551243],[114.20970228,22.53514035],[114.20955062,22.5344785],[114.20911289,22.53453512],[114.20915697,22.53494639],[114.20903294,22.53510037],[114.20910409,22.53473408],[114.2089509,22.53414422],[114.20832485,22.53379089],[114.20847426,22.53338487],[114.20843023,22.53230254],[114.20901156,22.53164242],[114.20958389,22.53175429],[114.20965154,22.53158101],[114.20941255,22.53061509],[114.20893875,22.53049848],[114.20836953,22.52939576],[114.20842569,22.52885844],[114.20810177,22.52845963],[114.20796355,22.52797525],[114.20819263,22.52771829],[114.20851854,22.52678847],[114.20842291,22.52645683],[114.2079308,22.52608086],[114.20787698,22.52552152],[114.20813192,22.52488087],[114.20827115,22.52501114],[114.20848207,22.5249624],[114.20891363,22.52440209],[114.20921698,22.52424776],[114.2103953,22.52425069],[114.21028291,22.52496284],[114.21000036,22.52497445],[114.20987621,22.52517433],[114.21013582,22.5255737],[114.21041932,22.52571748],[114.21134005,22.52575337],[114.21163596,22.52558981],[114.21235876,22.52548147],[114.21253266,22.52558707],[114.21341533,22.52534247],[114.21410084,22.52539527],[114.21440217,22.52547309],[114.2144316,22.52566006],[114.21517608,22.52573423],[114.21529625,22.52600693],[114.21522301,22.52647667],[114.21579615,22.52713595],[114.21633345,22.52737758],[114.21638296,22.52685445],[114.21579283,22.52558903],[114.21600348,22.52531936],[114.21603008,22.52492296],[114.21558987,22.52435022],[114.21564159,22.52400292],[114.21665742,22.52448754],[114.21917449,22.52524328],[114.21964473,22.52659319],[114.22020851,22.52750177],[114.22022783,22.52814527],[114.22040222,22.52851511],[114.22075453,22.52860765],[114.22131203,22.52810918],[114.22178406,22.52807722],[114.22148254,22.52880943],[114.22158869,22.5296845],[114.22130293,22.53016682],[114.22152601,22.53057955],[114.22192917,22.53071279],[114.22257192,22.53034084],[114.22280609,22.53037469],[114.22337507,22.52994489],[114.22371329,22.529478],[114.22399408,22.52856144],[114.22439357,22.52871491],[114.22470996,22.52861411],[114.22589901,22.52922527],[114.22572633,22.52941256],[114.22593217,22.5292902],[114.22704538,22.5307291],[114.22739614,22.53072585],[114.2273608,22.53003046],[114.22802785,22.52990584],[114.22872202,22.53048331],[114.22901758,22.53096697],[114.22914735,22.53349858],[114.22904111,22.5336753],[114.22916079,22.53385354],[114.22967665,22.53390133],[114.23037487,22.5335854],[114.23081053,22.5335785],[114.23181261,22.53234141],[114.2326765,22.53199011],[114.23285057,22.5320514],[114.2333319,22.53176695],[114.23611389,22.53365971],[114.23609081,22.53399088],[114.23562635,22.53422139],[114.23604493,22.53405241],[114.23679421,22.53511468],[114.23752894,22.53570191],[114.23773964,22.53618597],[114.23764144,22.53667998],[114.23841575,22.53778801],[114.23848465,22.53863572],[114.23833849,22.538947],[114.23876012,22.54107449],[114.24039714,22.54324304],[114.24072923,22.54342997],[114.24059641,22.54366576],[114.24088369,22.54355818],[114.24097649,22.5447517],[114.24073704,22.54528059],[114.24085527,22.54601211],[114.24101442,22.54632911],[114.24139621,22.54653928],[114.24185707,22.54801028],[114.24239574,22.54849289],[114.24283541,22.54857777],[114.24287549,22.54891876],[114.24259251,22.54924778],[114.24250628,22.54997171],[114.24266493,22.55035505],[114.24298359,22.5502905],[114.24309051,22.54992891],[114.24292859,22.54927771],[114.24307532,22.5491283],[114.24309496,22.54846991],[114.24359063,22.54827311],[114.24341881,22.54815222],[114.24365185,22.54763432],[114.24377687,22.54619364],[114.24345975,22.54586349],[114.24382988,22.54575424],[114.24435172,22.54588676],[114.24481962,22.54632273],[114.24443149,22.54817893],[114.24435969,22.54833848],[114.24413513,22.54836598],[114.24492357,22.54942696],[114.245979,22.54953879],[114.24682941,22.54927369],[114.24718835,22.54943109],[114.24751533,22.54915638],[114.2466444,22.54817923],[114.24649425,22.54714015],[114.24695026,22.5464975],[114.24728698,22.54673854],[114.24697826,22.54648033],[114.24713296,22.54637205],[114.2471135,22.54617369],[114.24810637,22.54561957],[114.24930127,22.5446064],[114.25122605,22.54551004],[114.25130142,22.54573905],[114.25116036,22.54582088],[114.25060086,22.54574839],[114.25069838,22.54627714],[114.25027373,22.54655405],[114.2502476,22.54706359],[114.25042705,22.54772228],[114.25097626,22.54761227],[114.25132475,22.54808745],[114.25164392,22.54795373],[114.25212749,22.54741423],[114.25270999,22.54744819],[114.25285831,22.54779521],[114.2533706,22.54774592],[114.25307192,22.54672566],[114.2532309,22.54633562],[114.25436131,22.54632972],[114.25456329,22.54645357],[114.2553847,22.54770985],[114.25503051,22.54819738],[114.2549213,22.54917699],[114.25538615,22.54946445],[114.25556403,22.54976037],[114.25558857,22.5502496],[114.2553821,22.55069981],[114.25568974,22.5513677],[114.25597588,22.55155413],[114.25622097,22.55126578],[114.25591177,22.55110036],[114.25563611,22.54950909],[114.25640117,22.54948308],[114.25730021,22.54906926],[114.25736792,22.54850801],[114.25813449,22.54811981],[114.25846704,22.54773225],[114.25927765,22.54794204],[114.25946913,22.54846345],[114.26033967,22.54899401],[114.26067614,22.54890373],[114.26076013,22.54834801],[114.26069135,22.54801629],[114.26033595,22.54779907],[114.25939102,22.5477198],[114.25915562,22.54713734],[114.25825579,22.54659854],[114.25808401,22.54618215],[114.25722718,22.54604934],[114.25699858,22.54579239],[114.25683933,22.54522708],[114.25631291,22.54472236],[114.25585702,22.54456486],[114.25763986,22.5443183],[114.25821637,22.54453311],[114.25896878,22.54405581],[114.2586935,22.5436487],[114.25831067,22.54350883],[114.25814476,22.54359426],[114.25816243,22.54342951],[114.25794975,22.54329284],[114.25789932,22.54253395],[114.25828408,22.54148344],[114.25790877,22.54132205],[114.2574834,22.54072103],[114.25671052,22.54023826],[114.25690248,22.53997083],[114.25663215,22.54016692],[114.25611434,22.53952553],[114.25603888,22.53910779],[114.2562835,22.53869646],[114.25706425,22.53814842],[114.25720027,22.53788305],[114.25778949,22.53804164],[114.25863468,22.53849804],[114.25867716,22.53876364],[114.2591533,22.539072],[114.25964161,22.53911767],[114.26008846,22.53941448],[114.26034353,22.54006263],[114.2607354,22.54016105],[114.26131935,22.54062319],[114.2623722,22.5405994],[114.26317935,22.53956622],[114.26335036,22.53807954],[114.26320588,22.53783274],[114.26279865,22.53769593],[114.26259355,22.53744097],[114.26267067,22.53651963],[114.26205849,22.53590753],[114.26181604,22.53544848],[114.2616278,22.53437996],[114.26104059,22.53436295],[114.2611351,22.53412466],[114.26193735,22.53371165],[114.26249012,22.53380542],[114.26295218,22.5351435],[114.2635527,22.5352934],[114.26373768,22.53614925],[114.26408457,22.53631711],[114.26435637,22.53667307],[114.26493096,22.53657354],[114.26533459,22.53684309],[114.26609049,22.53672363],[114.26719182,22.5369874],[114.26706356,22.53651582],[114.26768098,22.53532552],[114.26762307,22.53438551],[114.26714394,22.53339632],[114.26600818,22.53311981],[114.26440723,22.53298844],[114.26396144,22.53276866],[114.26354991,22.53162211],[114.2630201,22.53081935],[114.26278811,22.52975403],[114.26333859,22.52962325],[114.26272042,22.52966828],[114.26244006,22.52890664],[114.26252376,22.52830604],[114.26227265,22.5277237],[114.26252015,22.52757635],[114.26228398,22.5272243],[114.26161948,22.52679136],[114.2615077,22.52646601],[114.26178434,22.5259102],[114.2614741,22.52595066],[114.26146202,22.52573663],[114.26198716,22.52571308],[114.26216641,22.52536413],[114.26304468,22.52484716],[114.26307792,22.52465867],[114.26323488,22.52471814],[114.26342466,22.52531622],[114.26387252,22.52567937],[114.26406376,22.52570773],[114.26421098,22.52540661],[114.26443886,22.52530448],[114.26634919,22.52629691],[114.26631974,22.52646368],[114.26648861,22.52627846],[114.26637327,22.52662628],[114.26659648,22.52694597],[114.26696313,22.52688292],[114.26795027,22.5272023],[114.2682774,22.52653842],[114.26894395,22.52613923],[114.26901527,22.52594267],[114.26943095,22.52593164],[114.26995418,22.52565005],[114.27098329,22.5256457],[114.27175838,22.52489228],[114.27177043,22.52507704],[114.27250454,22.5256688],[114.27282715,22.52567388],[114.27352709,22.52521407],[114.27433795,22.52657273],[114.27451424,22.52651015],[114.27489424,22.52671852],[114.27551872,22.52663395],[114.27572556,22.52683165],[114.27541057,22.52808536],[114.27514661,22.52824358],[114.27463044,22.52823474],[114.27373381,22.52889447],[114.27370346,22.5293216],[114.2744133,22.52969824],[114.27513081,22.52876844],[114.27624878,22.52837492],[114.27758348,22.52851916],[114.2782692,22.52844335],[114.27870778,22.52877259],[114.27977264,22.52868758],[114.2804029,22.52906413],[114.28153961,22.52870108],[114.28148862,22.52841827],[114.28094014,22.52821059],[114.28058374,22.52775035],[114.28000275,22.52746812],[114.27957451,22.52705406],[114.27933815,22.52648396],[114.27950808,22.52614102],[114.27853884,22.52489395],[114.27785039,22.52451429],[114.27806877,22.52410673],[114.2785872,22.5237344],[114.27850407,22.52350335],[114.27803104,22.52336381],[114.27739171,22.52362853],[114.27732844,22.52274002],[114.2774566,22.52292369],[114.27767983,22.5228675],[114.27817395,22.52227595],[114.27841758,22.52227325],[114.27885898,22.52262505],[114.27882071,22.52274667],[114.27887514,22.5226407],[114.27948366,22.52266702],[114.27952258,22.5223952],[114.27918891,22.522028],[114.27935889,22.52179624],[114.27991641,22.52180708],[114.28028911,22.52162049],[114.28022385,22.52202259],[114.28070989,22.52274064],[114.28075744,22.52310386],[114.28212423,22.52362567],[114.28237098,22.52393672],[114.28231464,22.52436182],[114.28262759,22.52464122],[114.28294528,22.52471804],[114.28283432,22.52415728],[114.28340447,22.52385554],[114.28427417,22.5239254],[114.28490353,22.52426233],[114.28470296,22.52473614],[114.28436772,22.52477084],[114.28466362,22.52478917],[114.28475499,22.52522061],[114.28445379,22.52577248],[114.28406393,22.525903],[114.28398386,22.52610246],[114.28410792,22.5262499],[114.28457573,22.52609672],[114.28450211,22.52574627],[114.28478951,22.52527409],[114.28502417,22.52548912],[114.28563103,22.52561111],[114.28603164,22.5252408],[114.28589858,22.52499841],[114.28640236,22.52493859],[114.28588269,22.52497747],[114.28574487,22.52396739],[114.28555394,22.52377791],[114.28506469,22.52368981],[114.28388038,22.52209481],[114.28344658,22.52196057],[114.28300711,22.52129667],[114.28219438,22.52098809],[114.28139514,22.52041006],[114.2809973,22.52053198],[114.2810031,22.52094371],[114.2804981,22.52115313],[114.28085841,22.52040663],[114.28167501,22.51952418],[114.28192648,22.51898259],[114.28191254,22.51835498],[114.28157335,22.51817837],[114.28110301,22.51857934],[114.28056549,22.51863336],[114.27981262,22.51848728],[114.27953311,22.51821136],[114.27915251,22.51715641],[114.27910067,22.51626537],[114.27959063,22.51529906],[114.27919159,22.51530307],[114.27899827,22.51508419],[114.27899258,22.51445432],[114.27876866,22.51429935],[114.27861733,22.51366786],[114.27830974,22.51337821],[114.27774925,22.51358046],[114.27726538,22.51403564],[114.27688944,22.51472631],[114.27682326,22.51534371],[114.27617556,22.51560717],[114.27610008,22.51587118],[114.27662634,22.51615903],[114.27665869,22.51644403],[114.27643928,22.51637789],[114.27615158,22.51651879],[114.27577395,22.51628448],[114.27478819,22.51627716],[114.27419762,22.51703178],[114.27413569,22.51742613],[114.27333369,22.51733703],[114.27284338,22.51751397],[114.27247257,22.51741289],[114.27238567,22.51701841],[114.27313438,22.51659642],[114.27247029,22.51693905],[114.27200956,22.51628782],[114.27260636,22.51569016],[114.2735075,22.51585265],[114.27369385,22.51533124],[114.27356676,22.51522503],[114.27306801,22.51555345],[114.27243559,22.51523849],[114.27248091,22.5149945],[114.2720852,22.51400054],[114.2722387,22.51384004],[114.27181577,22.51371411],[114.27232957,22.51323878],[114.2717738,22.51286303],[114.27134625,22.51292205],[114.27129088,22.51292362],[114.27125876,22.5128994],[114.2720135,22.51268459],[114.27224588,22.51213202],[114.2722308,22.51273392],[114.27330862,22.51337012],[114.27368398,22.51342626],[114.27432084,22.51324865],[114.27465928,22.51342514],[114.27513665,22.51343611],[114.27521041,22.51313512],[114.27476184,22.51309071],[114.2745247,22.51262397],[114.27406457,22.51267643],[114.27417223,22.51178929],[114.27464681,22.5116049],[114.27517349,22.51160733],[114.27469285,22.51141427],[114.2743004,22.5109519],[114.27361529,22.51090334],[114.27337922,22.51139473],[114.27316644,22.51100284],[114.27344314,22.51080789],[114.27370681,22.5101014],[114.27442124,22.50971153],[114.27467778,22.50910107],[114.27463647,22.50884338],[114.27418892,22.50873767],[114.27317634,22.50943863],[114.27254519,22.50946853],[114.27214179,22.50926634],[114.27199568,22.50960014],[114.27187354,22.50955594],[114.2719261,22.50906995],[114.2723315,22.50858399],[114.27211301,22.50842669],[114.27187314,22.50856264],[114.27202989,22.50838068],[114.27155784,22.50812253],[114.2716719,22.50782075],[114.27211538,22.50822062],[114.27222558,22.50816742],[114.27177406,22.50765537],[114.27215947,22.50776594],[114.2728508,22.50764057],[114.27262603,22.50794179],[114.27275639,22.50810193],[114.2727399,22.5085704],[114.27305541,22.5087004],[114.27332267,22.50827647],[114.27386126,22.50815352],[114.27392456,22.50777136],[114.27448227,22.50823597],[114.27475767,22.50789694],[114.2749584,22.50784982],[114.27511953,22.5079937],[114.27547912,22.50779015],[114.27593017,22.50844948],[114.27540554,22.50980206],[114.27585925,22.51004945],[114.276807,22.50970202],[114.27707672,22.5097765],[114.27745192,22.50946894],[114.27757044,22.50897201],[114.27819474,22.50885177],[114.2779917,22.50923594],[114.27792173,22.51013804],[114.27810929,22.51046104],[114.27872221,22.51035953],[114.27882157,22.51054736],[114.27898496,22.51052764],[114.27904169,22.51026314],[114.27939019,22.51008484],[114.27959838,22.50953459],[114.27975287,22.51035417],[114.28022388,22.51055196],[114.28131994,22.51045875],[114.28203686,22.51070456],[114.28340628,22.51022951],[114.28382164,22.51121813],[114.28402379,22.51137129],[114.28396602,22.51099994],[114.28430567,22.51068724],[114.28457032,22.51062557],[114.28484851,22.51086861],[114.28533145,22.51093887],[114.28567358,22.51079962],[114.28566991,22.51054234],[114.28591049,22.51051559],[114.28481582,22.51020963],[114.28441758,22.50939305],[114.2840059,22.50901752],[114.28318774,22.5097374],[114.28250671,22.50966579],[114.28167912,22.50991093],[114.28156436,22.50978839],[114.28231991,22.50939714],[114.28230061,22.50888931],[114.28303494,22.50928044],[114.28324287,22.5089965],[114.28325183,22.50845247],[114.28453118,22.50803051],[114.28524619,22.50868373],[114.2860895,22.50854386],[114.28623052,22.50823866],[114.28658463,22.50855497],[114.28688563,22.50862083],[114.28749034,22.50927328],[114.2876975,22.50924465],[114.28786627,22.508162],[114.28653179,22.50681747],[114.2859865,22.50560685],[114.28586803,22.50559735],[114.28632455,22.50542585],[114.28630814,22.50569958],[114.28670404,22.50606762],[114.28701586,22.50602442],[114.28729048,22.5063508],[114.28822512,22.50661255],[114.28844358,22.50649232],[114.28832993,22.50604859],[114.28855152,22.50589854],[114.28915286,22.50592509],[114.28919282,22.50549269],[114.28953354,22.50548276],[114.29017195,22.50504525],[114.29103623,22.50505761],[114.29112819,22.5047082],[114.29064898,22.50436438],[114.29074092,22.50412589],[114.2909131,22.50414698],[114.29112315,22.50385211],[114.29097474,22.50421142],[114.29150376,22.5043654],[114.29163609,22.5055767],[114.29125719,22.50586582],[114.2907526,22.50585257],[114.29062972,22.50598508],[114.29022424,22.50590961],[114.29003993,22.50604017],[114.29018701,22.50649365],[114.28994449,22.50690413],[114.29031995,22.50713224],[114.29037142,22.50748257],[114.28980286,22.50789351],[114.28972789,22.50814536],[114.29060156,22.50871464],[114.2917077,22.50892423],[114.29148016,22.50838954],[114.29160978,22.5075526],[114.2922617,22.5076976],[114.29245527,22.50742022],[114.29206618,22.50662017],[114.2921518,22.50647318],[114.2923487,22.50683559],[114.29293963,22.50706647],[114.29280101,22.50828838],[114.2928972,22.50848584],[114.29313765,22.50844113],[114.29373992,22.50803763],[114.29355655,22.50772209],[114.29350805,22.50689252],[114.29381048,22.50652922],[114.29386337,22.50618236],[114.29362977,22.50577501],[114.29330143,22.50569839],[114.29325135,22.50545906],[114.29262185,22.50517155],[114.2926427,22.50480245],[114.293029,22.50472129],[114.29322926,22.50447069],[114.29269165,22.50386618],[114.29295739,22.50384749],[114.29348816,22.50414988],[114.29387055,22.50391628],[114.29386417,22.50368132],[114.29402874,22.50369904],[114.29429353,22.50426288],[114.29381049,22.50462464],[114.29381068,22.50485254],[114.29460706,22.50528081],[114.29488704,22.50511936],[114.2951919,22.50525694],[114.2953705,22.50489753],[114.2958176,22.50489413],[114.29614544,22.50465845],[114.29689656,22.50475209],[114.29701327,22.50399281],[114.2974644,22.5038324],[114.29756048,22.50329262],[114.29724786,22.50231327],[114.29644509,22.5022873],[114.29635121,22.50238732],[114.29615182,22.50210417],[114.29697805,22.50172453],[114.29673967,22.50107089],[114.29724603,22.50085196],[114.29773019,22.50086724],[114.29802545,22.50064599],[114.2982344,22.50020791],[114.29866841,22.50063054],[114.29833074,22.50064083],[114.29805686,22.50113601],[114.29870275,22.50130546],[114.29849635,22.50164545],[114.29844695,22.50153793],[114.29825194,22.50243204],[114.29854334,22.50249591],[114.2990889,22.5022869],[114.29942191,22.5023797],[114.29952776,22.50259167],[114.29990119,22.50230033],[114.30030853,22.50231983],[114.30023578,22.50217735],[114.30054985,22.50223659],[114.30038563,22.50208627],[114.30052456,22.50195421],[114.30041425,22.50177399],[114.30000633,22.50152146],[114.30021409,22.50103357],[114.30053935,22.50099618],[114.30128885,22.50129037],[114.30153406,22.50123182],[114.3021674,22.50042988],[114.30303262,22.49980914],[114.30299231,22.49948924],[114.3036771,22.49859775],[114.30336304,22.49809847],[114.30428278,22.4979199],[114.30474296,22.49725335],[114.304607,22.49781866],[114.30487832,22.49789586],[114.30478743,22.49829836],[114.30436197,22.49876851],[114.30437976,22.49930373],[114.30505706,22.49983314],[114.30511935,22.50011432],[114.30569442,22.50021763],[114.30629899,22.5005506],[114.30661098,22.50111872],[114.30699656,22.5012911],[114.30850664,22.50155179],[114.30897955,22.50080216],[114.30928044,22.50051838],[114.30935731,22.50069255],[114.30949607,22.50067933],[114.30966237,22.50045097],[114.30960912,22.50065148],[114.30927455,22.50082787],[114.30901645,22.50122502],[114.30918895,22.50185295],[114.30940607,22.50209191],[114.31052006,22.50261352],[114.31188562,22.50249379],[114.31198662,22.50282917],[114.31215638,22.50289531],[114.31279519,22.50267847],[114.31317683,22.5027213],[114.31364304,22.50363867],[114.31379678,22.50357766],[114.31400535,22.50383245],[114.31457996,22.50406204],[114.31468937,22.50398019],[114.31536444,22.50419101],[114.31551587,22.50401248],[114.31585913,22.50409481],[114.31588881,22.50385219],[114.316391,22.50366272],[114.31663751,22.50394172],[114.31681264,22.50394248],[114.31695221,22.50426934],[114.31742035,22.50442754],[114.31724541,22.50422277],[114.31756693,22.50407164],[114.31764711,22.5038165],[114.31929492,22.50383209],[114.31949104,22.50358894],[114.32012992,22.50363069],[114.32035748,22.50383009],[114.32009784,22.50427839],[114.32022762,22.50458602],[114.32073936,22.50451336],[114.32126877,22.50484531],[114.32132961,22.50471424],[114.32163888,22.50470499],[114.32249794,22.50538238],[114.324249,22.50588777],[114.32574973,22.50591571],[114.32584301,22.50579506],[114.3268516,22.50597462],[114.32699072,22.50615166],[114.32691441,22.50627053],[114.32725518,22.50636429],[114.32723165,22.50668771],[114.32749241,22.50683843],[114.32744742,22.50705999],[114.32794218,22.50727501],[114.32781344,22.50752014],[114.32826797,22.50791316],[114.32987863,22.50887389],[114.33033197,22.50943831],[114.33149753,22.50967787],[114.33173914,22.51003247],[114.33230732,22.5104063],[114.33282667,22.51055021],[114.33296025,22.5107337],[114.33287297,22.51085901],[114.33373466,22.51135569],[114.33439894,22.51030284],[114.33485061,22.51010895],[114.33570991,22.51014892],[114.33580921,22.51002142],[114.33478956,22.50902639],[114.33389224,22.50871176],[114.33280048,22.50794657],[114.33183235,22.50673479],[114.32985472,22.50500136],[114.329127,22.50458512],[114.32779302,22.50393845],[114.32723505,22.50355585],[114.32670129,22.50312814],[114.32652536,22.50297056],[114.32630107,22.50291442],[114.32604659,22.50296537],[114.32495002,22.50328752],[114.32470158,22.50332718],[114.3239677,22.50317756],[114.32307505,22.50252175],[114.3221915,22.50227131],[114.32202196,22.50217243],[114.32094594,22.50107107],[114.31912809,22.50055757],[114.31848088,22.5002472],[114.31808905,22.50010574],[114.31699011,22.49916956],[114.31676499,22.49905262],[114.31603028,22.49879226],[114.31601005,22.49868631],[114.3161248,22.49786501],[114.3157368,22.4968529],[114.31530435,22.49639308],[114.31488128,22.49630976],[114.31466868,22.49620582],[114.31385589,22.49558248],[114.31359597,22.49551319],[114.31246977,22.49556352],[114.31159735,22.49521149],[114.31149315,22.49501776],[114.31135565,22.49487462],[114.31133652,22.49480704],[114.3111897,22.49462338],[114.31106201,22.49450872],[114.31101655,22.49449897],[114.31100573,22.49445525],[114.31095259,22.49441498],[114.31086803,22.4942997],[114.31072747,22.49419316],[114.31062479,22.49416628],[114.31038833,22.49395561],[114.31032122,22.49391652],[114.31024188,22.4938344],[114.31003835,22.49371836],[114.30991048,22.49377648],[114.30968732,22.49379544],[114.30953337,22.49371124],[114.30947158,22.49369552],[114.30934957,22.49361794],[114.30920747,22.49360565],[114.30914117,22.49355775],[114.30874151,22.49344331],[114.30856725,22.49330559],[114.30802931,22.49278747],[114.30668587,22.49206387],[114.30510118,22.49106898],[114.30490621,22.49101881],[114.3038558,22.49096931],[114.30261527,22.49024511],[114.30207366,22.49003417],[114.30110908,22.48995579],[114.30067634,22.49040905],[114.30053567,22.49051987],[114.2999619,22.49068136],[114.29943137,22.49076228],[114.29821852,22.49070281],[114.29688722,22.49141842],[114.29627445,22.49203078],[114.2960245,22.49211636],[114.29412635,22.49193378],[114.29363973,22.49199371],[114.29318258,22.4925782],[114.292856,22.49278516],[114.29203542,22.49340435],[114.29158079,22.49363617],[114.2913859,22.49367658],[114.29075788,22.49372734],[114.2902708,22.49397931],[114.28864758,22.49536943],[114.28830124,22.4955911],[114.28706725,22.49623612],[114.28578979,22.49669998],[114.28488027,22.49686164],[114.2845005,22.49688242],[114.28356375,22.49682265],[114.28264339,22.49696418],[114.28179904,22.49737739],[114.28055435,22.49825387],[114.28040019,22.4982588],[114.27849586,22.49751132],[114.27774852,22.49734068],[114.2755093,22.49654778],[114.27436103,22.49598483],[114.27333227,22.49598545],[114.27113386,22.49583577],[114.27000254,22.49603773],[114.26944115,22.49603939],[114.2685747,22.49583858],[114.26794633,22.4954162],[114.26757806,22.49528557],[114.26704753,22.49542678],[114.26650632,22.49579949],[114.2659888,22.49581923],[114.26589486,22.49555607],[114.2659916,22.49443878],[114.26588323,22.49431806],[114.2654066,22.49405663],[114.26530904,22.4939057],[114.26521145,22.49369439],[114.26466993,22.49360409],[114.26419319,22.49315142],[114.26380325,22.49299059],[114.26331607,22.4931821],[114.26242789,22.49282022],[114.26137193,22.49294995],[114.26104791,22.49289545],[114.26098838,22.49291272],[114.26064921,22.49321913],[114.2601738,22.49348531],[114.25970721,22.49326387],[114.25949845,22.49323163],[114.25840553,22.49322679],[114.25783136,22.4929467],[114.2576284,22.49290366],[114.25685302,22.49289497],[114.25638187,22.49299056],[114.25585335,22.49273005],[114.25486539,22.49285343],[114.25467355,22.49283775],[114.25423213,22.49283631],[114.25369558,22.4932096],[114.25347881,22.49328769],[114.25246422,22.49331769],[114.25202019,22.49315885],[114.2516854,22.49315561],[114.25049631,22.49423007],[114.24961365,22.49439712],[114.24939287,22.49446407],[114.24879006,22.49481113],[114.24825947,22.49573425],[114.24805523,22.49592653],[114.24800884,22.49603611],[114.24796953,22.49636526],[114.24754714,22.49686821],[114.24749328,22.49705531],[114.24754702,22.49762489],[114.24751314,22.49779574],[114.24604368,22.4995001],[114.24556228,22.49992554],[114.24494571,22.50082129],[114.24441529,22.50115994],[114.2442075,22.50124869],[114.2434437,22.50147508],[114.24324943,22.50162372],[114.2428929,22.50202356],[114.24218438,22.50224296],[114.2421635,22.50251093],[114.24251208,22.50458489],[114.24164906,22.50465056],[114.24159348,22.50419475],[114.24128408,22.50391168],[114.24109318,22.5038388],[114.24065279,22.50376415],[114.24023662,22.50343503],[114.23975752,22.5035008],[114.23929774,22.50346589],[114.23847304,22.50299179],[114.23844007,22.50294404],[114.23832775,22.50072211],[114.23768792,22.50018249],[114.23690214,22.5001736],[114.23654507,22.50007862],[114.23521295,22.49907007],[114.23554951,22.49861138],[114.23553959,22.49834416],[114.23458366,22.49782457],[114.23391623,22.49791857],[114.23364638,22.49776735],[114.23344007,22.49780548],[114.23296309,22.4981436],[114.23255648,22.49828116],[114.23245409,22.49834665],[114.23136001,22.49656728],[114.23129631,22.49635347],[114.23115538,22.49564371],[114.23042915,22.49406544],[114.22997922,22.4936587],[114.22939942,22.49285672],[114.22924941,22.49260156],[114.22686304,22.49091974],[114.22659915,22.49080505],[114.226035,22.49067414],[114.22468459,22.49025997],[114.22460094,22.48961611],[114.2245917,22.4890178],[114.22412352,22.48863812],[114.22403005,22.488465],[114.22414102,22.48778943],[114.22410287,22.48748726],[114.22363414,22.48696622],[114.22317395,22.48743791],[114.22235607,22.48756187],[114.22176298,22.48788751],[114.2208664,22.48892452],[114.22052326,22.48919862],[114.22028408,22.48924687],[114.2198429,22.48906699],[114.2194366,22.48910225],[114.21809984,22.48971729],[114.21766608,22.4899699],[114.21660686,22.49001127],[114.21600007,22.49016591],[114.21585284,22.49014655],[114.21504726,22.48989842],[114.21326301,22.49036741],[114.21276848,22.49018227],[114.21204533,22.49039758],[114.21152042,22.49038897],[114.20972061,22.4901495],[114.20933208,22.49026525],[114.20823524,22.48970641],[114.20745105,22.48952848],[114.20730735,22.48956749],[114.20704394,22.48984041],[114.20663666,22.48988936],[114.2055781,22.49075619],[114.20492402,22.4908939],[114.20434151,22.49138903],[114.20249577,22.49247117],[114.20059823,22.49293222],[114.20016628,22.49279425],[114.19932478,22.49304407],[114.19797754,22.49307189],[114.19756505,22.49297425],[114.19744089,22.49299359],[114.19720484,22.49325193],[114.19713541,22.49327777],[114.19662547,22.49311524],[114.19599147,22.49314581],[114.1957619,22.49307976],[114.1952999,22.49358584],[114.19485057,22.4938605],[114.19475205,22.49399109],[114.19469261,22.49422843],[114.19429293,22.49445161],[114.19410164,22.49477566],[114.19402221,22.49486666],[114.19382839,22.49497485],[114.19365903,22.49495862],[114.19332678,22.49477853],[114.19237807,22.49472849],[114.19195739,22.49442214],[114.1915772,22.49434465],[114.19153375,22.49451131],[114.1915078,22.49478474],[114.19149032,22.49487201],[114.19086087,22.49510558],[114.18990718,22.4951739],[114.18921374,22.49510571],[114.1889065,22.49511502],[114.18815486,22.49530231],[114.18778746,22.49530922],[114.18722579,22.49548695],[114.18611432,22.49561891],[114.18334402,22.49562352],[114.17921515,22.49443414],[114.1788419,22.49414699],[114.1783704,22.49353136],[114.17824777,22.49343946],[114.17775131,22.49338386],[114.17753794,22.49322142],[114.17718623,22.49250604],[114.17689349,22.49226418],[114.17674061,22.49209475],[114.17649782,22.49192112],[114.17632597,22.49171547],[114.17562557,22.49140953],[114.17529336,22.49097084],[114.17482377,22.49067559],[114.17486574,22.49037709],[114.17462495,22.49001126],[114.17441114,22.48983068],[114.17422131,22.48907445],[114.17381568,22.48883258],[114.17375024,22.48867103],[114.17362736,22.48809863],[114.17341255,22.48793893],[114.17285455,22.4876446],[114.17274065,22.48737813],[114.17237749,22.48705966],[114.17243145,22.48687211],[114.17243645,22.48667575],[114.17199887,22.48601792],[114.17202887,22.48518138],[114.17183208,22.48448689],[114.17195569,22.48411468],[114.17178675,22.48396923],[114.17166489,22.48401239],[114.17153719,22.48427143],[114.17149078,22.48432539],[114.17066958,22.48466371],[114.16976428,22.4846367],[114.1696424,22.48465828],[114.16960756,22.48501984],[114.17011244,22.48525191],[114.16982807,22.48544077],[114.16976423,22.4855217],[114.16977583,22.48566202],[114.16976422,22.48573217],[114.16930106,22.48658264],[114.16888899,22.48696037],[114.16844797,22.48640451],[114.16794888,22.4863937],[114.16769934,22.48625338],[114.16699366,22.48607524],[114.16635529,22.4860914],[114.16607674,22.48579998],[114.16558928,22.48563265],[114.165125,22.4856596],[114.16498571,22.48574593],[114.16475007,22.48601034],[114.16405524,22.48602798],[114.16423657,22.48699774],[114.16385341,22.48712726],[114.16380113,22.48752132],[114.16434093,22.48860852],[114.16443378,22.48894863],[114.16429914,22.48957413],[114.16407035,22.48975802],[114.16348096,22.48974038],[114.15953384,22.48829439],[114.15144286,22.48822546],[114.15142473,22.48809045],[114.15194084,22.48730207],[114.15187897,22.4871458],[114.15149162,22.48695961],[114.15152125,22.48691342],[114.15232655,22.48631885],[114.15206495,22.48630698],[114.15204587,22.48619086],[114.15196355,22.48606137],[114.15189232,22.48577177],[114.15173722,22.48567402],[114.15168242,22.485656],[114.15143844,22.48561853],[114.15119117,22.48553183],[114.15331673,22.48398975],[114.15301645,22.48233632],[114.15309252,22.48142867],[114.15331797,22.48079862],[114.15293509,22.48013168],[114.1515213,22.48012551],[114.15107946,22.48041836],[114.1497951,22.47970433],[114.14927486,22.47961328],[114.14899521,22.47971922],[114.14842256,22.47796833],[114.14853413,22.47752336],[114.14850771,22.47734639],[114.14813234,22.47653525],[114.14712755,22.47572891],[114.14654049,22.47551251],[114.14602758,22.4748439],[114.14579026,22.47468109],[114.14532489,22.47456854],[114.14389286,22.47473258],[114.14396581,22.47416195],[114.14393338,22.4739744],[114.14358283,22.47354074],[114.14339603,22.47348592],[114.1421373,22.47338492],[114.14197251,22.47319594],[114.14184221,22.47286399],[114.14165597,22.47258913],[114.14107462,22.47229561],[114.14054716,22.47224024],[114.13992036,22.47195645],[114.13954679,22.47173261],[114.13870618,22.47157922],[114.13850492,22.4714283],[114.13852444,22.47130482],[114.13871126,22.47121851],[114.13864788,22.47108341],[114.13764607,22.47042211],[114.13760669,22.47015331],[114.13746787,22.4699843],[114.13675221,22.46959277],[114.13624382,22.46924866],[114.13586782,22.46887345],[114.13574256,22.46845284],[114.13527822,22.46835493],[114.13487097,22.46800462],[114.1341887,22.46781513],[114.13281051,22.46787787],[114.13221053,22.46817612],[114.13144918,22.46862589],[114.1311399,22.46864712],[114.13104763,22.4686192],[114.1307484,22.46843421],[114.13060535,22.46837488],[114.12998096,22.46829291],[114.1293053,22.46744213],[114.12912641,22.4673747],[114.12873184,22.46732867],[114.12809927,22.46699244],[114.12790925,22.46650797],[114.12657739,22.46617047],[114.1259542,22.46569453],[114.12503198,22.46602467],[114.1245315,22.46595894],[114.12366977,22.46625538],[114.12333454,22.46590553],[114.12310658,22.46579943],[114.12265441,22.46568061],[114.12235193,22.46572531],[114.12150712,22.46594917],[114.12092104,22.46641552],[114.12076363,22.46660952],[114.12062563,22.4669776],[114.12060895,22.4671402],[114.12053778,22.46742972],[114.12050131,22.46751436],[114.12029838,22.46776263],[114.11881602,22.468017],[114.116864,22.46934289],[114.11610174,22.46942477],[114.11622325,22.4698723],[114.116088,22.47026282],[114.11513223,22.47129838],[114.11487507,22.47142694],[114.11456861,22.47126141],[114.11438582,22.47094887],[114.11340671,22.47132987],[114.11234198,22.47121344],[114.11162113,22.47064838],[114.1108676,22.47069325],[114.10982258,22.47030878],[114.10937714,22.46993961],[114.10915912,22.46934657],[114.1088659,22.46917374],[114.10425456,22.46998427],[114.10339081,22.4694941],[114.10258539,22.4693468],[114.10195748,22.46874781],[114.10091842,22.46821091],[114.10070575,22.46788023],[114.09947016,22.467394],[114.09835129,22.46738437],[114.0972169,22.4668911],[114.09627885,22.4667471],[114.09524189,22.46673918],[114.09422615,22.4668171],[114.09370715,22.46648047],[114.09301265,22.46637148],[114.09244075,22.46602023],[114.09192579,22.4660695],[114.09104441,22.46590758],[114.09015428,22.46623766],[114.08915954,22.46593947],[114.08893363,22.46609333],[114.08969791,22.46729409],[114.09010897,22.46825522],[114.0898653,22.47029443],[114.0895545,22.47144065],[114.0897738,22.47312967],[114.08953202,22.473924],[114.08960118,22.4746369],[114.08932825,22.47668722],[114.08964474,22.47929094],[114.08955184,22.48069802],[114.08926523,22.48157941],[114.08964074,22.48196566],[114.0907579,22.48348337],[114.09124809,22.48435958],[114.0919512,22.48467376],[114.09229117,22.48489575],[114.0920978,22.48713098],[114.09248096,22.48875884],[114.09240834,22.48983973],[114.09265474,22.49057695],[114.0924585,22.49108669],[114.09319835,22.49201458],[114.09245849,22.49251342],[114.09256395,22.4926669],[114.09278795,22.49286611],[114.09275323,22.49290936],[114.09261079,22.49298315],[114.09242309,22.49313511],[114.0921131,22.4935266],[114.09206789,22.49367571],[114.09213789,22.49389719],[114.09207401,22.49400907],[114.09181412,22.49416505],[114.09148557,22.49413084],[114.09138263,22.49416248],[114.09105516,22.49508681],[114.09084671,22.49534387],[114.09057041,22.49590061],[114.08970308,22.49653195],[114.09031544,22.49709439],[114.09041942,22.49740981],[114.09024456,22.49781123],[114.09039193,22.49877652],[114.09106132,22.49939957],[114.0916985,22.5012633],[114.09162251,22.50198417],[114.09122495,22.50320035],[114.09136783,22.50485225],[114.0893111,22.50448261],[114.08935888,22.50481826],[114.08968424,22.50538317],[114.09002821,22.50575068],[114.09043811,22.50703596],[114.09041555,22.5071814],[114.09020696,22.5073768],[114.08975114,22.50809363],[114.08966424,22.50835776],[114.09141021,22.50853459],[114.09182436,22.50886557],[114.09235607,22.50903627],[114.09263294,22.50925258],[114.09326895,22.51039092],[114.09226355,22.51133671],[114.09182394,22.51203633],[114.09161576,22.51273043],[114.09164556,22.51379763],[114.09144032,22.51451214],[114.09122115,22.5147976],[114.09052715,22.51492724],[114.09073157,22.5155127],[114.09104935,22.51583904],[114.0911488,22.51642273],[114.09135066,22.51654664],[114.09130116,22.51666882],[114.09135152,22.51688077],[114.09135003,22.51701107],[114.09119439,22.51749981],[114.09118164,22.51756251],[114.09118594,22.51784832],[114.09115815,22.51794948],[114.09119974,22.51811776],[114.09175037,22.5190924],[114.09164114,22.51987854],[114.09166123,22.52080248],[114.08966591,22.52095184],[114.08975533,22.52153146],[114.08928914,22.52237434],[114.08952349,22.52300771],[114.0894156,22.52316969],[114.08906354,22.52295982],[114.08873738,22.52255643],[114.08864696,22.52249969],[114.08864847,22.52203519],[114.08860309,22.52176821],[114.0884897,22.52142273],[114.08836714,22.52117715],[114.08826822,22.52102189],[114.08809583,22.52080337],[114.08751239,22.5202251],[114.08692829,22.51974899],[114.08669147,22.51959139],[114.08597855,22.519166],[114.08559768,22.51912854],[114.08550411,22.51915275],[114.0854312,22.51918318],[114.08521727,22.51932078],[114.08490731,22.51962859],[114.08465466,22.52029681],[114.08411422,22.52048477],[114.08531911,22.52250511],[114.08530222,22.52341413],[114.08512269,22.52380794],[114.08482908,22.52421684],[114.08373665,22.5250495],[114.08060659,22.52662026],[114.07967719,22.52730148],[114.07840489,22.52890667],[114.07833933,22.52942175],[114.07850192,22.52996725],[114.07955958,22.53069971],[114.08524724,22.53237937],[114.08594773,22.53295933],[114.08770558,22.53534569],[114.08847337,22.536146],[114.08960755,22.53671231],[114.09179197,22.53701195],[114.09272171,22.53689102],[114.09381918,22.53635194],[114.09571947,22.53460718],[114.09667884,22.53418443],[114.09789402,22.53414404],[114.10327887,22.53516412],[114.10334731,22.53454852],[114.10267338,22.53219178],[114.1026736,22.53177335],[114.10293235,22.53157437],[114.10356207,22.53160858],[114.10394092,22.53197213],[114.10444968,22.53307349],[114.10465749,22.53460231],[114.10528993,22.53474586],[114.10789655,22.53345082],[114.1084338,22.53284055],[114.10915201,22.53116011],[114.11002281,22.53030388],[114.11129737,22.52969179],[114.11256529,22.52964175],[114.11319179,22.5298066],[114.1155526,22.53101959],[114.11618876,22.53345555],[114.11687304,22.53421698],[114.11865973,22.53467426],[114.1207614,22.5343799],[114.12085159,22.53472616],[114.12036575,22.53532344],[114.12090143,22.53610203],[114.12129897,22.53596421],[114.12187693,22.53526969],[114.12233796,22.53538809],[114.12231652,22.53600889],[114.12145685,22.53696742],[114.12284229,22.5383892],[114.12556533,22.53982828],[114.12609359,22.53987738],[114.12692161,22.53930101],[114.12725914,22.53928419],[114.12873853,22.54016671],[114.12993642,22.54157532],[114.13042372,22.54190819],[114.1309097,22.54161813],[114.13129904,22.54170143],[114.13153443,22.54195757],[114.13356801,22.54156494],[114.13429508,22.54111676],[114.13481734,22.54188162],[114.13549023,22.54224385],[114.13673589,22.54325127],[114.13746294,22.54354111],[114.13817786,22.54355923],[114.13894924,22.54335568],[114.13987259,22.5428927],[114.14075591,22.54269658],[114.14123017,22.5428256],[114.14214712,22.54191635],[114.14269377,22.54211365],[114.14344887,22.54188778],[114.14427303,22.5421342],[114.14430551,22.54119671],[114.14451664,22.5408961],[114.14490513,22.54090929],[114.14600015,22.54135102],[114.14646662,22.54110277],[114.14671842,22.54145185],[114.14750167,22.54149967],[114.14807226,22.54181588],[114.14857718,22.54191007],[114.1486584,22.54235073],[114.14826068,22.54305991],[114.14867726,22.54423297],[114.15052599,22.54625555],[114.15126315,22.54622721],[114.15167571,22.54650078],[114.15199345,22.54701244],[114.15190207,22.54777645],[114.15163612,22.54809386],[114.15129018,22.54817211],[114.15104335,22.54812097],[114.15094735,22.54793055],[114.15075909,22.54804892],[114.15063895,22.54791705],[114.15079964,22.54747163],[114.15107855,22.54725862],[114.15107962,22.54700863],[114.14983964,22.54715222],[114.14961651,22.54750796],[114.14952669,22.54879409],[114.14975667,22.54941208],[114.14966666,22.54989922],[114.1499663,22.55064445],[114.15033686,22.55090427],[114.15115567,22.55080013],[114.15162595,22.55140336],[114.15185634,22.55242566],[114.15160575,22.55265717],[114.15198907,22.55489784],[114.15263936,22.55502915],[114.15441869,22.55448781],[114.15512368,22.55467679],[114.15584411,22.55440743],[114.15616394,22.55450743],[114.15658961,22.55568229],[114.15710503,22.55634107],[114.15748333,22.55755406],[114.15856859,22.5592317],[114.15914067,22.55985951],[114.15941625,22.56055001],[114.15960386,22.56077542],[114.16031943,22.56107425],[114.16109721,22.56189154],[114.16154476,22.56192546],[114.16208499,22.56159304],[114.16248519,22.5610494],[114.16324115,22.5593629],[114.16387644,22.55917972]]]]}},{"type":"Feature","properties":{"divisionCode":"ST","area":"New Territories"},"geometry":{"type":"Polygon","coordinates":[[[114.24961147,22.43312465],[114.24971825,22.43243688],[114.24911573,22.43194048],[114.2494874,22.43141595],[114.2480034,22.42990212],[114.24803578,22.42978138],[114.24860621,22.42965794],[114.24880519,22.42929342],[114.24752232,22.42897106],[114.24709301,22.42823004],[114.24705247,22.42805366],[114.24703577,22.42777348],[114.2472419,22.42762037],[114.24766897,22.42788283],[114.24789761,22.4278627],[114.24837331,22.42723898],[114.24864278,22.42686337],[114.24934149,22.42577473],[114.24929754,22.42560362],[114.24922643,22.42554298],[114.2489799,22.4254744],[114.24885389,22.42534008],[114.24887102,22.42488954],[114.24863386,22.42434913],[114.24867673,22.42417465],[114.24896159,22.42369549],[114.24938515,22.42273129],[114.24942874,22.42242141],[114.24841652,22.42019475],[114.24825491,22.41949066],[114.24821271,22.41853036],[114.24838684,22.41679048],[114.24901122,22.41507329],[114.24896999,22.41482885],[114.24855839,22.41447841],[114.24847907,22.41419017],[114.24980796,22.41292764],[114.25029867,22.41235224],[114.25063844,22.41187491],[114.25089143,22.4117433],[114.25094145,22.41168996],[114.25178618,22.41040451],[114.25180634,22.41023197],[114.25205342,22.40971205],[114.25206946,22.40908101],[114.2516641,22.40809626],[114.25167373,22.40786831],[114.2517044,22.40774182],[114.25178505,22.40752205],[114.25158835,22.40712137],[114.25179949,22.40675964],[114.25179461,22.40645856],[114.25184375,22.40630606],[114.25179216,22.40597887],[114.2523634,22.40527138],[114.25257918,22.40529896],[114.25275819,22.40515078],[114.25351098,22.4047485],[114.25356395,22.40384937],[114.25302725,22.40310039],[114.25345315,22.40275367],[114.2536505,22.40233006],[114.25406221,22.40198716],[114.25438492,22.40130082],[114.25424343,22.40108227],[114.25346254,22.4003929],[114.2533142,22.40004992],[114.25308807,22.39984126],[114.25302497,22.39961852],[114.25274612,22.39911623],[114.25285524,22.39711222],[114.25251454,22.39648887],[114.25220729,22.39539702],[114.25224769,22.39489797],[114.25245196,22.39435893],[114.25246515,22.39407352],[114.25244738,22.39360018],[114.25248138,22.3928392],[114.25232582,22.39256589],[114.25264076,22.39169063],[114.25271625,22.39063342],[114.25278173,22.39022771],[114.25313565,22.38945806],[114.25345067,22.38913282],[114.25360977,22.38900625],[114.25443972,22.38860376],[114.25444418,22.38674165],[114.24654007,22.38699267],[114.24698922,22.38655524],[114.24740247,22.38583452],[114.24747117,22.38487092],[114.24710518,22.38398139],[114.24656393,22.38343743],[114.24639766,22.38321536],[114.24626751,22.38300408],[114.24617972,22.38260927],[114.24628826,22.38242862],[114.24601933,22.38192293],[114.24564253,22.38158969],[114.24564537,22.38124648],[114.2454852,22.38117097],[114.24514183,22.38072434],[114.24470881,22.38048922],[114.24460578,22.3803435],[114.24448463,22.37972304],[114.24335474,22.37945552],[114.24275261,22.37913047],[114.24233306,22.37856664],[114.24202912,22.37788425],[114.24171823,22.37761677],[114.24153389,22.37719938],[114.2402749,22.37578694],[114.23975071,22.37524857],[114.23826219,22.37412455],[114.23764674,22.37361138],[114.23746245,22.37340542],[114.23683069,22.37319993],[114.23600673,22.3730734],[114.23528964,22.37274613],[114.23460547,22.37196703],[114.2336792,22.37138758],[114.23321997,22.37126813],[114.23230516,22.37090472],[114.23181063,22.37076149],[114.23155457,22.37074277],[114.23145007,22.37075881],[114.23121111,22.37082104],[114.23102933,22.37083062],[114.2305375,22.37078655],[114.23029279,22.37083583],[114.22992714,22.37087801],[114.22976102,22.37094133],[114.2296322,22.37094137],[114.22907054,22.37086037],[114.22897031,22.37078936],[114.22870463,22.37078019],[114.22859915,22.37071832],[114.22853171,22.3706965],[114.22829576,22.37073129],[114.2282181,22.37072851],[114.22771394,22.37056733],[114.22699491,22.37073674],[114.2268799,22.37064495],[114.22669797,22.3702671],[114.22686108,22.36990564],[114.22687836,22.3696943],[114.22675617,22.36943518],[114.22691666,22.36907114],[114.22668383,22.36868114],[114.22644051,22.36835465],[114.22623015,22.36789787],[114.22606862,22.36769133],[114.22572236,22.36733759],[114.22567176,22.3671898],[114.2256409,22.36673575],[114.22524169,22.36588719],[114.22514977,22.36515931],[114.22509613,22.36498856],[114.22450668,22.36456659],[114.2242744,22.36430912],[114.2238268,22.36418849],[114.22375966,22.36415102],[114.22361547,22.36402182],[114.22361546,22.36399752],[114.22377803,22.36366519],[114.22379949,22.363588],[114.22378856,22.36147692],[114.22449318,22.3593272],[114.22450422,22.35914614],[114.22473349,22.35857696],[114.21763241,22.35810448],[114.21746584,22.35801547],[114.21723188,22.35764204],[114.21708659,22.35749697],[114.2164893,22.35720697],[114.21442172,22.3573067],[114.21427597,22.35717894],[114.21466774,22.35694694],[114.21458082,22.35689903],[114.21433433,22.35687641],[114.21380623,22.35703299],[114.21413434,22.35631824],[114.21416946,22.35580338],[114.21319716,22.35576289],[114.21195845,22.35539132],[114.21154769,22.3553569],[114.21097148,22.35519715],[114.21007447,22.35542645],[114.20984002,22.3555722],[114.20961791,22.3558085],[114.20910473,22.3559171],[114.20895483,22.35586485],[114.20817337,22.35520506],[114.20810467,22.35516192],[114.20724698,22.35497001],[114.20678193,22.35463525],[114.20626005,22.35492229],[114.20479221,22.35497188],[114.20448413,22.35489911],[114.20365635,22.35434311],[114.20262964,22.35438426],[114.20221563,22.3546987],[114.20118263,22.35444027],[114.20069392,22.35468897],[114.20033372,22.35459922],[114.20014359,22.35462947],[114.19962238,22.35538297],[114.19933224,22.35546029],[114.19903675,22.35550487],[114.19885339,22.35558413],[114.19883645,22.35548533],[114.19945923,22.35508961],[114.19945133,22.35497841],[114.19899706,22.3552154],[114.19817927,22.3544206],[114.19820307,22.35409599],[114.19808887,22.3539193],[114.19738038,22.35424575],[114.19738144,22.35381889],[114.19719909,22.35307762],[114.1967667,22.35255053],[114.19654805,22.35256838],[114.19641762,22.35292978],[114.19518966,22.35308778],[114.19494504,22.35321765],[114.19459694,22.35344919],[114.19416707,22.35344743],[114.19308313,22.35395546],[114.19288625,22.35393103],[114.19290303,22.35362923],[114.19272964,22.35351181],[114.19292737,22.35319105],[114.1928975,22.35292133],[114.19266651,22.35269555],[114.19211939,22.35273798],[114.19202468,22.35279569],[114.19175465,22.35278291],[114.19139274,22.35308891],[114.1908944,22.35318057],[114.19115862,22.35265613],[114.19124982,22.35220002],[114.19101941,22.35224658],[114.19085732,22.35221689],[114.19092917,22.35195113],[114.19130189,22.35173885],[114.19145999,22.35196432],[114.1914737,22.35180509],[114.19175703,22.35155729],[114.19139971,22.3511122],[114.19153239,22.35050367],[114.19131078,22.35011925],[114.19142232,22.34992375],[114.191232,22.34980159],[114.19043794,22.34980777],[114.19006389,22.34996663],[114.18959021,22.34992328],[114.18871874,22.35029299],[114.18800326,22.34993014],[114.18768236,22.3499518],[114.18713645,22.35018786],[114.18639651,22.35016539],[114.18589964,22.35039354],[114.18540792,22.35042633],[114.18499766,22.35024797],[114.18503395,22.34973267],[114.18489188,22.3496365],[114.18421424,22.35013082],[114.18336197,22.35021416],[114.18302389,22.35011351],[114.1828634,22.34984851],[114.1823934,22.34997183],[114.18198984,22.34956184],[114.18126005,22.3491458],[114.18085438,22.34922721],[114.18032997,22.34874691],[114.17950952,22.34900938],[114.1794524,22.34901898],[114.17899722,22.34908759],[114.17888715,22.34905878],[114.17876333,22.34881864],[114.1786622,22.3487498],[114.17853751,22.34874307],[114.17830999,22.34883971],[114.17823628,22.34899488],[114.17809035,22.34905905],[114.17789829,22.3490696],[114.17718345,22.34880544],[114.17688596,22.34932651],[114.17632005,22.34908237],[114.17564093,22.34917018],[114.17521356,22.34896488],[114.17428257,22.34802861],[114.17383217,22.34814421],[114.17347316,22.34849445],[114.17334075,22.34810836],[114.17288667,22.34794645],[114.1733427,22.34709333],[114.17333007,22.3470019],[114.17291889,22.34673818],[114.17275039,22.34648432],[114.17272511,22.34646821],[114.17258242,22.34637733],[114.17214466,22.3463765],[114.17147734,22.3465995],[114.17042153,22.34605186],[114.16965155,22.34618986],[114.1693185,22.34590812],[114.16855658,22.34595558],[114.1682488,22.34582577],[114.16765471,22.34603746],[114.16735707,22.34607586],[114.16701452,22.34635164],[114.16654399,22.34619091],[114.16641532,22.34581753],[114.16637202,22.34575291],[114.16627414,22.34571303],[114.16614566,22.34575289],[114.16561945,22.34652741],[114.16550839,22.34726575],[114.16515063,22.3475376],[114.16471712,22.34761999],[114.16457133,22.34796291],[114.16414247,22.34804327],[114.16398943,22.34850291],[114.16373224,22.3486221],[114.16299104,22.34846646],[114.16273194,22.34815281],[114.16217849,22.34795262],[114.16184469,22.34762626],[114.16128263,22.34751557],[114.16094194,22.34699233],[114.16056922,22.34738182],[114.16011428,22.34731787],[114.15968747,22.34680994],[114.15951422,22.34604961],[114.15912601,22.34588952],[114.15868144,22.34544917],[114.15824673,22.34550704],[114.15736427,22.34618382],[114.15719205,22.34648014],[114.15649069,22.34622731],[114.15631969,22.34624982],[114.15603687,22.34663411],[114.15493554,22.34685513],[114.15407672,22.3464321],[114.15253807,22.34618862],[114.15125801,22.34722007],[114.15108571,22.34673188],[114.15115599,22.34568148],[114.15074826,22.34499906],[114.14796332,22.34505863],[114.1468424,22.34416564],[114.14683673,22.34476922],[114.14626239,22.34640967],[114.14620591,22.34650829],[114.14602881,22.34664921],[114.14538772,22.34697646],[114.14523684,22.34715182],[114.14507331,22.34773641],[114.14473387,22.34797019],[114.14470932,22.34843965],[114.14493477,22.34891732],[114.14431892,22.34869504],[114.14355604,22.34912282],[114.14273269,22.34907984],[114.14217912,22.3493272],[114.14206053,22.34960456],[114.1421484,22.35119501],[114.14187017,22.35201773],[114.14181639,22.35279006],[114.14160751,22.35356177],[114.14159414,22.35408957],[114.14148877,22.35439566],[114.14146345,22.35482845],[114.14135179,22.35524544],[114.14130943,22.35567895],[114.14144921,22.35697361],[114.14135954,22.35738443],[114.14170402,22.35906291],[114.14218981,22.35962324],[114.14296233,22.35981696],[114.14324491,22.36063714],[114.1438217,22.36099237],[114.14461911,22.36191844],[114.14555616,22.36204014],[114.14565679,22.36254771],[114.14533628,22.36312288],[114.14567579,22.36339513],[114.14582438,22.36380759],[114.14612761,22.36409871],[114.14582463,22.36495016],[114.14462515,22.3665109],[114.14449111,22.36720567],[114.14540303,22.367352],[114.14473851,22.36811164],[114.14477721,22.36824944],[114.14531487,22.36848274],[114.14525558,22.36874984],[114.14497977,22.36923525],[114.14567211,22.36957852],[114.14616637,22.36970113],[114.14713442,22.37085264],[114.14680814,22.37091528],[114.14629574,22.37150921],[114.14604821,22.37206064],[114.14549256,22.37220833],[114.1455893,22.37298602],[114.14543212,22.37324521],[114.14499803,22.37357544],[114.1450021,22.37419523],[114.14502857,22.37427529],[114.14509296,22.37432737],[114.14538729,22.37450658],[114.14593773,22.37546123],[114.14640808,22.37582781],[114.14736744,22.37625573],[114.14850035,22.37644991],[114.14867228,22.37770069],[114.14848557,22.37811832],[114.1489744,22.37805067],[114.14953918,22.37755416],[114.1498714,22.37796516],[114.14994903,22.37809225],[114.14995442,22.37821655],[114.14988395,22.37840353],[114.14951505,22.37884163],[114.14982213,22.37925859],[114.14954256,22.3796206],[114.14934895,22.37957142],[114.14900951,22.3802802],[114.15007078,22.38050532],[114.15145649,22.38109565],[114.15186219,22.3814473],[114.15217884,22.38143056],[114.1524738,22.38158065],[114.1532552,22.38172801],[114.15429428,22.38160275],[114.1552823,22.38213504],[114.15584404,22.3827263],[114.15654864,22.38292434],[114.15678281,22.38302402],[114.15690981,22.38311866],[114.15705488,22.38329671],[114.15714996,22.38364777],[114.15700998,22.38462261],[114.15742549,22.38506427],[114.15800039,22.38524462],[114.15867521,22.38563492],[114.15962333,22.38627552],[114.16060097,22.38683605],[114.16093563,22.38751912],[114.16233937,22.38954822],[114.16290322,22.39109132],[114.16308372,22.39125322],[114.16372174,22.39165524],[114.16430267,22.39178358],[114.16465382,22.39218067],[114.16515928,22.39228173],[114.16547253,22.39284365],[114.16573182,22.39297806],[114.16728648,22.39360554],[114.16782144,22.39417979],[114.16818268,22.39494429],[114.16809404,22.39514586],[114.16765117,22.39559317],[114.16763476,22.39567868],[114.16769709,22.39596275],[114.16764786,22.39613073],[114.1675756,22.39677214],[114.16758215,22.3969493],[114.16773636,22.39737122],[114.16769369,22.39745063],[114.1673359,22.39775604],[114.16687314,22.39795092],[114.16672735,22.39818995],[114.16651647,22.39825963],[114.16621454,22.39825992],[114.16624255,22.3983868],[114.16644436,22.39856032],[114.16613102,22.39852721],[114.16595959,22.39866521],[114.166122,22.39907334],[114.16696153,22.39945196],[114.16725565,22.40036219],[114.16789203,22.40102009],[114.16727558,22.40192179],[114.16760584,22.40225358],[114.16769176,22.40254778],[114.16718766,22.40257108],[114.16734624,22.40314499],[114.16732608,22.40321858],[114.16713391,22.40362762],[114.16708616,22.40392158],[114.16721488,22.40452679],[114.16772128,22.40499957],[114.16728059,22.40550323],[114.16717628,22.40582338],[114.16666209,22.40620939],[114.16664539,22.40630167],[114.16672684,22.40663592],[114.16650172,22.40693718],[114.16651954,22.40721371],[114.16648935,22.40734232],[114.16629818,22.4074746],[114.16598977,22.40775273],[114.16527782,22.4089546],[114.16521154,22.40964342],[114.16563024,22.41003148],[114.16568104,22.41015843],[114.16564463,22.41081098],[114.16527069,22.4111329],[114.16521665,22.41124476],[114.16527563,22.41135659],[114.16536613,22.41138892],[114.16593719,22.41141121],[114.16609623,22.4114624],[114.1673937,22.41195911],[114.16783838,22.41207863],[114.16866395,22.4124527],[114.16919477,22.41292776],[114.17340841,22.41283668],[114.17342267,22.41572015],[114.18512618,22.41562826],[114.18524293,22.41834691],[114.19867556,22.4186053],[114.19920327,22.42163938],[114.19963419,22.42154427],[114.20012639,22.42168345],[114.20024289,22.4222185],[114.20005283,22.42255734],[114.20042038,22.42353558],[114.20053115,22.42434862],[114.20100291,22.42445462],[114.20232996,22.42539363],[114.20251538,22.4250453],[114.20222276,22.4248744],[114.20248612,22.42336407],[114.20220255,22.42289872],[114.20238819,22.42282901],[114.20285286,22.42333231],[114.20316394,22.42339555],[114.20354434,22.42305983],[114.2033628,22.42247413],[114.20352986,22.42238861],[114.20368796,22.42269885],[114.20398035,22.42259745],[114.20329007,22.4243232],[114.20340646,22.42470944],[114.20365711,22.42466504],[114.20472757,22.42609402],[114.20504421,22.4260563],[114.20520847,22.42520233],[114.2061493,22.42553092],[114.20662439,22.42545744],[114.20771843,22.42671589],[114.21083157,22.42878522],[114.21325228,22.42707233],[114.21395024,22.42635083],[114.2147386,22.42525059],[114.2150663,22.42424503],[114.21511314,22.42323066],[114.21494584,22.4221678],[114.21450614,22.42142912],[114.21465459,22.41840172],[114.21424446,22.41725824],[114.21471672,22.4171283],[114.21423452,22.41719112],[114.21408302,22.41662599],[114.21454115,22.41623615],[114.2147827,22.41493284],[114.21425186,22.41326291],[114.21364312,22.41206378],[114.2137139,22.41097759],[114.21444712,22.41037686],[114.21442401,22.41025369],[114.21450403,22.41033506],[114.21545562,22.40955829],[114.21553474,22.40980486],[114.21619807,22.40926358],[114.21612077,22.40918255],[114.21563981,22.40957793],[114.21551026,22.40950613],[114.21880731,22.40678787],[114.22011016,22.40850298],[114.22108527,22.41040252],[114.2240292,22.42144582],[114.22517009,22.42393124],[114.22666911,22.42612024],[114.22825927,22.42781814],[114.23130436,22.42825458],[114.23345093,22.42722315],[114.23364117,22.42738812],[114.23349368,22.42758964],[114.23410515,22.42779046],[114.23496614,22.42853704],[114.23410568,22.42947939],[114.23398385,22.42945486],[114.23406163,22.42952362],[114.23507547,22.42863184],[114.23540846,22.42892058],[114.23568491,22.42946394],[114.23657965,22.42997017],[114.23897855,22.43201614],[114.23909864,22.43323213],[114.23886687,22.43400518],[114.23863222,22.43400471],[114.23825487,22.43459727],[114.23777917,22.43477888],[114.23694797,22.43552872],[114.23699279,22.43605681],[114.23720841,22.4363643],[114.23748624,22.43643073],[114.238012,22.43688581],[114.23899961,22.43696246],[114.24008307,22.43682791],[114.24024166,22.43691589],[114.24020822,22.43708078],[114.24063505,22.43714161],[114.24078156,22.43737587],[114.2414732,22.43735471],[114.24178303,22.43751993],[114.24309758,22.43683147],[114.24340234,22.43685241],[114.2436389,22.43639769],[114.24381673,22.4362664],[114.24396963,22.43634562],[114.24403856,22.43610125],[114.24507565,22.43540651],[114.24554935,22.43561591],[114.24591999,22.43560332],[114.24710429,22.43627469],[114.24771994,22.43627154],[114.24782074,22.43607433],[114.24764554,22.43572125],[114.24798709,22.43522819],[114.24780365,22.43485979],[114.24767786,22.43476788],[114.24736186,22.43488857],[114.24602032,22.43449783],[114.24552186,22.43414009],[114.2454332,22.43388938],[114.24466527,22.43378568],[114.24413593,22.43320145],[114.24404002,22.43257689],[114.24401867,22.43286944],[114.24389188,22.43291237],[114.24414916,22.43199127],[114.24459141,22.43133376],[114.24503097,22.43096905],[114.24550212,22.43079978],[114.24584305,22.43077567],[114.24614258,22.4309599],[114.24707575,22.43222475],[114.24826974,22.43252076],[114.24859734,22.43295243],[114.24865221,22.43279826],[114.24961147,22.43312465]]]}},{"type":"Feature","properties":{"divisionCode":"TP","area":"New Territories"},"geometry":{"type":"MultiPolygon","coordinates":[[[[114.27225192,22.41580289],[114.27238118,22.4155303],[114.27397743,22.41536085],[114.2723664,22.41547228],[114.27219655,22.41529334],[114.27195818,22.41533676],[114.27185285,22.41577714],[114.27225192,22.41580289]]],[[[114.27300956,22.42453156],[114.27264334,22.42483346],[114.27238402,22.42537691],[114.27256442,22.42611069],[114.27304419,22.4265597],[114.273309,22.42645629],[114.27353012,22.42613771],[114.27365769,22.42548053],[114.27351061,22.42504831],[114.27300956,22.42453156]]],[[[114.27220325,22.43296273],[114.27188672,22.43230367],[114.27144817,22.43208759],[114.27194676,22.43283397],[114.27220325,22.43296273]]],[[[114.27249936,22.43314739],[114.2726432,22.43309974],[114.27258845,22.43297233],[114.27232884,22.43295799],[114.27249936,22.43314739]]],[[[114.22237585,22.4411335],[114.22262732,22.44091387],[114.22263715,22.44022423],[114.2227626,22.44012417],[114.2225778,22.43969958],[114.22292315,22.43909862],[114.22280113,22.43909771],[114.22266051,22.43873526],[114.22198766,22.4383013],[114.22170302,22.43767414],[114.2211793,22.43752693],[114.22116543,22.43850551],[114.22149899,22.43880327],[114.2217817,22.43953208],[114.22194999,22.44075806],[114.22237585,22.4411335]]],[[[114.22243848,22.46346522],[114.22274988,22.46322027],[114.22273453,22.4626259],[114.22254959,22.46230728],[114.2228047,22.46143536],[114.22278987,22.46110375],[114.22244313,22.46076922],[114.22249816,22.46036929],[114.2219418,22.46046644],[114.22115286,22.46034903],[114.22088514,22.46064496],[114.22061632,22.46059861],[114.22023883,22.46077151],[114.22014961,22.46092677],[114.22028727,22.46098859],[114.22032847,22.46131826],[114.2201603,22.46157357],[114.2203492,22.46228064],[114.22053015,22.46236502],[114.2208594,22.46216967],[114.22131166,22.46217705],[114.2218705,22.46268229],[114.22198932,22.46314722],[114.22243848,22.46346522]]],[[[114.42832346,22.46586597],[114.42864247,22.46541267],[114.42863873,22.46508708],[114.42812515,22.46529741],[114.42808298,22.46552105],[114.42796227,22.46532662],[114.42770128,22.46552586],[114.42776109,22.46563525],[114.42810215,22.46556736],[114.42776315,22.46574365],[114.42781757,22.46593997],[114.42815742,22.46586565],[114.42820961,22.46598526],[114.42832346,22.46586597]]],[[[114.42779654,22.46674765],[114.42804333,22.46620996],[114.4278115,22.46597246],[114.42728739,22.4665921],[114.42725193,22.46713455],[114.42779654,22.46674765]]],[[[114.3318665,22.47554186],[114.33201678,22.47556733],[114.33220492,22.47521567],[114.33218882,22.47475512],[114.33194307,22.47463101],[114.33133526,22.47465836],[114.33118451,22.4750964],[114.33133723,22.47549288],[114.33150779,22.47563248],[114.3318665,22.47554186]]],[[[114.33384398,22.48048142],[114.3341436,22.48025331],[114.3343247,22.47982415],[114.33422606,22.4794885],[114.33395744,22.47929572],[114.33322232,22.4799959],[114.33336323,22.48036317],[114.33384398,22.48048142]]],[[[114.32313717,22.47819692],[114.32342082,22.47769488],[114.32365742,22.47661292],[114.32332165,22.47557778],[114.32284106,22.47494013],[114.32300326,22.47363026],[114.32325735,22.47323072],[114.32347194,22.47328349],[114.3236682,22.47308554],[114.32387331,22.47232138],[114.32447792,22.47174497],[114.32503624,22.47144393],[114.3251104,22.47115791],[114.32600621,22.47139115],[114.32618222,22.47162254],[114.32778668,22.47108442],[114.32833756,22.47115274],[114.32852588,22.47241308],[114.3290285,22.47273039],[114.32926278,22.47339999],[114.3298593,22.47397026],[114.33045874,22.47388737],[114.33126432,22.47303199],[114.3309149,22.4712653],[114.33150322,22.47050248],[114.33151721,22.47024489],[114.33119884,22.47031552],[114.33103596,22.47016558],[114.33107064,22.47048909],[114.3307687,22.47075658],[114.32963063,22.47098771],[114.32934691,22.47089184],[114.32886934,22.47017935],[114.3288592,22.46907093],[114.3290366,22.46855217],[114.32854738,22.46840676],[114.32839891,22.46797732],[114.32858788,22.46641755],[114.32832543,22.46596153],[114.32801614,22.46587949],[114.32787793,22.46565935],[114.32689574,22.46299782],[114.32709042,22.46210334],[114.32749193,22.46173819],[114.32716896,22.4618717],[114.32693938,22.46170077],[114.3272584,22.46136478],[114.32726829,22.46121],[114.32684961,22.46150066],[114.32670622,22.46137488],[114.32706025,22.46119397],[114.32688473,22.46084231],[114.32697036,22.46071494],[114.32722336,22.46077778],[114.32730112,22.46062487],[114.3275618,22.46077023],[114.32779207,22.46178337],[114.32879461,22.46123766],[114.3289582,22.46130699],[114.32885713,22.46146241],[114.32899503,22.46157827],[114.32968722,22.46136372],[114.33045955,22.46219157],[114.33060886,22.46271972],[114.33038102,22.46304399],[114.33054167,22.46299635],[114.33095647,22.46351977],[114.33150532,22.4639079],[114.33236777,22.46381154],[114.33284466,22.46342358],[114.33286529,22.46320727],[114.33334538,22.46320879],[114.33330548,22.46343322],[114.33351061,22.46346473],[114.33354457,22.46310786],[114.33286704,22.46318394],[114.33294114,22.46239718],[114.33313365,22.46206395],[114.33402059,22.46218549],[114.3348529,22.46266172],[114.33490086,22.46326717],[114.33570677,22.46295575],[114.33567465,22.46254184],[114.3359263,22.46235816],[114.33665211,22.46285425],[114.33720514,22.46301011],[114.33720126,22.46337178],[114.33692797,22.46339745],[114.3371523,22.46346203],[114.33661417,22.46476527],[114.33669933,22.46533863],[114.33641029,22.46622681],[114.33620261,22.46632847],[114.3364257,22.46635253],[114.33678048,22.46674982],[114.33773801,22.46668694],[114.33800822,22.46680042],[114.33843451,22.4673882],[114.33866765,22.4680281],[114.33858638,22.46887217],[114.33890407,22.46967029],[114.33936181,22.47014014],[114.33934545,22.47050372],[114.339636,22.47103592],[114.33969356,22.47158581],[114.33938268,22.47199801],[114.33931213,22.47271694],[114.33863054,22.47337654],[114.33852751,22.47407416],[114.3378665,22.47403516],[114.33760609,22.47439009],[114.33786906,22.47481737],[114.33823351,22.47505129],[114.33861988,22.47487634],[114.33935062,22.47529729],[114.33945677,22.47613983],[114.34010838,22.47744628],[114.34105404,22.47875427],[114.34137603,22.47886179],[114.34185102,22.47878881],[114.3424716,22.47811519],[114.34256044,22.47728318],[114.34284169,22.47691092],[114.34307677,22.47596553],[114.34303074,22.47536134],[114.34367116,22.47430757],[114.34379189,22.47365533],[114.34409272,22.47314071],[114.34407252,22.47254866],[114.34446246,22.47198451],[114.34417864,22.47183024],[114.34384546,22.47129299],[114.34377612,22.47069677],[114.34389404,22.46997803],[114.34428852,22.46944972],[114.34440334,22.46859874],[114.34498871,22.46841711],[114.34538652,22.46798184],[114.34563308,22.46664334],[114.34585784,22.46631839],[114.34576508,22.46612647],[114.3460676,22.46557426],[114.34612252,22.46513734],[114.34691193,22.46452815],[114.34714666,22.46372622],[114.3471781,22.46288281],[114.3467066,22.46242821],[114.34656444,22.46159243],[114.34567792,22.46160351],[114.34534255,22.46142435],[114.34501049,22.46085013],[114.3443762,22.4606138],[114.34371972,22.46066022],[114.34311753,22.46124922],[114.34214926,22.46122462],[114.3417063,22.46143226],[114.34149124,22.46226464],[114.34115466,22.46244327],[114.34048928,22.4624763],[114.34018005,22.46287276],[114.33906653,22.46327383],[114.33828123,22.46316039],[114.33775829,22.46264732],[114.33874408,22.45967793],[114.33846838,22.45865198],[114.33853328,22.45820922],[114.33831822,22.45792223],[114.33826562,22.4571032],[114.33798477,22.45698922],[114.33820254,22.45675233],[114.33775637,22.45566213],[114.3371994,22.45541705],[114.33703002,22.45488855],[114.33703216,22.45373995],[114.33746022,22.45341148],[114.33817296,22.45235336],[114.33865147,22.45125474],[114.33877982,22.45046584],[114.33850942,22.44948621],[114.33796496,22.44865134],[114.33829242,22.44815257],[114.33923001,22.44782418],[114.3396126,22.4474703],[114.34083988,22.44702096],[114.34108113,22.44714563],[114.34124764,22.44706691],[114.34133703,22.44687893],[114.34111997,22.44671606],[114.34138235,22.44627485],[114.34153623,22.44552033],[114.34144482,22.44466287],[114.34155152,22.44445659],[114.34126703,22.44434211],[114.34127755,22.44398112],[114.34099461,22.44359449],[114.34048499,22.44190047],[114.34033232,22.4417494],[114.33955997,22.44158424],[114.33895904,22.44049801],[114.33825231,22.44038452],[114.33807891,22.44023805],[114.3379023,22.44048772],[114.33729149,22.44037466],[114.33686537,22.44110573],[114.33661196,22.44097297],[114.33557839,22.44112825],[114.33515541,22.44082421],[114.33496666,22.44093899],[114.33499376,22.44118764],[114.33477333,22.44140983],[114.33469279,22.44121807],[114.33454447,22.44136856],[114.33410511,22.4410456],[114.33361047,22.44014489],[114.33320781,22.44002265],[114.33299454,22.44013302],[114.33281934,22.43997711],[114.33291438,22.43983611],[114.33303552,22.43989751],[114.33304148,22.43988282],[114.33267264,22.43939643],[114.33322128,22.43944167],[114.33323804,22.43934175],[114.33296537,22.43931916],[114.33328887,22.43875519],[114.33259526,22.43852776],[114.33263353,22.43843769],[114.33326758,22.43851748],[114.33356453,22.43880088],[114.33372965,22.43924345],[114.33401692,22.43910994],[114.33413761,22.43803955],[114.33447075,22.43747388],[114.33553042,22.43695003],[114.33635363,22.43614702],[114.33680431,22.43548033],[114.33729313,22.43572483],[114.33743728,22.43546844],[114.33725201,22.43561427],[114.33681093,22.43538724],[114.33703281,22.43496661],[114.337208,22.43502413],[114.33705378,22.43491604],[114.33723434,22.43413942],[114.33757585,22.4337061],[114.3374319,22.43355962],[114.33753466,22.43321397],[114.33730276,22.43318863],[114.33720864,22.433016],[114.33721028,22.4332073],[114.33701175,22.43299096],[114.33669079,22.43111915],[114.33639872,22.43068589],[114.33597586,22.43038976],[114.33560675,22.42947098],[114.33499982,22.42905507],[114.33433141,22.42896858],[114.33387452,22.42903672],[114.33322659,22.42944375],[114.33308347,22.42920935],[114.33322157,22.42899175],[114.33293197,22.42895779],[114.33313947,22.42885964],[114.33302193,22.42868191],[114.33319562,22.42831437],[114.33395834,22.42811071],[114.33450546,22.42777538],[114.33500684,22.42785916],[114.33534183,22.42768068],[114.33599137,22.42782142],[114.33656049,22.42816026],[114.33656101,22.42857864],[114.33657679,22.42816054],[114.33671877,22.42813502],[114.33777522,22.42852403],[114.33858064,22.4281965],[114.33881695,22.42787123],[114.33908069,22.42805613],[114.33990136,22.42767218],[114.340224,22.42808394],[114.34105548,22.42831107],[114.34127373,22.4282423],[114.34131284,22.42839385],[114.34156672,22.4284344],[114.34142769,22.42868531],[114.34069267,22.428695],[114.34054131,22.42905443],[114.33970493,22.42872426],[114.33952775,22.42903774],[114.33855042,22.4293924],[114.33842103,22.43017685],[114.33801075,22.43089521],[114.33805837,22.43161069],[114.3385907,22.4317602],[114.33915702,22.43164648],[114.33942972,22.43140859],[114.33946233,22.43116237],[114.33969828,22.43105596],[114.3404494,22.43120519],[114.34116347,22.43086001],[114.34192861,22.43135926],[114.34197825,22.4317059],[114.34214494,22.43182873],[114.34214583,22.43225794],[114.34195583,22.43242015],[114.34226628,22.43265749],[114.34241939,22.43305829],[114.34209901,22.4335414],[114.3421551,22.43393344],[114.34184058,22.43411675],[114.34219147,22.43450276],[114.34198648,22.43525629],[114.34217509,22.4354258],[114.34210023,22.43559472],[114.34256714,22.43589369],[114.34283968,22.43636124],[114.34288934,22.43690837],[114.3433919,22.43725948],[114.34383165,22.437962],[114.34447475,22.43816131],[114.34437243,22.43840278],[114.34454883,22.4382804],[114.34546097,22.43895058],[114.34645857,22.43919625],[114.34757417,22.43752663],[114.34746576,22.43717536],[114.34711043,22.43696336],[114.3469141,22.43658249],[114.34703179,22.43531459],[114.34743566,22.43504854],[114.34762208,22.43426116],[114.3482799,22.43313289],[114.3489253,22.43256183],[114.34906911,22.43133311],[114.34966344,22.43004355],[114.34932446,22.42975085],[114.34953099,22.42909425],[114.34936922,22.42864066],[114.34947026,22.42825983],[114.34977147,22.42766295],[114.35054309,22.4271398],[114.35059877,22.42678395],[114.35096774,22.42651441],[114.34999244,22.42628955],[114.34867086,22.42570275],[114.34824193,22.42573148],[114.34798232,22.42545479],[114.34726928,22.42521574],[114.34705722,22.42462842],[114.34726044,22.42440928],[114.34714165,22.42387763],[114.34693452,22.42347723],[114.34667254,22.42347384],[114.3467588,22.42325278],[114.34729942,22.42303404],[114.34738105,22.42275884],[114.34752801,22.42279988],[114.34761946,22.42311642],[114.3478767,22.42305246],[114.34804455,22.42323224],[114.34843318,22.42281924],[114.34859923,22.42286625],[114.34862443,22.42234551],[114.34912727,22.42185901],[114.34946986,22.4216765],[114.34972414,22.42185549],[114.34966117,22.42162997],[114.34982912,22.42158058],[114.35011884,22.42175727],[114.35026283,22.42156232],[114.35061177,22.42165269],[114.35074685,22.42223552],[114.35039981,22.42231713],[114.35041125,22.42234465],[114.35090457,22.4222947],[114.35116957,22.42259563],[114.35167706,22.42257815],[114.35221352,22.422111],[114.3523691,22.42249419],[114.35261834,22.42206307],[114.35275945,22.42207371],[114.35273328,22.42270881],[114.35300623,22.42208256],[114.35328835,22.42248991],[114.35346012,22.4222988],[114.35477186,22.42197276],[114.3551962,22.42201464],[114.35560387,22.4224582],[114.35602876,22.42224843],[114.35562418,22.42307437],[114.35444825,22.42343322],[114.35414146,22.42402985],[114.3538063,22.42432675],[114.35402255,22.42463676],[114.35348416,22.42487305],[114.35357091,22.42498011],[114.35412963,22.42465015],[114.35476608,22.42483486],[114.35478879,22.42461446],[114.3557185,22.42486045],[114.35625845,22.42470845],[114.35601066,22.42571799],[114.35499256,22.42627067],[114.35472735,22.42663613],[114.35489376,22.42691487],[114.35558211,22.4270831],[114.35547189,22.42763072],[114.35381853,22.42783304],[114.35361272,22.42800232],[114.35359203,22.42833325],[114.35432574,22.42879267],[114.35460824,22.42937469],[114.35453875,22.43005181],[114.35408566,22.43061676],[114.35415661,22.43142395],[114.35393975,22.43178702],[114.35422893,22.43245685],[114.35411534,22.43291488],[114.3542912,22.43330079],[114.35390381,22.43354596],[114.35436294,22.43339664],[114.35518453,22.43377552],[114.35526252,22.43411108],[114.35505908,22.43459101],[114.35466567,22.43466869],[114.35424757,22.43516178],[114.35456798,22.43619024],[114.35448929,22.43723529],[114.35547735,22.4385221],[114.35604328,22.43954206],[114.35597685,22.43993545],[114.35573023,22.43998408],[114.35522308,22.44043692],[114.35494571,22.44090345],[114.35534165,22.44199269],[114.35504455,22.44263548],[114.35558829,22.44408811],[114.35662733,22.44547835],[114.35684683,22.44607242],[114.35652612,22.44612553],[114.35512739,22.44576175],[114.35500381,22.44517722],[114.35480748,22.44525136],[114.35437391,22.44502271],[114.35376423,22.44520195],[114.35372673,22.4457647],[114.35402585,22.44629572],[114.35393707,22.44648475],[114.35417974,22.44678664],[114.35414914,22.44765196],[114.35314812,22.44858501],[114.3529653,22.44830427],[114.35290066,22.44833385],[114.35300723,22.44857078],[114.35241584,22.44891047],[114.35250367,22.44945036],[114.35329211,22.45023123],[114.35445154,22.45067494],[114.3548687,22.45054508],[114.35488252,22.44952941],[114.35515816,22.44920449],[114.35571866,22.44936973],[114.35604718,22.44991158],[114.35654703,22.45001459],[114.3567654,22.449777],[114.35702895,22.44975642],[114.35725259,22.44993482],[114.35709556,22.45028266],[114.3573459,22.45111401],[114.35818332,22.45197592],[114.35848636,22.45251162],[114.35999068,22.45204483],[114.36085585,22.45147804],[114.36151671,22.45176598],[114.36205237,22.45225583],[114.36214231,22.45208974],[114.36186089,22.4517177],[114.3622171,22.45145983],[114.36196493,22.45178296],[114.36223131,22.45212577],[114.36225838,22.45256097],[114.36186406,22.45317424],[114.36175879,22.45369365],[114.36161687,22.45370884],[114.3616852,22.45395322],[114.36121505,22.45432949],[114.36056008,22.4564097],[114.36064352,22.45757642],[114.36103639,22.4584188],[114.36059829,22.45857639],[114.36042812,22.45842217],[114.36052638,22.45866221],[114.36102386,22.45847488],[114.36113466,22.45896583],[114.36161958,22.45950789],[114.36168879,22.45984199],[114.36145943,22.45973672],[114.36164141,22.45985756],[114.36146196,22.46017558],[114.36128339,22.46026287],[114.3612037,22.46010171],[114.36092317,22.46038636],[114.36077123,22.46029088],[114.3607457,22.46067544],[114.36104579,22.46086378],[114.3640812,22.4595178],[114.36598108,22.45901644],[114.3667407,22.45850562],[114.36695101,22.45856027],[114.36784779,22.45657289],[114.36967527,22.45533483],[114.36968366,22.45474391],[114.37013899,22.4541929],[114.37018854,22.45347324],[114.36963469,22.44962701],[114.36920621,22.44910236],[114.36900954,22.44909979],[114.36835595,22.44845206],[114.36821012,22.44794019],[114.36715426,22.4478522],[114.3666351,22.44733566],[114.36655637,22.44703792],[114.36663975,22.44515927],[114.36725617,22.44421314],[114.36768641,22.44304228],[114.36379374,22.44201977],[114.3645779,22.43980816],[114.36478752,22.43885421],[114.36460561,22.43780558],[114.3640648,22.43665012],[114.36392895,22.4355831],[114.36452849,22.43396492],[114.36468798,22.43402873],[114.36507226,22.43382704],[114.36609577,22.43345279],[114.36650079,22.43299564],[114.36668922,22.43245053],[114.36677068,22.43169278],[114.36641621,22.43100415],[114.3661933,22.43036208],[114.36637681,22.42984926],[114.36628838,22.42958355],[114.36593193,22.42913064],[114.36628312,22.4286779],[114.36642008,22.42816966],[114.36626071,22.42701942],[114.36643745,22.4265487],[114.36700003,22.42590056],[114.36786271,22.42536142],[114.36777245,22.42475563],[114.36783532,22.42401897],[114.36807065,22.42350281],[114.36802764,22.42317093],[114.36755839,22.42262301],[114.36744541,22.42254358],[114.36699552,22.42235729],[114.36678504,22.42173537],[114.3666713,22.42155157],[114.36602246,22.42099936],[114.36639362,22.42075502],[114.36595201,22.42001751],[114.3656211,22.41863805],[114.36573604,22.41833694],[114.3660654,22.41790871],[114.36597949,22.41766779],[114.36558483,22.41704033],[114.36540981,22.4164818],[114.36533039,22.41599063],[114.36500315,22.41568368],[114.36472332,22.41512239],[114.36455062,22.41489945],[114.36330122,22.41413458],[114.36263832,22.41323873],[114.36213058,22.41289277],[114.361901,22.41233142],[114.36158918,22.41194775],[114.36088927,22.41118109],[114.36053421,22.41045728],[114.36030826,22.41028455],[114.35955976,22.40839873],[114.35899076,22.40813587],[114.35843792,22.40799352],[114.35837909,22.40796012],[114.35823896,22.40750303],[114.3566578,22.40762185],[114.3562248,22.40750296],[114.35553407,22.40660654],[114.35559222,22.40601372],[114.35558017,22.40580039],[114.35461114,22.40597214],[114.35329885,22.40588304],[114.35265815,22.40578111],[114.35230718,22.40580168],[114.35116521,22.40603412],[114.35072714,22.40632002],[114.35090596,22.40650203],[114.351524,22.40681562],[114.3517127,22.40745371],[114.35205679,22.40788753],[114.35204497,22.4083471],[114.35170056,22.4086623],[114.34887268,22.41009993],[114.3469444,22.41039027],[114.34670637,22.41047528],[114.3462739,22.41079922],[114.34602651,22.4108283],[114.34543669,22.41077357],[114.34473129,22.41104127],[114.34448143,22.4116701],[114.3436176,22.41260735],[114.34344203,22.41357571],[114.34291587,22.41419103],[114.34280942,22.4144537],[114.34206039,22.4147539],[114.34184102,22.41490117],[114.34171201,22.41536214],[114.34146956,22.41555982],[114.34105446,22.41578763],[114.33974983,22.41700905],[114.33942454,22.41761393],[114.33906053,22.41806618],[114.3387142,22.41817021],[114.33851986,22.41844803],[114.33825409,22.41844906],[114.33759303,22.41880517],[114.33727764,22.41845939],[114.33637245,22.41706144],[114.33580007,22.41654997],[114.33569948,22.41644283],[114.33510847,22.4162513],[114.3348458,22.41610156],[114.33479255,22.41567269],[114.33428568,22.41515175],[114.33295552,22.4146874],[114.33153978,22.41469001],[114.33130253,22.4147677],[114.32940272,22.41562207],[114.32529291,22.41715643],[114.32476767,22.41743539],[114.32468342,22.41755493],[114.32408955,22.41805897],[114.32342191,22.41918167],[114.32222993,22.42070024],[114.32232085,22.42140732],[114.32286023,22.42222204],[114.32256645,22.42295565],[114.32239972,22.42306017],[114.32206737,22.42336916],[114.32167634,22.4236774],[114.32091669,22.42376631],[114.3204955,22.424049],[114.31994264,22.42429444],[114.31924873,22.42520472],[114.31855305,22.4255432],[114.31826067,22.42588827],[114.31799851,22.42607589],[114.31733497,22.4261618],[114.31422228,22.42631036],[114.31380493,22.42635166],[114.31118001,22.42680823],[114.31043243,22.42721709],[114.30996865,22.42736277],[114.308611,22.4273662],[114.30800426,22.42770809],[114.30721831,22.42698427],[114.30666842,22.42615117],[114.30646044,22.42564348],[114.30644897,22.42555388],[114.30647279,22.42515845],[114.30616257,22.42410422],[114.3061143,22.42378804],[114.30651032,22.422326],[114.30609018,22.42134391],[114.30680353,22.42052392],[114.30707639,22.4197769],[114.30710694,22.4195479],[114.30645009,22.41898555],[114.30563661,22.41850514],[114.30557988,22.41781139],[114.30615965,22.41704923],[114.30603273,22.4165967],[114.30447465,22.4156869],[114.30362375,22.41496739],[114.30292963,22.41477995],[114.30246014,22.41476245],[114.30232251,22.41480349],[114.30146396,22.4152216],[114.30033173,22.41542949],[114.29999258,22.41551739],[114.29959643,22.41567107],[114.29925781,22.41564884],[114.29850344,22.41536283],[114.29813148,22.41517655],[114.29761471,22.41531219],[114.29746021,22.41522464],[114.29738956,22.4152841],[114.29644716,22.41556561],[114.29610486,22.41560563],[114.29571099,22.41553501],[114.29529613,22.41555665],[114.29409096,22.41607244],[114.29321519,22.41596582],[114.29249149,22.41598825],[114.29102906,22.41664663],[114.29069118,22.41602413],[114.28952477,22.4154149],[114.28904837,22.41526474],[114.2882717,22.41506524],[114.28765197,22.41433623],[114.28764143,22.41395912],[114.28722511,22.41372472],[114.28671416,22.41220744],[114.28669594,22.41193471],[114.2867397,22.41155989],[114.28719264,22.41105981],[114.28745284,22.40997085],[114.28756759,22.40967171],[114.28749062,22.4095565],[114.2872983,22.40895763],[114.28644035,22.40753548],[114.28589519,22.40702253],[114.28524488,22.40663133],[114.28500065,22.40643931],[114.28479046,22.40613662],[114.28435527,22.40518145],[114.28410155,22.40490865],[114.28362032,22.40456419],[114.28348017,22.40443926],[114.28312042,22.40400349],[114.28274415,22.40337233],[114.28184201,22.40137836],[114.27938275,22.40204753],[114.27789579,22.40250492],[114.27704952,22.40281817],[114.27673381,22.40281836],[114.2766148,22.40275887],[114.27644079,22.4025739],[114.27536899,22.40169822],[114.27476319,22.40126223],[114.27232596,22.3979213],[114.27172522,22.3981425],[114.27166852,22.39813967],[114.27137475,22.39801399],[114.27117968,22.39802219],[114.2710944,22.3980056],[114.27088814,22.39791391],[114.27049947,22.39789704],[114.25806046,22.39845937],[114.25244738,22.39360018],[114.25245196,22.39435893],[114.25220729,22.39539702],[114.25251454,22.39648887],[114.25285524,22.39711222],[114.25272234,22.39817739],[114.25274612,22.39911623],[114.25282438,22.39929642],[114.25302497,22.39961852],[114.25308807,22.39984126],[114.25313723,22.39992056],[114.2533142,22.40004992],[114.25346254,22.4003929],[114.25390725,22.40085999],[114.25424343,22.40108227],[114.25438492,22.40130082],[114.25406221,22.40198716],[114.2537675,22.40219695],[114.2536505,22.40233006],[114.25355527,22.40258408],[114.25345315,22.40275367],[114.25302725,22.40310039],[114.25356395,22.40384937],[114.25351098,22.4047485],[114.25333509,22.40486759],[114.25275819,22.40515078],[114.25257918,22.40529896],[114.2523634,22.40527138],[114.25179216,22.40597887],[114.25184375,22.40630606],[114.25179461,22.40645856],[114.25180679,22.40669148],[114.25179949,22.40675964],[114.25174293,22.40690661],[114.25158835,22.40712137],[114.25176838,22.40743488],[114.25178505,22.40752205],[114.25178114,22.40755121],[114.2517044,22.40774182],[114.25167373,22.40786831],[114.25166153,22.40797666],[114.2516641,22.40809626],[114.2520428,22.40887325],[114.25206946,22.40908101],[114.25205342,22.40971205],[114.25196436,22.4099809],[114.25188116,22.41014536],[114.25183711,22.41017694],[114.25180634,22.41023197],[114.25178618,22.41040451],[114.25163053,22.41059934],[114.25158726,22.41070228],[114.2514449,22.41082701],[114.25094145,22.41168996],[114.25089143,22.4117433],[114.25073468,22.41180858],[114.25063844,22.41187491],[114.2505121,22.41202788],[114.25029867,22.41235224],[114.25016047,22.4125054],[114.25010256,22.41254955],[114.24997799,22.41269312],[114.24980796,22.41292764],[114.24847907,22.41419017],[114.24855839,22.41447841],[114.24866791,22.41454257],[114.24887084,22.41469534],[114.24896999,22.41482885],[114.24901122,22.41507329],[114.24838684,22.41679048],[114.24827005,22.41816252],[114.24821271,22.41853036],[114.24829272,22.41873118],[114.24825508,22.41886058],[114.24826,22.41909891],[114.24825491,22.41949066],[114.24841652,22.42019475],[114.24942874,22.42242141],[114.24938515,22.42273129],[114.24931527,22.42284983],[114.24896159,22.42369549],[114.24867673,22.42417465],[114.24863386,22.42434913],[114.24868016,22.42452284],[114.24887102,22.42488954],[114.24882461,22.42516395],[114.24885389,22.42534008],[114.2489799,22.4254744],[114.24906788,22.42551196],[114.24922643,22.42554298],[114.24929754,22.42560362],[114.24934149,22.42577473],[114.24930402,22.42587768],[114.24864278,22.42686337],[114.24837331,22.42723898],[114.24797294,22.42774983],[114.24789761,22.4278627],[114.24766897,22.42788283],[114.2472419,22.42762037],[114.24703577,22.42777348],[114.24704751,22.42786215],[114.24705247,22.42805366],[114.24709301,22.42823004],[114.24752232,22.42897106],[114.24880519,22.42929342],[114.24860621,22.42965794],[114.24803578,22.42978138],[114.2480034,22.42990212],[114.2494874,22.43141595],[114.24911573,22.43194048],[114.24971825,22.43243688],[114.24961162,22.4328704],[114.24961147,22.43312465],[114.25041291,22.43333574],[114.25100791,22.43318472],[114.25312815,22.43448148],[114.25414106,22.43454262],[114.25432169,22.43482757],[114.2544892,22.43474001],[114.25418416,22.43444948],[114.25429628,22.43406733],[114.25417169,22.4336797],[114.25441462,22.43323025],[114.25502342,22.43314761],[114.25554929,22.43274969],[114.25563181,22.43224829],[114.25615486,22.43131778],[114.25637623,22.43098754],[114.25665432,22.43098372],[114.25698777,22.43135931],[114.25702297,22.43162339],[114.25728171,22.4317043],[114.25748424,22.43228869],[114.25790856,22.43247984],[114.25839311,22.43245255],[114.25863714,22.43221353],[114.2590127,22.43258973],[114.25936166,22.43266649],[114.25963457,22.43258779],[114.25976688,22.43234705],[114.25995865,22.4325257],[114.25995756,22.43242682],[114.26054295,22.43232128],[114.26088903,22.43251711],[114.26090836,22.43266699],[114.26123174,22.43228878],[114.26114414,22.43267647],[114.26138983,22.43286393],[114.26167963,22.43275044],[114.26226793,22.43306791],[114.26289399,22.43313633],[114.2631733,22.43361732],[114.26339015,22.4336986],[114.26374123,22.43373706],[114.2638285,22.43343834],[114.26416083,22.43389393],[114.26480888,22.43387808],[114.26531751,22.43341802],[114.26545712,22.4336511],[114.26592468,22.43340674],[114.26577008,22.43364911],[114.26587224,22.4337544],[114.26601932,22.43361357],[114.26615574,22.43380986],[114.26639405,22.43368643],[114.26640865,22.43345995],[114.26653968,22.43343007],[114.26658575,22.433579],[114.26690612,22.43329948],[114.26717901,22.43352643],[114.2671597,22.43328403],[114.26773749,22.43365936],[114.26789725,22.43415661],[114.26770072,22.43485531],[114.26780073,22.43486651],[114.2680271,22.43406502],[114.26838278,22.43387842],[114.26867819,22.43347695],[114.26896473,22.43203288],[114.26940843,22.43172058],[114.26974517,22.43202855],[114.26984028,22.43193877],[114.26983917,22.43180739],[114.26969961,22.43194537],[114.26946728,22.43173212],[114.26953305,22.43145926],[114.26989255,22.43121027],[114.27022124,22.43061097],[114.27075377,22.43010764],[114.27055613,22.42909902],[114.2710672,22.42911188],[114.27039427,22.429024],[114.27042557,22.42867328],[114.27073125,22.42832477],[114.27113807,22.42839943],[114.27114449,22.42835996],[114.27073434,22.42831253],[114.27063845,22.42802642],[114.27137968,22.4280275],[114.27137921,22.42794584],[114.27078049,22.42799551],[114.27076065,22.42751807],[114.2709757,22.42703583],[114.27063635,22.42584097],[114.27103188,22.42542447],[114.27095599,22.42517476],[114.27048898,22.42485984],[114.27034017,22.42446851],[114.27076787,22.42385135],[114.27060976,22.42363608],[114.27071203,22.42308469],[114.27045698,22.4224264],[114.27030902,22.42225792],[114.26971878,22.422122],[114.26903207,22.42143449],[114.26837993,22.421328],[114.26801912,22.42167276],[114.2677194,22.42169328],[114.26741818,22.42146042],[114.26730091,22.42105719],[114.2676015,22.42076347],[114.26753703,22.42061453],[114.26813345,22.41960677],[114.26833118,22.41872132],[114.26964961,22.41836929],[114.27010455,22.41654016],[114.27093444,22.41592611],[114.27149773,22.4152603],[114.27218652,22.41497163],[114.2720052,22.41496362],[114.27204177,22.41483756],[114.27319299,22.41351429],[114.27395823,22.41303636],[114.27421042,22.41303549],[114.27409863,22.4120946],[114.2742628,22.41168883],[114.27522086,22.41046093],[114.2758082,22.40931969],[114.27621014,22.40901427],[114.27638554,22.40971565],[114.27573886,22.41200666],[114.27602045,22.41284895],[114.27597085,22.41324359],[114.27565512,22.4139076],[114.27529215,22.41428241],[114.27502799,22.41509182],[114.27429633,22.41530701],[114.27501788,22.4151591],[114.27554494,22.4164409],[114.27572848,22.41657703],[114.27565802,22.41693205],[114.27584103,22.41757148],[114.27573794,22.41804095],[114.27590253,22.41843185],[114.27573265,22.4186113],[114.27607581,22.41887235],[114.2761045,22.41895739],[114.27610859,22.41903173],[114.27595032,22.41901267],[114.27837922,22.41969099],[114.27889155,22.41998264],[114.27933376,22.42058396],[114.27968671,22.42066995],[114.28080612,22.42151008],[114.28264978,22.42225056],[114.28333606,22.42284555],[114.28328791,22.42314915],[114.28377927,22.42344012],[114.28403906,22.42334985],[114.28437415,22.42353061],[114.28465198,22.42426627],[114.28544041,22.42502727],[114.28602777,22.42495402],[114.28653334,22.42519891],[114.2875057,22.42528022],[114.28774418,22.42551633],[114.28746822,22.42552519],[114.28731532,22.42579071],[114.2873631,22.42628696],[114.28776707,22.42650682],[114.28799908,22.42640641],[114.28766547,22.42707142],[114.28788407,22.42695391],[114.28800326,22.42707378],[114.28813704,22.4264256],[114.28828628,22.42647137],[114.28862675,22.42730413],[114.28837311,22.42777059],[114.28863231,22.42803701],[114.28881174,22.42792467],[114.289171,22.42816281],[114.28939637,22.42856744],[114.28983708,22.42840979],[114.28942893,22.42877394],[114.28869239,22.42907459],[114.28848626,22.42934485],[114.28786463,22.42915721],[114.28683732,22.42940663],[114.28657378,22.4295954],[114.2857604,22.42946195],[114.28542411,22.43002814],[114.28543427,22.43065502],[114.28523242,22.43064527],[114.28504783,22.43106586],[114.28402936,22.43183354],[114.28340905,22.43299863],[114.28356589,22.43530823],[114.28312339,22.43573358],[114.28237569,22.4361265],[114.28209543,22.43693871],[114.28205331,22.43788194],[114.28181664,22.43841479],[114.2813183,22.43888305],[114.28120668,22.43944834],[114.28148429,22.44054087],[114.28126343,22.44074077],[114.28142969,22.44090033],[114.28136236,22.44069945],[114.28181196,22.44053552],[114.28257663,22.44100942],[114.28326451,22.44171261],[114.28399103,22.44192357],[114.28378171,22.44360749],[114.2821006,22.44391841],[114.28179503,22.44347396],[114.28106448,22.44339077],[114.28095556,22.4436114],[114.28050152,22.44375985],[114.28024981,22.44402734],[114.27961237,22.44409019],[114.27945499,22.44395264],[114.27857697,22.44437063],[114.2783978,22.44359437],[114.27852234,22.44307451],[114.2781655,22.44291611],[114.27787526,22.44307498],[114.27723067,22.44405873],[114.27717619,22.44438072],[114.27741389,22.44495697],[114.27774972,22.44493421],[114.27818839,22.4451428],[114.27868568,22.44577561],[114.27909953,22.44596043],[114.27933602,22.44657031],[114.28024715,22.44723523],[114.2809146,22.44843908],[114.28103928,22.4490922],[114.28259252,22.45100191],[114.28455297,22.45192879],[114.28474879,22.45220833],[114.28529744,22.45213917],[114.28547358,22.45228719],[114.28581754,22.45344211],[114.28610781,22.45382651],[114.28686236,22.45384918],[114.28724474,22.45334328],[114.28888102,22.45255125],[114.28918708,22.45106493],[114.28936983,22.45095177],[114.28952422,22.45021984],[114.28977651,22.45009],[114.2900064,22.44943678],[114.29015511,22.44942443],[114.2903297,22.44970507],[114.29145122,22.45000246],[114.29174594,22.45051882],[114.29208381,22.45056425],[114.29219244,22.45086582],[114.29208094,22.45128165],[114.29159161,22.45190794],[114.29132415,22.45277599],[114.29155898,22.45299282],[114.29161867,22.45355414],[114.29191959,22.45366518],[114.2919997,22.45387998],[114.29153331,22.45503875],[114.29182982,22.45571629],[114.29180042,22.45611869],[114.29204817,22.45647762],[114.29243184,22.45670492],[114.29172449,22.45810678],[114.29174067,22.45825166],[114.29206497,22.45840751],[114.29243135,22.4584369],[114.29284293,22.45814456],[114.29323697,22.45816804],[114.2934073,22.45771481],[114.29384867,22.45733645],[114.29442533,22.45620887],[114.29463091,22.45606948],[114.29464701,22.45559687],[114.29481341,22.45570569],[114.29491441,22.45614164],[114.29650865,22.45582388],[114.29740577,22.45623034],[114.29811583,22.45614987],[114.29899069,22.45661824],[114.29959348,22.45654247],[114.29983616,22.45702059],[114.30005371,22.45692389],[114.29982473,22.4569235],[114.29962956,22.45653733],[114.29995394,22.45567633],[114.29949436,22.45493923],[114.29949593,22.45451478],[114.29970196,22.45474907],[114.29991015,22.45414019],[114.30029067,22.45436804],[114.30029323,22.45421636],[114.30049085,22.4541918],[114.30145985,22.4544224],[114.30247011,22.4552419],[114.30324321,22.45541708],[114.30354441,22.45647219],[114.30336949,22.45676361],[114.30370282,22.45730217],[114.3034232,22.45757247],[114.30303136,22.45740118],[114.3029869,22.45746756],[114.30351756,22.45764495],[114.30318907,22.45774011],[114.30357329,22.45765424],[114.30365488,22.45818847],[114.30399597,22.45879181],[114.30376413,22.4590569],[114.30389012,22.45929587],[114.30379913,22.45955891],[114.30271152,22.46077475],[114.30268672,22.46145562],[114.30307052,22.46165755],[114.30287599,22.4621382],[114.30210041,22.46267678],[114.30199332,22.4629711],[114.30225372,22.46320806],[114.30252432,22.46288862],[114.30339529,22.46252032],[114.30367224,22.46253549],[114.304034,22.46277379],[114.3043672,22.46329179],[114.30484648,22.46350768],[114.30485039,22.46391721],[114.30448467,22.46465983],[114.30472644,22.46513319],[114.30505764,22.46516091],[114.30529893,22.46538054],[114.30532248,22.46576335],[114.30511061,22.46616892],[114.30546015,22.46704539],[114.30534335,22.46720266],[114.30553979,22.46770727],[114.30635993,22.46823958],[114.3069043,22.46887673],[114.30738557,22.46917178],[114.30770679,22.46919484],[114.30818981,22.47057027],[114.30847765,22.47098463],[114.30870107,22.47096944],[114.3092752,22.47138837],[114.30949663,22.47136629],[114.30992104,22.47161124],[114.31123558,22.47143405],[114.31187823,22.47166449],[114.31219466,22.47159549],[114.31210754,22.47216054],[114.31234504,22.47194235],[114.31268084,22.47196511],[114.31269067,22.47220866],[114.31318401,22.4726465],[114.3131889,22.47308935],[114.31350495,22.47311233],[114.31401324,22.47353404],[114.31422385,22.47401228],[114.31421272,22.47500993],[114.31469548,22.4752311],[114.3148225,22.4757776],[114.31551772,22.47616847],[114.31636153,22.47700291],[114.31782664,22.47728401],[114.3178127,22.47739784],[114.31835419,22.47706439],[114.32025831,22.47669383],[114.32045536,22.47707648],[114.32081729,22.4795057],[114.32110491,22.47972551],[114.32116642,22.48024841],[114.3214425,22.48047389],[114.32170665,22.48046092],[114.32209996,22.48017278],[114.32221638,22.47948058],[114.32313717,22.47819692]]],[[[114.33121978,22.48067978],[114.33182436,22.48003252],[114.33188358,22.47826627],[114.33139448,22.47685067],[114.33111009,22.47675085],[114.33088544,22.47682054],[114.3307085,22.47713181],[114.33080181,22.47767651],[114.33056518,22.4794533],[114.33072469,22.48048438],[114.33089917,22.4806778],[114.33121978,22.48067978]]],[[[114.37043738,22.48418168],[114.37151674,22.48329608],[114.37130552,22.48275638],[114.37048409,22.48296676],[114.37015409,22.48324822],[114.37002259,22.48385233],[114.37043738,22.48418168]]],[[[114.35969589,22.48643002],[114.36084013,22.48606782],[114.36172113,22.48522105],[114.36237302,22.48518744],[114.36346822,22.48538223],[114.3640784,22.48469389],[114.36404191,22.48457002],[114.36436619,22.48441106],[114.36423757,22.48395906],[114.36447428,22.48380106],[114.3645894,22.48334905],[114.36456844,22.48227074],[114.36443887,22.48221268],[114.36455954,22.48211388],[114.36437586,22.48191122],[114.36421695,22.48203156],[114.36391862,22.48187411],[114.36358256,22.48147816],[114.3633003,22.48041075],[114.36344187,22.47916549],[114.36383562,22.47868507],[114.36514899,22.4780482],[114.36584754,22.47756461],[114.36592861,22.47736423],[114.36616552,22.47742033],[114.36633196,22.47727073],[114.36623371,22.47715864],[114.36660054,22.47706929],[114.36623329,22.47711417],[114.36677322,22.47670145],[114.36678456,22.47653558],[114.36650483,22.47637707],[114.36693925,22.47590098],[114.36668943,22.47560443],[114.36682327,22.4755445],[114.36657505,22.47543443],[114.36677897,22.47525845],[114.36656536,22.47530279],[114.36650264,22.47513032],[114.36667583,22.4747284],[114.36619153,22.47383622],[114.3662291,22.47346101],[114.36651494,22.47339492],[114.36650962,22.47317129],[114.36635134,22.47316102],[114.36670446,22.47301747],[114.36668634,22.47277181],[114.3664738,22.47277035],[114.36645027,22.47291245],[114.36642252,22.47270589],[114.36602526,22.47262698],[114.36586127,22.4723753],[114.36598863,22.47230383],[114.36571549,22.47234916],[114.36583356,22.47216327],[114.36544186,22.47208578],[114.36534196,22.47224867],[114.36532544,22.47189024],[114.3647442,22.47196436],[114.36421358,22.4717071],[114.36379851,22.47120602],[114.36367711,22.47008931],[114.36380894,22.46973595],[114.36407575,22.46954079],[114.36415415,22.46920995],[114.36404993,22.46920188],[114.36431234,22.4689323],[114.36420756,22.46864866],[114.36441846,22.46855014],[114.36419371,22.46851216],[114.36399667,22.46795695],[114.36389673,22.46798554],[114.36401828,22.46780596],[114.36366649,22.46732477],[114.36378076,22.46721461],[114.36352778,22.4671107],[114.36365947,22.46694208],[114.36333654,22.4670285],[114.36311787,22.46681592],[114.36320175,22.46667728],[114.36302567,22.46675361],[114.3625968,22.46645893],[114.36223004,22.46575258],[114.3621124,22.46579282],[114.36219724,22.46561507],[114.36207989,22.46570652],[114.36186282,22.46546476],[114.3607531,22.46513493],[114.35939116,22.46552664],[114.35831501,22.46649411],[114.35818373,22.46726234],[114.35761699,22.46725793],[114.35809349,22.46732873],[114.35827792,22.46851053],[114.35865322,22.46877973],[114.35861663,22.46915796],[114.3588638,22.46935199],[114.35891884,22.47007352],[114.35888134,22.47020463],[114.35857868,22.47026239],[114.35860784,22.47048619],[114.35864676,22.47031447],[114.35892192,22.47029309],[114.35928006,22.47063115],[114.35918222,22.47092928],[114.35935901,22.47088333],[114.35938672,22.47128614],[114.35924674,22.47133576],[114.35965197,22.47204167],[114.35966069,22.4724447],[114.36051114,22.47246364],[114.36050956,22.47229098],[114.36082239,22.47217019],[114.36080806,22.47283523],[114.36133415,22.47292657],[114.36127556,22.47398728],[114.36111017,22.47403936],[114.36095792,22.47355973],[114.36041403,22.47357814],[114.35996517,22.47338495],[114.35948206,22.47280206],[114.35873982,22.47223572],[114.35848724,22.47175709],[114.35816675,22.4716905],[114.35774587,22.47188821],[114.35754768,22.47240226],[114.35778018,22.47313781],[114.35737494,22.47375766],[114.35751854,22.47469824],[114.35733749,22.47497343],[114.35736854,22.47553385],[114.35634768,22.47608436],[114.35619261,22.47647774],[114.35663468,22.47708372],[114.356767,22.47771139],[114.35637906,22.47808135],[114.35571171,22.47917247],[114.35547065,22.48018147],[114.3550381,22.48023336],[114.35494863,22.48006659],[114.35477136,22.48023448],[114.35461034,22.4800362],[114.35437707,22.4800853],[114.35410161,22.48023953],[114.35409437,22.48046556],[114.35374017,22.48034057],[114.35330326,22.48073732],[114.35384421,22.48160512],[114.35445975,22.48188797],[114.35439753,22.48199643],[114.3546728,22.48225725],[114.35519268,22.48223294],[114.35555735,22.48249925],[114.35588962,22.48245178],[114.35599328,22.48266231],[114.35609334,22.48249909],[114.35630775,22.48258411],[114.35657761,22.48289401],[114.35664685,22.48341463],[114.35708,22.48374661],[114.35733362,22.48458308],[114.35788829,22.48540157],[114.35921568,22.48612174],[114.35941891,22.48641274],[114.35946063,22.48632135],[114.35969589,22.48643002]]],[[[114.35979806,22.50476971],[114.36027429,22.50458944],[114.36031855,22.50467547],[114.36034135,22.50454],[114.36088811,22.50463971],[114.36127763,22.50455182],[114.36147639,22.50414401],[114.3614145,22.50397532],[114.36176126,22.5039314],[114.36191388,22.50348275],[114.36219339,22.50328554],[114.36246892,22.5041719],[114.36301125,22.50412727],[114.36320905,22.50389134],[114.36376162,22.50405385],[114.36397861,22.50370559],[114.36370013,22.50339269],[114.3635341,22.50344634],[114.36354173,22.5031891],[114.36327125,22.50331747],[114.36314031,22.50321771],[114.36321164,22.50282999],[114.36270402,22.5027084],[114.36293184,22.50258212],[114.36266097,22.50174093],[114.36241106,22.50194926],[114.36231259,22.50170833],[114.3621661,22.5017604],[114.36195749,22.50147905],[114.36194411,22.50127311],[114.36219833,22.50105114],[114.36199978,22.5005795],[114.36173278,22.50090781],[114.36134073,22.50054289],[114.36119346,22.49997034],[114.36137021,22.49980306],[114.36113139,22.49980082],[114.36114442,22.49957109],[114.36098682,22.49958024],[114.36078641,22.49930691],[114.36088619,22.49871234],[114.36063389,22.49876355],[114.36088445,22.49849752],[114.36067551,22.49859326],[114.36088904,22.49844078],[114.3606875,22.49841697],[114.36096692,22.49785287],[114.3607194,22.49769335],[114.36085156,22.49742389],[114.3607864,22.49733838],[114.36054218,22.49750717],[114.36038519,22.49724324],[114.36008546,22.4972604],[114.36041906,22.49689617],[114.36020781,22.49685169],[114.36022954,22.49646174],[114.35999777,22.49672077],[114.35974542,22.49637204],[114.3595595,22.49666494],[114.3593385,22.49666842],[114.35928906,22.49690161],[114.35913862,22.49682154],[114.35910169,22.49697317],[114.35887241,22.4969789],[114.35870739,22.49666712],[114.35842197,22.49675689],[114.35822129,22.49662794],[114.35815371,22.49616519],[114.35794079,22.49588048],[114.35790548,22.49620278],[114.35769843,22.49609754],[114.35766172,22.49648042],[114.35738038,22.49690802],[114.35733688,22.49743741],[114.35659379,22.49838103],[114.3566531,22.49854955],[114.35627972,22.4987159],[114.35574625,22.49963269],[114.35508368,22.50036492],[114.35525319,22.50048264],[114.35534436,22.50037879],[114.35578364,22.50072086],[114.3561884,22.50061647],[114.35652286,22.50071857],[114.35710093,22.50122599],[114.35672648,22.50241573],[114.35689874,22.50370392],[114.35744565,22.50384204],[114.35748738,22.5037047],[114.35779459,22.50374817],[114.35907351,22.50467846],[114.35979806,22.50476971]]],[[[114.33592466,22.51002519],[114.33586854,22.50972374],[114.33616406,22.50950594],[114.3359956,22.50929398],[114.33619175,22.50924232],[114.33613223,22.50901233],[114.33649116,22.50903955],[114.33627976,22.50848822],[114.33643637,22.50850314],[114.33633207,22.50837854],[114.33649301,22.50833503],[114.33645539,22.50818074],[114.33662178,22.50824977],[114.33607587,22.50755139],[114.33481036,22.50682443],[114.33396842,22.50553968],[114.33237785,22.5045683],[114.33213238,22.50438149],[114.33215029,22.50421081],[114.33163013,22.50402601],[114.33177716,22.50403924],[114.33174209,22.50394099],[114.33156867,22.50398026],[114.33150883,22.50382407],[114.33087988,22.50350151],[114.33054018,22.50341938],[114.33000522,22.50354892],[114.32930001,22.50331826],[114.32887895,22.50270144],[114.32856312,22.50257763],[114.3282617,22.50222878],[114.32806548,22.50168769],[114.32791105,22.50168302],[114.32700847,22.50065175],[114.3267956,22.50058306],[114.32640758,22.50077248],[114.32609331,22.50068791],[114.32584986,22.50082991],[114.32547771,22.50060857],[114.32433784,22.49923247],[114.32416463,22.49879417],[114.32426259,22.49876072],[114.32409942,22.4986803],[114.32415087,22.49831887],[114.3232051,22.49710314],[114.32300287,22.49694731],[114.32202075,22.49687712],[114.32181643,22.49667671],[114.32163728,22.4962683],[114.32181742,22.49602667],[114.32139368,22.49515525],[114.32101061,22.49499433],[114.3201617,22.49503178],[114.31963031,22.49485608],[114.31946484,22.49455753],[114.31964214,22.49409585],[114.31883617,22.49293963],[114.31877003,22.49251122],[114.31890991,22.49225534],[114.31848513,22.49171425],[114.31823227,22.491722],[114.31820699,22.49204282],[114.31803723,22.49213014],[114.31685352,22.49182502],[114.31622162,22.49065283],[114.31544283,22.48991968],[114.31519324,22.48929265],[114.31487153,22.4891697],[114.31465371,22.48888725],[114.31417517,22.48894258],[114.31378874,22.48874356],[114.31335116,22.48838253],[114.31335524,22.48811031],[114.31254469,22.48748398],[114.31207494,22.48751073],[114.3119352,22.48834603],[114.31169366,22.48858703],[114.31201317,22.48924129],[114.31279099,22.48992962],[114.31264548,22.4902485],[114.31281226,22.49035305],[114.31228893,22.49035222],[114.31210778,22.49008202],[114.3116425,22.48991181],[114.31127681,22.49003393],[114.31109558,22.48985579],[114.31093108,22.48988812],[114.31096652,22.48969567],[114.31079583,22.48954334],[114.31090416,22.48942637],[114.31078039,22.48952938],[114.31058444,22.48939924],[114.31072707,22.48880428],[114.31044569,22.48846489],[114.31000536,22.48835642],[114.30925882,22.48880653],[114.30889329,22.4886156],[114.30868325,22.48869096],[114.30900076,22.48809117],[114.30851266,22.48753305],[114.30764448,22.48701433],[114.30636689,22.4869263],[114.3064304,22.48680149],[114.3060021,22.48667135],[114.30588234,22.48645029],[114.30608839,22.48593251],[114.30637151,22.48607046],[114.30588012,22.48571372],[114.30543716,22.48567869],[114.30539804,22.485643],[114.30585527,22.48567084],[114.30649388,22.48585348],[114.30767628,22.48566395],[114.30927446,22.48600485],[114.30914658,22.48589469],[114.30930237,22.48567343],[114.30797585,22.48439022],[114.30768837,22.483712],[114.30719054,22.48323999],[114.30687494,22.48317702],[114.30516285,22.48209166],[114.30400178,22.48178968],[114.30252877,22.48077334],[114.30194176,22.48068986],[114.29986364,22.4796181],[114.29859244,22.4793675],[114.29831222,22.47951148],[114.29787389,22.4794177],[114.29757767,22.47952798],[114.29692813,22.47903268],[114.2959983,22.47880096],[114.29529616,22.47902631],[114.29502884,22.47953158],[114.29484602,22.47924484],[114.29454912,22.47956338],[114.29461981,22.47926804],[114.29421987,22.47865561],[114.29433756,22.477756],[114.29355573,22.47675113],[114.29206552,22.47559164],[114.29094675,22.47527882],[114.29043575,22.47536214],[114.29037419,22.47553387],[114.28963708,22.4755452],[114.28949669,22.47569758],[114.28945802,22.47513102],[114.29010146,22.47469084],[114.2897678,22.47434321],[114.28913115,22.47427182],[114.28905049,22.4746254],[114.28870158,22.47490236],[114.28812152,22.47466934],[114.28712694,22.47397317],[114.28512847,22.47369762],[114.2840053,22.47290894],[114.282093,22.47194929],[114.28147451,22.47147254],[114.28051581,22.47107433],[114.27970283,22.47049349],[114.27926477,22.47048944],[114.27913672,22.47065374],[114.27817848,22.47064298],[114.27715514,22.4711354],[114.27708372,22.47137365],[114.27674208,22.47150607],[114.27578998,22.47154517],[114.27410014,22.47106018],[114.27333868,22.47124977],[114.27294643,22.4707759],[114.27306984,22.4706075],[114.27228923,22.46990755],[114.27184117,22.46920768],[114.27114414,22.46887078],[114.27095361,22.46884736],[114.27099865,22.46897192],[114.27080736,22.46906096],[114.27039401,22.46886901],[114.27020971,22.46837084],[114.26993838,22.46812154],[114.27000768,22.4671351],[114.2708713,22.46719729],[114.2711972,22.46757121],[114.27209154,22.46787872],[114.27359925,22.46880109],[114.2744428,22.46889704],[114.27484918,22.46848689],[114.27068597,22.46613128],[114.26796594,22.46531012],[114.26581048,22.46336406],[114.26386086,22.46259231],[114.26354338,22.46263945],[114.26279168,22.46223523],[114.26256637,22.46199079],[114.26242804,22.46133798],[114.2619513,22.46084596],[114.2616206,22.46084687],[114.26170003,22.4606486],[114.26116308,22.46045102],[114.26045751,22.4591056],[114.26045432,22.4586267],[114.26023119,22.45868343],[114.25996745,22.45843471],[114.25941708,22.45756286],[114.2592769,22.45682924],[114.25954745,22.45684926],[114.2587124,22.45562855],[114.25821302,22.45552369],[114.25820884,22.45509727],[114.25806674,22.45509751],[114.25806633,22.45556514],[114.25780159,22.45560007],[114.25765586,22.45579211],[114.25733681,22.45581844],[114.25705786,22.45556767],[114.2573699,22.45513429],[114.25736162,22.45469764],[114.25674097,22.45390553],[114.25629323,22.45387686],[114.25495597,22.45302302],[114.25476169,22.45325656],[114.25414875,22.45285497],[114.25343163,22.45364661],[114.25245496,22.45344745],[114.25223574,22.45345021],[114.25214899,22.45360422],[114.25088765,22.45347425],[114.25091247,22.45318509],[114.25070111,22.45313719],[114.25044103,22.45269271],[114.2497426,22.45280205],[114.24884522,22.45228951],[114.24876166,22.45236427],[114.24858243,22.45204964],[114.24769351,22.45140674],[114.24681303,22.4498119],[114.24660064,22.44994835],[114.24690884,22.45144492],[114.24691708,22.4530256],[114.24662397,22.45373649],[114.2475957,22.4547521],[114.24764926,22.455137],[114.23481173,22.46780701],[114.23443501,22.46793791],[114.2338394,22.46764767],[114.23307336,22.46770027],[114.23284318,22.46799365],[114.23247263,22.46793862],[114.23284113,22.46800744],[114.23290747,22.46829627],[114.23165368,22.46838629],[114.23183816,22.46913898],[114.23205083,22.46882758],[114.23254512,22.46879587],[114.23331235,22.46919356],[114.23284012,22.47035587],[114.23275076,22.47047326],[114.23244272,22.470418],[114.23283838,22.47052555],[114.23270531,22.47101868],[114.23232797,22.47086641],[114.23260287,22.47101547],[114.232555,22.47114355],[114.23212747,22.47159314],[114.23172751,22.4717034],[114.23156678,22.47216116],[114.23129827,22.47230616],[114.23078535,22.47223359],[114.23051167,22.47196594],[114.22961083,22.47203797],[114.22845212,22.47185652],[114.22911627,22.4709405],[114.22861492,22.4715857],[114.22696937,22.47062238],[114.22729888,22.47014057],[114.22669009,22.47095226],[114.22658528,22.47077942],[114.22568973,22.47119015],[114.22488583,22.46987532],[114.22455412,22.46962647],[114.22433282,22.46916785],[114.22372857,22.46877069],[114.22350424,22.46834568],[114.22310313,22.46838709],[114.22322655,22.46882759],[114.22312353,22.46912901],[114.22318246,22.46880043],[114.22295568,22.46832999],[114.22283106,22.4686376],[114.22267792,22.46856592],[114.22273482,22.46884566],[114.22256318,22.46895817],[114.22232138,22.46888129],[114.22232329,22.46764803],[114.20972904,22.46764885],[114.20953228,22.46709351],[114.20907534,22.46694367],[114.20876662,22.46516084],[114.20947858,22.46463262],[114.20957823,22.46406957],[114.20890146,22.46264753],[114.20833338,22.46221993],[114.20888633,22.46199242],[114.20832744,22.46220025],[114.20822287,22.4612115],[114.20883701,22.45913628],[114.21005958,22.45859101],[114.21147504,22.4583264],[114.21208971,22.45746612],[114.21324151,22.45722543],[114.2134578,22.45738547],[114.21325485,22.45759503],[114.21347353,22.45739851],[114.21378475,22.45758701],[114.21366787,22.4578477],[114.2138026,22.45759461],[114.21440551,22.45773125],[114.21475643,22.45706774],[114.21466463,22.45655171],[114.21496306,22.45629839],[114.21550754,22.45626214],[114.21641946,22.45691828],[114.21642345,22.45733377],[114.21659401,22.45742873],[114.2173899,22.45692439],[114.21926844,22.45678297],[114.21996369,22.45637734],[114.22005759,22.45620573],[114.21981144,22.45591911],[114.21903773,22.45562356],[114.21857163,22.45573931],[114.21806047,22.45613354],[114.21776037,22.45610918],[114.21573105,22.45446008],[114.21512859,22.45359891],[114.21541738,22.45272397],[114.21582209,22.45235247],[114.21668571,22.45205022],[114.21818278,22.45187657],[114.21918508,22.45161293],[114.21986345,22.45126125],[114.22042926,22.45121566],[114.22069758,22.45060045],[114.22106308,22.45023082],[114.22148551,22.45021857],[114.22180932,22.4500204],[114.22230821,22.45027509],[114.22312069,22.45034298],[114.22422592,22.45092518],[114.22584103,22.45231088],[114.22680437,22.45264111],[114.22684904,22.45384939],[114.22756979,22.45489933],[114.22747012,22.45561706],[114.2293403,22.45761713],[114.22990631,22.45801369],[114.23113801,22.45862482],[114.23214885,22.45881139],[114.23360657,22.4578153],[114.2343429,22.45755316],[114.23436479,22.45707],[114.23357799,22.45613459],[114.23366485,22.45539513],[114.23322536,22.45452204],[114.23222905,22.4534272],[114.23114738,22.45305022],[114.23018367,22.45138975],[114.22933971,22.45077463],[114.22817208,22.45079327],[114.22707776,22.45039387],[114.22605112,22.44926876],[114.22540198,22.44893165],[114.22477118,22.44884252],[114.22489061,22.44941971],[114.22461691,22.44998175],[114.22278048,22.45025697],[114.22216448,22.45011588],[114.22182242,22.44983619],[114.2216025,22.44939328],[114.22083094,22.44909563],[114.21991423,22.4491414],[114.2192446,22.44899955],[114.21878365,22.44938405],[114.21779812,22.44977024],[114.21739931,22.44975356],[114.21663281,22.44950552],[114.21649342,22.44906898],[114.21662473,22.44880659],[114.21723039,22.44843013],[114.21750163,22.44788882],[114.21726665,22.44756814],[114.21599334,22.44714144],[114.21561184,22.44737483],[114.21625726,22.44803994],[114.2163311,22.44844333],[114.21600591,22.44873892],[114.2155679,22.4486539],[114.21498936,22.44921968],[114.21409392,22.44905597],[114.21406608,22.44880722],[114.2140567,22.44904061],[114.21334612,22.4491303],[114.21283304,22.44905575],[114.21273614,22.44882295],[114.21244427,22.44889695],[114.21240872,22.44912128],[114.2121032,22.44926945],[114.21132317,22.44915547],[114.21059706,22.4496197],[114.21023991,22.44944245],[114.20987633,22.44946498],[114.2096867,22.4498475],[114.20991054,22.4500692],[114.21026228,22.45012672],[114.21056508,22.4505721],[114.211216,22.45083744],[114.21188598,22.45227214],[114.21259495,22.45283314],[114.21264933,22.45358552],[114.2132751,22.45388597],[114.21359654,22.45413023],[114.21353327,22.45422884],[114.21360932,22.45413852],[114.21373384,22.45423617],[114.21368605,22.45434499],[114.21383516,22.45424887],[114.21376333,22.45437805],[114.21395912,22.45442784],[114.21383145,22.45457688],[114.21416108,22.45454107],[114.21408451,22.45479876],[114.21393957,22.45478985],[114.21410583,22.45485457],[114.21407828,22.45500556],[114.21388028,22.45498982],[114.21407357,22.45502776],[114.21394578,22.45511656],[114.21396398,22.45545695],[114.21372688,22.45542026],[114.21366794,22.45566947],[114.21320673,22.45549],[114.21362849,22.45568723],[114.21357008,22.45612479],[114.21343125,22.45619344],[114.21352226,22.45627215],[114.21337736,22.45635911],[114.21344774,22.45658911],[114.21327061,22.45652768],[114.21341617,22.45667272],[114.21319303,22.45691632],[114.21151948,22.45722177],[114.20968469,22.45697858],[114.20920459,22.45671684],[114.21159991,22.4535118],[114.2114758,22.45335981],[114.20898248,22.45664484],[114.20828612,22.45649286],[114.20778089,22.45656889],[114.20672717,22.45736921],[114.20619963,22.4575258],[114.20547701,22.45722409],[114.20466097,22.45874354],[114.20455702,22.45869532],[114.2045563,22.45893685],[114.20439478,22.45886241],[114.20417376,22.45927091],[114.2030656,22.45884473],[114.20311113,22.45975706],[114.20122675,22.45956663],[114.20066515,22.45934586],[114.19935978,22.45837747],[114.19932985,22.458178],[114.19960564,22.45788212],[114.19948988,22.45766325],[114.19830826,22.45724044],[114.19833236,22.45416427],[114.19804932,22.45342486],[114.19752017,22.45278857],[114.19640845,22.45221471],[114.19383628,22.45178796],[114.19318012,22.45127832],[114.19338385,22.45105897],[114.19302083,22.45075929],[114.19278941,22.45100298],[114.18639221,22.45256951],[114.18262776,22.45255944],[114.18190498,22.45235795],[114.18136174,22.45189845],[114.1808393,22.45015794],[114.18023365,22.44952907],[114.17951385,22.44932451],[114.17708026,22.44947158],[114.17700079,22.44883488],[114.17779139,22.44851742],[114.17812974,22.44821026],[114.17765277,22.44738227],[114.17776761,22.44665059],[114.1782259,22.44626705],[114.17879103,22.44632573],[114.17914707,22.44617988],[114.17941413,22.44569129],[114.17942604,22.44543488],[114.17928574,22.44542176],[114.17954442,22.44536101],[114.17926354,22.44540886],[114.17901908,22.44520858],[114.17903035,22.44504751],[114.17896014,22.44533336],[114.17856243,22.44532868],[114.17829052,22.44508764],[114.18117071,22.44305351],[114.18341158,22.44192147],[114.18400495,22.44262716],[114.18368466,22.44179638],[114.1851957,22.44083413],[114.18551665,22.44105232],[114.18566068,22.44061854],[114.1861719,22.44028247],[114.18757534,22.4396915],[114.18803567,22.43975806],[114.1882136,22.43950249],[114.18852873,22.43940925],[114.19276385,22.4400985],[114.19408883,22.43987379],[114.19553778,22.43930871],[114.19694642,22.43847304],[114.19896928,22.43699639],[114.19974024,22.43619614],[114.20178881,22.43520988],[114.20836992,22.43048417],[114.20850319,22.43063357],[114.20899145,22.4302836],[114.20887085,22.43012563],[114.21083157,22.42878522],[114.20771843,22.42671589],[114.20662439,22.42545744],[114.2061493,22.42553092],[114.20520847,22.42520233],[114.20504421,22.4260563],[114.20472757,22.42609402],[114.20365711,22.42466504],[114.20340646,22.42470944],[114.20329007,22.4243232],[114.20342455,22.42414586],[114.20398035,22.42259745],[114.20368796,22.42269885],[114.20352986,22.42238861],[114.2033628,22.42247413],[114.20354434,22.42305983],[114.20316394,22.42339555],[114.20285286,22.42333231],[114.20238819,22.42282901],[114.20220255,22.42289872],[114.20248612,22.42336407],[114.20222276,22.4248744],[114.20251538,22.4250453],[114.20232996,22.42539363],[114.20107282,22.42459412],[114.20100291,22.42445462],[114.20053115,22.42434862],[114.20042038,22.42353558],[114.20005283,22.42255734],[114.20024289,22.4222185],[114.20012639,22.42168345],[114.19963419,22.42154427],[114.19920327,22.42163938],[114.19867556,22.4186053],[114.18524293,22.41834691],[114.18512618,22.41562826],[114.17342267,22.41572015],[114.17340841,22.41283668],[114.16919477,22.41292776],[114.16147853,22.41309424],[114.16078476,22.41285834],[114.16047204,22.41307769],[114.15997356,22.41270684],[114.16009284,22.41205109],[114.15986084,22.41238252],[114.15874538,22.41302546],[114.15866919,22.41292149],[114.15889653,22.41239782],[114.15871966,22.41218626],[114.15836342,22.41209084],[114.15823529,22.41185475],[114.15782456,22.41215133],[114.15684544,22.41225647],[114.15656244,22.41231914],[114.15514429,22.4129001],[114.15262078,22.4124009],[114.1509468,22.4124863],[114.15041026,22.41258251],[114.14930354,22.41250339],[114.14824681,22.41229885],[114.14732743,22.41183398],[114.14704829,22.41289804],[114.14728115,22.41383209],[114.14689417,22.41459831],[114.14677709,22.41505338],[114.14694314,22.41589202],[114.1461654,22.41685859],[114.1438768,22.41588342],[114.14315965,22.41578417],[114.14187519,22.4160196],[114.14084107,22.41680765],[114.13945354,22.41731403],[114.13925845,22.41734142],[114.13848471,22.41716488],[114.13818234,22.41744866],[114.13752234,22.41753584],[114.137314,22.41746524],[114.13679265,22.41705417],[114.13624282,22.41722928],[114.13551844,22.41714231],[114.1340162,22.41660724],[114.13325739,22.41687466],[114.13243243,22.41688227],[114.13208325,22.41669421],[114.13136387,22.41677569],[114.13109489,22.41655691],[114.13098033,22.41650198],[114.13087273,22.41647824],[114.13075379,22.41647557],[114.13053005,22.41650976],[114.13000681,22.41675952],[114.12957071,22.41667507],[114.12923085,22.41671713],[114.12902124,22.41679085],[114.1284393,22.41689872],[114.12818725,22.41686703],[114.12786817,22.41677575],[114.1278513,22.41640684],[114.12682676,22.41641159],[114.12662286,22.4163641],[114.12636324,22.41621204],[114.12603756,22.41619085],[114.12581098,22.41620923],[114.12557297,22.41593487],[114.12557942,22.41620504],[114.12566241,22.41654716],[114.12555568,22.41694071],[114.12605548,22.41857232],[114.12590119,22.41897425],[114.12589694,22.4190655],[114.12595461,22.41940425],[114.12593045,22.41964051],[114.12594245,22.41975416],[114.12600199,22.41994397],[114.12600497,22.42002963],[114.12597001,22.42009737],[114.12517661,22.42103378],[114.12437145,22.42273663],[114.12383177,22.42305391],[114.12296332,22.42329324],[114.12290669,22.42335145],[114.12282654,22.42349475],[114.12224694,22.42425652],[114.12214146,22.424467],[114.12198461,22.42464063],[114.12135424,22.42578295],[114.12144532,22.42695443],[114.12142694,22.42701118],[114.12101925,22.42760053],[114.12015476,22.42777084],[114.1194144,22.42838636],[114.11896232,22.42828847],[114.1184523,22.42838553],[114.11795653,22.428945],[114.11744218,22.43003623],[114.11754641,22.4302486],[114.11751291,22.4305116],[114.11693285,22.43114803],[114.1166223,22.43190253],[114.11689851,22.43480923],[114.11598691,22.43548752],[114.11513647,22.4363914],[114.11504029,22.43702105],[114.11463521,22.43737818],[114.11427186,22.43800001],[114.11421962,22.43806716],[114.11412861,22.43827447],[114.11406885,22.43850451],[114.11367848,22.43951134],[114.11250244,22.44112894],[114.11250562,22.4413803],[114.11285732,22.44195553],[114.11208307,22.44311136],[114.11193978,22.44352483],[114.11195472,22.44379819],[114.11199817,22.44387578],[114.11526648,22.44850254],[114.11607928,22.44906087],[114.11658552,22.44973794],[114.11707779,22.44993877],[114.11746996,22.4505579],[114.11807637,22.45093288],[114.11808514,22.45146735],[114.11841565,22.45185098],[114.11835755,22.45252],[114.11850956,22.45279047],[114.11862974,22.45291262],[114.11908439,22.45326497],[114.11952126,22.45386745],[114.12003426,22.45424962],[114.12057672,22.45493156],[114.12092899,22.45516571],[114.12169812,22.45553082],[114.12179887,22.45564431],[114.12205754,22.45723256],[114.12230004,22.45785521],[114.12259455,22.45816407],[114.12301715,22.45869203],[114.12385949,22.45915398],[114.12388102,22.45977281],[114.12393174,22.46002934],[114.12438164,22.4604257],[114.12406982,22.46140202],[114.12446128,22.46210885],[114.12493241,22.46233657],[114.1248162,22.46355484],[114.12541727,22.46383441],[114.12685827,22.46383147],[114.12749073,22.46467433],[114.12766156,22.46584156],[114.1277275,22.46604453],[114.12790925,22.46650797],[114.12809927,22.46699244],[114.12873184,22.46732867],[114.1293053,22.46744213],[114.12998096,22.46829291],[114.13060535,22.46837488],[114.13104763,22.4686192],[114.1311399,22.46864712],[114.13144918,22.46862589],[114.13281051,22.46787787],[114.13400539,22.46780562],[114.1341887,22.46781513],[114.13487097,22.46800462],[114.13527822,22.46835493],[114.13574256,22.46845284],[114.13586782,22.46887345],[114.13624382,22.46924866],[114.13746787,22.4699843],[114.13764607,22.47042211],[114.13804261,22.47061486],[114.13864788,22.47108341],[114.13871579,22.47115212],[114.13871126,22.47121851],[114.13867679,22.47126632],[114.13852444,22.47130482],[114.13849745,22.47134195],[114.13850492,22.4714283],[114.1385219,22.47145337],[114.13870618,22.47157922],[114.13954679,22.47173261],[114.14054716,22.47224024],[114.14107462,22.47229561],[114.14165597,22.47258913],[114.14197251,22.47319594],[114.1421373,22.47338492],[114.14358283,22.47354074],[114.14393338,22.4739744],[114.14389286,22.47473258],[114.14532489,22.47456854],[114.14579026,22.47468109],[114.14654049,22.47551251],[114.14712755,22.47572891],[114.14813234,22.47653525],[114.14850771,22.47734639],[114.14842256,22.47796833],[114.14899521,22.47971922],[114.14927486,22.47961328],[114.1497951,22.47970433],[114.15107946,22.48041836],[114.1515213,22.48012551],[114.15293509,22.48013168],[114.15331797,22.48079862],[114.15309252,22.48142867],[114.15301645,22.48233632],[114.15331673,22.48398975],[114.15119117,22.48553183],[114.15143844,22.48561853],[114.15173722,22.48567402],[114.15189232,22.48577177],[114.15196355,22.48606137],[114.15206495,22.48630698],[114.15232655,22.48631885],[114.15149162,22.48695961],[114.15194084,22.48730207],[114.15142473,22.48809045],[114.1514073,22.48818337],[114.15144286,22.48822546],[114.15149674,22.48824435],[114.15953384,22.48829439],[114.16348096,22.48974038],[114.16407035,22.48975802],[114.16429914,22.48957413],[114.16443378,22.48894863],[114.16380113,22.48752132],[114.16385341,22.48712726],[114.16423657,22.48699774],[114.16405524,22.48602798],[114.16475007,22.48601034],[114.165125,22.4856596],[114.16558928,22.48563265],[114.16607674,22.48579998],[114.16635529,22.4860914],[114.16699366,22.48607524],[114.16794888,22.4863937],[114.16844797,22.48640451],[114.16888899,22.48696037],[114.16930106,22.48658264],[114.16976423,22.4855217],[114.17011244,22.48525191],[114.16960756,22.48501984],[114.1696424,22.48465828],[114.17066958,22.48466371],[114.17149078,22.48432539],[114.17166489,22.48401239],[114.17178675,22.48396923],[114.17195569,22.48411468],[114.17183208,22.48448689],[114.17202887,22.48518138],[114.17199887,22.48601792],[114.17243645,22.48667575],[114.17237249,22.48698167],[114.17237749,22.48705966],[114.17243294,22.48716968],[114.17274065,22.48737813],[114.17277413,22.48752715],[114.17285455,22.4876446],[114.17291099,22.48768917],[114.17362736,22.48809863],[114.17381568,22.48883258],[114.17422131,22.48907445],[114.17441114,22.48983068],[114.17486574,22.49037709],[114.17482377,22.49067559],[114.17529336,22.49097084],[114.17562557,22.49140953],[114.17632597,22.49171547],[114.17706634,22.49238302],[114.17718623,22.49250604],[114.17753794,22.49322142],[114.17775131,22.49338386],[114.17824777,22.49343946],[114.1788419,22.49414699],[114.17909502,22.49435748],[114.17921515,22.49443414],[114.17938452,22.49452259],[114.18334402,22.49562352],[114.18611432,22.49561891],[114.18722579,22.49548695],[114.18778746,22.49530922],[114.1889065,22.49511502],[114.18990718,22.4951739],[114.19086087,22.49510558],[114.19149032,22.49487201],[114.19153375,22.49451131],[114.1915772,22.49434465],[114.19195739,22.49442214],[114.19237807,22.49472849],[114.19332678,22.49477853],[114.19382839,22.49497485],[114.19429293,22.49445161],[114.19469261,22.49422843],[114.19485057,22.4938605],[114.1957619,22.49307976],[114.19662547,22.49311524],[114.19713541,22.49327777],[114.19744089,22.49299359],[114.19756505,22.49297425],[114.19932478,22.49304407],[114.20016628,22.49279425],[114.20059823,22.49293222],[114.20249577,22.49247117],[114.20434151,22.49138903],[114.20492402,22.4908939],[114.2055781,22.49075619],[114.20663666,22.48988936],[114.20704394,22.48984041],[114.20745105,22.48952848],[114.20823524,22.48970641],[114.20933208,22.49026525],[114.20972061,22.4901495],[114.21152042,22.49038897],[114.21204533,22.49039758],[114.21276848,22.49018227],[114.21326301,22.49036741],[114.21504726,22.48989842],[114.21600007,22.49016591],[114.21766608,22.4899699],[114.2194366,22.48910225],[114.2198429,22.48906699],[114.22028408,22.48924687],[114.22052326,22.48919862],[114.22176298,22.48788751],[114.22235607,22.48756187],[114.22317395,22.48743791],[114.22363414,22.48696622],[114.22410287,22.48748726],[114.22403005,22.488465],[114.2245917,22.4890178],[114.22468459,22.49025997],[114.22659915,22.49080505],[114.22686304,22.49091974],[114.22924941,22.49260156],[114.22997922,22.4936587],[114.23042915,22.49406544],[114.23115538,22.49564371],[114.23136001,22.49656728],[114.23245409,22.49834665],[114.23296309,22.4981436],[114.23344007,22.49780548],[114.23364638,22.49776735],[114.23391623,22.49791857],[114.23458366,22.49782457],[114.23553959,22.49834416],[114.23554951,22.49861138],[114.23521295,22.49907007],[114.23654507,22.50007862],[114.23768792,22.50018249],[114.23832775,22.50072211],[114.23847304,22.50299179],[114.23929774,22.50346589],[114.24023662,22.50343503],[114.24065279,22.50376415],[114.24128408,22.50391168],[114.24159348,22.50419475],[114.24164906,22.50465056],[114.24251208,22.50458489],[114.24218438,22.50224296],[114.2428929,22.50202356],[114.2434437,22.50147508],[114.24441529,22.50115994],[114.24494571,22.50082129],[114.24556228,22.49992554],[114.24751314,22.49779574],[114.24749328,22.49705531],[114.24754714,22.49686821],[114.24796953,22.49636526],[114.24805523,22.49592653],[114.24879006,22.49481113],[114.24939287,22.49446407],[114.25049631,22.49423007],[114.2516854,22.49315561],[114.25246422,22.49331769],[114.25347881,22.49328769],[114.25423213,22.49283631],[114.25585335,22.49273005],[114.25638187,22.49299056],[114.2576284,22.49290366],[114.25840553,22.49322679],[114.25949845,22.49323163],[114.2601738,22.49348531],[114.26064921,22.49321913],[114.26104791,22.49289545],[114.26242789,22.49282022],[114.26331607,22.4931821],[114.26380325,22.49299059],[114.26419319,22.49315142],[114.26466993,22.49360409],[114.26521145,22.49369439],[114.2654066,22.49405663],[114.2659916,22.49443878],[114.2659888,22.49581923],[114.26650632,22.49579949],[114.26704753,22.49542678],[114.26757806,22.49528557],[114.2685747,22.49583858],[114.26944115,22.49603939],[114.27113386,22.49583577],[114.27436103,22.49598483],[114.2755093,22.49654778],[114.27849586,22.49751132],[114.28040019,22.4982588],[114.28055435,22.49825387],[114.28264339,22.49696418],[114.28356375,22.49682265],[114.28488027,22.49686164],[114.28578979,22.49669998],[114.28706725,22.49623612],[114.28864758,22.49536943],[114.2902708,22.49397931],[114.29075788,22.49372734],[114.29158079,22.49363617],[114.29203542,22.49340435],[114.29318258,22.4925782],[114.29363973,22.49199371],[114.2960245,22.49211636],[114.29688722,22.49141842],[114.29821852,22.49070281],[114.2999619,22.49068136],[114.30053567,22.49051987],[114.30110908,22.48995579],[114.30207366,22.49003417],[114.3038558,22.49096931],[114.30510118,22.49106898],[114.30802931,22.49278747],[114.30874151,22.49344331],[114.30968732,22.49379544],[114.31003835,22.49371836],[114.31062479,22.49416628],[114.31086803,22.4942997],[114.3111897,22.49462338],[114.31135565,22.49487462],[114.31149315,22.49501776],[114.31159735,22.49521149],[114.31246977,22.49556352],[114.31385589,22.49558248],[114.31466868,22.49620582],[114.31530435,22.49639308],[114.3157368,22.4968529],[114.3161248,22.49786501],[114.31603028,22.49879226],[114.31699011,22.49916956],[114.31808905,22.50010574],[114.31912809,22.50055757],[114.32094594,22.50107107],[114.32202196,22.50217243],[114.32307505,22.50252175],[114.3239677,22.50317756],[114.32470158,22.50332718],[114.32495002,22.50328752],[114.32630107,22.50291442],[114.32652536,22.50297056],[114.32779302,22.50393845],[114.32985472,22.50500136],[114.33183235,22.50673479],[114.33280048,22.50794657],[114.33389224,22.50871176],[114.33478956,22.50902639],[114.33592466,22.51002519]]],[[[114.43012118,22.55323563],[114.43037814,22.5531561],[114.43054399,22.55280718],[114.43051357,22.55178891],[114.43023801,22.55134879],[114.43011654,22.5501529],[114.43039407,22.54828086],[114.43064627,22.54790403],[114.43053606,22.54719154],[114.43080249,22.54682065],[114.43070045,22.5460927],[114.43104918,22.54524535],[114.43147039,22.5447875],[114.4319179,22.54448603],[114.43243668,22.54436941],[114.43268564,22.54477092],[114.43287587,22.54462559],[114.43352637,22.54511061],[114.43295723,22.54454963],[114.43342826,22.54359642],[114.43371615,22.54332593],[114.43467469,22.54289256],[114.43518407,22.54223087],[114.43598347,22.54169867],[114.4368711,22.54157631],[114.43799686,22.54229763],[114.43831001,22.5421815],[114.43883825,22.54227594],[114.43919807,22.54201752],[114.43953712,22.54201039],[114.4401016,22.54158334],[114.44090733,22.5416137],[114.44127848,22.5414895],[114.44156864,22.54103898],[114.44187804,22.54087144],[114.44187566,22.54037437],[114.44039872,22.53950826],[114.43998186,22.53861632],[114.43945651,22.53814689],[114.43854462,22.53781155],[114.43752491,22.53790854],[114.43605069,22.53770121],[114.43485721,22.53784114],[114.43408086,22.53827384],[114.43321551,22.53848712],[114.43225961,22.53910808],[114.43219136,22.53902469],[114.43182372,22.53953262],[114.4297828,22.54077137],[114.42932434,22.54084494],[114.42894435,22.5406897],[114.42862511,22.54095466],[114.42824019,22.54061135],[114.42771902,22.54053083],[114.4272776,22.54103231],[114.42705824,22.54172307],[114.42658315,22.54222164],[114.42615117,22.54239495],[114.42568273,22.54301139],[114.4257675,22.54326847],[114.42587533,22.54303071],[114.42586726,22.54373006],[114.42551356,22.54488178],[114.42566424,22.54496924],[114.42583115,22.54719794],[114.42564727,22.54768976],[114.42500575,22.54799952],[114.42477985,22.54777711],[114.42474731,22.54790688],[114.4246218,22.54786124],[114.42462667,22.54763059],[114.42422405,22.54767671],[114.42416837,22.54815015],[114.42447114,22.54856414],[114.42472918,22.54866753],[114.4248775,22.54857072],[114.42535491,22.54899902],[114.42546908,22.55012456],[114.42582327,22.55146083],[114.42705916,22.55213321],[114.4274989,22.55204034],[114.42821244,22.55228025],[114.42878394,22.55273197],[114.42882594,22.5526413],[114.42894244,22.55281026],[114.42944775,22.55288511],[114.43012118,22.55323563]]]]}}]}
